data_feed_id,merchant_id,merchant_name,aw_product_id,aw_deep_link,aw_image_url,aw_thumb_url,category_id,category_name,brand_id,brand_name,merchant_product_id,merchant_category,mpn,product_name,description,promotional_text,merchant_deep_link,merchant_image_url,currency,search_price,condition,colour,custom_1,custom_2,custom_3,custom_4,custom_5,Fashion:size,Fashion:material,alternate_image,product_short_description,merchant_product_category_path,stock_status,custom_6,product_GTIN
113495,109230,Tsarbomba,45567587464,https://www.awin1.com/pclick.php?p=45567587464&a=3002879&m=109230,https://images2.productserve.com/?w=200&h=200&bg=white&trim=5&t=letterbox&url=ssl%3Acdn.shopify.com%2Fs%2Ffiles%2F1%2F0540%2F8145%2F4255%2Ffiles%2F1_0720aba6-5bc5-4354-9545-06a391d4e5bb.png%3Fv%3D1725701028&feedId=113495&k=40e6779b8549d32bf87b311e7b3d728f00ae84c7,https://images2.productserve.com/?w=70&h=70&bg=white&trim=5&t=letterbox&url=ssl%3Acdn.shopify.com%2Fs%2Ffiles%2F1%2F0540%2F8145%2F4255%2Ffiles%2F1_0720aba6-5bc5-4354-9545-06a391d4e5bb.png%3Fv%3D1725701028&feedId=113495&k=40e6779b8549d32bf87b311e7b3d728f00ae84c7,544,"Men's Watches",,"TSAR BOMBA WATCH",TB8216TF-Black,Watches,TB8216TF-01,"TSARBOMBA Neutron Limited Edition Watches TB8216, a stylish men’s watch featuring an EPSON automatic mechanical movement, a carbon fiber bezel, and a titanium case; interchangeable bezel, strap, and crown; eco-friendly fluororubber replacement straps; 5ATM water resistance; and high-quality Grade A luminescent coating that exudes a youthful spirit.","The TSARBOMBA Neutron Limited Edition Watch TB8216 is a must-have fashion timepiece for every trendsetter. Equipped with an Epson automatic mechanical movement, paired with a carbon fiber bezel and titanium case, it not only offers exceptional durability and scratch resistance but also boasts an exquisite appearance and a lightweight design; the overall weight has been reduced without compromising durability; The fluororubber strap is skin-friendly and comfortable, causing no allergic reactions even during prolonged wear; it is odor-free and eco-friendly; 5ATM water resistance; high-quality Grade A luminescent coating; TSARBOMBA watches are not just timekeeping tools, but also fashion accessories.","“Epson movement,” “carbon fiber bezel,” “titanium case,” “tubular case,” “fluororubber strap,” “high-quality Grade A luminescent coating,” “50-meter water resistance,” “fashion watch,” “mechanical movement,” “sapphire crystal glass,” “power reserve indicator,” “interchangeable strap, bezel, and crown”",https://tsarbomba.com/products/tb8216?variant=44337398612224,https://cdn.shopify.com/s/files/1/0540/8145/4255/files/1_0720aba6-5bc5-4354-9545-06a391d4e5bb.png?v=1725701028,USD,999.99,new,Black,"TSAR BOMBA WATCH Barrel Type",male,"Products source-US3-Men's Watch","Neutron Series",500~1000,46mm*50.7mm*14.3mm,"Titanium Alloy","https://cdn.shopify.com/s/files/1/0540/8145/4255/files/4_eaf5b80c-8ed3-427f-9efc-7da2f19a48d6.png?v=1750841813，,https://cdn.shopify.com/s/files/1/0540/8145/4255/files/3_79d93722-8bfa-444c-ab8e-8d1485cfed83.png?v=1750841813","General:Movement: Japanese Movement, General: Case Material: titanium, General: Bezel Material: Carbon Fiber,General:Crystal: Sapphire Crystal, General: Water Resistance:50m, General: Lume: A-Grade Luminous,Gneral:case function:Interchangeable bezel and strap and crown.","Apparel & Accessories > Jewelry > Watches",in_stock,Automatic,717020318441
113495,109230,Tsarbomba,45567587465,https://www.awin1.com/pclick.php?p=45567587465&a=3002879&m=109230,https://images2.productserve.com/?w=200&h=200&bg=white&trim=5&t=letterbox&url=ssl%3Acdn.shopify.com%2Fs%2Ffiles%2F1%2F0540%2F8145%2F4255%2Ffiles%2F2_ebc59c28-d32c-4a9a-859b-3eddf69a1eef.png%3Fv%3D1725701028&feedId=113495&k=23923462d4cbe0b9a8d4a5de3c73cb312420c389,https://images2.productserve.com/?w=70&h=70&bg=white&trim=5&t=letterbox&url=ssl%3Acdn.shopify.com%2Fs%2Ffiles%2F1%2F0540%2F8145%2F4255%2Ffiles%2F2_ebc59c28-d32c-4a9a-859b-3eddf69a1eef.png%3Fv%3D1725701028&feedId=113495&k=23923462d4cbe0b9a8d4a5de3c73cb312420c389,544,"Men's Watches",,"TSAR BOMBA WATCH",TB8216TF-RED,Watches,TB8216TF-02,"TSARBOMBA Neutron Limited Edition Watches TB8216, a stylish men’s watch featuring an EPSON automatic mechanical movement, a carbon fiber bezel, and a titanium case; interchangeable bezel, strap, and crown; eco-friendly fluororubber replacement straps; 5ATM water resistance; and high-quality Grade A luminescent coating that exudes a youthful spirit.","The TSARBOMBA Neutron Limited Edition Watch TB8216 is a must-have fashion timepiece for every trendsetter. Equipped with an Epson automatic mechanical movement, paired with a carbon fiber bezel and titanium case, it not only offers exceptional durability and scratch resistance but also boasts an exquisite appearance and a lightweight design; the overall weight has been reduced without compromising durability; The fluororubber strap is skin-friendly and comfortable, causing no allergic reactions even during prolonged wear; it is odor-free and eco-friendly; 5ATM water resistance; high-quality Grade A luminescent coating; TSARBOMBA watches are not just timekeeping tools, but also fashion accessories.","“Epson movement,” “carbon fiber bezel,” “titanium case,” “tubular case,” “fluororubber strap,” “high-quality Grade A luminescent coating,” “50-meter water resistance,” “fashion watch,” “mechanical movement,” “sapphire crystal glass,” “power reserve indicator,” “interchangeable strap, bezel, and crown”",https://tsarbomba.com/products/tb8216?variant=44337398644992,https://cdn.shopify.com/s/files/1/0540/8145/4255/files/2_ebc59c28-d32c-4a9a-859b-3eddf69a1eef.png?v=1725701028,USD,999.99,new,Red,"TSAR BOMBA WATCH Barrel Type",male,"Products source-US3-Men's Watch","Neutron Series",500~1000,46mm*50.7mm*14.3mm,"Titanium Alloy","https://cdn.shopify.com/s/files/1/0540/8145/4255/files/6_7e5edaf6-dd36-4d0c-80b0-c8915c5afa60.png?v=1759909610,https://cdn.shopify.com/s/files/1/0540/8145/4255/files/5_cc800294-aa82-49ae-92c2-7d9a66fce5c1.png?v=1759909610","General:Movement: Japanese Movement, General: Case Material: titanium, General: Bezel Material: Carbon Fiber,General:Crystal: Sapphire Crystal, General: Water Resistance:50m, General: Lume: A-Grade Luminous,Gneral:case function:Interchangeable bezel and strap and crown.","Apparel & Accessories > Jewelry > Watches",in_stock,Automatic,717020318458
113495,109230,Tsarbomba,45567587466,https://www.awin1.com/pclick.php?p=45567587466&a=3002879&m=109230,https://images2.productserve.com/?w=200&h=200&bg=white&trim=5&t=letterbox&url=ssl%3Acdn.shopify.com%2Fs%2Ffiles%2F1%2F0540%2F8145%2F4255%2Ffiles%2F3_85f7b869-bdac-4bcd-8d00-1ced710064c7.png%3Fv%3D1725701028&feedId=113495&k=57880a3b935352df9a91239fbf62bbb302653d85,https://images2.productserve.com/?w=70&h=70&bg=white&trim=5&t=letterbox&url=ssl%3Acdn.shopify.com%2Fs%2Ffiles%2F1%2F0540%2F8145%2F4255%2Ffiles%2F3_85f7b869-bdac-4bcd-8d00-1ced710064c7.png%3Fv%3D1725701028&feedId=113495&k=57880a3b935352df9a91239fbf62bbb302653d85,544,"Men's Watches",,"TSAR BOMBA WATCH",TB8216TF-blue,Watches,TB8216TF-03,"TSARBOMBA Neutron Limited Edition Watches TB8216, a stylish men’s watch featuring an EPSON automatic mechanical movement, a carbon fiber bezel, and a titanium case; interchangeable bezel, strap, and crown; eco-friendly fluororubber replacement straps; 5ATM water resistance; and high-quality Grade A luminescent coating that exudes a youthful spirit.","The TSARBOMBA Neutron Limited Edition Watch TB8216 is a must-have fashion timepiece for every trendsetter. Equipped with an Epson automatic mechanical movement, paired with a carbon fiber bezel and titanium case, it not only offers exceptional durability and scratch resistance but also boasts an exquisite appearance and a lightweight design; the overall weight has been reduced without compromising durability; The fluororubber strap is skin-friendly and comfortable, causing no allergic reactions even during prolonged wear; it is odor-free and eco-friendly; 5ATM water resistance; high-quality Grade A luminescent coating; TSARBOMBA watches are not just timekeeping tools, but also fashion accessories.","“Epson movement,” “carbon fiber bezel,” “titanium case,” “tubular case,” “fluororubber strap,” “high-quality Grade A luminescent coating,” “50-meter water resistance,” “fashion watch,” “mechanical movement,” “sapphire crystal glass,” “power reserve indicator,” “interchangeable strap, bezel, and crown”",https://tsarbomba.com/products/tb8216?variant=44337398677760,https://cdn.shopify.com/s/files/1/0540/8145/4255/files/3_85f7b869-bdac-4bcd-8d00-1ced710064c7.png?v=1725701028,USD,999.99,new,Blue,"TSAR BOMBA WATCH Barrel Type",male,"Products source-US3-Men's Watch","Neutron Series",500~1000,46mm*50.7mm*14.3mm,"Titanium Alloy",https://cdn.shopify.com/s/files/1/0540/8145/4255/files/3_85f7b869-bdac-4bcd-8d00-1ced710064c7.png?v=1759909610,"General:Movement: Japanese Movement, General: Case Material: titanium, General: Bezel Material: Carbon Fiber,General:Crystal: Sapphire Crystal, General: Water Resistance:50m, General: Lume: A-Grade Luminous,Gneral:case function:Interchangeable bezel and strap and crown.","Apparel & Accessories > Jewelry > Watches",in_stock,Automatic,717020318472
113495,109230,Tsarbomba,45567587467,https://www.awin1.com/pclick.php?p=45567587467&a=3002879&m=109230,https://images2.productserve.com/?w=200&h=200&bg=white&trim=5&t=letterbox&url=ssl%3Acdn.shopify.com%2Fs%2Ffiles%2F1%2F0540%2F8145%2F4255%2Ffiles%2F8212CF.png%3Fv%3D1749116791&feedId=113495&k=b5699b176ac10d787cce428c9de7c587f5992e1d,https://images2.productserve.com/?w=70&h=70&bg=white&trim=5&t=letterbox&url=ssl%3Acdn.shopify.com%2Fs%2Ffiles%2F1%2F0540%2F8145%2F4255%2Ffiles%2F8212CF.png%3Fv%3D1749116791&feedId=113495&k=b5699b176ac10d787cce428c9de7c587f5992e1d,544,"Men's Watches",,"TSAR BOMBA WATCH","TB8212CF-carbon fiber",Watches,TB8212CF-01,"The TSARBOMBA elemental TB8212CF is a must-have timepiece for every trendsetter; it features a Miyota movement paired with a carbon fiber bezel and carbon fiber case, along with an eco-friendly fluororubber strap; 5ATM water resistance; high-quality Grade A luminescent coating","The TSARBOMBA watches TB8212CF is a must-have fashion timepiece for every trendsetter. It is equipped with a reliable Miyota movement, a carbon fiber bezel, and a carbon fiber case, offering exceptional durability, scratch resistance, a refined appearance, and lightweight construction—reducing the overall weight without compromising durability; the fluororubber strap is gentle on the skin, hypoallergenic even with prolonged wear, odor-free, and eco-friendly; 5ATM water resistance; high-quality Grade A luminescent coating; TSARBOMBA watches are not just timepieces but also fashion accessories.","“Miyota movement,” “lightweight carbon fiber bezel,” “tonneau watch,” “silicone strap,” “high-quality Grade A luminescent coating,” “50m water resistance,” “trendy watch,” “mechanical movement,” “sapphire crystal”",https://tsarbomba.com/products/tb8212?variant=43566096843008,https://cdn.shopify.com/s/files/1/0540/8145/4255/files/8212CF.png?v=1749116791,USD,999.99,new,White,"TSAR BOMBA WATCH Barrel Type",male,"Products source-US3-Men's Watch","Elemental Series",500~1000,42.5mm*50.5mm*13.5mm,"Carbon Fiber","https://cdn.shopify.com/s/files/1/0540/8145/4255/files/4_83f95a49-a400-4975-8364-6f5e7d78c825.png?v=1763548068,https://cdn.shopify.com/s/files/1/0540/8145/4255/files/3_c2c324f7-9b8d-40bf-b007-8088a2df154f.png?v=1763548068","General:Movement: Japanese Movement, General: Case Material: Carbon Fiber, General: Bezel Material: Carbon Fiber, General:Dial: Power Reserve Indicator Dial, General:Crystal: Sapphire Crystal, General: Water Resistance:50m, General: Lume: A-Grade Luminous, General: Strap Material: Fluoro Rubber.","Apparel & Accessories > Jewelry > Watches",in_stock,Automatic,762704078036
113495,109230,Tsarbomba,45567587468,https://www.awin1.com/pclick.php?p=45567587468&a=3002879&m=109230,https://images2.productserve.com/?w=200&h=200&bg=white&trim=5&t=letterbox&url=ssl%3Acdn.shopify.com%2Fs%2Ffiles%2F1%2F0540%2F8145%2F4255%2Ffiles%2FBlack-2_edd21866-1f17-4a0a-9f6d-d73c9b45df51.png%3Fv%3D1763548068&feedId=113495&k=53dfeba7723b2baa2b15d65f9dd9efdf19e869e8,https://images2.productserve.com/?w=70&h=70&bg=white&trim=5&t=letterbox&url=ssl%3Acdn.shopify.com%2Fs%2Ffiles%2F1%2F0540%2F8145%2F4255%2Ffiles%2FBlack-2_edd21866-1f17-4a0a-9f6d-d73c9b45df51.png%3Fv%3D1763548068&feedId=113495&k=53dfeba7723b2baa2b15d65f9dd9efdf19e869e8,544,"Men's Watches",,"TSAR BOMBA WATCH",TB8212C-black,Watches,TB8212C-01,"The TSARBOMBA elemental TB8212C is a must-have timepiece for every trendsetter; it features a Miyota movement paired with a ceramic bezel and ceramic case, along with an eco-friendly fluororubber strap; 5ATM water resistance; high-quality Grade A luminescent coating,","The TSARBOMBA watches TB8212C is a must-have fashion timepiece for every trendsetter. Equipped with a reliable Miyota movement, a ceramic bezel, and a ceramic case, it offers exceptional durability, scratch resistance, and a refined, lightweight appearance—reducing the overall weight without compromising durability; the fluororubber strap is gentle on the skin, hypoallergenic even with prolonged wear, odor-free, and eco-friendly; 5ATM water resistance; high-quality Grade A luminescent coating; TSARBOMBA watches are not just timepieces but also fashion accessories.","“Miyota movement,” “lightweight ceramic bezel,” “tonneau watch,” “fluororubber strap,” “high-quality Grade A luminescent coating,” “50m water resistance,” “trendy watch.” “Mechanical movement,” “sapphire crystal,” “power reserve indicator”",https://tsarbomba.com/products/tb8212?variant=43953397989632,https://cdn.shopify.com/s/files/1/0540/8145/4255/files/Black-2_edd21866-1f17-4a0a-9f6d-d73c9b45df51.png?v=1763548068,USD,999.99,new,"Titanium Silver","TSAR BOMBA WATCH Barrel Type",male,"Products source-US3-Men's Watch","Elemental Series",500~1000,42.5mm*50.5mm*13.5mm,Ceramic,"https://cdn.shopify.com/s/files/1/0540/8145/4255/files/8212-2.png?v=1763548068,https://cdn.shopify.com/s/files/1/0540/8145/4255/files/Black-1_d81b2681-4136-4e38-b551-d48fec9ef42c.png?v=1763548068","General:Movement: Japanese Movement, General: Case Material: Ceramic, General: Bezel Material: Ceramic, General:Dial: Power Reserve Indicator Dial, General:Crystal: Sapphire Crystal, General: Water Resistance:50m, General: Lume: A-Grade Luminous, General: Strap Material: Fluoro Rubber.","Apparel & Accessories > Jewelry > Watches",in_stock,Automatic,762704078098
113495,109230,Tsarbomba,45567587469,https://www.awin1.com/pclick.php?p=45567587469&a=3002879&m=109230,https://images2.productserve.com/?w=200&h=200&bg=white&trim=5&t=letterbox&url=ssl%3Acdn.shopify.com%2Fs%2Ffiles%2F1%2F0540%2F8145%2F4255%2Ffiles%2F8212-4.png%3Fv%3D1762238292&feedId=113495&k=1d87de97c7b0fdadfab2fee2a9ce0ce48f0f677e,https://images2.productserve.com/?w=70&h=70&bg=white&trim=5&t=letterbox&url=ssl%3Acdn.shopify.com%2Fs%2Ffiles%2F1%2F0540%2F8145%2F4255%2Ffiles%2F8212-4.png%3Fv%3D1762238292&feedId=113495&k=1d87de97c7b0fdadfab2fee2a9ce0ce48f0f677e,544,"Men's Watches",,"TSAR BOMBA WATCH",TB8212C-white,Watches,TB8212C-02,"The TSARBOMBA elemental TB8212C is a must-have timepiece for every trendsetter; it features a Miyota movement paired with a ceramic bezel and ceramic case, along with an eco-friendly fluororubber strap; 5ATM water resistance; high-quality Grade A luminescent coating,","The TSARBOMBA watches TB8212C is a must-have fashion timepiece for every trendsetter. Equipped with a reliable Miyota movement, a ceramic bezel, and a ceramic case, it offers exceptional durability, scratch resistance, and a refined, lightweight appearance—reducing the overall weight without compromising durability; the fluororubber strap is gentle on the skin, hypoallergenic even with prolonged wear, odor-free, and eco-friendly; 5ATM water resistance; high-quality Grade A luminescent coating; TSARBOMBA watches are not just timepieces but also fashion accessories.","“Miyota movement,” “lightweight ceramic bezel,” “tonneau watch,” “fluororubber strap,” “high-quality Grade A luminescent coating,” “50m water resistance,” “trendy watch.” “Mechanical movement,” “sapphire crystal,” “power reserve indicator”",https://tsarbomba.com/products/tb8212?variant=43953397956864,https://cdn.shopify.com/s/files/1/0540/8145/4255/files/8212-4.png?v=1762238292,USD,999.99,new,Black,"TSAR BOMBA WATCH Barrel Type",male,"Products source-US3-Men's Watch","Elemental Series",500~1000,42.5mm*50.5mm*13.5mm,Ceramic,"https://cdn.shopify.com/s/files/1/0540/8145/4255/files/Wihte-2.png?v=1762238292,https://cdn.shopify.com/s/files/1/0540/8145/4255/files/Wihte-1.png?v=1762238292","General:Movement: Japanese Movement, General: Case Material: Ceramic, General: Bezel Material: Ceramic, General:Dial: Power Reserve Indicator Dial, General:Crystal: Sapphire Crystal, General: Water Resistance:50m, General: Lume: A-Grade Luminous, General: Strap Material: Fluoro Rubber.","Apparel & Accessories > Jewelry > Watches",in_stock,Automatic,762704078074
113495,109230,Tsarbomba,45567587470,https://www.awin1.com/pclick.php?p=45567587470&a=3002879&m=109230,https://images2.productserve.com/?w=200&h=200&bg=white&trim=5&t=letterbox&url=ssl%3Acdn.shopify.com%2Fs%2Ffiles%2F1%2F0540%2F8145%2F4255%2Ffiles%2F8212-1.png%3Fv%3D1763548068&feedId=113495&k=4a40b16f13f4e93ae28fc2f38adfff05a2494edd,https://images2.productserve.com/?w=70&h=70&bg=white&trim=5&t=letterbox&url=ssl%3Acdn.shopify.com%2Fs%2Ffiles%2F1%2F0540%2F8145%2F4255%2Ffiles%2F8212-1.png%3Fv%3D1763548068&feedId=113495&k=4a40b16f13f4e93ae28fc2f38adfff05a2494edd,544,"Men's Watches",,"TSAR BOMBA WATCH",TB8212C-Red,Watches,TB8212C-01,"The TSARBOMBA elemental TB8212C is a must-have timepiece for every trendsetter; it features a Miyota movement paired with a ceramic bezel and ceramic case, along with an eco-friendly fluororubber strap; 5ATM water resistance; high-quality Grade A luminescent coating,","The TSARBOMBA watches TB8212C is a must-have fashion timepiece for every trendsetter. Equipped with a reliable Miyota movement, a ceramic bezel, and a ceramic case, it offers exceptional durability, scratch resistance, and a refined, lightweight appearance—reducing the overall weight without compromising durability; the fluororubber strap is gentle on the skin, hypoallergenic even with prolonged wear, odor-free, and eco-friendly; 5ATM water resistance; high-quality Grade A luminescent coating; TSARBOMBA watches are not just timepieces but also fashion accessories.","“Miyota movement,” “lightweight ceramic bezel,” “tonneau watch,” “fluororubber strap,” “high-quality Grade A luminescent coating,” “50m water resistance,” “trendy watch.” “Mechanical movement,” “sapphire crystal,” “power reserve indicator”",https://tsarbomba.com/products/tb8212?variant=43953398022400,https://cdn.shopify.com/s/files/1/0540/8145/4255/files/8212-1.png?v=1763548068,USD,999.99,new,White,"TSAR BOMBA WATCH Barrel Type",male,"Products source-US3-Men's Watch","Elemental Series",500~1000,42.5mm*50.5mm*13.5mm,Ceramic,"https://cdn.shopify.com/s/files/1/0540/8145/4255/files/Red-2_05fb9db9-0664-449c-81e8-77b44fef6379.png?v=1763548068,https://cdn.shopify.com/s/files/1/0540/8145/4255/files/Red-1_e91153a1-19cb-4c58-bde9-4027a038e791.png?v=1763548068","General:Movement: Japanese Movement, General: Case Material: Ceramic, General: Bezel Material: Ceramic, General:Dial: Power Reserve Indicator Dial, General:Crystal: Sapphire Crystal, General: Water Resistance:50m, General: Lume: A-Grade Luminous, General: Strap Material: Fluoro Rubber.","Apparel & Accessories > Jewelry > Watches",in_stock,Automatic,762704078081
113495,109230,Tsarbomba,45567587471,https://www.awin1.com/pclick.php?p=45567587471&a=3002879&m=109230,https://images2.productserve.com/?w=200&h=200&bg=white&trim=5&t=letterbox&url=ssl%3Acdn.shopify.com%2Fs%2Ffiles%2F1%2F0540%2F8145%2F4255%2Ffiles%2F8212-3_b34f0255-3957-426a-bfa3-e39e60ed82b0.png%3Fv%3D1762238292&feedId=113495&k=90a0dc07a2dc8b5ee7cef4ee4b28ec60af61eb63,https://images2.productserve.com/?w=70&h=70&bg=white&trim=5&t=letterbox&url=ssl%3Acdn.shopify.com%2Fs%2Ffiles%2F1%2F0540%2F8145%2F4255%2Ffiles%2F8212-3_b34f0255-3957-426a-bfa3-e39e60ed82b0.png%3Fv%3D1762238292&feedId=113495&k=90a0dc07a2dc8b5ee7cef4ee4b28ec60af61eb63,544,"Men's Watches",,"TSAR BOMBA WATCH",TB8212C-blue,Watches,TB8212C-03,"The TSARBOMBA elemental TB8212C is a must-have timepiece for every trendsetter; it features a Miyota movement paired with a ceramic bezel and ceramic case, along with an eco-friendly fluororubber strap; 5ATM water resistance; high-quality Grade A luminescent coating,","The TSARBOMBA watches TB8212C is a must-have fashion timepiece for every trendsetter. Equipped with a reliable Miyota movement, a ceramic bezel, and a ceramic case, it offers exceptional durability, scratch resistance, and a refined, lightweight appearance—reducing the overall weight without compromising durability; the fluororubber strap is gentle on the skin, hypoallergenic even with prolonged wear, odor-free, and eco-friendly; 5ATM water resistance; high-quality Grade A luminescent coating; TSARBOMBA watches are not just timepieces but also fashion accessories.","“Miyota movement,” “lightweight ceramic bezel,” “tonneau watch,” “fluororubber strap,” “high-quality Grade A luminescent coating,” “50m water resistance,” “trendy watch.” “Mechanical movement,” “sapphire crystal,” “power reserve indicator”",https://tsarbomba.com/products/tb8212?variant=45737532850432,https://cdn.shopify.com/s/files/1/0540/8145/4255/files/8212-3_b34f0255-3957-426a-bfa3-e39e60ed82b0.png?v=1762238292,USD,999.99,new,Red,"TSAR BOMBA WATCH Barrel Type",male,"Products source-US3-Men's Watch","Elemental Series",500~1000,42.5mm*50.5mm*13.5mm,Ceramic,"https://cdn.shopify.com/s/files/1/0540/8145/4255/files/Blue-2_6b48a690-510c-4150-a16b-31c6882cde00.png?v=1762238292,https://cdn.shopify.com/s/files/1/0540/8145/4255/files/Blue-1_9d7d0a86-44a6-462e-abb8-7db7bc6397fc.png?v=1762238292","General:Movement: Japanese Movement, General: Case Material: Ceramic, General: Bezel Material: Ceramic, General:Dial: Power Reserve Indicator Dial, General:Crystal: Sapphire Crystal, General: Water Resistance:50m, General: Lume: A-Grade Luminous, General: Strap Material: Fluoro Rubber.","Apparel & Accessories > Jewelry > Watches",in_stock,Automatic,717298579940
113495,109230,Tsarbomba,45567587472,https://www.awin1.com/pclick.php?p=45567587472&a=3002879&m=109230,https://images2.productserve.com/?w=200&h=200&bg=white&trim=5&t=letterbox&url=ssl%3Acdn.shopify.com%2Fs%2Ffiles%2F1%2F0540%2F8145%2F4255%2Ffiles%2F12_dd525fcb-fede-4cc3-b314-359cfa6210fd.png%3Fv%3D1728893840&feedId=113495&k=82899ed128067c5c843148da04fcfa72e43e8900,https://images2.productserve.com/?w=70&h=70&bg=white&trim=5&t=letterbox&url=ssl%3Acdn.shopify.com%2Fs%2Ffiles%2F1%2F0540%2F8145%2F4255%2Ffiles%2F12_dd525fcb-fede-4cc3-b314-359cfa6210fd.png%3Fv%3D1728893840&feedId=113495&k=82899ed128067c5c843148da04fcfa72e43e8900,544,"Men's Watches",,"TSAR BOMBA WATCH",TB8218D-Black,Watches,8218D-Black,"TSARBOMBA Atomic TB8218D—Men’s Fashion Watch, Miyota automatic mechanical movement, tonneau-style case, zirconia bezel and interchangeable accessories, 316L stainless steel case, 10ATM water resistance, high-quality Grade A luminescent coating, sapphire crystal,","The TSARBOMBA TB8218D is a must-have fashion watch for every trendsetter, equipped with a MIYOTA automatic mechanical movement, an interchangeable zirconia strap, and a 316L stainless steel case; The distinctive zirconia bezel design makes the 8218D look more like a fashion accessory. The fluororubber strap is skin-friendly and comfortable, causing no allergic reactions even with prolonged wear; it is odor-free and eco-friendly; 5ATM water resistance; high-quality Grade A luminescent coating; TSARBOMBA watches are not just timekeeping tools, but also fashion accessories.","“Miyota movement,” “zirconia bezel,” “316L stainless steel case,” “tonneau watch,” “fluororubber strap,” “high-quality Grade A luminescent coating,” “50m water resistance,” “trendy watch.” “Mechanical movement,” “sapphire crystal,” “interchangeable accessories,” “interchangeable strap and bezel",https://tsarbomba.com/products/tb8218w?variant=44058738065664,https://cdn.shopify.com/s/files/1/0540/8145/4255/files/12_dd525fcb-fede-4cc3-b314-359cfa6210fd.png?v=1728893840,USD,980.99,new,Black,"TSAR BOMBA WATCH Barrel Type",male,"Products source-US3-Men's Watch","Atomic Series",500~1000,45mm*50.4mm*13.55mm,"Cubic Zirconium",,"General: Movement: Japanese Movement, General: Case Material: 316L Stainless Steel, General: Bezel Material: Cubic Zirconia, General: Crystal: Sapphire Crystal, General: Water Resistance: 100m, General: Lume: A-Grade Luminous, General: Strap Material: Fluoro Rubber.","Apparel & Accessories > Jewelry > Watches",in_stock,Automatic,717020317031
113495,109230,Tsarbomba,45567587473,https://www.awin1.com/pclick.php?p=45567587473&a=3002879&m=109230,https://images2.productserve.com/?w=200&h=200&bg=white&trim=5&t=letterbox&url=ssl%3Acdn.shopify.com%2Fs%2Ffiles%2F1%2F0540%2F8145%2F4255%2Ffiles%2F13_b42a4cae-e0cc-4384-be3a-1611eca5b62c.png%3Fv%3D1728893840&feedId=113495&k=95d05e4b7ea77941b9d54038f043f6babeda1610,https://images2.productserve.com/?w=70&h=70&bg=white&trim=5&t=letterbox&url=ssl%3Acdn.shopify.com%2Fs%2Ffiles%2F1%2F0540%2F8145%2F4255%2Ffiles%2F13_b42a4cae-e0cc-4384-be3a-1611eca5b62c.png%3Fv%3D1728893840&feedId=113495&k=95d05e4b7ea77941b9d54038f043f6babeda1610,544,"Men's Watches",,"TSAR BOMBA WATCH",TB8218D-Red,Watches,8218D-Red,"TSARBOMBA Atomic TB8218D—Men’s Fashion Watch, Miyota automatic mechanical movement, tonneau-style case, zirconia bezel and interchangeable accessories, 316L stainless steel case, 10ATM water resistance, high-quality Grade A luminescent coating, sapphire crystal,","The TSARBOMBA TB8218D is a must-have fashion watch for every trendsetter, equipped with a MIYOTA automatic mechanical movement, an interchangeable zirconia strap, and a 316L stainless steel case; The distinctive zirconia bezel design makes the 8218D look more like a fashion accessory. The fluororubber strap is skin-friendly and comfortable, causing no allergic reactions even with prolonged wear; it is odor-free and eco-friendly; 5ATM water resistance; high-quality Grade A luminescent coating; TSARBOMBA watches are not just timekeeping tools, but also fashion accessories.","“Miyota movement,” “zirconia bezel,” “316L stainless steel case,” “tonneau watch,” “fluororubber strap,” “high-quality Grade A luminescent coating,” “50m water resistance,” “trendy watch.” “Mechanical movement,” “sapphire crystal,” “interchangeable accessories,” “interchangeable strap and bezel",https://tsarbomba.com/products/tb8218w?variant=44058738098432,https://cdn.shopify.com/s/files/1/0540/8145/4255/files/13_b42a4cae-e0cc-4384-be3a-1611eca5b62c.png?v=1728893840,USD,980.99,new,Red,"TSAR BOMBA WATCH Barrel Type",male,"Products source-US3-Men's Watch","Atomic Series",500~1000,45mm*50.4mm*13.55mm,"Cubic Zirconium",,"General: Movement: Japanese Movement, General: Case Material: 316L Stainless Steel, General: Bezel Material: Cubic Zirconia, General: Crystal: Sapphire Crystal, General: Water Resistance: 100m, General: Lume: A-Grade Luminous, General: Strap Material: Fluoro Rubber.","Apparel & Accessories > Jewelry > Watches",in_stock,Automatic,717020317048
113495,109230,Tsarbomba,45567587474,https://www.awin1.com/pclick.php?p=45567587474&a=3002879&m=109230,https://images2.productserve.com/?w=200&h=200&bg=white&trim=5&t=letterbox&url=ssl%3Acdn.shopify.com%2Fs%2Ffiles%2F1%2F0540%2F8145%2F4255%2Ffiles%2F14_044c1e74-1a5a-49da-8caa-3f6abe19b8f2.png%3Fv%3D1728893840&feedId=113495&k=68b14b2bfbf513ccb78ae0e6da65a235790c0451,https://images2.productserve.com/?w=70&h=70&bg=white&trim=5&t=letterbox&url=ssl%3Acdn.shopify.com%2Fs%2Ffiles%2F1%2F0540%2F8145%2F4255%2Ffiles%2F14_044c1e74-1a5a-49da-8caa-3f6abe19b8f2.png%3Fv%3D1728893840&feedId=113495&k=68b14b2bfbf513ccb78ae0e6da65a235790c0451,544,"Men's Watches",,"TSAR BOMBA WATCH",TB8218D-White,Watches,8218D-White,"TSARBOMBA Atomic TB8218D—Men’s Fashion Watch, Miyota automatic mechanical movement, tonneau-style case, zirconia bezel and interchangeable accessories, 316L stainless steel case, 10ATM water resistance, high-quality Grade A luminescent coating, sapphire crystal,","The TSARBOMBA TB8218D is a must-have fashion watch for every trendsetter, equipped with a MIYOTA automatic mechanical movement, an interchangeable zirconia strap, and a 316L stainless steel case; The distinctive zirconia bezel design makes the 8218D look more like a fashion accessory. The fluororubber strap is skin-friendly and comfortable, causing no allergic reactions even with prolonged wear; it is odor-free and eco-friendly; 5ATM water resistance; high-quality Grade A luminescent coating; TSARBOMBA watches are not just timekeeping tools, but also fashion accessories.","“Miyota movement,” “zirconia bezel,” “316L stainless steel case,” “tonneau watch,” “fluororubber strap,” “high-quality Grade A luminescent coating,” “50m water resistance,” “trendy watch.” “Mechanical movement,” “sapphire crystal,” “interchangeable accessories,” “interchangeable strap and bezel",https://tsarbomba.com/products/tb8218w?variant=44058738131200,https://cdn.shopify.com/s/files/1/0540/8145/4255/files/14_044c1e74-1a5a-49da-8caa-3f6abe19b8f2.png?v=1728893840,USD,980.99,new,White,"TSAR BOMBA WATCH Barrel Type",male,"Products source-US3-Men's Watch","Atomic Series",500~1000,45mm*50.4mm*13.55mm,"Cubic Zirconium",,"General: Movement: Japanese Movement, General: Case Material: 316L Stainless Steel, General: Bezel Material: Cubic Zirconia, General: Crystal: Sapphire Crystal, General: Water Resistance: 100m, General: Lume: A-Grade Luminous, General: Strap Material: Fluoro Rubber.","Apparel & Accessories > Jewelry > Watches",in_stock,Automatic,717020317062
113495,109230,Tsarbomba,45567587475,https://www.awin1.com/pclick.php?p=45567587475&a=3002879&m=109230,https://images2.productserve.com/?w=200&h=200&bg=white&trim=5&t=letterbox&url=ssl%3Acdn.shopify.com%2Fs%2Ffiles%2F1%2F0540%2F8145%2F4255%2Ffiles%2F3_45c04ac0-d093-42a1-8fd2-464549f44f0f.png%3Fv%3D1728893840&feedId=113495&k=6a0f5aa512764b97d812e8f7e0c51eac8f86d0ce,https://images2.productserve.com/?w=70&h=70&bg=white&trim=5&t=letterbox&url=ssl%3Acdn.shopify.com%2Fs%2Ffiles%2F1%2F0540%2F8145%2F4255%2Ffiles%2F3_45c04ac0-d093-42a1-8fd2-464549f44f0f.png%3Fv%3D1728893840&feedId=113495&k=6a0f5aa512764b97d812e8f7e0c51eac8f86d0ce,544,"Men's Watches",,"TSAR BOMBA WATCH","TB8218CF-Black Orange",Watches,"8218CF-Black Orange","TSARBOMBA Atomic TB8218CF Men's Fashion Watch, Miyota automatic mechanical movement, tonneau-style case, carbon fiber bezel and 316L stainless steel case, interchangeable watches interchangeable strap and cezel and crown；10ATM water resistance, high-quality Grade A luminescent coating, sapphire crystal","The TSARBOMBA Atomic TB8218 is a must-have fashion watch for every trendsetter, powered by a MIYOTA automatic mechanical movement and featuring a carbon fiber bezel and a 316L stainless steel case; Combining durability and lightweight design, the TB8218 is an interchangeable watch with replaceable straps, bezels, and crowns. The fluororubber strap is skin-friendly and comfortable, causing no allergic reactions even during prolonged wear; it is odor-free and eco-friendly; it offers 5ATM water resistance; and features high-quality Grade A luminescent coating. TSARBOMBA watches are not just timekeeping tools—they are fashion accessories.","“Miyota movement,” “carbon fiber bezel,” “316L stainless steel case,” “barrel-shaped watch,” “fluororubber strap,” “high-quality Grade A luminescent coating,” “50-meter water resistance,” “fashion watch,” “mechanical movement,” “sapphire crystal,” “interchangeable components”",https://tsarbomba.com/products/tb8218w?variant=44058738000128,https://cdn.shopify.com/s/files/1/0540/8145/4255/files/3_45c04ac0-d093-42a1-8fd2-464549f44f0f.png?v=1728893840,USD,830.99,new,"Black Orange","TSAR BOMBA WATCH Barrel Type",male,"Products source-US3-Men's Watch","Atomic Series",500~1000,45mm*50.4mm*13.55mm,"Carbon Fiber","https://cdn.shopify.com/s/files/1/0540/8145/4255/files/8218OB_c4dfefb2-fc19-45b7-a2c8-f1a3be6b4a7f.png?v=1732680728,https://cdn.shopify.com/s/files/1/0540/8145/4255/files/2_6099c305-b1bd-4a03-b840-2090d5f94eec.png?v=1728893836","General: Movement: Japanese Movement, General: Case Material: 316L Stainless Steel, General: Bezel Material: carben fiber, General: Crystal: Sapphire Crystal, General: Water Resistance: 100m, General: Lume: A-Grade Luminous, General: Strap Material: Fluoro Rubber.","Apparel & Accessories > Jewelry > Watches",in_stock,Automatic,717020316898
113495,109230,Tsarbomba,45567587476,https://www.awin1.com/pclick.php?p=45567587476&a=3002879&m=109230,https://images2.productserve.com/?w=200&h=200&bg=white&trim=5&t=letterbox&url=ssl%3Acdn.shopify.com%2Fs%2Ffiles%2F1%2F0540%2F8145%2F4255%2Ffiles%2F4_0ae40448-cd3d-4963-b933-b967ee14696b.png%3Fv%3D1728893839&feedId=113495&k=f108ea1691e1184c3c8e910ad30e54fa16f17a72,https://images2.productserve.com/?w=70&h=70&bg=white&trim=5&t=letterbox&url=ssl%3Acdn.shopify.com%2Fs%2Ffiles%2F1%2F0540%2F8145%2F4255%2Ffiles%2F4_0ae40448-cd3d-4963-b933-b967ee14696b.png%3Fv%3D1728893839&feedId=113495&k=f108ea1691e1184c3c8e910ad30e54fa16f17a72,544,"Men's Watches",,"TSAR BOMBA WATCH",TB8218CF-Black,Watches,8218CF-Black,"TSARBOMBA Atomic TB8218CF Men's Fashion Watch, Miyota automatic mechanical movement, tonneau-style case, carbon fiber bezel and 316L stainless steel case, interchangeable watches interchangeable strap and cezel and crown；10ATM water resistance, high-quality Grade A luminescent coating, sapphire crystal","The TSARBOMBA Atomic TB8218 is a must-have fashion watch for every trendsetter, powered by a MIYOTA automatic mechanical movement and featuring a carbon fiber bezel and a 316L stainless steel case; Combining durability and lightweight design, the TB8218 is an interchangeable watch with replaceable straps, bezels, and crowns. The fluororubber strap is skin-friendly and comfortable, causing no allergic reactions even during prolonged wear; it is odor-free and eco-friendly; it offers 5ATM water resistance; and features high-quality Grade A luminescent coating. TSARBOMBA watches are not just timekeeping tools—they are fashion accessories.","“Miyota movement,” “carbon fiber bezel,” “316L stainless steel case,” “barrel-shaped watch,” “fluororubber strap,” “high-quality Grade A luminescent coating,” “50-meter water resistance,” “fashion watch,” “mechanical movement,” “sapphire crystal,” “interchangeable components”",https://tsarbomba.com/products/tb8218w?variant=44058737803520,https://cdn.shopify.com/s/files/1/0540/8145/4255/files/4_0ae40448-cd3d-4963-b933-b967ee14696b.png?v=1728893839,USD,830.99,new,Black,"TSAR BOMBA WATCH Barrel Type",male,"Products source-US3-Men's Watch","Atomic Series",500~1000,45mm*50.4mm*13.55mm,"Carbon Fiber","https://cdn.shopify.com/s/files/1/0540/8145/4255/files/Atomic-Interchangeable_Automatic_Watch_Carbon_Fiber_Black-1.jpg?v=1723630975,https://cdn.shopify.com/s/files/1/0540/8145/4255/files/Atomic-Interchangeable_Automatic_Watch_Carbon_Fiber_Black-2.jpg?v=1723630986","General: Movement: Japanese Movement, General: Case Material: 316L Stainless Steel, General: Bezel Material: carben fiber, General: Crystal: Sapphire Crystal, General: Water Resistance: 100m, General: Lume: A-Grade Luminous, General: Strap Material: Fluoro Rubber.","Apparel & Accessories > Jewelry > Watches",in_stock,Automatic,717020316911
113495,109230,Tsarbomba,45567587477,https://www.awin1.com/pclick.php?p=45567587477&a=3002879&m=109230,https://images2.productserve.com/?w=200&h=200&bg=white&trim=5&t=letterbox&url=ssl%3Acdn.shopify.com%2Fs%2Ffiles%2F1%2F0540%2F8145%2F4255%2Ffiles%2F5-1.png%3Fv%3D1728893840&feedId=113495&k=d87fcc6edffa6b799d2ad7adb65e063a5e81975c,https://images2.productserve.com/?w=70&h=70&bg=white&trim=5&t=letterbox&url=ssl%3Acdn.shopify.com%2Fs%2Ffiles%2F1%2F0540%2F8145%2F4255%2Ffiles%2F5-1.png%3Fv%3D1728893840&feedId=113495&k=d87fcc6edffa6b799d2ad7adb65e063a5e81975c,544,"Men's Watches",,"TSAR BOMBA WATCH","TB8218CF-Elite White",Watches,"8218CF-Elite White","TSARBOMBA Atomic TB8218CF Men's Fashion Watch, Miyota automatic mechanical movement, tonneau-style case, carbon fiber bezel and 316L stainless steel case, interchangeable watches interchangeable strap and cezel and crown；10ATM water resistance, high-quality Grade A luminescent coating, sapphire crystal","The TSARBOMBA Atomic TB8218 is a must-have fashion watch for every trendsetter, powered by a MIYOTA automatic mechanical movement and featuring a carbon fiber bezel and a 316L stainless steel case; Combining durability and lightweight design, the TB8218 is an interchangeable watch with replaceable straps, bezels, and crowns. The fluororubber strap is skin-friendly and comfortable, causing no allergic reactions even during prolonged wear; it is odor-free and eco-friendly; it offers 5ATM water resistance; and features high-quality Grade A luminescent coating. TSARBOMBA watches are not just timekeeping tools—they are fashion accessories.","“Miyota movement,” “carbon fiber bezel,” “316L stainless steel case,” “barrel-shaped watch,” “fluororubber strap,” “high-quality Grade A luminescent coating,” “50-meter water resistance,” “fashion watch,” “mechanical movement,” “sapphire crystal,” “interchangeable components”",https://tsarbomba.com/products/tb8218w?variant=44894465360128,https://cdn.shopify.com/s/files/1/0540/8145/4255/files/5-1.png?v=1728893840,USD,830.99,new,"Elite White","TSAR BOMBA WATCH Barrel Type",male,"Products source-US3-Men's Watch","Atomic Series",500~1000,45mm*50.4mm*13.55mm,"Carbon Fiber",,"General: Movement: Japanese Movement, General: Case Material: 316L Stainless Steel, General: Bezel Material: carben fiber, General: Crystal: Sapphire Crystal, General: Water Resistance: 100m, General: Lume: A-Grade Luminous, General: Strap Material: Fluoro Rubber.","Apparel & Accessories > Jewelry > Watches",in_stock,Automatic,717020806726
113495,109230,Tsarbomba,45567587478,https://www.awin1.com/pclick.php?p=45567587478&a=3002879&m=109230,https://images2.productserve.com/?w=200&h=200&bg=white&trim=5&t=letterbox&url=ssl%3Acdn.shopify.com%2Fs%2Ffiles%2F1%2F0540%2F8145%2F4255%2Ffiles%2F5-2.png%3Fv%3D1728893839&feedId=113495&k=a424bd92d234f4d71a9752aa944ac09afc6a1063,https://images2.productserve.com/?w=70&h=70&bg=white&trim=5&t=letterbox&url=ssl%3Acdn.shopify.com%2Fs%2Ffiles%2F1%2F0540%2F8145%2F4255%2Ffiles%2F5-2.png%3Fv%3D1728893839&feedId=113495&k=a424bd92d234f4d71a9752aa944ac09afc6a1063,544,"Men's Watches",,"TSAR BOMBA WATCH",TB8218CF-White,Watches,8218CF-White,"TSARBOMBA Atomic TB8218CF Men's Fashion Watch, Miyota automatic mechanical movement, tonneau-style case, carbon fiber bezel and 316L stainless steel case, interchangeable watches interchangeable strap and cezel and crown；10ATM water resistance, high-quality Grade A luminescent coating, sapphire crystal","The TSARBOMBA Atomic TB8218 is a must-have fashion watch for every trendsetter, powered by a MIYOTA automatic mechanical movement and featuring a carbon fiber bezel and a 316L stainless steel case; Combining durability and lightweight design, the TB8218 is an interchangeable watch with replaceable straps, bezels, and crowns. The fluororubber strap is skin-friendly and comfortable, causing no allergic reactions even during prolonged wear; it is odor-free and eco-friendly; it offers 5ATM water resistance; and features high-quality Grade A luminescent coating. TSARBOMBA watches are not just timekeeping tools—they are fashion accessories.","“Miyota movement,” “carbon fiber bezel,” “316L stainless steel case,” “barrel-shaped watch,” “fluororubber strap,” “high-quality Grade A luminescent coating,” “50-meter water resistance,” “fashion watch,” “mechanical movement,” “sapphire crystal,” “interchangeable components”",https://tsarbomba.com/products/tb8218w?variant=44058737836288,https://cdn.shopify.com/s/files/1/0540/8145/4255/files/5-2.png?v=1728893839,USD,830.99,new,White,"TSAR BOMBA WATCH Barrel Type",male,"Products source-US3-Men's Watch","Atomic Series",500~1000,45mm*50.4mm*13.55mm,"Carbon Fiber","https://cdn.shopify.com/s/files/1/0540/8145/4255/files/Atomic-Interchangeable_Automatic_Watch_Carbon_Fiber_White-1.jpg?v=1723631035,https://cdn.shopify.com/s/files/1/0540/8145/4255/files/Atomic-Interchangeable_Automatic_Watch_Carbon_Fiber_White-2.jpg?v=1723631046","General: Movement: Japanese Movement, General: Case Material: 316L Stainless Steel, General: Bezel Material: carben fiber, General: Crystal: Sapphire Crystal, General: Water Resistance: 100m, General: Lume: A-Grade Luminous, General: Strap Material: Fluoro Rubber.","Apparel & Accessories > Jewelry > Watches",in_stock,Automatic,717020316928
113495,109230,Tsarbomba,45567587479,https://www.awin1.com/pclick.php?p=45567587479&a=3002879&m=109230,https://images2.productserve.com/?w=200&h=200&bg=white&trim=5&t=letterbox&url=ssl%3Acdn.shopify.com%2Fs%2Ffiles%2F1%2F0540%2F8145%2F4255%2Ffiles%2F6_b1851944-f7ad-4261-a06d-18b35cf702ac.png%3Fv%3D1728893840&feedId=113495&k=37034fbf8b6775d35e85dc7df72268b45a11fd8b,https://images2.productserve.com/?w=70&h=70&bg=white&trim=5&t=letterbox&url=ssl%3Acdn.shopify.com%2Fs%2Ffiles%2F1%2F0540%2F8145%2F4255%2Ffiles%2F6_b1851944-f7ad-4261-a06d-18b35cf702ac.png%3Fv%3D1728893840&feedId=113495&k=37034fbf8b6775d35e85dc7df72268b45a11fd8b,544,"Men's Watches",,"TSAR BOMBA WATCH",TB8218CF-Red,Watches,8218CF-Red,"TSARBOMBA Atomic TB8218CF Men's Fashion Watch, Miyota automatic mechanical movement, tonneau-style case, carbon fiber bezel and 316L stainless steel case, interchangeable watches interchangeable strap and cezel and crown；10ATM water resistance, high-quality Grade A luminescent coating, sapphire crystal","The TSARBOMBA Atomic TB8218 is a must-have fashion watch for every trendsetter, powered by a MIYOTA automatic mechanical movement and featuring a carbon fiber bezel and a 316L stainless steel case; Combining durability and lightweight design, the TB8218 is an interchangeable watch with replaceable straps, bezels, and crowns. The fluororubber strap is skin-friendly and comfortable, causing no allergic reactions even during prolonged wear; it is odor-free and eco-friendly; it offers 5ATM water resistance; and features high-quality Grade A luminescent coating. TSARBOMBA watches are not just timekeeping tools—they are fashion accessories.","“Miyota movement,” “carbon fiber bezel,” “316L stainless steel case,” “barrel-shaped watch,” “fluororubber strap,” “high-quality Grade A luminescent coating,” “50-meter water resistance,” “fashion watch,” “mechanical movement,” “sapphire crystal,” “interchangeable components”",https://tsarbomba.com/products/tb8218w?variant=44058737869056,https://cdn.shopify.com/s/files/1/0540/8145/4255/files/6_b1851944-f7ad-4261-a06d-18b35cf702ac.png?v=1728893840,USD,830.99,new,Red,"TSAR BOMBA WATCH Barrel Type",male,"Products source-US3-Men's Watch","Atomic Series",500~1000,45mm*50.4mm*13.55mm,"Carbon Fiber","https://cdn.shopify.com/s/files/1/0540/8145/4255/files/Atomic-Interchangeable_Automatic_Watch_Carbon_Fiber_Red-1.jpg?v=1723631078,https://cdn.shopify.com/s/files/1/0540/8145/4255/files/Atomic-Interchangeable_Automatic_Watch_Carbon_Fiber_Red-2.jpg?v=1723631091","General: Movement: Japanese Movement, General: Case Material: 316L Stainless Steel, General: Bezel Material: carben fiber, General: Crystal: Sapphire Crystal, General: Water Resistance: 100m, General: Lume: A-Grade Luminous, General: Strap Material: Fluoro Rubber.","Apparel & Accessories > Jewelry > Watches",in_stock,Automatic,717020316942
113495,109230,Tsarbomba,45567587480,https://www.awin1.com/pclick.php?p=45567587480&a=3002879&m=109230,https://images2.productserve.com/?w=200&h=200&bg=white&trim=5&t=letterbox&url=ssl%3Acdn.shopify.com%2Fs%2Ffiles%2F1%2F0540%2F8145%2F4255%2Ffiles%2F7_dbd6a243-ce2a-4a54-a3c8-f9f1bd11c484.png%3Fv%3D1728893840&feedId=113495&k=bd6538401c54bc1bfcb0e5a0dc126e88ffa2cd97,https://images2.productserve.com/?w=70&h=70&bg=white&trim=5&t=letterbox&url=ssl%3Acdn.shopify.com%2Fs%2Ffiles%2F1%2F0540%2F8145%2F4255%2Ffiles%2F7_dbd6a243-ce2a-4a54-a3c8-f9f1bd11c484.png%3Fv%3D1728893840&feedId=113495&k=bd6538401c54bc1bfcb0e5a0dc126e88ffa2cd97,544,"Men's Watches",,"TSAR BOMBA WATCH","TB8218CF-Black Red",Watches,"8218CF-Black Red","TSARBOMBA Atomic TB8218CF Men's Fashion Watch, Miyota automatic mechanical movement, tonneau-style case, carbon fiber bezel and 316L stainless steel case, interchangeable watches interchangeable strap and cezel and crown；10ATM water resistance, high-quality Grade A luminescent coating, sapphire crystal","The TSARBOMBA Atomic TB8218 is a must-have fashion watch for every trendsetter, powered by a MIYOTA automatic mechanical movement and featuring a carbon fiber bezel and a 316L stainless steel case; Combining durability and lightweight design, the TB8218 is an interchangeable watch with replaceable straps, bezels, and crowns. The fluororubber strap is skin-friendly and comfortable, causing no allergic reactions even during prolonged wear; it is odor-free and eco-friendly; it offers 5ATM water resistance; and features high-quality Grade A luminescent coating. TSARBOMBA watches are not just timekeeping tools—they are fashion accessories.","“Miyota movement,” “carbon fiber bezel,” “316L stainless steel case,” “barrel-shaped watch,” “fluororubber strap,” “high-quality Grade A luminescent coating,” “50-meter water resistance,” “fashion watch,” “mechanical movement,” “sapphire crystal,” “interchangeable components”",https://tsarbomba.com/products/tb8218w?variant=44361956131072,https://cdn.shopify.com/s/files/1/0540/8145/4255/files/7_dbd6a243-ce2a-4a54-a3c8-f9f1bd11c484.png?v=1728893840,USD,830.99,new,"Black Red","TSAR BOMBA WATCH Barrel Type",male,"Products source-US3-Men's Watch","Atomic Series",500~1000,45mm*50.4mm*13.55mm,"Carbon Fiber",,"General: Movement: Japanese Movement, General: Case Material: 316L Stainless Steel, General: Bezel Material: carben fiber, General: Crystal: Sapphire Crystal, General: Water Resistance: 100m, General: Lume: A-Grade Luminous, General: Strap Material: Fluoro Rubber.","Apparel & Accessories > Jewelry > Watches",in_stock,Automatic,717020316959
113495,109230,Tsarbomba,45567587481,https://www.awin1.com/pclick.php?p=45567587481&a=3002879&m=109230,https://images2.productserve.com/?w=200&h=200&bg=white&trim=5&t=letterbox&url=ssl%3Acdn.shopify.com%2Fs%2Ffiles%2F1%2F0540%2F8145%2F4255%2Ffiles%2F8_ee0e2845-67be-430d-8379-21799831b4ac.png%3Fv%3D1728893840&feedId=113495&k=aa7c057b855f3d84133a1d08b78ce785fb387645,https://images2.productserve.com/?w=70&h=70&bg=white&trim=5&t=letterbox&url=ssl%3Acdn.shopify.com%2Fs%2Ffiles%2F1%2F0540%2F8145%2F4255%2Ffiles%2F8_ee0e2845-67be-430d-8379-21799831b4ac.png%3Fv%3D1728893840&feedId=113495&k=aa7c057b855f3d84133a1d08b78ce785fb387645,544,"Men's Watches",,"TSAR BOMBA WATCH",TB8218CF-Blue,Watches,8218CF-Blue,"TSARBOMBA Atomic TB8218CF Men's Fashion Watch, Miyota automatic mechanical movement, tonneau-style case, carbon fiber bezel and 316L stainless steel case, interchangeable watches interchangeable strap and cezel and crown；10ATM water resistance, high-quality Grade A luminescent coating, sapphire crystal","The TSARBOMBA Atomic TB8218 is a must-have fashion watch for every trendsetter, powered by a MIYOTA automatic mechanical movement and featuring a carbon fiber bezel and a 316L stainless steel case; Combining durability and lightweight design, the TB8218 is an interchangeable watch with replaceable straps, bezels, and crowns. The fluororubber strap is skin-friendly and comfortable, causing no allergic reactions even during prolonged wear; it is odor-free and eco-friendly; it offers 5ATM water resistance; and features high-quality Grade A luminescent coating. TSARBOMBA watches are not just timekeeping tools—they are fashion accessories.","“Miyota movement,” “carbon fiber bezel,” “316L stainless steel case,” “barrel-shaped watch,” “fluororubber strap,” “high-quality Grade A luminescent coating,” “50-meter water resistance,” “fashion watch,” “mechanical movement,” “sapphire crystal,” “interchangeable components”",https://tsarbomba.com/products/tb8218w?variant=44058737901824,https://cdn.shopify.com/s/files/1/0540/8145/4255/files/8_ee0e2845-67be-430d-8379-21799831b4ac.png?v=1728893840,USD,830.99,new,Blue,"TSAR BOMBA WATCH Barrel Type",male,"Products source-US3-Men's Watch","Atomic Series",500~1000,45mm*50.4mm*13.55mm,"Carbon Fiber",,"General: Movement: Japanese Movement, General: Case Material: 316L Stainless Steel, General: Bezel Material: carben fiber, General: Crystal: Sapphire Crystal, General: Water Resistance: 100m, General: Lume: A-Grade Luminous, General: Strap Material: Fluoro Rubber.","Apparel & Accessories > Jewelry > Watches",in_stock,Automatic,717020316973
113495,109230,Tsarbomba,45567587482,https://www.awin1.com/pclick.php?p=45567587482&a=3002879&m=109230,https://images2.productserve.com/?w=200&h=200&bg=white&trim=5&t=letterbox&url=ssl%3Acdn.shopify.com%2Fs%2Ffiles%2F1%2F0540%2F8145%2F4255%2Ffiles%2F9_f7d7242c-848e-49fa-bca1-0abbf9380969.png%3Fv%3D1728893840&feedId=113495&k=0892ba580290a5864ead94480fb807b29ff5c53a,https://images2.productserve.com/?w=70&h=70&bg=white&trim=5&t=letterbox&url=ssl%3Acdn.shopify.com%2Fs%2Ffiles%2F1%2F0540%2F8145%2F4255%2Ffiles%2F9_f7d7242c-848e-49fa-bca1-0abbf9380969.png%3Fv%3D1728893840&feedId=113495&k=0892ba580290a5864ead94480fb807b29ff5c53a,544,"Men's Watches",,"TSAR BOMBA WATCH",TB8218CF-Gold,Watches,8218CF-Gold,"TSARBOMBA Atomic TB8218CF Men's Fashion Watch, Miyota automatic mechanical movement, tonneau-style case, carbon fiber bezel and 316L stainless steel case, interchangeable watches interchangeable strap and cezel and crown；10ATM water resistance, high-quality Grade A luminescent coating, sapphire crystal","The TSARBOMBA Atomic TB8218 is a must-have fashion watch for every trendsetter, powered by a MIYOTA automatic mechanical movement and featuring a carbon fiber bezel and a 316L stainless steel case; Combining durability and lightweight design, the TB8218 is an interchangeable watch with replaceable straps, bezels, and crowns. The fluororubber strap is skin-friendly and comfortable, causing no allergic reactions even during prolonged wear; it is odor-free and eco-friendly; it offers 5ATM water resistance; and features high-quality Grade A luminescent coating. TSARBOMBA watches are not just timekeeping tools—they are fashion accessories.","“Miyota movement,” “carbon fiber bezel,” “316L stainless steel case,” “barrel-shaped watch,” “fluororubber strap,” “high-quality Grade A luminescent coating,” “50-meter water resistance,” “fashion watch,” “mechanical movement,” “sapphire crystal,” “interchangeable components”",https://tsarbomba.com/products/tb8218w?variant=44058737934592,https://cdn.shopify.com/s/files/1/0540/8145/4255/files/9_f7d7242c-848e-49fa-bca1-0abbf9380969.png?v=1728893840,USD,830.99,new,Gold,"TSAR BOMBA WATCH Barrel Type",male,"Products source-US3-Men's Watch","Atomic Series",500~1000,45mm*50.4mm*13.55mm,"Carbon Fiber",,"General: Movement: Japanese Movement, General: Case Material: 316L Stainless Steel, General: Bezel Material: carben fiber, General: Crystal: Sapphire Crystal, General: Water Resistance: 100m, General: Lume: A-Grade Luminous, General: Strap Material: Fluoro Rubber.","Apparel & Accessories > Jewelry > Watches",in_stock,Automatic,717020316980
113495,109230,Tsarbomba,45567587483,https://www.awin1.com/pclick.php?p=45567587483&a=3002879&m=109230,https://images2.productserve.com/?w=200&h=200&bg=white&trim=5&t=letterbox&url=ssl%3Acdn.shopify.com%2Fs%2Ffiles%2F1%2F0540%2F8145%2F4255%2Ffiles%2F10_66bcbe1f-f645-4843-8b52-96f9fcdd5455.png%3Fv%3D1728893840&feedId=113495&k=46d44c59b03b48a5c80f05775e755fabb47d940b,https://images2.productserve.com/?w=70&h=70&bg=white&trim=5&t=letterbox&url=ssl%3Acdn.shopify.com%2Fs%2Ffiles%2F1%2F0540%2F8145%2F4255%2Ffiles%2F10_66bcbe1f-f645-4843-8b52-96f9fcdd5455.png%3Fv%3D1728893840&feedId=113495&k=46d44c59b03b48a5c80f05775e755fabb47d940b,544,"Men's Watches",,"TSAR BOMBA WATCH",TB8218CF-Green,Watches,8218CF-Green,"TSARBOMBA Atomic TB8218CF Men's Fashion Watch, Miyota automatic mechanical movement, tonneau-style case, carbon fiber bezel and 316L stainless steel case, interchangeable watches interchangeable strap and cezel and crown；10ATM water resistance, high-quality Grade A luminescent coating, sapphire crystal","The TSARBOMBA Atomic TB8218 is a must-have fashion watch for every trendsetter, powered by a MIYOTA automatic mechanical movement and featuring a carbon fiber bezel and a 316L stainless steel case; Combining durability and lightweight design, the TB8218 is an interchangeable watch with replaceable straps, bezels, and crowns. The fluororubber strap is skin-friendly and comfortable, causing no allergic reactions even during prolonged wear; it is odor-free and eco-friendly; it offers 5ATM water resistance; and features high-quality Grade A luminescent coating. TSARBOMBA watches are not just timekeeping tools—they are fashion accessories.","“Miyota movement,” “carbon fiber bezel,” “316L stainless steel case,” “barrel-shaped watch,” “fluororubber strap,” “high-quality Grade A luminescent coating,” “50-meter water resistance,” “fashion watch,” “mechanical movement,” “sapphire crystal,” “interchangeable components”",https://tsarbomba.com/products/tb8218w?variant=44058737967360,https://cdn.shopify.com/s/files/1/0540/8145/4255/files/10_66bcbe1f-f645-4843-8b52-96f9fcdd5455.png?v=1728893840,USD,830.99,new,Green,"TSAR BOMBA WATCH Barrel Type",male,"Products source-US3-Men's Watch","Atomic Series",500~1000,45mm*50.4mm*13.55mm,"Carbon Fiber",,"General: Movement: Japanese Movement, General: Case Material: 316L Stainless Steel, General: Bezel Material: carben fiber, General: Crystal: Sapphire Crystal, General: Water Resistance: 100m, General: Lume: A-Grade Luminous, General: Strap Material: Fluoro Rubber.","Apparel & Accessories > Jewelry > Watches",in_stock,Automatic,717020317000
113495,109230,Tsarbomba,45567587484,https://www.awin1.com/pclick.php?p=45567587484&a=3002879&m=109230,https://images2.productserve.com/?w=200&h=200&bg=white&trim=5&t=letterbox&url=ssl%3Acdn.shopify.com%2Fs%2Ffiles%2F1%2F0540%2F8145%2F4255%2Ffiles%2F15_01a9cca4-5a07-4050-abd0-2e878a77b148.png%3Fv%3D1728893838&feedId=113495&k=645f02de8752c946568160701ee7ba07b3ad8111,https://images2.productserve.com/?w=70&h=70&bg=white&trim=5&t=letterbox&url=ssl%3Acdn.shopify.com%2Fs%2Ffiles%2F1%2F0540%2F8145%2F4255%2Ffiles%2F15_01a9cca4-5a07-4050-abd0-2e878a77b148.png%3Fv%3D1728893838&feedId=113495&k=645f02de8752c946568160701ee7ba07b3ad8111,544,"Men's Watches",,"TSAR BOMBA WATCH","TB8218DFKM-Dynamic Black",Watches,"8218DFKM-Dynamic Black","TSARBOMBA Atomic TB8218D Men's Fashion Watch, Miyota automatic mechanical movement, tonneau-style case, eco-friendly fluororubber bezel and interchangeable strap and bezel and crwon, 316L stainless steel case, 10ATM water resistance, premium Grade A luminescent coating, sapphire crystal","The TSARBOMBA watches atomic TB8218 is a must-have fashion timepiece for every trendsetter, powered by a MIYOTA automatic mechanical movement and paired with a fluororubber bezel and a 316L stainless steel case; it combines durability with lightness and features an interchangeable strap, bezel, and crown. The fluororubber strap is skin-friendly and comfortable; it won’t cause allergic reactions even with prolonged wear, is odor-free, and eco-friendly; 5ATM water resistance; high-quality Grade A luminescent coating; TSARBOMBA watches are not only timekeeping tools but also fashion accessories.","“MIYOTA movement,” “fluororubber bezel,” “316L stainless steel case,” “tonneau watch,” “fluororubber strap,” “high-quality Grade A luminescent coating,” “50m water resistance,” “trendy watch,” “mechanical movement,” “sapphire crystal,” “interchangeable strap and bezel crown”",https://tsarbomba.com/products/tb8218w?variant=44058738163968,https://cdn.shopify.com/s/files/1/0540/8145/4255/files/15_01a9cca4-5a07-4050-abd0-2e878a77b148.png?v=1728893838,USD,739.99,new,Black,"TSAR BOMBA WATCH Barrel Type",male,"Products source-US3-Men's Watch","Atomic Series",500~1000,45mm*50.4mm*13.55mm,"Fluoro Rubber",,"General: Movement: Japanese Movement, General: Case Material: 316L Stainless Steel, General: Bezel Material: Fluororubber, General: Crystal: Sapphire Crystal, General: Water Resistance: 100m, General: Lume: A-Grade Luminous, General: Strap Material: Fluoro Rubber.","Apparel & Accessories > Jewelry > Watches",in_stock,Automatic,717020317079
113495,109230,Tsarbomba,45567587485,https://www.awin1.com/pclick.php?p=45567587485&a=3002879&m=109230,https://images2.productserve.com/?w=200&h=200&bg=white&trim=5&t=letterbox&url=ssl%3Acdn.shopify.com%2Fs%2Ffiles%2F1%2F0540%2F8145%2F4255%2Ffiles%2F16_503edde6-6e50-48a6-bcdb-d40ceb8ad0ee.png%3Fv%3D1728893839&feedId=113495&k=60d43366ca1809bccfe09530b145d1409e251d87,https://images2.productserve.com/?w=70&h=70&bg=white&trim=5&t=letterbox&url=ssl%3Acdn.shopify.com%2Fs%2Ffiles%2F1%2F0540%2F8145%2F4255%2Ffiles%2F16_503edde6-6e50-48a6-bcdb-d40ceb8ad0ee.png%3Fv%3D1728893839&feedId=113495&k=60d43366ca1809bccfe09530b145d1409e251d87,544,"Men's Watches",,"TSAR BOMBA WATCH","TB8218DFKM-Dynamic Blue",Watches,"8218DFKM-Dynamic Blue","TSARBOMBA Atomic TB8218D Men's Fashion Watch, Miyota automatic mechanical movement, tonneau-style case, eco-friendly fluororubber bezel and interchangeable strap and bezel and crwon, 316L stainless steel case, 10ATM water resistance, premium Grade A luminescent coating, sapphire crystal","The TSARBOMBA watches atomic TB8218 is a must-have fashion timepiece for every trendsetter, powered by a MIYOTA automatic mechanical movement and paired with a fluororubber bezel and a 316L stainless steel case; it combines durability with lightness and features an interchangeable strap, bezel, and crown. The fluororubber strap is skin-friendly and comfortable; it won’t cause allergic reactions even with prolonged wear, is odor-free, and eco-friendly; 5ATM water resistance; high-quality Grade A luminescent coating; TSARBOMBA watches are not only timekeeping tools but also fashion accessories.","“MIYOTA movement,” “fluororubber bezel,” “316L stainless steel case,” “tonneau watch,” “fluororubber strap,” “high-quality Grade A luminescent coating,” “50m water resistance,” “trendy watch,” “mechanical movement,” “sapphire crystal,” “interchangeable strap and bezel crown”",https://tsarbomba.com/products/tb8218w?variant=44058738196736,https://cdn.shopify.com/s/files/1/0540/8145/4255/files/16_503edde6-6e50-48a6-bcdb-d40ceb8ad0ee.png?v=1728893839,USD,739.99,new,Blue,"TSAR BOMBA WATCH Barrel Type",male,"Products source-US3-Men's Watch","Atomic Series",500~1000,45mm*50.4mm*13.55mm,"Fluoro Rubber",,"General: Movement: Japanese Movement, General: Case Material: 316L Stainless Steel, General: Bezel Material: Fluororubber, General: Crystal: Sapphire Crystal, General: Water Resistance: 100m, General: Lume: A-Grade Luminous, General: Strap Material: Fluoro Rubber.","Apparel & Accessories > Jewelry > Watches",in_stock,Automatic,717020317093
113495,109230,Tsarbomba,45567587486,https://www.awin1.com/pclick.php?p=45567587486&a=3002879&m=109230,https://images2.productserve.com/?w=200&h=200&bg=white&trim=5&t=letterbox&url=ssl%3Acdn.shopify.com%2Fs%2Ffiles%2F1%2F0540%2F8145%2F4255%2Ffiles%2F17_04a235d4-afaa-430f-98dd-e1668d03b59e.png%3Fv%3D1728893839&feedId=113495&k=aae41dcd7eaa7306c016620b498013f5101a7995,https://images2.productserve.com/?w=70&h=70&bg=white&trim=5&t=letterbox&url=ssl%3Acdn.shopify.com%2Fs%2Ffiles%2F1%2F0540%2F8145%2F4255%2Ffiles%2F17_04a235d4-afaa-430f-98dd-e1668d03b59e.png%3Fv%3D1728893839&feedId=113495&k=aae41dcd7eaa7306c016620b498013f5101a7995,544,"Men's Watches",,"TSAR BOMBA WATCH","TB8218DFKM-Dynamic Green",Watches,"8218DFKM-Dynamic Green","TSARBOMBA Atomic TB8218D Men's Fashion Watch, Miyota automatic mechanical movement, tonneau-style case, eco-friendly fluororubber bezel and interchangeable strap and bezel and crwon, 316L stainless steel case, 10ATM water resistance, premium Grade A luminescent coating, sapphire crystal","The TSARBOMBA watches atomic TB8218 is a must-have fashion timepiece for every trendsetter, powered by a MIYOTA automatic mechanical movement and paired with a fluororubber bezel and a 316L stainless steel case; it combines durability with lightness and features an interchangeable strap, bezel, and crown. The fluororubber strap is skin-friendly and comfortable; it won’t cause allergic reactions even with prolonged wear, is odor-free, and eco-friendly; 5ATM water resistance; high-quality Grade A luminescent coating; TSARBOMBA watches are not only timekeeping tools but also fashion accessories.","“MIYOTA movement,” “fluororubber bezel,” “316L stainless steel case,” “tonneau watch,” “fluororubber strap,” “high-quality Grade A luminescent coating,” “50m water resistance,” “trendy watch,” “mechanical movement,” “sapphire crystal,” “interchangeable strap and bezel crown”",https://tsarbomba.com/products/tb8218w?variant=44058738229504,https://cdn.shopify.com/s/files/1/0540/8145/4255/files/17_04a235d4-afaa-430f-98dd-e1668d03b59e.png?v=1728893839,USD,739.99,new,Green,"TSAR BOMBA WATCH Barrel Type",male,"Products source-US3-Men's Watch","Atomic Series",500~1000,45mm*50.4mm*13.55mm,"Fluoro Rubber",,"General: Movement: Japanese Movement, General: Case Material: 316L Stainless Steel, General: Bezel Material: Fluororubber, General: Crystal: Sapphire Crystal, General: Water Resistance: 100m, General: Lume: A-Grade Luminous, General: Strap Material: Fluoro Rubber.","Apparel & Accessories > Jewelry > Watches",in_stock,Automatic,717020317109
113495,109230,Tsarbomba,45567587487,https://www.awin1.com/pclick.php?p=45567587487&a=3002879&m=109230,https://images2.productserve.com/?w=200&h=200&bg=white&trim=5&t=letterbox&url=ssl%3Acdn.shopify.com%2Fs%2Ffiles%2F1%2F0540%2F8145%2F4255%2Ffiles%2F18_40955be9-829a-48da-a7a1-b9693f59049d.png%3Fv%3D1728893840&feedId=113495&k=312c1dfe2d4f6a9947e32bbeb07168e1f8e9f3aa,https://images2.productserve.com/?w=70&h=70&bg=white&trim=5&t=letterbox&url=ssl%3Acdn.shopify.com%2Fs%2Ffiles%2F1%2F0540%2F8145%2F4255%2Ffiles%2F18_40955be9-829a-48da-a7a1-b9693f59049d.png%3Fv%3D1728893840&feedId=113495&k=312c1dfe2d4f6a9947e32bbeb07168e1f8e9f3aa,544,"Men's Watches",,"TSAR BOMBA WATCH","TB8218DFKM-Dynamic Light Blue",Watches,"8218DFKM-Dynamic Light Blue","TSARBOMBA Atomic TB8218D Men's Fashion Watch, Miyota automatic mechanical movement, tonneau-style case, eco-friendly fluororubber bezel and interchangeable strap and bezel and crwon, 316L stainless steel case, 10ATM water resistance, premium Grade A luminescent coating, sapphire crystal","The TSARBOMBA watches atomic TB8218 is a must-have fashion timepiece for every trendsetter, powered by a MIYOTA automatic mechanical movement and paired with a fluororubber bezel and a 316L stainless steel case; it combines durability with lightness and features an interchangeable strap, bezel, and crown. The fluororubber strap is skin-friendly and comfortable; it won’t cause allergic reactions even with prolonged wear, is odor-free, and eco-friendly; 5ATM water resistance; high-quality Grade A luminescent coating; TSARBOMBA watches are not only timekeeping tools but also fashion accessories.","“MIYOTA movement,” “fluororubber bezel,” “316L stainless steel case,” “tonneau watch,” “fluororubber strap,” “high-quality Grade A luminescent coating,” “50m water resistance,” “trendy watch,” “mechanical movement,” “sapphire crystal,” “interchangeable strap and bezel crown”",https://tsarbomba.com/products/tb8218w?variant=44058738262272,https://cdn.shopify.com/s/files/1/0540/8145/4255/files/18_40955be9-829a-48da-a7a1-b9693f59049d.png?v=1728893840,USD,739.99,new,"Light Blue","TSAR BOMBA WATCH Barrel Type",male,"Products source-US3-Men's Watch","Atomic Series",500~1000,45mm*50.4mm*13.55mm,"Fluoro Rubber",,"General: Movement: Japanese Movement, General: Case Material: 316L Stainless Steel, General: Bezel Material: Fluororubber, General: Crystal: Sapphire Crystal, General: Water Resistance: 100m, General: Lume: A-Grade Luminous, General: Strap Material: Fluoro Rubber.","Apparel & Accessories > Jewelry > Watches",in_stock,Automatic,717020317123
113495,109230,Tsarbomba,45567587488,https://www.awin1.com/pclick.php?p=45567587488&a=3002879&m=109230,https://images2.productserve.com/?w=200&h=200&bg=white&trim=5&t=letterbox&url=ssl%3Acdn.shopify.com%2Fs%2Ffiles%2F1%2F0540%2F8145%2F4255%2Ffiles%2F19_b1fd76d4-2945-4b6e-86fb-f57669aad473.png%3Fv%3D1728893840&feedId=113495&k=0ab775fd7c64d4a88ec183eb673b6fc56c23dccf,https://images2.productserve.com/?w=70&h=70&bg=white&trim=5&t=letterbox&url=ssl%3Acdn.shopify.com%2Fs%2Ffiles%2F1%2F0540%2F8145%2F4255%2Ffiles%2F19_b1fd76d4-2945-4b6e-86fb-f57669aad473.png%3Fv%3D1728893840&feedId=113495&k=0ab775fd7c64d4a88ec183eb673b6fc56c23dccf,544,"Men's Watches",,"TSAR BOMBA WATCH","TB8218DFKM-Dynamic Orange",Watches,"8218DFKM-Dynamic Orange","TSARBOMBA Atomic TB8218D Men's Fashion Watch, Miyota automatic mechanical movement, tonneau-style case, eco-friendly fluororubber bezel and interchangeable strap and bezel and crwon, 316L stainless steel case, 10ATM water resistance, premium Grade A luminescent coating, sapphire crystal","The TSARBOMBA watches atomic TB8218 is a must-have fashion timepiece for every trendsetter, powered by a MIYOTA automatic mechanical movement and paired with a fluororubber bezel and a 316L stainless steel case; it combines durability with lightness and features an interchangeable strap, bezel, and crown. The fluororubber strap is skin-friendly and comfortable; it won’t cause allergic reactions even with prolonged wear, is odor-free, and eco-friendly; 5ATM water resistance; high-quality Grade A luminescent coating; TSARBOMBA watches are not only timekeeping tools but also fashion accessories.","“MIYOTA movement,” “fluororubber bezel,” “316L stainless steel case,” “tonneau watch,” “fluororubber strap,” “high-quality Grade A luminescent coating,” “50m water resistance,” “trendy watch,” “mechanical movement,” “sapphire crystal,” “interchangeable strap and bezel crown”",https://tsarbomba.com/products/tb8218w?variant=44058738295040,https://cdn.shopify.com/s/files/1/0540/8145/4255/files/19_b1fd76d4-2945-4b6e-86fb-f57669aad473.png?v=1728893840,USD,739.99,new,Orange,"TSAR BOMBA WATCH Barrel Type",male,"Products source-US3-Men's Watch","Atomic Series",500~1000,45mm*50.4mm*13.55mm,"Fluoro Rubber",,"General: Movement: Japanese Movement, General: Case Material: 316L Stainless Steel, General: Bezel Material: Fluororubber, General: Crystal: Sapphire Crystal, General: Water Resistance: 100m, General: Lume: A-Grade Luminous, General: Strap Material: Fluoro Rubber.","Apparel & Accessories > Jewelry > Watches",in_stock,Automatic,717020317130
113495,109230,Tsarbomba,45567587489,https://www.awin1.com/pclick.php?p=45567587489&a=3002879&m=109230,https://images2.productserve.com/?w=200&h=200&bg=white&trim=5&t=letterbox&url=ssl%3Acdn.shopify.com%2Fs%2Ffiles%2F1%2F0540%2F8145%2F4255%2Ffiles%2F20_b0fc52a2-ad47-4050-b441-23b804cb2d6e.png%3Fv%3D1728893840&feedId=113495&k=fb59c1855400fba6458e8956316b644b2bda259d,https://images2.productserve.com/?w=70&h=70&bg=white&trim=5&t=letterbox&url=ssl%3Acdn.shopify.com%2Fs%2Ffiles%2F1%2F0540%2F8145%2F4255%2Ffiles%2F20_b0fc52a2-ad47-4050-b441-23b804cb2d6e.png%3Fv%3D1728893840&feedId=113495&k=fb59c1855400fba6458e8956316b644b2bda259d,544,"Men's Watches",,"TSAR BOMBA WATCH","TB8218DFKM-Dynamic Red",Watches,"8218DFKM-Dynamic Red","TSARBOMBA Atomic TB8218D Men's Fashion Watch, Miyota automatic mechanical movement, tonneau-style case, eco-friendly fluororubber bezel and interchangeable strap and bezel and crwon, 316L stainless steel case, 10ATM water resistance, premium Grade A luminescent coating, sapphire crystal","The TSARBOMBA watches atomic TB8218 is a must-have fashion timepiece for every trendsetter, powered by a MIYOTA automatic mechanical movement and paired with a fluororubber bezel and a 316L stainless steel case; it combines durability with lightness and features an interchangeable strap, bezel, and crown. The fluororubber strap is skin-friendly and comfortable; it won’t cause allergic reactions even with prolonged wear, is odor-free, and eco-friendly; 5ATM water resistance; high-quality Grade A luminescent coating; TSARBOMBA watches are not only timekeeping tools but also fashion accessories.","“MIYOTA movement,” “fluororubber bezel,” “316L stainless steel case,” “tonneau watch,” “fluororubber strap,” “high-quality Grade A luminescent coating,” “50m water resistance,” “trendy watch,” “mechanical movement,” “sapphire crystal,” “interchangeable strap and bezel crown”",https://tsarbomba.com/products/tb8218w?variant=44058738327808,https://cdn.shopify.com/s/files/1/0540/8145/4255/files/20_b0fc52a2-ad47-4050-b441-23b804cb2d6e.png?v=1728893840,USD,739.99,new,Red,"TSAR BOMBA WATCH Barrel Type",male,"Products source-US3-Men's Watch","Atomic Series",500~1000,45mm*50.4mm*13.55mm,"Fluoro Rubber",,"General: Movement: Japanese Movement, General: Case Material: 316L Stainless Steel, General: Bezel Material: Fluororubber, General: Crystal: Sapphire Crystal, General: Water Resistance: 100m, General: Lume: A-Grade Luminous, General: Strap Material: Fluoro Rubber.","Apparel & Accessories > Jewelry > Watches",in_stock,Automatic,717020317154
113495,109230,Tsarbomba,45567587490,https://www.awin1.com/pclick.php?p=45567587490&a=3002879&m=109230,https://images2.productserve.com/?w=200&h=200&bg=white&trim=5&t=letterbox&url=ssl%3Acdn.shopify.com%2Fs%2Ffiles%2F1%2F0540%2F8145%2F4255%2Ffiles%2F21_62e03ab8-0437-46f5-8ecf-21794d699361.png%3Fv%3D1728893839&feedId=113495&k=b56acd0111e5f9bdd1942a2d5e21aaa5ab7bea0d,https://images2.productserve.com/?w=70&h=70&bg=white&trim=5&t=letterbox&url=ssl%3Acdn.shopify.com%2Fs%2Ffiles%2F1%2F0540%2F8145%2F4255%2Ffiles%2F21_62e03ab8-0437-46f5-8ecf-21794d699361.png%3Fv%3D1728893839&feedId=113495&k=b56acd0111e5f9bdd1942a2d5e21aaa5ab7bea0d,544,"Men's Watches",,"TSAR BOMBA WATCH","TB8218DFKM-Dynamic White",Watches,"8218DFKM-Dynamic White","TSARBOMBA Atomic TB8218D Men's Fashion Watch, Miyota automatic mechanical movement, tonneau-style case, eco-friendly fluororubber bezel and interchangeable strap and bezel and crwon, 316L stainless steel case, 10ATM water resistance, premium Grade A luminescent coating, sapphire crystal","The TSARBOMBA watches atomic TB8218 is a must-have fashion timepiece for every trendsetter, powered by a MIYOTA automatic mechanical movement and paired with a fluororubber bezel and a 316L stainless steel case; it combines durability with lightness and features an interchangeable strap, bezel, and crown. The fluororubber strap is skin-friendly and comfortable; it won’t cause allergic reactions even with prolonged wear, is odor-free, and eco-friendly; 5ATM water resistance; high-quality Grade A luminescent coating; TSARBOMBA watches are not only timekeeping tools but also fashion accessories.","“MIYOTA movement,” “fluororubber bezel,” “316L stainless steel case,” “tonneau watch,” “fluororubber strap,” “high-quality Grade A luminescent coating,” “50m water resistance,” “trendy watch,” “mechanical movement,” “sapphire crystal,” “interchangeable strap and bezel crown”",https://tsarbomba.com/products/tb8218w?variant=44058738360576,https://cdn.shopify.com/s/files/1/0540/8145/4255/files/21_62e03ab8-0437-46f5-8ecf-21794d699361.png?v=1728893839,USD,739.99,new,White,"TSAR BOMBA WATCH Barrel Type",male,"Products source-US3-Men's Watch","Atomic Series",500~1000,45mm*50.4mm*13.55mm,"Fluoro Rubber",,"General: Movement: Japanese Movement, General: Case Material: 316L Stainless Steel, General: Bezel Material: Fluororubber, General: Crystal: Sapphire Crystal, General: Water Resistance: 100m, General: Lume: A-Grade Luminous, General: Strap Material: Fluoro Rubber.","Apparel & Accessories > Jewelry > Watches",in_stock,Automatic,717020317161
113495,109230,Tsarbomba,45567587491,https://www.awin1.com/pclick.php?p=45567587491&a=3002879&m=109230,https://images2.productserve.com/?w=200&h=200&bg=white&trim=5&t=letterbox&url=ssl%3Acdn.shopify.com%2Fs%2Ffiles%2F1%2F0540%2F8145%2F4255%2Ffiles%2F22_a08fdd0e-da5e-423f-ae50-8be2e84adfff.png%3Fv%3D1728893839&feedId=113495&k=a662ab8a14bef24ff8ba2bf3d270c27934d65227,https://images2.productserve.com/?w=70&h=70&bg=white&trim=5&t=letterbox&url=ssl%3Acdn.shopify.com%2Fs%2Ffiles%2F1%2F0540%2F8145%2F4255%2Ffiles%2F22_a08fdd0e-da5e-423f-ae50-8be2e84adfff.png%3Fv%3D1728893839&feedId=113495&k=a662ab8a14bef24ff8ba2bf3d270c27934d65227,544,"Men's Watches",,"TSAR BOMBA WATCH","TB8218DFKM-Dynamic Yellow",Watches,"8218DFKM-Dynamic Yellow","TSARBOMBA Atomic TB8218D Men's Fashion Watch, Miyota automatic mechanical movement, tonneau-style case, eco-friendly fluororubber bezel and interchangeable strap and bezel and crwon, 316L stainless steel case, 10ATM water resistance, premium Grade A luminescent coating, sapphire crystal","The TSARBOMBA watches atomic TB8218 is a must-have fashion timepiece for every trendsetter, powered by a MIYOTA automatic mechanical movement and paired with a fluororubber bezel and a 316L stainless steel case; it combines durability with lightness and features an interchangeable strap, bezel, and crown. The fluororubber strap is skin-friendly and comfortable; it won’t cause allergic reactions even with prolonged wear, is odor-free, and eco-friendly; 5ATM water resistance; high-quality Grade A luminescent coating; TSARBOMBA watches are not only timekeeping tools but also fashion accessories.","“MIYOTA movement,” “fluororubber bezel,” “316L stainless steel case,” “tonneau watch,” “fluororubber strap,” “high-quality Grade A luminescent coating,” “50m water resistance,” “trendy watch,” “mechanical movement,” “sapphire crystal,” “interchangeable strap and bezel crown”",https://tsarbomba.com/products/tb8218w?variant=44058738393344,https://cdn.shopify.com/s/files/1/0540/8145/4255/files/22_a08fdd0e-da5e-423f-ae50-8be2e84adfff.png?v=1728893839,USD,739.99,new,Yellow,"TSAR BOMBA WATCH Barrel Type",male,"Products source-US3-Men's Watch","Atomic Series",500~1000,45mm*50.4mm*13.55mm,"Fluoro Rubber",,"General: Movement: Japanese Movement, General: Case Material: 316L Stainless Steel, General: Bezel Material: Fluororubber, General: Crystal: Sapphire Crystal, General: Water Resistance: 100m, General: Lume: A-Grade Luminous, General: Strap Material: Fluoro Rubber.","Apparel & Accessories > Jewelry > Watches",in_stock,Automatic,717020317185
113495,109230,Tsarbomba,45567587492,https://www.awin1.com/pclick.php?p=45567587492&a=3002879&m=109230,https://images2.productserve.com/?w=200&h=200&bg=white&trim=5&t=letterbox&url=ssl%3Acdn.shopify.com%2Fs%2Ffiles%2F1%2F0540%2F8145%2F4255%2Ffiles%2F23_a03d71c7-548e-47a4-9bf1-3287d6f08755.png%3Fv%3D1728893838&feedId=113495&k=fcdafc7d3842fa5ed1004a79d1382aeb154618ee,https://images2.productserve.com/?w=70&h=70&bg=white&trim=5&t=letterbox&url=ssl%3Acdn.shopify.com%2Fs%2Ffiles%2F1%2F0540%2F8145%2F4255%2Ffiles%2F23_a03d71c7-548e-47a4-9bf1-3287d6f08755.png%3Fv%3D1728893838&feedId=113495&k=fcdafc7d3842fa5ed1004a79d1382aeb154618ee,544,"Men's Watches",,"TSAR BOMBA WATCH",TB8218FKM-Black,Watches,8218FKM-Black,"TSARBOMBA Atomic TB8218D Men's Fashion Watch, Miyota automatic mechanical movement, tonneau-style case, eco-friendly fluororubber bezel and interchangeable strap and bezel and crwon, 316L stainless steel case, 10ATM water resistance, premium Grade A luminescent coating, sapphire crystal","The TSARBOMBA watches atomic TB8218 is a must-have fashion timepiece for every trendsetter, powered by a MIYOTA automatic mechanical movement and paired with a fluororubber bezel and a 316L stainless steel case; it combines durability with lightness and features an interchangeable strap, bezel, and crown. The fluororubber strap is skin-friendly and comfortable; it won’t cause allergic reactions even with prolonged wear, is odor-free, and eco-friendly; 5ATM water resistance; high-quality Grade A luminescent coating; TSARBOMBA watches are not only timekeeping tools but also fashion accessories.","“MIYOTA movement,” “fluororubber bezel,” “316L stainless steel case,” “tonneau watch,” “fluororubber strap,” “high-quality Grade A luminescent coating,” “50m water resistance,” “trendy watch,” “mechanical movement,” “sapphire crystal,” “interchangeable strap and bezel crown”",https://tsarbomba.com/products/tb8218w?variant=44058738426112,https://cdn.shopify.com/s/files/1/0540/8145/4255/files/23_a03d71c7-548e-47a4-9bf1-3287d6f08755.png?v=1728893838,USD,739.99,new,Black,"TSAR BOMBA WATCH Barrel Type",male,"Products source-US3-Men's Watch","Atomic Series",500~1000,45mm*50.4mm*13.55mm,"Fluoro Rubber","https://cdn.shopify.com/s/files/1/0540/8145/4255/files/Atomic-Interchangeable_Automatic_Watch_Fluororubber_Black-1.jpg?v=1723709006,https://cdn.shopify.com/s/files/1/0540/8145/4255/files/Atomic-Interchangeable_Automatic_Watch_Fluororubber_Black-2.jpg?v=1723709021","General: Movement: Japanese Movement, General: Case Material: 316L Stainless Steel, General: Bezel Material: Fluororubber, General: Crystal: Sapphire Crystal, General: Water Resistance: 100m, General: Lume: A-Grade Luminous, General: Strap Material: Fluoro Rubber.","Apparel & Accessories > Jewelry > Watches",in_stock,Automatic,717020317192
113495,109230,Tsarbomba,45567587493,https://www.awin1.com/pclick.php?p=45567587493&a=3002879&m=109230,https://images2.productserve.com/?w=200&h=200&bg=white&trim=5&t=letterbox&url=ssl%3Acdn.shopify.com%2Fs%2Ffiles%2F1%2F0540%2F8145%2F4255%2Ffiles%2F24_7abfee1d-db46-41ff-9ef9-9bf3f7d54381.png%3Fv%3D1728893841&feedId=113495&k=aa9cce4809ae88f237308556765c5d92d0f90730,https://images2.productserve.com/?w=70&h=70&bg=white&trim=5&t=letterbox&url=ssl%3Acdn.shopify.com%2Fs%2Ffiles%2F1%2F0540%2F8145%2F4255%2Ffiles%2F24_7abfee1d-db46-41ff-9ef9-9bf3f7d54381.png%3Fv%3D1728893841&feedId=113495&k=aa9cce4809ae88f237308556765c5d92d0f90730,544,"Men's Watches",,"TSAR BOMBA WATCH",TB8218FKM-Blue,Watches,8218FKM-Blue,"TSARBOMBA Atomic TB8218D Men's Fashion Watch, Miyota automatic mechanical movement, tonneau-style case, eco-friendly fluororubber bezel and interchangeable strap and bezel and crwon, 316L stainless steel case, 10ATM water resistance, premium Grade A luminescent coating, sapphire crystal","The TSARBOMBA watches atomic TB8218 is a must-have fashion timepiece for every trendsetter, powered by a MIYOTA automatic mechanical movement and paired with a fluororubber bezel and a 316L stainless steel case; it combines durability with lightness and features an interchangeable strap, bezel, and crown. The fluororubber strap is skin-friendly and comfortable; it won’t cause allergic reactions even with prolonged wear, is odor-free, and eco-friendly; 5ATM water resistance; high-quality Grade A luminescent coating; TSARBOMBA watches are not only timekeeping tools but also fashion accessories.","“MIYOTA movement,” “fluororubber bezel,” “316L stainless steel case,” “tonneau watch,” “fluororubber strap,” “high-quality Grade A luminescent coating,” “50m water resistance,” “trendy watch,” “mechanical movement,” “sapphire crystal,” “interchangeable strap and bezel crown”",https://tsarbomba.com/products/tb8218w?variant=44058738458880,https://cdn.shopify.com/s/files/1/0540/8145/4255/files/24_7abfee1d-db46-41ff-9ef9-9bf3f7d54381.png?v=1728893841,USD,739.99,new,Blue,"TSAR BOMBA WATCH Barrel Type",male,"Products source-US3-Men's Watch","Atomic Series",500~1000,45mm*50.4mm*13.55mm,"Fluoro Rubber",,"General: Movement: Japanese Movement, General: Case Material: 316L Stainless Steel, General: Bezel Material: Fluororubber, General: Crystal: Sapphire Crystal, General: Water Resistance: 100m, General: Lume: A-Grade Luminous, General: Strap Material: Fluoro Rubber.","Apparel & Accessories > Jewelry > Watches",in_stock,Automatic,717020317215
113495,109230,Tsarbomba,45567587494,https://www.awin1.com/pclick.php?p=45567587494&a=3002879&m=109230,https://images2.productserve.com/?w=200&h=200&bg=white&trim=5&t=letterbox&url=ssl%3Acdn.shopify.com%2Fs%2Ffiles%2F1%2F0540%2F8145%2F4255%2Ffiles%2F25.png%3Fv%3D1728893840&feedId=113495&k=e0b2b2e4a5acc3a6f191e6e738ce99344b1b0cb5,https://images2.productserve.com/?w=70&h=70&bg=white&trim=5&t=letterbox&url=ssl%3Acdn.shopify.com%2Fs%2Ffiles%2F1%2F0540%2F8145%2F4255%2Ffiles%2F25.png%3Fv%3D1728893840&feedId=113495&k=e0b2b2e4a5acc3a6f191e6e738ce99344b1b0cb5,544,"Men's Watches",,"TSAR BOMBA WATCH",TB8218FKM-Green,Watches,8218FKM-Green,"TSARBOMBA Atomic TB8218D Men's Fashion Watch, Miyota automatic mechanical movement, tonneau-style case, eco-friendly fluororubber bezel and interchangeable strap and bezel and crwon, 316L stainless steel case, 10ATM water resistance, premium Grade A luminescent coating, sapphire crystal","The TSARBOMBA watches atomic TB8218 is a must-have fashion timepiece for every trendsetter, powered by a MIYOTA automatic mechanical movement and paired with a fluororubber bezel and a 316L stainless steel case; it combines durability with lightness and features an interchangeable strap, bezel, and crown. The fluororubber strap is skin-friendly and comfortable; it won’t cause allergic reactions even with prolonged wear, is odor-free, and eco-friendly; 5ATM water resistance; high-quality Grade A luminescent coating; TSARBOMBA watches are not only timekeeping tools but also fashion accessories.","“MIYOTA movement,” “fluororubber bezel,” “316L stainless steel case,” “tonneau watch,” “fluororubber strap,” “high-quality Grade A luminescent coating,” “50m water resistance,” “trendy watch,” “mechanical movement,” “sapphire crystal,” “interchangeable strap and bezel crown”",https://tsarbomba.com/products/tb8218w?variant=44058738491648,https://cdn.shopify.com/s/files/1/0540/8145/4255/files/25.png?v=1728893840,USD,739.99,new,Green,"TSAR BOMBA WATCH Barrel Type",male,"Products source-US3-Men's Watch","Atomic Series",500~1000,45mm*50.4mm*13.55mm,"Fluoro Rubber",,"General: Movement: Japanese Movement, General: Case Material: 316L Stainless Steel, General: Bezel Material: Fluororubber, General: Crystal: Sapphire Crystal, General: Water Resistance: 100m, General: Lume: A-Grade Luminous, General: Strap Material: Fluoro Rubber.","Apparel & Accessories > Jewelry > Watches",in_stock,Automatic,717020317222
113495,109230,Tsarbomba,45567587495,https://www.awin1.com/pclick.php?p=45567587495&a=3002879&m=109230,https://images2.productserve.com/?w=200&h=200&bg=white&trim=5&t=letterbox&url=ssl%3Acdn.shopify.com%2Fs%2Ffiles%2F1%2F0540%2F8145%2F4255%2Ffiles%2F26.png%3Fv%3D1728893839&feedId=113495&k=e528a7ce4231758eaa1eb05dad5759200c7ab5cb,https://images2.productserve.com/?w=70&h=70&bg=white&trim=5&t=letterbox&url=ssl%3Acdn.shopify.com%2Fs%2Ffiles%2F1%2F0540%2F8145%2F4255%2Ffiles%2F26.png%3Fv%3D1728893839&feedId=113495&k=e528a7ce4231758eaa1eb05dad5759200c7ab5cb,544,"Men's Watches",,"TSAR BOMBA WATCH","TB8218FKM-Light Blue",Watches,"8218FKM-Light Blue","TSARBOMBA Atomic TB8218D Men's Fashion Watch, Miyota automatic mechanical movement, tonneau-style case, eco-friendly fluororubber bezel and interchangeable strap and bezel and crwon, 316L stainless steel case, 10ATM water resistance, premium Grade A luminescent coating, sapphire crystal","The TSARBOMBA watches atomic TB8218 is a must-have fashion timepiece for every trendsetter, powered by a MIYOTA automatic mechanical movement and paired with a fluororubber bezel and a 316L stainless steel case; it combines durability with lightness and features an interchangeable strap, bezel, and crown. The fluororubber strap is skin-friendly and comfortable; it won’t cause allergic reactions even with prolonged wear, is odor-free, and eco-friendly; 5ATM water resistance; high-quality Grade A luminescent coating; TSARBOMBA watches are not only timekeeping tools but also fashion accessories.","“MIYOTA movement,” “fluororubber bezel,” “316L stainless steel case,” “tonneau watch,” “fluororubber strap,” “high-quality Grade A luminescent coating,” “50m water resistance,” “trendy watch,” “mechanical movement,” “sapphire crystal,” “interchangeable strap and bezel crown”",https://tsarbomba.com/products/tb8218w?variant=44058738524416,https://cdn.shopify.com/s/files/1/0540/8145/4255/files/26.png?v=1728893839,USD,739.99,new,"Light Blue","TSAR BOMBA WATCH Barrel Type",male,"Products source-US3-Men's Watch","Atomic Series",500~1000,45mm*50.4mm*13.55mm,"Fluoro Rubber","https://cdn.shopify.com/s/files/1/0540/8145/4255/files/Atomic-Interchangeable_Automatic_Watch_Fluororubber_Lightblue-1.jpg?v=1723709146,https://cdn.shopify.com/s/files/1/0540/8145/4255/files/Atomic-Interchangeable_Automatic_Watch_Fluororubber_Lightblue-2.jpg?v=1723709205","General: Movement: Japanese Movement, General: Case Material: 316L Stainless Steel, General: Bezel Material: Fluororubber, General: Crystal: Sapphire Crystal, General: Water Resistance: 100m, General: Lume: A-Grade Luminous, General: Strap Material: Fluoro Rubber.","Apparel & Accessories > Jewelry > Watches",in_stock,Automatic,717020317246
113495,109230,Tsarbomba,45567587496,https://www.awin1.com/pclick.php?p=45567587496&a=3002879&m=109230,https://images2.productserve.com/?w=200&h=200&bg=white&trim=5&t=letterbox&url=ssl%3Acdn.shopify.com%2Fs%2Ffiles%2F1%2F0540%2F8145%2F4255%2Ffiles%2F27_366d958a-c6fb-4a38-a242-0ae66be0a25a.png%3Fv%3D1728893840&feedId=113495&k=58b6bb946a43984d7c1265ca29d7d9e3e6317933,https://images2.productserve.com/?w=70&h=70&bg=white&trim=5&t=letterbox&url=ssl%3Acdn.shopify.com%2Fs%2Ffiles%2F1%2F0540%2F8145%2F4255%2Ffiles%2F27_366d958a-c6fb-4a38-a242-0ae66be0a25a.png%3Fv%3D1728893840&feedId=113495&k=58b6bb946a43984d7c1265ca29d7d9e3e6317933,544,"Men's Watches",,"TSAR BOMBA WATCH",TB8218FKM-Orange,Watches,8218FKM-Orange,"TSARBOMBA Atomic TB8218D Men's Fashion Watch, Miyota automatic mechanical movement, tonneau-style case, eco-friendly fluororubber bezel and interchangeable strap and bezel and crwon, 316L stainless steel case, 10ATM water resistance, premium Grade A luminescent coating, sapphire crystal","The TSARBOMBA watches atomic TB8218 is a must-have fashion timepiece for every trendsetter, powered by a MIYOTA automatic mechanical movement and paired with a fluororubber bezel and a 316L stainless steel case; it combines durability with lightness and features an interchangeable strap, bezel, and crown. The fluororubber strap is skin-friendly and comfortable; it won’t cause allergic reactions even with prolonged wear, is odor-free, and eco-friendly; 5ATM water resistance; high-quality Grade A luminescent coating; TSARBOMBA watches are not only timekeeping tools but also fashion accessories.","“MIYOTA movement,” “fluororubber bezel,” “316L stainless steel case,” “tonneau watch,” “fluororubber strap,” “high-quality Grade A luminescent coating,” “50m water resistance,” “trendy watch,” “mechanical movement,” “sapphire crystal,” “interchangeable strap and bezel crown”",https://tsarbomba.com/products/tb8218w?variant=44058738557184,https://cdn.shopify.com/s/files/1/0540/8145/4255/files/27_366d958a-c6fb-4a38-a242-0ae66be0a25a.png?v=1728893840,USD,739.99,new,Orange,"TSAR BOMBA WATCH Barrel Type",male,"Products source-US3-Men's Watch","Atomic Series",500~1000,45mm*50.4mm*13.55mm,"Fluoro Rubber","https://cdn.shopify.com/s/files/1/0540/8145/4255/files/Atomic-Interchangeable_Automatic_Watch_Fluororubber_Orange-1.jpg?v=1723709310,https://cdn.shopify.com/s/files/1/0540/8145/4255/files/Atomic-Interchangeable_Automatic_Watch_Fluororubber_Orange-2.jpg?v=1723709324","General: Movement: Japanese Movement, General: Case Material: 316L Stainless Steel, General: Bezel Material: Fluororubber, General: Crystal: Sapphire Crystal, General: Water Resistance: 100m, General: Lume: A-Grade Luminous, General: Strap Material: Fluoro Rubber.","Apparel & Accessories > Jewelry > Watches",in_stock,Automatic,717020317253
113495,109230,Tsarbomba,45567587497,https://www.awin1.com/pclick.php?p=45567587497&a=3002879&m=109230,https://images2.productserve.com/?w=200&h=200&bg=white&trim=5&t=letterbox&url=ssl%3Acdn.shopify.com%2Fs%2Ffiles%2F1%2F0540%2F8145%2F4255%2Ffiles%2F28.png%3Fv%3D1728893839&feedId=113495&k=19de6556f15dd15d28fa464b2f1e9e4fb7f79e70,https://images2.productserve.com/?w=70&h=70&bg=white&trim=5&t=letterbox&url=ssl%3Acdn.shopify.com%2Fs%2Ffiles%2F1%2F0540%2F8145%2F4255%2Ffiles%2F28.png%3Fv%3D1728893839&feedId=113495&k=19de6556f15dd15d28fa464b2f1e9e4fb7f79e70,544,"Men's Watches",,"TSAR BOMBA WATCH",TB8218FKM-Red,Watches,8218FKM-Red,"TSARBOMBA Atomic TB8218D Men's Fashion Watch, Miyota automatic mechanical movement, tonneau-style case, eco-friendly fluororubber bezel and interchangeable strap and bezel and crwon, 316L stainless steel case, 10ATM water resistance, premium Grade A luminescent coating, sapphire crystal","The TSARBOMBA watches atomic TB8218 is a must-have fashion timepiece for every trendsetter, powered by a MIYOTA automatic mechanical movement and paired with a fluororubber bezel and a 316L stainless steel case; it combines durability with lightness and features an interchangeable strap, bezel, and crown. The fluororubber strap is skin-friendly and comfortable; it won’t cause allergic reactions even with prolonged wear, is odor-free, and eco-friendly; 5ATM water resistance; high-quality Grade A luminescent coating; TSARBOMBA watches are not only timekeeping tools but also fashion accessories.","“MIYOTA movement,” “fluororubber bezel,” “316L stainless steel case,” “tonneau watch,” “fluororubber strap,” “high-quality Grade A luminescent coating,” “50m water resistance,” “trendy watch,” “mechanical movement,” “sapphire crystal,” “interchangeable strap and bezel crown”",https://tsarbomba.com/products/tb8218w?variant=44058738589952,https://cdn.shopify.com/s/files/1/0540/8145/4255/files/28.png?v=1728893839,USD,739.99,new,Red,"TSAR BOMBA WATCH Barrel Type",male,"Products source-US3-Men's Watch","Atomic Series",500~1000,45mm*50.4mm*13.55mm,"Fluoro Rubber",https://cdn.shopify.com/s/files/1/0540/8145/4255/files/Atomic-Interchangeable_Automatic_Watch_Fluororubber_Red-1.jpg?v=1723709368,"General: Movement: Japanese Movement, General: Case Material: 316L Stainless Steel, General: Bezel Material: Fluororubber, General: Crystal: Sapphire Crystal, General: Water Resistance: 100m, General: Lume: A-Grade Luminous, General: Strap Material: Fluoro Rubber.","Apparel & Accessories > Jewelry > Watches",in_stock,Automatic,717020317277
113495,109230,Tsarbomba,45567587498,https://www.awin1.com/pclick.php?p=45567587498&a=3002879&m=109230,https://images2.productserve.com/?w=200&h=200&bg=white&trim=5&t=letterbox&url=ssl%3Acdn.shopify.com%2Fs%2Ffiles%2F1%2F0540%2F8145%2F4255%2Ffiles%2F29_10a62e3f-5a4f-479a-862a-2c6be3ddeef2.png%3Fv%3D1728893839&feedId=113495&k=1a55500d6aecad8476ebf6659252c322b48dac03,https://images2.productserve.com/?w=70&h=70&bg=white&trim=5&t=letterbox&url=ssl%3Acdn.shopify.com%2Fs%2Ffiles%2F1%2F0540%2F8145%2F4255%2Ffiles%2F29_10a62e3f-5a4f-479a-862a-2c6be3ddeef2.png%3Fv%3D1728893839&feedId=113495&k=1a55500d6aecad8476ebf6659252c322b48dac03,544,"Men's Watches",,"TSAR BOMBA WATCH","TB8218FKM-White 1",Watches,"8218FKM-White 1","TSARBOMBA Atomic TB8218D Men's Fashion Watch, Miyota automatic mechanical movement, tonneau-style case, eco-friendly fluororubber bezel and interchangeable strap and bezel and crwon, 316L stainless steel case, 10ATM water resistance, premium Grade A luminescent coating, sapphire crystal","The TSARBOMBA watches atomic TB8218 is a must-have fashion timepiece for every trendsetter, powered by a MIYOTA automatic mechanical movement and paired with a fluororubber bezel and a 316L stainless steel case; it combines durability with lightness and features an interchangeable strap, bezel, and crown. The fluororubber strap is skin-friendly and comfortable; it won’t cause allergic reactions even with prolonged wear, is odor-free, and eco-friendly; 5ATM water resistance; high-quality Grade A luminescent coating; TSARBOMBA watches are not only timekeeping tools but also fashion accessories.","“MIYOTA movement,” “fluororubber bezel,” “316L stainless steel case,” “tonneau watch,” “fluororubber strap,” “high-quality Grade A luminescent coating,” “50m water resistance,” “trendy watch,” “mechanical movement,” “sapphire crystal,” “interchangeable strap and bezel crown”",https://tsarbomba.com/products/tb8218w?variant=44058738622720,https://cdn.shopify.com/s/files/1/0540/8145/4255/files/29_10a62e3f-5a4f-479a-862a-2c6be3ddeef2.png?v=1728893839,USD,739.99,new,"White 1","TSAR BOMBA WATCH Barrel Type",male,"Products source-US3-Men's Watch","Atomic Series",500~1000,45mm*50.4mm*13.55mm,"Fluoro Rubber",https://cdn.shopify.com/s/files/1/0540/8145/4255/files/Atomic-Interchangeable_Automatic_Watch_Fluororubber_White-1.jpg?v=1723709435,"General: Movement: Japanese Movement, General: Case Material: 316L Stainless Steel, General: Bezel Material: Fluororubber, General: Crystal: Sapphire Crystal, General: Water Resistance: 100m, General: Lume: A-Grade Luminous, General: Strap Material: Fluoro Rubber.","Apparel & Accessories > Jewelry > Watches",in_stock,Automatic,717020317284
113495,109230,Tsarbomba,45567587499,https://www.awin1.com/pclick.php?p=45567587499&a=3002879&m=109230,https://images2.productserve.com/?w=200&h=200&bg=white&trim=5&t=letterbox&url=ssl%3Acdn.shopify.com%2Fs%2Ffiles%2F1%2F0540%2F8145%2F4255%2Ffiles%2F30.png%3Fv%3D1728893839&feedId=113495&k=8142b0ca6752b23f53c38ab606e1ba486def6acf,https://images2.productserve.com/?w=70&h=70&bg=white&trim=5&t=letterbox&url=ssl%3Acdn.shopify.com%2Fs%2Ffiles%2F1%2F0540%2F8145%2F4255%2Ffiles%2F30.png%3Fv%3D1728893839&feedId=113495&k=8142b0ca6752b23f53c38ab606e1ba486def6acf,544,"Men's Watches",,"TSAR BOMBA WATCH","TB8218FKM-White 2",Watches,"8218FKM-White 2","TSARBOMBA Atomic TB8218D Men's Fashion Watch, Miyota automatic mechanical movement, tonneau-style case, eco-friendly fluororubber bezel and interchangeable strap and bezel and crwon, 316L stainless steel case, 10ATM water resistance, premium Grade A luminescent coating, sapphire crystal","The TSARBOMBA watches atomic TB8218 is a must-have fashion timepiece for every trendsetter, powered by a MIYOTA automatic mechanical movement and paired with a fluororubber bezel and a 316L stainless steel case; it combines durability with lightness and features an interchangeable strap, bezel, and crown. The fluororubber strap is skin-friendly and comfortable; it won’t cause allergic reactions even with prolonged wear, is odor-free, and eco-friendly; 5ATM water resistance; high-quality Grade A luminescent coating; TSARBOMBA watches are not only timekeeping tools but also fashion accessories.","“MIYOTA movement,” “fluororubber bezel,” “316L stainless steel case,” “tonneau watch,” “fluororubber strap,” “high-quality Grade A luminescent coating,” “50m water resistance,” “trendy watch,” “mechanical movement,” “sapphire crystal,” “interchangeable strap and bezel crown”",https://tsarbomba.com/products/tb8218w?variant=44079475491072,https://cdn.shopify.com/s/files/1/0540/8145/4255/files/30.png?v=1728893839,USD,739.99,new,"White 2","TSAR BOMBA WATCH Barrel Type",male,"Products source-US3-Men's Watch","Atomic Series",500~1000,45mm*50.4mm*13.55mm,"Fluoro Rubber",,"General: Movement: Japanese Movement, General: Case Material: 316L Stainless Steel, General: Bezel Material: Fluororubber, General: Crystal: Sapphire Crystal, General: Water Resistance: 100m, General: Lume: A-Grade Luminous, General: Strap Material: Fluoro Rubber.","Apparel & Accessories > Jewelry > Watches",in_stock,Automatic,717020317307
113495,109230,Tsarbomba,45567587500,https://www.awin1.com/pclick.php?p=45567587500&a=3002879&m=109230,https://images2.productserve.com/?w=200&h=200&bg=white&trim=5&t=letterbox&url=ssl%3Acdn.shopify.com%2Fs%2Ffiles%2F1%2F0540%2F8145%2F4255%2Ffiles%2F31.png%3Fv%3D1728893840&feedId=113495&k=df57359e0daefd4912468bb2cb9ed7c2f43990ff,https://images2.productserve.com/?w=70&h=70&bg=white&trim=5&t=letterbox&url=ssl%3Acdn.shopify.com%2Fs%2Ffiles%2F1%2F0540%2F8145%2F4255%2Ffiles%2F31.png%3Fv%3D1728893840&feedId=113495&k=df57359e0daefd4912468bb2cb9ed7c2f43990ff,544,"Men's Watches",,"TSAR BOMBA WATCH",TB8218FKM-Yellow,Watches,8218FKM-Yellow,"TSARBOMBA Atomic TB8218D Men's Fashion Watch, Miyota automatic mechanical movement, tonneau-style case, eco-friendly fluororubber bezel and interchangeable strap and bezel and crwon, 316L stainless steel case, 10ATM water resistance, premium Grade A luminescent coating, sapphire crystal","The TSARBOMBA watches atomic TB8218 is a must-have fashion timepiece for every trendsetter, powered by a MIYOTA automatic mechanical movement and paired with a fluororubber bezel and a 316L stainless steel case; it combines durability with lightness and features an interchangeable strap, bezel, and crown. The fluororubber strap is skin-friendly and comfortable; it won’t cause allergic reactions even with prolonged wear, is odor-free, and eco-friendly; 5ATM water resistance; high-quality Grade A luminescent coating; TSARBOMBA watches are not only timekeeping tools but also fashion accessories.","“MIYOTA movement,” “fluororubber bezel,” “316L stainless steel case,” “tonneau watch,” “fluororubber strap,” “high-quality Grade A luminescent coating,” “50m water resistance,” “trendy watch,” “mechanical movement,” “sapphire crystal,” “interchangeable strap and bezel crown”",https://tsarbomba.com/products/tb8218w?variant=44058738655488,https://cdn.shopify.com/s/files/1/0540/8145/4255/files/31.png?v=1728893840,USD,739.99,new,Yellow,"TSAR BOMBA WATCH Barrel Type",male,"Products source-US3-Men's Watch","Atomic Series",500~1000,45mm*50.4mm*13.55mm,"Fluoro Rubber","https://cdn.shopify.com/s/files/1/0540/8145/4255/files/Atomic-Interchangeable_Automatic_Watch_Fluororubber_Yellow-1.jpg?v=1723710069,https://cdn.shopify.com/s/files/1/0540/8145/4255/files/Atomic-Interchangeable_Automatic_Watch_Fluororubber_Yellow-2.jpg?v=1723710082","General: Movement: Japanese Movement, General: Case Material: 316L Stainless Steel, General: Bezel Material: Fluororubber, General: Crystal: Sapphire Crystal, General: Water Resistance: 100m, General: Lume: A-Grade Luminous, General: Strap Material: Fluoro Rubber.","Apparel & Accessories > Jewelry > Watches",in_stock,Automatic,717020317314
113495,109230,Tsarbomba,45567587501,https://www.awin1.com/pclick.php?p=45567587501&a=3002879&m=109230,https://images2.productserve.com/?w=200&h=200&bg=white&trim=5&t=letterbox&url=ssl%3Acdn.shopify.com%2Fs%2Ffiles%2F1%2F0540%2F8145%2F4255%2Ffiles%2F32.png%3Fv%3D1728893840&feedId=113495&k=fd395c49292be2b44573304a190df38639b64c6e,https://images2.productserve.com/?w=70&h=70&bg=white&trim=5&t=letterbox&url=ssl%3Acdn.shopify.com%2Fs%2Ffiles%2F1%2F0540%2F8145%2F4255%2Ffiles%2F32.png%3Fv%3D1728893840&feedId=113495&k=fd395c49292be2b44573304a190df38639b64c6e,544,"Men's Watches",,"TSAR BOMBA WATCH",TB8218A-Black,Watches,8218A-Black,"TSARBOMBA Atomic TB8218A Men's Fashion Watch, Miyota automatic mechanical movement, tonneau-style case, 316L stainless steel bezel and case, interchangeable strap and bezel and crown, 10ATM water resistance, premium Grade A luminescent coating, sapphire crystal","The TSARBOMBA TB8218A Men’s Fashion Watch features a Miyota automatic mechanical movement, a 316L stainless steel bezel, interchangeable accessories, an eco-friendly fluororubber strap, 10ATM water resistance, and premium Grade A luminescent coating. With interchangeable straps, bezels, and crowns, why buy multiple watches when you can own just one that lets you switch up your style? Sapphire Crystal: A Stunning Display","“MIYOTA movement,” “316L stainless steel bezel,” “316L stainless steel case,” “tonneau watch,” “fluororubber strap,” “high-quality Grade A luminescent coating,” “50m water resistance,” “trendy watch,” “mechanical movement,” “sapphire crystal,” “interchangeable strap and bezel crown”",https://tsarbomba.com/products/tb8218w?variant=44058738688256,https://cdn.shopify.com/s/files/1/0540/8145/4255/files/32.png?v=1728893840,USD,710.99,new,Black,"TSAR BOMBA WATCH Barrel Type",male,"Products source-US3-Men's Watch","Atomic Series",500~1000,45mm*50.4mm*13.55mm,"316L Stainless Steel",,"General: Movement: Japanese Movement, General: Case Material: 316L Stainless Steel, General: Bezel Material: 316L Stainless Steel, General: Crystal: Sapphire Crystal, General: Water Resistance: 100m, General: Lume: A-Grade Luminous, General: Strap Material: Fluoro Rubber.","Apparel & Accessories > Jewelry > Watches",in_stock,Automatic,717020317338
113495,109230,Tsarbomba,45567587502,https://www.awin1.com/pclick.php?p=45567587502&a=3002879&m=109230,https://images2.productserve.com/?w=200&h=200&bg=white&trim=5&t=letterbox&url=ssl%3Acdn.shopify.com%2Fs%2Ffiles%2F1%2F0540%2F8145%2F4255%2Ffiles%2F33.png%3Fv%3D1728893839&feedId=113495&k=028514c495912dece892cbd04959ea9e7171af7c,https://images2.productserve.com/?w=70&h=70&bg=white&trim=5&t=letterbox&url=ssl%3Acdn.shopify.com%2Fs%2Ffiles%2F1%2F0540%2F8145%2F4255%2Ffiles%2F33.png%3Fv%3D1728893839&feedId=113495&k=028514c495912dece892cbd04959ea9e7171af7c,544,"Men's Watches",,"TSAR BOMBA WATCH","TB8218A-Rose Gold",Watches,"8218A-Rose Gold","TSARBOMBA Atomic TB8218A Men's Fashion Watch, Miyota automatic mechanical movement, tonneau-style case, 316L stainless steel bezel and case, interchangeable strap and bezel and crown, 10ATM water resistance, premium Grade A luminescent coating, sapphire crystal","The TSARBOMBA TB8218A Men’s Fashion Watch features a Miyota automatic mechanical movement, a 316L stainless steel bezel, interchangeable accessories, an eco-friendly fluororubber strap, 10ATM water resistance, and premium Grade A luminescent coating. With interchangeable straps, bezels, and crowns, why buy multiple watches when you can own just one that lets you switch up your style? Sapphire Crystal: A Stunning Display","“MIYOTA movement,” “316L stainless steel bezel,” “316L stainless steel case,” “tonneau watch,” “fluororubber strap,” “high-quality Grade A luminescent coating,” “50m water resistance,” “trendy watch,” “mechanical movement,” “sapphire crystal,” “interchangeable strap and bezel crown”",https://tsarbomba.com/products/tb8218w?variant=44058738721024,https://cdn.shopify.com/s/files/1/0540/8145/4255/files/33.png?v=1728893839,USD,710.99,new,"Rose Gold","TSAR BOMBA WATCH Barrel Type",male,"Products source-US3-Men's Watch","Atomic Series",500~1000,45mm*50.4mm*13.55mm,"316L Stainless Steel",,"General: Movement: Japanese Movement, General: Case Material: 316L Stainless Steel, General: Bezel Material: 316L Stainless Steel, General: Crystal: Sapphire Crystal, General: Water Resistance: 100m, General: Lume: A-Grade Luminous, General: Strap Material: Fluoro Rubber.","Apparel & Accessories > Jewelry > Watches",in_stock,Automatic,717020317345
113495,109230,Tsarbomba,45567587503,https://www.awin1.com/pclick.php?p=45567587503&a=3002879&m=109230,https://images2.productserve.com/?w=200&h=200&bg=white&trim=5&t=letterbox&url=ssl%3Acdn.shopify.com%2Fs%2Ffiles%2F1%2F0540%2F8145%2F4255%2Ffiles%2F34.png%3Fv%3D1728893838&feedId=113495&k=cf4623e85e2c80bd79a77561fc9f25761f59910d,https://images2.productserve.com/?w=70&h=70&bg=white&trim=5&t=letterbox&url=ssl%3Acdn.shopify.com%2Fs%2Ffiles%2F1%2F0540%2F8145%2F4255%2Ffiles%2F34.png%3Fv%3D1728893838&feedId=113495&k=cf4623e85e2c80bd79a77561fc9f25761f59910d,544,"Men's Watches",,"TSAR BOMBA WATCH",TB8218A-Silver,Watches,8218A-Silver,"TSARBOMBA Atomic TB8218A Men's Fashion Watch, Miyota automatic mechanical movement, tonneau-style case, 316L stainless steel bezel and case, interchangeable strap and bezel and crown, 10ATM water resistance, premium Grade A luminescent coating, sapphire crystal","The TSARBOMBA TB8218A Men’s Fashion Watch features a Miyota automatic mechanical movement, a 316L stainless steel bezel, interchangeable accessories, an eco-friendly fluororubber strap, 10ATM water resistance, and premium Grade A luminescent coating. With interchangeable straps, bezels, and crowns, why buy multiple watches when you can own just one that lets you switch up your style? Sapphire Crystal: A Stunning Display","“MIYOTA movement,” “316L stainless steel bezel,” “316L stainless steel case,” “tonneau watch,” “fluororubber strap,” “high-quality Grade A luminescent coating,” “50m water resistance,” “trendy watch,” “mechanical movement,” “sapphire crystal,” “interchangeable strap and bezel crown”",https://tsarbomba.com/products/tb8218w?variant=44058738753792,https://cdn.shopify.com/s/files/1/0540/8145/4255/files/34.png?v=1728893838,USD,710.99,new,Silver,"TSAR BOMBA WATCH Barrel Type",male,"Products source-US3-Men's Watch","Atomic Series",500~1000,45mm*50.4mm*13.55mm,"316L Stainless Steel",,"General: Movement: Japanese Movement, General: Case Material: 316L Stainless Steel, General: Bezel Material: 316L Stainless Steel, General: Crystal: Sapphire Crystal, General: Water Resistance: 100m, General: Lume: A-Grade Luminous, General: Strap Material: Fluoro Rubber.","Apparel & Accessories > Jewelry > Watches",in_stock,Automatic,717020317369
113495,109230,Tsarbomba,45567587504,https://www.awin1.com/pclick.php?p=45567587504&a=3002879&m=109230,https://images2.productserve.com/?w=200&h=200&bg=white&trim=5&t=letterbox&url=ssl%3Acdn.shopify.com%2Fs%2Ffiles%2F1%2F0540%2F8145%2F4255%2Ffiles%2F8213GBK.png%3Fv%3D1735030259&feedId=113495&k=fa13099fa2af149582b9b16865892632fdcc221c,https://images2.productserve.com/?w=70&h=70&bg=white&trim=5&t=letterbox&url=ssl%3Acdn.shopify.com%2Fs%2Ffiles%2F1%2F0540%2F8145%2F4255%2Ffiles%2F8213GBK.png%3Fv%3D1735030259&feedId=113495&k=fa13099fa2af149582b9b16865892632fdcc221c,544,"Men's Watches",,"TSAR BOMBA WATCH","TB8213A-Golden black",Watches,TB8213A-07,"TSARBOMBA REACTOR TB8213 Fashion Watch; features a Japanese automatic mechanical movement, a 316L stainless steel bezel and 316L stainless steel case offering exceptional corrosion resistance and durability, a French Gold Award-winning design, and interchangeable accessories; eco-friendly fluororubber strap; 10ATM water resistance; high-quality Grade A luminescent coating,","The TSARBOMBA TB8213C is a must-have fashion timepiece for every trendsetter. It is equipped with a reliable Miyota movement, a 316L stainless steel bezel, and a 316L stainless steel case, offering exceptional durability and corrosion resistance. It features interchangeable straps, bezels, and crowns; the fluororubber strap is gentle on the skin, hypoallergenic even with prolonged wear, odor-free, and eco-friendly; 10ATM water resistance; high-quality Grade A luminescent coating; TSARBOMBA watches are not just timepieces but also fashion accessories.","“Japanese movement,” “316L stainless steel bezel,” “French Gold Award for Design,” “fluororubber strap,” “high-quality Grade A luminescent coating,” “50m water resistance,” “trendy watch.” “Sapphire crystal,” “Interchangeable bezel and strap and crown""",https://tsarbomba.com/products/tb8213?variant=43829917483264,https://cdn.shopify.com/s/files/1/0540/8145/4255/files/8213GBK.png?v=1735030259,USD,649.99,new,"Golden Black","TSAR BOMBA WATCH Barrel Type",male,"Products source-US3-Men's Watch","Reactor Series",500~1000,44mm*52mm*13mm,"316L Stainless Steel","https://cdn.shopify.com/s/files/1/0540/8145/4255/files/4_ec421527-0be6-4a67-b8b5-1bcecefd9584.jpg?v=1735030259,https://cdn.shopify.com/s/files/1/0540/8145/4255/files/3_a003fbae-f636-43fd-a01b-c8b1277a35c0.jpg?v=1735030259","General:Movement:Japanese movement.General:Case material:316L Stainless steel,Geneal:bezel material:316L Stainless steel,General:Crystal: Sapphire Crystal, General: Water Resistance:50m, General: Lume: A-Grade Luminous, General: Strap Material: Fluororubber,General:Case function:interchangeable strap and bezel and crown.","Apparel & Accessories > Jewelry > Watches",in_stock,Automatic,717020318380
113495,109230,Tsarbomba,45567587505,https://www.awin1.com/pclick.php?p=45567587505&a=3002879&m=109230,https://images2.productserve.com/?w=200&h=200&bg=white&trim=5&t=letterbox&url=ssl%3Acdn.shopify.com%2Fs%2Ffiles%2F1%2F0540%2F8145%2F4255%2Ffiles%2F4_8c203a93-33c3-412b-971c-4d629aec0aeb.png%3Fv%3D1750842367&feedId=113495&k=ec55c1529ea80e960d797b4cffaf61f4179f9df4,https://images2.productserve.com/?w=70&h=70&bg=white&trim=5&t=letterbox&url=ssl%3Acdn.shopify.com%2Fs%2Ffiles%2F1%2F0540%2F8145%2F4255%2Ffiles%2F4_8c203a93-33c3-412b-971c-4d629aec0aeb.png%3Fv%3D1750842367&feedId=113495&k=ec55c1529ea80e960d797b4cffaf61f4179f9df4,544,"Men's Watches",,"TSAR BOMBA WATCH","TB8213A-carbon fiber black",Watches,TB8213A-06,"TSARBOMBA REACTOR TB8213 Fashion Watch; features a Japanese automatic mechanical movement, a carbon fiber bezel, and a 316L stainless steel case offering exceptional corrosion resistance and durability; winner of the French Gold Award for design; interchangeable accessories; eco-friendly fluororubber strap; 10ATM water resistance; high-quality Grade A luminescent coating,","The TSARBOMBA TB8213 is a must-have fashion timepiece for every trendsetter. It is equipped with a reliable Miyota movement, a carbon fiber bezel, and a 316L stainless steel case, offering exceptional durability and corrosion resistance. It features interchangeable straps, bezels, and crowns; the fluororubber strap is gentle on the skin, hypoallergenic even with prolonged wear, odor-free, and eco-friendly; 10ATM water resistance; high-quality Grade A luminescent coating; TSARBOMBA watches are not just timepieces but also fashion accessories.","“Japanese movement,” “carbon fiber bezel,” “French Gold Award for Design,” “fluororubber strap,” “high-quality Grade A luminescent coating,” “50m water resistance,” “Sapphire crystal,” “Interchangeable bezel and strap and crown"",""316L Stainless steel""",https://tsarbomba.com/products/tb8213?variant=43829917384960,https://cdn.shopify.com/s/files/1/0540/8145/4255/files/4_8c203a93-33c3-412b-971c-4d629aec0aeb.png?v=1750842367,USD,749.99,new,"Carbon Fiber Black","TSAR BOMBA WATCH Barrel Type",male,"Products source-US3-Men's Watch","Reactor Series",500~1000,44mm*52mm*13mm,"Carbon Fiber","https://cdn.shopify.com/s/files/1/0540/8145/4255/files/6_682fd2e7-e1b1-414f-bde2-e50eb1dd5df4.jpg?v=1725876671,https://cdn.shopify.com/s/files/1/0540/8145/4255/files/2_c26593b2-9ba1-4816-bd4d-ea9a3a43af8a.jpg?v=1721986113,https://cdn.shopify.com/s/files/1/0540/8145/4255/files/3_5270fafc-64af-4d53-94e3-2d2dfa8b876a.png?v=1750842367","General:Movement:Japanese movement.General:Case material:316L Stainless steel,Geneal:bezel material:Carben fiber,General:Crystal: Sapphire Crystal, General: Water Resistance:50m, General: Lume: A-Grade Luminous, General: Strap Material: Fluororubber,General:Case function:interchangeable strap and bezel and crown.","Apparel & Accessories > Jewelry > Watches",in_stock,Automatic,717020318335
113495,109230,Tsarbomba,45567587506,https://www.awin1.com/pclick.php?p=45567587506&a=3002879&m=109230,https://images2.productserve.com/?w=200&h=200&bg=white&trim=5&t=letterbox&url=ssl%3Acdn.shopify.com%2Fs%2Ffiles%2F1%2F0540%2F8145%2F4255%2Ffiles%2F8213SBL.png%3Fv%3D1735030259&feedId=113495&k=8b6cd0dea43697bb44b41fd1ac7a379bfc7c162a,https://images2.productserve.com/?w=70&h=70&bg=white&trim=5&t=letterbox&url=ssl%3Acdn.shopify.com%2Fs%2Ffiles%2F1%2F0540%2F8145%2F4255%2Ffiles%2F8213SBL.png%3Fv%3D1735030259&feedId=113495&k=8b6cd0dea43697bb44b41fd1ac7a379bfc7c162a,544,"Men's Watches",,"TSAR BOMBA WATCH","TB8213A-Silver blue",Watches,TB8213A-03,"TSARBOMBA REACTOR TB8213 Fashion Watch; features a Japanese automatic mechanical movement, a 316L stainless steel bezel and 316L stainless steel case offering exceptional corrosion resistance and durability, a French Gold Award-winning design, and interchangeable accessories; eco-friendly fluororubber strap; 10ATM water resistance; high-quality Grade A luminescent coating,","The TSARBOMBA TB8213C is a must-have fashion timepiece for every trendsetter. It is equipped with a reliable Miyota movement, a 316L stainless steel bezel, and a 316L stainless steel case, offering exceptional durability and corrosion resistance. It features interchangeable straps, bezels, and crowns; the fluororubber strap is gentle on the skin, hypoallergenic even with prolonged wear, odor-free, and eco-friendly; 10ATM water resistance; high-quality Grade A luminescent coating; TSARBOMBA watches are not just timepieces but also fashion accessories.","“Japanese movement,” “316L stainless steel bezel,” “French Gold Award for Design,” “fluororubber strap,” “high-quality Grade A luminescent coating,” “50m water resistance,” “trendy watch.” “Sapphire crystal,” “Interchangeable bezel and strap and crown""",https://tsarbomba.com/products/tb8213?variant=43829917417728,https://cdn.shopify.com/s/files/1/0540/8145/4255/files/8213SBL.png?v=1735030259,USD,649.99,new,"Silver Blue","TSAR BOMBA WATCH Barrel Type",male,"Products source-US3-Men's Watch","Reactor Series",500~1000,44mm*52mm*13mm,"316L Stainless Steel","https://cdn.shopify.com/s/files/1/0540/8145/4255/files/14_3f1f8f61-c0f8-449d-ac36-320e2a22d00d.jpg?v=1735030259,https://cdn.shopify.com/s/files/1/0540/8145/4255/files/5_ae2aad3d-d436-413e-ad91-bf239684452a.jpg?v=1735030259","General:Movement:Japanese movement.General:Case material:316L Stainless steel,Geneal:bezel material:316L Stainless steel,General:Crystal: Sapphire Crystal, General: Water Resistance:50m, General: Lume: A-Grade Luminous, General: Strap Material: Fluororubber,General:Case function:interchangeable strap and bezel and crown.","Apparel & Accessories > Jewelry > Watches",in_stock,Automatic,717020318359
113495,109230,Tsarbomba,45567587507,https://www.awin1.com/pclick.php?p=45567587507&a=3002879&m=109230,https://images2.productserve.com/?w=200&h=200&bg=white&trim=5&t=letterbox&url=ssl%3Acdn.shopify.com%2Fs%2Ffiles%2F1%2F0540%2F8145%2F4255%2Ffiles%2F8213SBK.png%3Fv%3D1735030259&feedId=113495&k=0331e9fe9779c984f450a2cfc5a65c97680741ea,https://images2.productserve.com/?w=70&h=70&bg=white&trim=5&t=letterbox&url=ssl%3Acdn.shopify.com%2Fs%2Ffiles%2F1%2F0540%2F8145%2F4255%2Ffiles%2F8213SBK.png%3Fv%3D1735030259&feedId=113495&k=0331e9fe9779c984f450a2cfc5a65c97680741ea,544,"Men's Watches",,"TSAR BOMBA WATCH","TB8213A-Silver Black",Watches,TB8213A-02,"TSARBOMBA REACTOR TB8213 Fashion Watch; features a Japanese automatic mechanical movement, a 316L stainless steel bezel and 316L stainless steel case offering exceptional corrosion resistance and durability, a French Gold Award-winning design, and interchangeable accessories; eco-friendly fluororubber strap; 10ATM water resistance; high-quality Grade A luminescent coating,","The TSARBOMBA TB8213C is a must-have fashion timepiece for every trendsetter. It is equipped with a reliable Miyota movement, a 316L stainless steel bezel, and a 316L stainless steel case, offering exceptional durability and corrosion resistance. It features interchangeable straps, bezels, and crowns; the fluororubber strap is gentle on the skin, hypoallergenic even with prolonged wear, odor-free, and eco-friendly; 10ATM water resistance; high-quality Grade A luminescent coating; TSARBOMBA watches are not just timepieces but also fashion accessories.","“Japanese movement,” “316L stainless steel bezel,” “French Gold Award for Design,” “fluororubber strap,” “high-quality Grade A luminescent coating,” “50m water resistance,” “trendy watch.” “Sapphire crystal,” “Interchangeable bezel and strap and crown""",https://tsarbomba.com/products/tb8213?variant=43829917450496,https://cdn.shopify.com/s/files/1/0540/8145/4255/files/8213SBK.png?v=1735030259,USD,649.99,new,"Silver Black","TSAR BOMBA WATCH Barrel Type",male,"Products source-US3-Men's Watch","Reactor Series",500~1000,44mm*52mm*13mm,"316L Stainless Steel","https://cdn.shopify.com/s/files/1/0540/8145/4255/files/10_042de8f5-7412-420a-ba1c-03e0bec892cd.jpg?v=1735030259,https://cdn.shopify.com/s/files/1/0540/8145/4255/files/16-1.jpg?v=1735030259","General:Movement:Japanese movement.General:Case material:316L Stainless steel,Geneal:bezel material:316L Stainless steel,General:Crystal: Sapphire Crystal, General: Water Resistance:50m, General: Lume: A-Grade Luminous, General: Strap Material: Fluororubber,General:Case function:interchangeable strap and bezel and crown.","Apparel & Accessories > Jewelry > Watches",in_stock,Automatic,717020318366
113495,109230,Tsarbomba,45567587508,https://www.awin1.com/pclick.php?p=45567587508&a=3002879&m=109230,https://images2.productserve.com/?w=200&h=200&bg=white&trim=5&t=letterbox&url=ssl%3Acdn.shopify.com%2Fs%2Ffiles%2F1%2F0540%2F8145%2F4255%2Ffiles%2F8213SO.png%3Fv%3D1725876622&feedId=113495&k=739b566cb7c23d3fb7301246a5ad4891ea6a1df5,https://images2.productserve.com/?w=70&h=70&bg=white&trim=5&t=letterbox&url=ssl%3Acdn.shopify.com%2Fs%2Ffiles%2F1%2F0540%2F8145%2F4255%2Ffiles%2F8213SO.png%3Fv%3D1725876622&feedId=113495&k=739b566cb7c23d3fb7301246a5ad4891ea6a1df5,544,"Men's Watches",,"TSAR BOMBA WATCH","TB8213A-Silver Orange",Watches,TB8213A-01,"TSARBOMBA REACTOR TB8213 Fashion Watch; features a Japanese automatic mechanical movement, a 316L stainless steel bezel and 316L stainless steel case offering exceptional corrosion resistance and durability, a French Gold Award-winning design, and interchangeable accessories; eco-friendly fluororubber strap; 10ATM water resistance; high-quality Grade A luminescent coating,","The TSARBOMBA TB8213C is a must-have fashion timepiece for every trendsetter. It is equipped with a reliable Miyota movement, a 316L stainless steel bezel, and a 316L stainless steel case, offering exceptional durability and corrosion resistance. It features interchangeable straps, bezels, and crowns; the fluororubber strap is gentle on the skin, hypoallergenic even with prolonged wear, odor-free, and eco-friendly; 10ATM water resistance; high-quality Grade A luminescent coating; TSARBOMBA watches are not just timepieces but also fashion accessories.","“Japanese movement,” “316L stainless steel bezel,” “French Gold Award for Design,” “fluororubber strap,” “high-quality Grade A luminescent coating,” “50m water resistance,” “trendy watch.” “Sapphire crystal,” “Interchangeable bezel and strap and crown""",https://tsarbomba.com/products/tb8213?variant=43829917516032,https://cdn.shopify.com/s/files/1/0540/8145/4255/files/8213SO.png?v=1725876622,USD,649.99,new,"Silver Orange","TSAR BOMBA WATCH Barrel Type",male,"Products source-US3-Men's Watch","Reactor Series",500~1000,44mm*52mm*13mm,"316L Stainless Steel","https://cdn.shopify.com/s/files/1/0540/8145/4255/files/8_68ab454d-3bfa-433e-88e9-92e4ff59f196.jpg?v=1725876780,https://cdn.shopify.com/s/files/1/0540/8145/4255/files/7_ed6541bb-23be-441a-a372-bcbe52c4c15a.jpg?v=1721986113,https://cdn.shopify.com/s/files/1/0540/8145/4255/files/20_1bf3924f-b71b-471e-9a49-a1feb54f305f.png?v=1757563350","General:Movement:Japanese movement.General:Case material:316L Stainless steel,Geneal:bezel material:316L Stainless steel,General:Crystal: Sapphire Crystal, General: Water Resistance:50m, General: Lume: A-Grade Luminous, General: Strap Material: Fluororubber,General:Case function:interchangeable strap and bezel and crown.","Apparel & Accessories > Jewelry > Watches",in_stock,Automatic,717020318397
113495,109230,Tsarbomba,45567587509,https://www.awin1.com/pclick.php?p=45567587509&a=3002879&m=109230,https://images2.productserve.com/?w=200&h=200&bg=white&trim=5&t=letterbox&url=ssl%3Acdn.shopify.com%2Fs%2Ffiles%2F1%2F0540%2F8145%2F4255%2Ffiles%2F8209A_6330bde5-307e-47c8-bf33-29dc9a76a6a9.png%3Fv%3D1762928187&feedId=113495&k=92317fa37288e2e5bf06b23908dd73078344d3d1,https://images2.productserve.com/?w=70&h=70&bg=white&trim=5&t=letterbox&url=ssl%3Acdn.shopify.com%2Fs%2Ffiles%2F1%2F0540%2F8145%2F4255%2Ffiles%2F8209A_6330bde5-307e-47c8-bf33-29dc9a76a6a9.png%3Fv%3D1762928187&feedId=113495&k=92317fa37288e2e5bf06b23908dd73078344d3d1,544,"Men's Watches",,"TSAR BOMBA WATCH","TB8209A-Gold black",Watches,TB8209A-01,"TSARBOMBA elemental TB8209A Men’s Fashion Watch—Features a MIYOTA automatic mechanical movement, a barrel-shaped case, and a 316L stainless steel bezel; eco-friendly high-tech silicone strap; 5ATM water resistance; and a luminescent sporty design that exudes youthful vitality.","TSARBOMBA Watches Elemental TB8209A; The 316L stainless steel case exudes a unique sense of strength; the skeletonized dial design showcases the intricate beauty of the MIYOTA mechanical movement. Equipped with a skin-friendly and eco-friendly silicone strap, 5ATM water resistance, and high-quality Grade A luminescent coating, it effortlessly handles any occasion, making it the ideal first mechanical watch for young people.","""Barrel-shaped automatic watch"", ""Japanese movement"", ""Ceramic case"", “Ceramic bezel"", ""Hollow dial"", ""Sapphire crystal"", ""50m water resistance"", ""A-grade lume"", ""Fluoro rubber strap"".",https://tsarbomba.com/products/tb8209a-us?variant=47302809616640,https://cdn.shopify.com/s/files/1/0540/8145/4255/files/8209A_6330bde5-307e-47c8-bf33-29dc9a76a6a9.png?v=1762928187,USD,459.99,new,"Gold black","TSAR BOMBA WATCH Barrel Type",male,"Products source-US3-Men's Watch","Elemental Series",500~1000,43mm*50.5mm*15.5mm,"316L stainless steel","https://cdn.shopify.com/s/files/1/0540/8145/4255/files/8209A-4.png?v=1762928187,https://cdn.shopify.com/s/files/1/0540/8145/4255/files/8209A-5.png?v=1762928187","General:Movement: Japanese Movement, General: Case Material: 316L Stainless Steel, General: Bezel Material: 316L Stainless Steel, General:Crystal: Sapphire Crystal, General: Water Resistance:50m, General: Lume: A-Grade Luminous, General: Strap Material: Fluoro Rubber.","Apparel & Accessories > Jewelry > Watches",in_stock,Automatic,762704078760
113495,109230,Tsarbomba,45567587510,https://www.awin1.com/pclick.php?p=45567587510&a=3002879&m=109230,https://images2.productserve.com/?w=200&h=200&bg=white&trim=5&t=letterbox&url=ssl%3Acdn.shopify.com%2Fs%2Ffiles%2F1%2F0540%2F8145%2F4255%2Ffiles%2F7_7a5fcb99-a9db-4cb5-857a-8ca25e6e786f.png%3Fv%3D1763607289&feedId=113495&k=ed94b4418ad4f77ff773c4d65e18f2b2b917fb55,https://images2.productserve.com/?w=70&h=70&bg=white&trim=5&t=letterbox&url=ssl%3Acdn.shopify.com%2Fs%2Ffiles%2F1%2F0540%2F8145%2F4255%2Ffiles%2F7_7a5fcb99-a9db-4cb5-857a-8ca25e6e786f.png%3Fv%3D1763607289&feedId=113495&k=ed94b4418ad4f77ff773c4d65e18f2b2b917fb55,544,"Men's Watches",,"TSAR BOMBA WATCH","TB8209A-silver red",Watches,TB8209A-02,"TSARBOMBA elemental TB8209A Men’s Fashion Watch—Features a MIYOTA automatic mechanical movement, a barrel-shaped case, and a 316L stainless steel bezel; eco-friendly high-tech silicone strap; 5ATM water resistance; and a luminescent sporty design that exudes youthful vitality.","TSARBOMBA Watches Elemental TB8209A; The 316L stainless steel case exudes a unique sense of strength; the skeletonized dial design showcases the intricate beauty of the MIYOTA mechanical movement. Equipped with a skin-friendly and eco-friendly silicone strap, 5ATM water resistance, and high-quality Grade A luminescent coating, it effortlessly handles any occasion, making it the ideal first mechanical watch for young people.","""Barrel-shaped automatic watch"", ""Japanese movement"", ""Ceramic case"", “Ceramic bezel"", ""Hollow dial"", ""Sapphire crystal"", ""50m water resistance"", ""A-grade lume"", ""Fluoro rubber strap"".",https://tsarbomba.com/products/tb8209a-us?variant=47302809649408,https://cdn.shopify.com/s/files/1/0540/8145/4255/files/7_7a5fcb99-a9db-4cb5-857a-8ca25e6e786f.png?v=1763607289,USD,459.99,new,"silver red","TSAR BOMBA WATCH Barrel Type",male,"Products source-US3-Men's Watch","Elemental Series",500~1000,43mm*50.5mm*15.5mm,"316L stainless steel",,"General:Movement: Japanese Movement, General: Case Material: 316L Stainless Steel, General: Bezel Material: 316L Stainless Steel, General:Crystal: Sapphire Crystal, General: Water Resistance:50m, General: Lume: A-Grade Luminous, General: Strap Material: Fluoro Rubber.","Apparel & Accessories > Jewelry > Watches",in_stock,Automatic,
113495,109230,Tsarbomba,45567587511,https://www.awin1.com/pclick.php?p=45567587511&a=3002879&m=109230,https://images2.productserve.com/?w=200&h=200&bg=white&trim=5&t=letterbox&url=ssl%3Acdn.shopify.com%2Fs%2Ffiles%2F1%2F0540%2F8145%2F4255%2Ffiles%2F6_229033c8-fc85-454e-b003-bf3633d6ac08.png%3Fv%3D1763607289&feedId=113495&k=bcace6c6b1b0d419cc442caed9ba87c2f28b694f,https://images2.productserve.com/?w=70&h=70&bg=white&trim=5&t=letterbox&url=ssl%3Acdn.shopify.com%2Fs%2Ffiles%2F1%2F0540%2F8145%2F4255%2Ffiles%2F6_229033c8-fc85-454e-b003-bf3633d6ac08.png%3Fv%3D1763607289&feedId=113495&k=bcace6c6b1b0d419cc442caed9ba87c2f28b694f,544,"Men's Watches",,"TSAR BOMBA WATCH","TB8209A-Silver orange",Watches,TB8209A-03,"TSARBOMBA elemental TB8209A Men’s Fashion Watch—Features a MIYOTA automatic mechanical movement, a barrel-shaped case, and a 316L stainless steel bezel; eco-friendly high-tech silicone strap; 5ATM water resistance; and a luminescent sporty design that exudes youthful vitality.","TSARBOMBA Watches Elemental TB8209A; The 316L stainless steel case exudes a unique sense of strength; the skeletonized dial design showcases the intricate beauty of the MIYOTA mechanical movement. Equipped with a skin-friendly and eco-friendly silicone strap, 5ATM water resistance, and high-quality Grade A luminescent coating, it effortlessly handles any occasion, making it the ideal first mechanical watch for young people.","""Barrel-shaped automatic watch"", ""Japanese movement"", ""Ceramic case"", “Ceramic bezel"", ""Hollow dial"", ""Sapphire crystal"", ""50m water resistance"", ""A-grade lume"", ""Fluoro rubber strap"".",https://tsarbomba.com/products/tb8209a-us?variant=47302889177344,https://cdn.shopify.com/s/files/1/0540/8145/4255/files/6_229033c8-fc85-454e-b003-bf3633d6ac08.png?v=1763607289,USD,459.99,new,"Silver orange","TSAR BOMBA WATCH Barrel Type",male,"Products source-US3-Men's Watch","Elemental Series",500~1000,43mm*50.5mm*15.5mm,"316L stainless steel",,"General:Movement: Japanese Movement, General: Case Material: 316L Stainless Steel, General: Bezel Material: 316L Stainless Steel, General:Crystal: Sapphire Crystal, General: Water Resistance:50m, General: Lume: A-Grade Luminous, General: Strap Material: Fluoro Rubber.","Apparel & Accessories > Jewelry > Watches",in_stock,Automatic,
113495,109230,Tsarbomba,45567587512,https://www.awin1.com/pclick.php?p=45567587512&a=3002879&m=109230,https://images2.productserve.com/?w=200&h=200&bg=white&trim=5&t=letterbox&url=ssl%3Acdn.shopify.com%2Fs%2Ffiles%2F1%2F0540%2F8145%2F4255%2Ffiles%2F5_f106e126-ee42-408c-bf48-3613e0b7af60.png%3Fv%3D1763607289&feedId=113495&k=1d700833909ceaa7c9c906204f01be477330f040,https://images2.productserve.com/?w=70&h=70&bg=white&trim=5&t=letterbox&url=ssl%3Acdn.shopify.com%2Fs%2Ffiles%2F1%2F0540%2F8145%2F4255%2Ffiles%2F5_f106e126-ee42-408c-bf48-3613e0b7af60.png%3Fv%3D1763607289&feedId=113495&k=1d700833909ceaa7c9c906204f01be477330f040,544,"Men's Watches",,"TSAR BOMBA WATCH","TB8209A-Silver yellow",Watches,TB8209A-04,"TSARBOMBA elemental TB8209A Men’s Fashion Watch—Features a MIYOTA automatic mechanical movement, a barrel-shaped case, and a 316L stainless steel bezel; eco-friendly high-tech silicone strap; 5ATM water resistance; and a luminescent sporty design that exudes youthful vitality.","TSARBOMBA Watches Elemental TB8209A; The 316L stainless steel case exudes a unique sense of strength; the skeletonized dial design showcases the intricate beauty of the MIYOTA mechanical movement. Equipped with a skin-friendly and eco-friendly silicone strap, 5ATM water resistance, and high-quality Grade A luminescent coating, it effortlessly handles any occasion, making it the ideal first mechanical watch for young people.","""Barrel-shaped automatic watch"", ""Japanese movement"", ""Ceramic case"", “Ceramic bezel"", ""Hollow dial"", ""Sapphire crystal"", ""50m water resistance"", ""A-grade lume"", ""Fluoro rubber strap"".",https://tsarbomba.com/products/tb8209a-us?variant=47302889210112,https://cdn.shopify.com/s/files/1/0540/8145/4255/files/5_f106e126-ee42-408c-bf48-3613e0b7af60.png?v=1763607289,USD,459.99,,"WHite yellow","TSAR BOMBA WATCH Barrel Type",male,"Products source-US3-Men's Watch","Elemental Series",500~1000,43mm*50.5mm*15.5mm,"316L stainless steel",,"General:Movement: Japanese Movement, General: Case Material: 316L Stainless Steel, General: Bezel Material: 316L Stainless Steel, General:Crystal: Sapphire Crystal, General: Water Resistance:50m, General: Lume: A-Grade Luminous, General: Strap Material: Fluoro Rubber.","Apparel & Accessories > Jewelry > Watches",in_stock,Automatic,
113495,109230,Tsarbomba,45567587513,https://www.awin1.com/pclick.php?p=45567587513&a=3002879&m=109230,https://images2.productserve.com/?w=200&h=200&bg=white&trim=5&t=letterbox&url=ssl%3Acdn.shopify.com%2Fs%2Ffiles%2F1%2F0540%2F8145%2F4255%2Ffiles%2F8209C_94809bec-e7c5-4219-955f-94614bd00aaf.png%3Fv%3D1727249064&feedId=113495&k=a7f0d24a063da02a90a27b91c9c891b1d5f8513b,https://images2.productserve.com/?w=70&h=70&bg=white&trim=5&t=letterbox&url=ssl%3Acdn.shopify.com%2Fs%2Ffiles%2F1%2F0540%2F8145%2F4255%2Ffiles%2F8209C_94809bec-e7c5-4219-955f-94614bd00aaf.png%3Fv%3D1727249064&feedId=113495&k=a7f0d24a063da02a90a27b91c9c891b1d5f8513b,544,"Men's Watches",,"TSAR BOMBA WATCH","TB8209C-White black",Watches,TB8209C-03,"TSARBOMBA elemental TB8209C Men’s Fashion Watch; features a Miyota movement paired with a ceramic bezel and a 316L stainless steel case, combining durability with lightweight construction, and an eco-friendly silicone strap; 5ATM water resistance; a luminescent sporty design that highlights youthful vitality.","The TSARBOMBA TB8209C is a must-have fashion watch for every trendsetter. Equipped with a reliable Miyota movement, a ceramic bezel, and a 316L stainless steel case, it reduces the overall weight without compromising durability. The silicone strap is gentle on the skin, hypoallergenic even with prolonged wear, odor-free, and eco-friendly. It is 5ATM water-resistant and features a luminescent sporty design that exudes youthful vitality.","“Miyota movement,” “lightweight ceramic bezel,” “tonneau watch,” “silicone strap,” “high-quality Grade A luminescent coating,” “50m water resistance,” “trendy watch,” “mechanical movement”",https://tsarbomba.com/products/tb8209c-us?variant=47303037288704,https://cdn.shopify.com/s/files/1/0540/8145/4255/files/8209C_94809bec-e7c5-4219-955f-94614bd00aaf.png?v=1727249064,USD,649.99,new,Black,"TSAR BOMBA WATCH Barrel Type",male,"Products source-US3-Men's Watch","Elemental Series",500~1000,43mm*50.5mm*15.5mm,Ceramic,"https://cdn.shopify.com/s/files/1/0540/8145/4255/files/2_f77c0702-8f7c-4ac3-a798-ac7488d90e1a.jpg?v=1724725275,https://cdn.shopify.com/s/files/1/0540/8145/4255/files/6_0c328a68-ca6b-4c73-939b-019edd1ea90a.jpg?v=1724725275","General:Movement: Japanese Movement, General: Case Material: Ceramic, General: Bezel Material: Ceramic, General:Crystal: Sapphire Crystal, General: Water Resistance:50m, General: Lume: A-Grade Luminous, General: Strap Material: Fluoro Rubber.","Apparel & Accessories > Jewelry > Watches",in_stock,Automatic,762704078777
113495,109230,Tsarbomba,45567587514,https://www.awin1.com/pclick.php?p=45567587514&a=3002879&m=109230,https://images2.productserve.com/?w=200&h=200&bg=white&trim=5&t=letterbox&url=ssl%3Acdn.shopify.com%2Fs%2Ffiles%2F1%2F0540%2F8145%2F4255%2Ffiles%2F8209C_97f25825-8bdb-4743-8ce7-820649f0b833.png%3Fv%3D1727249064&feedId=113495&k=332ce809e79d13ac85aa3d0238df11c61ff4c632,https://images2.productserve.com/?w=70&h=70&bg=white&trim=5&t=letterbox&url=ssl%3Acdn.shopify.com%2Fs%2Ffiles%2F1%2F0540%2F8145%2F4255%2Ffiles%2F8209C_97f25825-8bdb-4743-8ce7-820649f0b833.png%3Fv%3D1727249064&feedId=113495&k=332ce809e79d13ac85aa3d0238df11c61ff4c632,544,"Men's Watches",,"TSAR BOMBA WATCH","TB8209C-White red",Watches,TB8209C-01,"TSARBOMBA elemental TB8209C Men’s Fashion Watch; features a Miyota movement paired with a ceramic bezel and a 316L stainless steel case, combining durability with lightweight construction, and an eco-friendly silicone strap; 5ATM water resistance; a luminescent sporty design that highlights youthful vitality.","The TSARBOMBA TB8209C is a must-have fashion watch for every trendsetter. Equipped with a reliable Miyota movement, a ceramic bezel, and a 316L stainless steel case, it reduces the overall weight without compromising durability. The silicone strap is gentle on the skin, hypoallergenic even with prolonged wear, odor-free, and eco-friendly. It is 5ATM water-resistant and features a luminescent sporty design that exudes youthful vitality.","“Miyota movement,” “lightweight ceramic bezel,” “tonneau watch,” “silicone strap,” “high-quality Grade A luminescent coating,” “50m water resistance,” “trendy watch,” “mechanical movement”",https://tsarbomba.com/products/tb8209c-us?variant=47303037354240,https://cdn.shopify.com/s/files/1/0540/8145/4255/files/8209C_97f25825-8bdb-4743-8ce7-820649f0b833.png?v=1727249064,USD,649.99,new,Red,"TSAR BOMBA WATCH Barrel Type",male,"Products source-US3-Men's Watch","Elemental Series",500~1000,43mm*50.5mm*15.5mm,Ceramic,"https://cdn.shopify.com/s/files/1/0540/8145/4255/files/3_4100eb8d-47b0-43f1-9e39-cc0ca8f8d2f2.jpg?v=1724725275,https://cdn.shopify.com/s/files/1/0540/8145/4255/files/10_03189c7b-7317-449b-8129-53568099a6f9.jpg?v=1724725275","General:Movement: Japanese Movement, General: Case Material: Ceramic, General: Bezel Material: Ceramic, General:Crystal: Sapphire Crystal, General: Water Resistance:50m, General: Lume: A-Grade Luminous, General: Strap Material: Fluoro Rubber.","Apparel & Accessories > Jewelry > Watches",in_stock,Automatic,762704078784
113495,109230,Tsarbomba,45567587515,https://www.awin1.com/pclick.php?p=45567587515&a=3002879&m=109230,https://images2.productserve.com/?w=200&h=200&bg=white&trim=5&t=letterbox&url=ssl%3Acdn.shopify.com%2Fs%2Ffiles%2F1%2F0540%2F8145%2F4255%2Ffiles%2F11_0d6f1d88-8dae-4a39-9f4e-c4b4a0fe9835.png%3Fv%3D1728895416&feedId=113495&k=748ae131c4cae7275d227b036081ac4598c56d9a,https://images2.productserve.com/?w=70&h=70&bg=white&trim=5&t=letterbox&url=ssl%3Acdn.shopify.com%2Fs%2Ffiles%2F1%2F0540%2F8145%2F4255%2Ffiles%2F11_0d6f1d88-8dae-4a39-9f4e-c4b4a0fe9835.png%3Fv%3D1728895416&feedId=113495&k=748ae131c4cae7275d227b036081ac4598c56d9a,544,"Men's Watches",,"TSAR BOMBA WATCH",TB8214D-Black,Watches,8214D-Black,"TSARBOMBA Atomic TB8214-Cubic Zirconia bezle and black strap Men’s Fashion Watch, tonneau-style, with a zirconia bezel and interchangeable accessories, 316L stainless steel case, 10ATM water resistance, premium Grade A luminescent coating, and sapphire crystal—truly stunning","The TSARBOMBA TB8214D Men’s Fashion Watch features a Seiko quartz movement for precise timekeeping and low maintenance costs, a zirconia bezel and interchangeable accessories, an eco-friendly fluororubber strap, 10ATM water resistance, and a premium Grade A luminescent coating. With its interchangeable strap, bezel, and crown. Instead of buying multiple watches, why not own one that lets you switch up your style? Sapphire crystal glass, truly stunning.","“Zirconia bezel” “Eco-friendly fluororubber strap” “Interchangeable strap” “Interchangeable bezel” “Interchangeable crown” “10 ATM water resistance” “Grade A luminescent coating” “Trendy watch” “Design your watch”",https://tsarbomba.com/products/tb8214w?variant=44058703823104,https://cdn.shopify.com/s/files/1/0540/8145/4255/files/11_0d6f1d88-8dae-4a39-9f4e-c4b4a0fe9835.png?v=1728895416,USD,630.99,new,Black,"TSAR BOMBA WATCH Barrel Type",male,"Products source-US3-Men's Watch","Atomic Series",500~1000,45mm*50.4mm*13.55mm,"Cubic Zirconium","https://cdn.shopify.com/s/files/1/0540/8145/4255/files/D-Black_3fe0421b-493a-4dba-a09c-074074afb013.png?v=1760600538,https://cdn.shopify.com/s/files/1/0540/8145/4255/files/D-Black_642c14b1-26fc-4075-8407-08276882b649.png?v=1760600538","General:Movement: Japanese Movement, General: Case Material: Stainless Steel, General: Bezel Material: Cubic Zirconium, General:Crystal: Sapphire Crystal, General: Water Resistance:100m, General: Lume: A-Grade Luminous, General: Strap Material: Fluoro Rubber.","Apparel & Accessories > Jewelry > Watches",in_stock,Quartz,717020317994
113495,109230,Tsarbomba,45567587516,https://www.awin1.com/pclick.php?p=45567587516&a=3002879&m=109230,https://images2.productserve.com/?w=200&h=200&bg=white&trim=5&t=letterbox&url=ssl%3Acdn.shopify.com%2Fs%2Ffiles%2F1%2F0540%2F8145%2F4255%2Ffiles%2F12_ae978c0e-f50b-4b83-a557-b167a0c81a33.png%3Fv%3D1728895417&feedId=113495&k=4d43da4c5ed867bd262febe3697a91e58c503ad6,https://images2.productserve.com/?w=70&h=70&bg=white&trim=5&t=letterbox&url=ssl%3Acdn.shopify.com%2Fs%2Ffiles%2F1%2F0540%2F8145%2F4255%2Ffiles%2F12_ae978c0e-f50b-4b83-a557-b167a0c81a33.png%3Fv%3D1728895417&feedId=113495&k=4d43da4c5ed867bd262febe3697a91e58c503ad6,544,"Men's Watches",,"TSAR BOMBA WATCH",TB8214D-Red,Watches,8214D-Red,"TSARBOMBA Atomic TB8214D-Cubic Zirconia bezle and red strap,Men’s Fashion Watch, tonneau-style, with a zirconia bezel and interchangeable accessories, 316L stainless steel case, 10ATM water resistance, premium Grade A luminescent coating, and sapphire crystal—truly stunning","The TSARBOMBA TB8214D-Cubic Zirconia bezel and black strap, Men’s Fashion Watch features a Seiko quartz movement for precise timekeeping and low maintenance costs, a zirconia bezel and interchangeable accessories, an eco-friendly fluororubber strap, 10ATM water resistance, and a premium Grade A luminescent coating. With its interchangeable strap, bezel, and crown. Instead of buying multiple watches, why not own one that lets you switch up your style? Sapphire crystal glass, truly stunning.","“Zirconia bezel” “Eco-friendly fluororubber strap” “Interchangeable strap” “Interchangeable bezel” “Interchangeable crown” “10 ATM water resistance” “Grade A luminescent coating” “Trendy watch” “Design your watch”",https://tsarbomba.com/products/tb8214w?variant=44058703855872,https://cdn.shopify.com/s/files/1/0540/8145/4255/files/12_ae978c0e-f50b-4b83-a557-b167a0c81a33.png?v=1728895417,USD,630.99,new,Red,"TSAR BOMBA WATCH Barrel Type",male,"Products source-US3-Men's Watch","Atomic Series",500~1000,45mm*50.4mm*13.55mm,"Cubic Zirconium","https://cdn.shopify.com/s/files/1/0540/8145/4255/files/D-Red.png?v=1760600538,https://cdn.shopify.com/s/files/1/0540/8145/4255/files/D-Red_f9727fe7-531e-4385-ab9a-a8031ad4905e.png?v=1760600538","General:Movement: Japanese Movement, General: Case Material: Stainless Steel, General: Bezel Material: Cubic Zirconium, General:Crystal: Sapphire Crystal, General: Water Resistance:100m, General: Lume: A-Grade Luminous, General: Strap Material: Fluoro Rubber.","Apparel & Accessories > Jewelry > Watches",in_stock,Quartz,717020318007
113495,109230,Tsarbomba,45567587517,https://www.awin1.com/pclick.php?p=45567587517&a=3002879&m=109230,https://images2.productserve.com/?w=200&h=200&bg=white&trim=5&t=letterbox&url=ssl%3Acdn.shopify.com%2Fs%2Ffiles%2F1%2F0540%2F8145%2F4255%2Ffiles%2F13_538acfb8-5feb-431e-93d6-52568d3bbea7.png%3Fv%3D1728895417&feedId=113495&k=8e553639f59e012d2a84e3a570e1e2bf41eeaa63,https://images2.productserve.com/?w=70&h=70&bg=white&trim=5&t=letterbox&url=ssl%3Acdn.shopify.com%2Fs%2Ffiles%2F1%2F0540%2F8145%2F4255%2Ffiles%2F13_538acfb8-5feb-431e-93d6-52568d3bbea7.png%3Fv%3D1728895417&feedId=113495&k=8e553639f59e012d2a84e3a570e1e2bf41eeaa63,544,"Men's Watches",,"TSAR BOMBA WATCH",TB8214D-White,Watches,8214D-White,"TSARBOMBA Atomic TB8214D-Cubic Zirconia bezle and white strap Men’s Fashion Watch, tonneau-style, with a zirconia bezel and interchangeable accessories, 316L stainless steel case, 10ATM water resistance, premium Grade A luminescent coating, and sapphire crystal—truly stunning","The TSARBOMBA TB8214D-Cubic Zirconia bezel and white strap.; Men’s Fashion Watch features a Seiko quartz movement for precise timekeeping and low maintenance costs, a zirconia bezel and interchangeable accessories, an eco-friendly fluororubber strap, 10ATM water resistance, and a premium Grade A luminescent coating. With its interchangeable strap, bezel, and crown. Instead of buying multiple watches, why not own one that lets you switch up your style? Sapphire crystal glass, truly stunning.","“Zirconia bezel” “Eco-friendly fluororubber strap” “Interchangeable strap” “Interchangeable bezel” “Interchangeable crown” “10 ATM water resistance” “Grade A luminescent coating” “Trendy watch” “Design your watch”",https://tsarbomba.com/products/tb8214w?variant=44058703888640,https://cdn.shopify.com/s/files/1/0540/8145/4255/files/13_538acfb8-5feb-431e-93d6-52568d3bbea7.png?v=1728895417,USD,630.99,new,White,"TSAR BOMBA WATCH Barrel Type",male,"Products source-US3-Men's Watch","Atomic Series",500~1000,45mm*50.4mm*13.55mm,"Cubic Zirconium",https://cdn.shopify.com/s/files/1/0540/8145/4255/files/D-White2_14973f3e-531c-401c-8c81-d742806165eb.png?v=1760600538,"General:Movement: Japanese Movement, General: Case Material: Stainless Steel, General: Bezel Material: Cubic Zirconium, General:Crystal: Sapphire Crystal, General: Water Resistance:100m, General: Lume: A-Grade Luminous, General: Strap Material: Fluoro Rubber.","Apparel & Accessories > Jewelry > Watches",in_stock,Quartz,717020318021
113495,109230,Tsarbomba,45567587518,https://www.awin1.com/pclick.php?p=45567587518&a=3002879&m=109230,https://images2.productserve.com/?w=200&h=200&bg=white&trim=5&t=letterbox&url=ssl%3Acdn.shopify.com%2Fs%2Ffiles%2F1%2F0540%2F8145%2F4255%2Ffiles%2F8210CF.png%3Fv%3D1724724279&feedId=113495&k=36cdc3c2e62a305483fade34dc9301998cd5089a,https://images2.productserve.com/?w=70&h=70&bg=white&trim=5&t=letterbox&url=ssl%3Acdn.shopify.com%2Fs%2Ffiles%2F1%2F0540%2F8145%2F4255%2Ffiles%2F8210CF.png%3Fv%3D1724724279&feedId=113495&k=36cdc3c2e62a305483fade34dc9301998cd5089a,544,"Men's Watches",,"TSAR BOMBA WATCH",TB8210CF-02,Watches,TB8210CF-02,"TSARBOMBA elemental TB8210CF Men’s Fashion Watch—Espon automatic mechanical movement, tonneau watches, ultra-lightweight carbon fiber bezel; eco-friendly fluororubber interchangeable strap; 5ATM water resistance; luminescent sporty design, embodying youthful style.","The TSARBOMBA TB8210 is an automatic mechanical watch designed for trendsetters. Equipped with an Espon mechanical movement featuring a power reserve indicator, its carbon fiber bezel and interchangeable fluororubber strap exude unique charm. With a 5ATM water resistance rating and high-quality Grade A luminescent coating, it effortlessly adapts to any occasion, making it the perfect first mechanical watch for young people","“Espon Movement”,“Carbon Fiber Bezel”,“Eco-Friendly Fluororubber Strap”, “Interchangeable Strap”,“5ATM Water Resistance”,“Grade A Luminous Coating”,“Trendy Watch”,“One Watch, Multiple Styles”",https://tsarbomba.com/products/tb8210cf?variant=43043595092224,https://cdn.shopify.com/s/files/1/0540/8145/4255/files/8210CF.png?v=1724724279,USD,599.99,new,"Elite White","TSAR BOMBA WATCH Barrel Type",male,"Products source-US3-Men's Watch","Elemental Series",500~1000,45.5mm*51.5mm*15mm,"Carbon Fiber","https://cdn.shopify.com/s/files/1/0540/8145/4255/files/8210CF.jpg?v=1724724936,https://cdn.shopify.com/s/files/1/0540/8145/4255/files/1_3a7c9755-3d4b-46ff-be7a-0b0e27099e9d.jpg?v=1724724936","General:Movement: Japanese Movement, General: Case Material: 316L Stainless Steel, General: Bezel Material: Carbon Fiber, General:Crystal: Sapphire Crystal, General: Water Resistance:50m, General: Lume: A-Grade Luminous, General: Strap Material: Fluoro Rubber.","Apparel & Accessories > Jewelry > Watches",in_stock,Automatic,762704078012
113495,109230,Tsarbomba,45567587519,https://www.awin1.com/pclick.php?p=45567587519&a=3002879&m=109230,https://images2.productserve.com/?w=200&h=200&bg=white&trim=5&t=letterbox&url=ssl%3Acdn.shopify.com%2Fs%2Ffiles%2F1%2F0540%2F8145%2F4255%2Ffiles%2Fcf.png%3Fv%3D1730514330&feedId=113495&k=b6a0f39a449a2f5cdcdcb3dc11fc199db9a47697,https://images2.productserve.com/?w=70&h=70&bg=white&trim=5&t=letterbox&url=ssl%3Acdn.shopify.com%2Fs%2Ffiles%2F1%2F0540%2F8145%2F4255%2Ffiles%2Fcf.png%3Fv%3D1730514330&feedId=113495&k=b6a0f39a449a2f5cdcdcb3dc11fc199db9a47697,544,"Men's Watches",,"TSAR BOMBA WATCH",TB8210CF-01,Watches,TB8210CF-01,"TSARBOMBA elemental TB8210CF Men’s Fashion Watch—Espon automatic mechanical movement, tonneau watches, ultra-lightweight carbon fiber bezel; eco-friendly fluororubber interchangeable strap; 5ATM water resistance; luminescent sporty design, embodying youthful style.","The TSARBOMBA TB8210 is an automatic mechanical watch designed for trendsetters. Equipped with an Espon mechanical movement featuring a power reserve indicator, its carbon fiber bezel and interchangeable fluororubber strap exude unique charm. With a 5ATM water resistance rating and high-quality Grade A luminescent coating, it effortlessly adapts to any occasion, making it the perfect first mechanical watch for young people","“Espon Movement”,“Carbon Fiber Bezel”,“Eco-Friendly Fluororubber Strap”, “Interchangeable Strap”,“5ATM Water Resistance”,“Grade A Luminous Coating”,“Trendy Watch”,“One Watch, Multiple Styles”",https://tsarbomba.com/products/tb8210cf?variant=47046602686720,https://cdn.shopify.com/s/files/1/0540/8145/4255/files/cf.png?v=1730514330,USD,599.99,new,"Cool Black","TSAR BOMBA WATCH Barrel Type",male,"Products source-US3-Men's Watch","Elemental Series",500~1000,45.5mm*51.5mm*15mm,"Carbon Fiber","https://cdn.shopify.com/s/files/1/0540/8145/4255/files/8210CF_2.jpg?v=1724724936,https://cdn.shopify.com/s/files/1/0540/8145/4255/files/2_167d4853-db7f-47f4-b22a-4f402d00e186.jpg?v=1724724936","General:Movement: Japanese Movement, General: Case Material: 316L Stainless Steel, General: Bezel Material: Carbon Fiber, General:Crystal: Sapphire Crystal, General: Water Resistance:50m, General: Lume: A-Grade Luminous, General: Strap Material: Fluoro Rubber.","Apparel & Accessories > Jewelry > Watches",in_stock,Automatic,762704078005
113495,109230,Tsarbomba,45567587520,https://www.awin1.com/pclick.php?p=45567587520&a=3002879&m=109230,https://images2.productserve.com/?w=200&h=200&bg=white&trim=5&t=letterbox&url=ssl%3Acdn.shopify.com%2Fs%2Ffiles%2F1%2F0540%2F8145%2F4255%2Ffiles%2Fcf_809fd89d-f470-4954-bd88-9b49b8a4693b.png%3Fv%3D1730514330&feedId=113495&k=76d5e6c71171f2ef411f89f7e1b59cb2abc4c449,https://images2.productserve.com/?w=70&h=70&bg=white&trim=5&t=letterbox&url=ssl%3Acdn.shopify.com%2Fs%2Ffiles%2F1%2F0540%2F8145%2F4255%2Ffiles%2Fcf_809fd89d-f470-4954-bd88-9b49b8a4693b.png%3Fv%3D1730514330&feedId=113495&k=76d5e6c71171f2ef411f89f7e1b59cb2abc4c449,544,"Men's Watches",,"TSAR BOMBA WATCH",TB8210CF-03,Watches,TB8210CF-03,"TSARBOMBA elemental TB8210CF Men’s Fashion Watch—Espon automatic mechanical movement, tonneau watches, ultra-lightweight carbon fiber bezel; eco-friendly fluororubber interchangeable strap; 5ATM water resistance; luminescent sporty design, embodying youthful style.","The TSARBOMBA TB8210 is an automatic mechanical watch designed for trendsetters. Equipped with an Espon mechanical movement featuring a power reserve indicator, its carbon fiber bezel and interchangeable fluororubber strap exude unique charm. With a 5ATM water resistance rating and high-quality Grade A luminescent coating, it effortlessly adapts to any occasion, making it the perfect first mechanical watch for young people","“Espon Movement”,“Carbon Fiber Bezel”,“Eco-Friendly Fluororubber Strap”, “Interchangeable Strap”,“5ATM Water Resistance”,“Grade A Luminous Coating”,“Trendy Watch”,“One Watch, Multiple Styles”",https://tsarbomba.com/products/tb8210cf?variant=43043595124992,https://cdn.shopify.com/s/files/1/0540/8145/4255/files/cf_809fd89d-f470-4954-bd88-9b49b8a4693b.png?v=1730514330,USD,599.99,new,"Passion Red","TSAR BOMBA WATCH Barrel Type",male,"Products source-US3-Men's Watch","Elemental Series",500~1000,45.5mm*51.5mm*15mm,"Carbon Fiber","https://cdn.shopify.com/s/files/1/0540/8145/4255/files/6_8ff84ea6-f1b0-4aaf-89b6-2eaf71107f3f.jpg?v=1724724936,https://cdn.shopify.com/s/files/1/0540/8145/4255/files/8_de715159-2edd-4e83-94e9-d201928ee26f.jpg?v=1724724936","General:Movement: Japanese Movement, General: Case Material: 316L Stainless Steel, General: Bezel Material: Carbon Fiber, General:Crystal: Sapphire Crystal, General: Water Resistance:50m, General: Lume: A-Grade Luminous, General: Strap Material: Fluoro Rubber.","Apparel & Accessories > Jewelry > Watches",in_stock,Automatic,762704078029
113495,109230,Tsarbomba,45567587521,https://www.awin1.com/pclick.php?p=45567587521&a=3002879&m=109230,https://images2.productserve.com/?w=200&h=200&bg=white&trim=5&t=letterbox&url=ssl%3Acdn.shopify.com%2Fs%2Ffiles%2F1%2F0540%2F8145%2F4255%2Ffiles%2FTSARBOMBA-elemental-TB8210A-watches-silver_black-1_2.webp%3Fv%3D1785397043%2C&feedId=113495&k=57edba1bbebf390a07d868e2d1e14d4861b95f3a,https://images2.productserve.com/?w=70&h=70&bg=white&trim=5&t=letterbox&url=ssl%3Acdn.shopify.com%2Fs%2Ffiles%2F1%2F0540%2F8145%2F4255%2Ffiles%2FTSARBOMBA-elemental-TB8210A-watches-silver_black-1_2.webp%3Fv%3D1785397043%2C&feedId=113495&k=57edba1bbebf390a07d868e2d1e14d4861b95f3a,544,"Men's Watches",,"TSAR BOMBA WATCH",TB8210A-01,Watches,TB8210A-01,"TSARBOMBA elemental TB8210CF Men’s Fashion Watch—featuring an Espon automatic mechanical movement, tonneau-style case, 316L stainless steel construction, eco-friendly fluororubber interchangeable strap, 5ATM water resistance, and a luminescent sporty design that embodies youthful style.","The TSARBOMBA watches TB8210A is an automatic mechanical watch designed for trendsetters. Equipped with an Espon mechanical movement featuring a power reserve indicator, its 316L stainless steel construction and interchangeable fluororubber strap exude a unique sense of strength. With a 5ATM water resistance rating and high-quality Grade A luminescent coating, it effortlessly handles any occasion, making it the perfect first mechanical watch for young people","“Espon movement,” “316L stainless steel,” “eco-friendly fluororubber strap,” “interchangeable strap,” “5ATM water resistance,” “Grade A luminescent coating,” “trendy watch,” “one watch, multiple styles”",https://tsarbomba.com/products/tb8210a-us?variant=47275349803264,"https://cdn.shopify.com/s/files/1/0540/8145/4255/files/TSARBOMBA-elemental-TB8210A-watches-silver_black-1_2.webp?v=1785397043,",USD,499.99,new,"Silver Black","TSAR BOMBA WATCH Barrel Type",male,"Products source-US3-Men's Watch","Elemental Series",500~1000,45.5mm*51.5mm*15mm,"316L Stainless steel","https://cdn.shopify.com/s/files/1/0540/8145/4255/files/TSARBOMBA-elemental-TB8210A-watches-silver_black-1_1.webp?v=1785397043,https://cdn.shopify.com/s/files/1/0540/8145/4255/files/TSARBOMBA-elemental-TB8210A-watches-silver_black-1_2.webp?v=1785397043","General:Movement: Japanese Movement, General: Case Material: 316L Stainless Steel, General: Bezel Material: 316L stainless steel, General:Crystal: Sapphire Crystal, General: Water Resistance:50m, General: Lume: A-Grade Luminous, General: Strap Material: Fluoro Rubber.","Apparel & Accessories > Jewelry > Watches",in_stock,Automatic,
113495,109230,Tsarbomba,45567587522,https://www.awin1.com/pclick.php?p=45567587522&a=3002879&m=109230,https://images2.productserve.com/?w=200&h=200&bg=white&trim=5&t=letterbox&url=ssl%3Acdn.shopify.com%2Fs%2Ffiles%2F1%2F0540%2F8145%2F4255%2Ffiles%2FTSARBOMBA-elemental-TB821A-watches-gold_black_1.webp%3Fv%3D1785397043%2C&feedId=113495&k=c2813e65fc279edeb49474e8122d69d882d36c4e,https://images2.productserve.com/?w=70&h=70&bg=white&trim=5&t=letterbox&url=ssl%3Acdn.shopify.com%2Fs%2Ffiles%2F1%2F0540%2F8145%2F4255%2Ffiles%2FTSARBOMBA-elemental-TB821A-watches-gold_black_1.webp%3Fv%3D1785397043%2C&feedId=113495&k=c2813e65fc279edeb49474e8122d69d882d36c4e,544,"Men's Watches",,"TSAR BOMBA WATCH",TB8210A-02,Watches,TB8210A-02,"TSARBOMBA elemental TB8210CF Men’s Fashion Watch—featuring an Espon automatic mechanical movement, tonneau-style case, 316L stainless steel construction, eco-friendly fluororubber interchangeable strap, 5ATM water resistance, and a luminescent sporty design that embodies youthful style.","The TSARBOMBA watches TB8210A is an automatic mechanical watch designed for trendsetters. Equipped with an Espon mechanical movement featuring a power reserve indicator, its 316L stainless steel construction and interchangeable fluororubber strap exude a unique sense of strength. With a 5ATM water resistance rating and high-quality Grade A luminescent coating, it effortlessly handles any occasion, making it the perfect first mechanical watch for young people","“Espon movement,” “316L stainless steel,” “eco-friendly fluororubber strap,” “interchangeable strap,” “5ATM water resistance,” “Grade A luminescent coating,” “trendy watch,” “one watch, multiple styles”",https://tsarbomba.com/products/tb8210a-us?variant=47275349836032,"https://cdn.shopify.com/s/files/1/0540/8145/4255/files/TSARBOMBA-elemental-TB821A-watches-gold_black_1.webp?v=1785397043,",USD,499.99,new,"Gold Black","TSAR BOMBA WATCH Barrel Type",male,"Products source-US3-Men's Watch","Elemental Series",500~1000,45.5mm*51.5mm*15mm,"316L Stainless steel","https://cdn.shopify.com/s/files/1/0540/8145/4255/files/TSARBOMBA-elemental-TB821A-watches-gold_black_2.webp?v=1785397043,https://cdn.shopify.com/s/files/1/0540/8145/4255/files/TSARBOMBA-elemental-TB821A-watches-gold_black_1.webp?v=1785397043","General:Movement: Japanese Movement, General: Case Material: 316L Stainless Steel, General: Bezel Material: 316L stainless steel, General:Crystal: Sapphire Crystal, General: Water Resistance:50m, General: Lume: A-Grade Luminous, General: Strap Material: Fluoro Rubber.","Apparel & Accessories > Jewelry > Watches",in_stock,Automatic,
113495,109230,Tsarbomba,45567587523,https://www.awin1.com/pclick.php?p=45567587523&a=3002879&m=109230,https://images2.productserve.com/?w=200&h=200&bg=white&trim=5&t=letterbox&url=ssl%3Acdn.shopify.com%2Fs%2Ffiles%2F1%2F0540%2F8145%2F4255%2Ffiles%2FTSARBOMBA-elemental-TB8210A-watches-black_1.webp%3Fv%3D1785397043%2C&feedId=113495&k=183a447e4f158a39a4d897fa622f3f94e6a04f74,https://images2.productserve.com/?w=70&h=70&bg=white&trim=5&t=letterbox&url=ssl%3Acdn.shopify.com%2Fs%2Ffiles%2F1%2F0540%2F8145%2F4255%2Ffiles%2FTSARBOMBA-elemental-TB8210A-watches-black_1.webp%3Fv%3D1785397043%2C&feedId=113495&k=183a447e4f158a39a4d897fa622f3f94e6a04f74,544,"Men's Watches",,"TSAR BOMBA WATCH",TB8210A-03,Watches,TB8210A-03,"TSARBOMBA elemental TB8210CF Men’s Fashion Watch—featuring an Espon automatic mechanical movement, tonneau-style case, 316L stainless steel construction, eco-friendly fluororubber interchangeable strap, 5ATM water resistance, and a luminescent sporty design that embodies youthful style.","The TSARBOMBA watches TB8210A is an automatic mechanical watch designed for trendsetters. Equipped with an Espon mechanical movement featuring a power reserve indicator, its 316L stainless steel construction and interchangeable fluororubber strap exude a unique sense of strength. With a 5ATM water resistance rating and high-quality Grade A luminescent coating, it effortlessly handles any occasion, making it the perfect first mechanical watch for young people","“Espon movement,” “316L stainless steel,” “eco-friendly fluororubber strap,” “interchangeable strap,” “5ATM water resistance,” “Grade A luminescent coating,” “trendy watch,” “one watch, multiple styles”",https://tsarbomba.com/products/tb8210a-us?variant=47275349868800,"https://cdn.shopify.com/s/files/1/0540/8145/4255/files/TSARBOMBA-elemental-TB8210A-watches-black_1.webp?v=1785397043,",USD,499.99,new,Black,"TSAR BOMBA WATCH Barrel Type",male,"Products source-US3-Men's Watch","Elemental Series",500~1000,45.5mm*51.5mm*15mm,"316L Stainless steel","https://cdn.shopify.com/s/files/1/0540/8145/4255/files/TSARBOMBA-elemental-TB8210A-watches-black_2.webp?v=1785397042,https://cdn.shopify.com/s/files/1/0540/8145/4255/files/TSARBOMBA-elemental-TB8210A-watches-black_1.webp?v=1785397043","General:Movement: Japanese Movement, General: Case Material: 316L Stainless Steel, General: Bezel Material: 316L stainless steel, General:Crystal: Sapphire Crystal, General: Water Resistance:50m, General: Lume: A-Grade Luminous, General: Strap Material: Fluoro Rubber.","Apparel & Accessories > Jewelry > Watches",in_stock,Automatic,
113495,109230,Tsarbomba,45567587524,https://www.awin1.com/pclick.php?p=45567587524&a=3002879&m=109230,https://images2.productserve.com/?w=200&h=200&bg=white&trim=5&t=letterbox&url=ssl%3Acdn.shopify.com%2Fs%2Ffiles%2F1%2F0540%2F8145%2F4255%2Ffiles%2FTSARBOMBA-elemental-TB8210A-watches-orange-black_3.webp%3Fv%3D1785397043&feedId=113495&k=ac18c02b8818cf1f6e3340a5ab9331324b4979bd,https://images2.productserve.com/?w=70&h=70&bg=white&trim=5&t=letterbox&url=ssl%3Acdn.shopify.com%2Fs%2Ffiles%2F1%2F0540%2F8145%2F4255%2Ffiles%2FTSARBOMBA-elemental-TB8210A-watches-orange-black_3.webp%3Fv%3D1785397043&feedId=113495&k=ac18c02b8818cf1f6e3340a5ab9331324b4979bd,544,"Men's Watches",,"TSAR BOMBA WATCH",TB8210A-04,Watches,TB8210A-04,"TSARBOMBA elemental TB8210CF Men’s Fashion Watch—featuring an Espon automatic mechanical movement, tonneau-style case, 316L stainless steel construction, eco-friendly fluororubber interchangeable strap, 5ATM water resistance, and a luminescent sporty design that embodies youthful style.","The TSARBOMBA watches TB8210A is an automatic mechanical watch designed for trendsetters. Equipped with an Espon mechanical movement featuring a power reserve indicator, its 316L stainless steel construction and interchangeable fluororubber strap exude a unique sense of strength. With a 5ATM water resistance rating and high-quality Grade A luminescent coating, it effortlessly handles any occasion, making it the perfect first mechanical watch for young people","“Espon movement,” “316L stainless steel,” “eco-friendly fluororubber strap,” “interchangeable strap,” “5ATM water resistance,” “Grade A luminescent coating,” “trendy watch,” “one watch, multiple styles”",https://tsarbomba.com/products/tb8210a-us?variant=47275349934336,https://cdn.shopify.com/s/files/1/0540/8145/4255/files/TSARBOMBA-elemental-TB8210A-watches-orange-black_3.webp?v=1785397043,USD,499.99,new,"Orange Black","TSAR BOMBA WATCH Barrel Type",male,"Products source-US3-Men's Watch","Elemental Series",500~1000,45.5mm*51.5mm*15mm,"316L Stainless steel","https://cdn.shopify.com/s/files/1/0540/8145/4255/files/TSARBOMBA-elemental-TB8210A-watches-orange-black_3.webp?v=1785397043,https://cdn.shopify.com/s/files/1/0540/8145/4255/files/TSARBOMBA-elemental-TB8210A-watches-orange-black_2.webp?v=1785397043","General:Movement: Japanese Movement, General: Case Material: 316L Stainless Steel, General: Bezel Material: 316L stainless steel, General:Crystal: Sapphire Crystal, General: Water Resistance:50m, General: Lume: A-Grade Luminous, General: Strap Material: Fluoro Rubber.","Apparel & Accessories > Jewelry > Watches",in_stock,Automatic,
113495,109230,Tsarbomba,45567587525,https://www.awin1.com/pclick.php?p=45567587525&a=3002879&m=109230,https://images2.productserve.com/?w=200&h=200&bg=white&trim=5&t=letterbox&url=ssl%3Acdn.shopify.com%2Fs%2Ffiles%2F1%2F0540%2F8145%2F4255%2Ffiles%2FTSARBOMBA-elemental-TB8210A-watches-silver-red-_1.webp%3Fv%3D1785397043&feedId=113495&k=fa6c787e79ced727def841a6ac932f3aa4841a73,https://images2.productserve.com/?w=70&h=70&bg=white&trim=5&t=letterbox&url=ssl%3Acdn.shopify.com%2Fs%2Ffiles%2F1%2F0540%2F8145%2F4255%2Ffiles%2FTSARBOMBA-elemental-TB8210A-watches-silver-red-_1.webp%3Fv%3D1785397043&feedId=113495&k=fa6c787e79ced727def841a6ac932f3aa4841a73,544,"Men's Watches",,"TSAR BOMBA WATCH",TB8210A-05,Watches,TB8210A-05,"TSARBOMBA elemental TB8210CF Men’s Fashion Watch—featuring an Espon automatic mechanical movement, tonneau-style case, 316L stainless steel construction, eco-friendly fluororubber interchangeable strap, 5ATM water resistance, and a luminescent sporty design that embodies youthful style.","The TSARBOMBA watches TB8210A is an automatic mechanical watch designed for trendsetters. Equipped with an Espon mechanical movement featuring a power reserve indicator, its 316L stainless steel construction and interchangeable fluororubber strap exude a unique sense of strength. With a 5ATM water resistance rating and high-quality Grade A luminescent coating, it effortlessly handles any occasion, making it the perfect first mechanical watch for young people","“Espon movement,” “316L stainless steel,” “eco-friendly fluororubber strap,” “interchangeable strap,” “5ATM water resistance,” “Grade A luminescent coating,” “trendy watch,” “one watch, multiple styles”",https://tsarbomba.com/products/tb8210a-us?variant=47275349901568,https://cdn.shopify.com/s/files/1/0540/8145/4255/files/TSARBOMBA-elemental-TB8210A-watches-silver-red-_1.webp?v=1785397043,USD,499.99,new,"Silver red","TSAR BOMBA WATCH Barrel Type",male,"Products source-US3-Men's Watch","Elemental Series",500~1000,45.5mm*51.5mm*15mm,"316L Stainless steel","https://cdn.shopify.com/s/files/1/0540/8145/4255/files/TSARBOMBA-elemental-TB8210A-watches-silver-red-_1.webp?v=1785397043,https://cdn.shopify.com/s/files/1/0540/8145/4255/files/TSARBOMBA-elemental-TB8210A-watches-silver-red-_2.webp?v=1785397043","General:Movement: Japanese Movement, General: Case Material: 316L Stainless Steel, General: Bezel Material: 316L stainless steel, General:Crystal: Sapphire Crystal, General: Water Resistance:50m, General: Lume: A-Grade Luminous, General: Strap Material: Fluoro Rubber.","Apparel & Accessories > Jewelry > Watches",in_stock,Automatic,
113495,109230,Tsarbomba,45567587526,https://www.awin1.com/pclick.php?p=45567587526&a=3002879&m=109230,https://images2.productserve.com/?w=200&h=200&bg=white&trim=5&t=letterbox&url=ssl%3Acdn.shopify.com%2Fs%2Ffiles%2F1%2F0540%2F8145%2F4255%2Ffiles%2F11_4d4e997e-fa58-486d-8cf1-d118361c1ca0.png%3Fv%3D1727692582&feedId=113495&k=0418acd1aced78c1ec13e42c769d01b63f1d281d,https://images2.productserve.com/?w=70&h=70&bg=white&trim=5&t=letterbox&url=ssl%3Acdn.shopify.com%2Fs%2Ffiles%2F1%2F0540%2F8145%2F4255%2Ffiles%2F11_4d4e997e-fa58-486d-8cf1-d118361c1ca0.png%3Fv%3D1727692582&feedId=113495&k=0418acd1aced78c1ec13e42c769d01b63f1d281d,544,"Men's Watches",,"TSAR BOMBA WATCH",TB8215L-white,Watches,TB8215L-01,"TSARBOMBA Women’s Watches Nucleus Femme 01-TB8215: A trendy luxury women’s watch featuring a bezel and dial adorned with cubic zirconia (diamond-like stones), exuding the elegance of a high-level executive. Powered by a Swiss Ronda quartz movement, it offers stable timekeeping and low-maintenance operation, making it ideal for women. A TSARBOMBA watch is not just a timekeeping tool—it’s a fashion accessory.","The TSARBOMBA Watches Nucleus Femme 01-TB8215 Women’s Watch is a must-have trendy luxury timepiece for every woman. Featuring zirconia (diamond) covering the entire bezel and dial, it exudes luxury and elegance, while the Swiss quartz movement ensures stable timekeeping and easy maintenance. Paired with a leather strap, it exudes even greater elegance and is equally suited for both professional settings and casual gatherings. The TSARBOMBA watch is not just a timekeeping tool—it’s a fashion accessory.","“Swiss Ronda movement,” “Zirconia (diamond) bezel,” “316L stainless steel case,” “Leather strap,” “Women’s Watch,” “30m water resistance,”",https://tsarbomba.com/products/tb8215?variant=45955399975168,https://cdn.shopify.com/s/files/1/0540/8145/4255/files/11_4d4e997e-fa58-486d-8cf1-d118361c1ca0.png?v=1727692582,USD,599.99,new,White,"TSAR BOMBA WATCH Round",female,"Products source-US3-Women's Watch","Nucleus Femme Series",500~1000,44mm*44mm*12mm,"Cubic Zirconium",https://cdn.shopify.com/s/files/1/0540/8145/4255/files/1d8da7f161bd0af0b7aa2d053b4b515b.png?v=1726901240,"General:Movement: Swiss Movement, General: Case Material: Glass, General: Bezel Material: Cubic Zirconium, General:Crystal: Glass, General: Water Resistance:30m, General: Lume: A-Grade Luminous, General: Strap Material: Leather.","Apparel & Accessories > Jewelry > Watches",in_stock,Quartz,717298579551
113495,109230,Tsarbomba,45567587527,https://www.awin1.com/pclick.php?p=45567587527&a=3002879&m=109230,https://images2.productserve.com/?w=200&h=200&bg=white&trim=5&t=letterbox&url=ssl%3Acdn.shopify.com%2Fs%2Ffiles%2F1%2F0540%2F8145%2F4255%2Ffiles%2F16_4bdc65be-e6f5-4885-92f3-f836b209ae8b.png%3Fv%3D1752829978&feedId=113495&k=521ed31bb8d929095ec85fc1790c2ffe62a2c009,https://images2.productserve.com/?w=70&h=70&bg=white&trim=5&t=letterbox&url=ssl%3Acdn.shopify.com%2Fs%2Ffiles%2F1%2F0540%2F8145%2F4255%2Ffiles%2F16_4bdc65be-e6f5-4885-92f3-f836b209ae8b.png%3Fv%3D1752829978&feedId=113495&k=521ed31bb8d929095ec85fc1790c2ffe62a2c009,544,"Men's Watches",,"TSAR BOMBA WATCH","TB8215L-white green",Watches,TB8215L-02,"TSARBOMBA Women’s Watches Nucleus Femme 01-TB8215: A trendy luxury women’s watch featuring a bezel and dial adorned with cubic zirconia (diamond-like stones), exuding the elegance of a high-level executive. Powered by a Swiss Ronda quartz movement, it offers stable timekeeping and low-maintenance operation, making it ideal for women. A TSARBOMBA watch is not just a timekeeping tool—it’s a fashion accessory.","The TSARBOMBA Watches Nucleus Femme 01-TB8215 Women’s Watch is a must-have trendy luxury timepiece for every woman. Featuring zirconia (diamond) covering the entire bezel and dial, it exudes luxury and elegance, while the Swiss quartz movement ensures stable timekeeping and easy maintenance. Paired with a leather strap, it exudes even greater elegance and is equally suited for both professional settings and casual gatherings. The TSARBOMBA watch is not just a timekeeping tool—it’s a fashion accessory.","“Swiss Ronda movement,” “Zirconia (diamond) bezel,” “316L stainless steel case,” “Leather strap,” “Women’s Watch,” “30m water resistance,”",https://tsarbomba.com/products/tb8215?variant=45955400007936,https://cdn.shopify.com/s/files/1/0540/8145/4255/files/16_4bdc65be-e6f5-4885-92f3-f836b209ae8b.png?v=1752829978,USD,599.99,new,"White Green","TSAR BOMBA WATCH Round",female,"Products source-US3-Women's Watch","Nucleus Femme Series",500~1000,44mm*44mm*12mm,"Cubic Zirconium","https://cdn.shopify.com/s/files/1/0540/8145/4255/files/20_1ebb255c-46fb-4d4b-8572-2de25c51fb66.jpg?v=1727692582,https://cdn.shopify.com/s/files/1/0540/8145/4255/files/8215WG3.jpg?v=1726825234","General:Movement: Swiss Movement, General: Case Material: Glass, General: Bezel Material: Cubic Zirconium, General:Crystal: Glass, General: Water Resistance:30m, General: Lume: A-Grade Luminous, General: Strap Material: Leather.","Apparel & Accessories > Jewelry > Watches",in_stock,Quartz,717298579582
113495,109230,Tsarbomba,45567587528,https://www.awin1.com/pclick.php?p=45567587528&a=3002879&m=109230,https://images2.productserve.com/?w=200&h=200&bg=white&trim=5&t=letterbox&url=ssl%3Acdn.shopify.com%2Fs%2Ffiles%2F1%2F0540%2F8145%2F4255%2Ffiles%2F17.png%3Fv%3D1727692580&feedId=113495&k=8ce4847dc284d5deddb8ceb18ec1c5be9314e62f,https://images2.productserve.com/?w=70&h=70&bg=white&trim=5&t=letterbox&url=ssl%3Acdn.shopify.com%2Fs%2Ffiles%2F1%2F0540%2F8145%2F4255%2Ffiles%2F17.png%3Fv%3D1727692580&feedId=113495&k=8ce4847dc284d5deddb8ceb18ec1c5be9314e62f,544,"Men's Watches",,"TSAR BOMBA WATCH","TB8215L-black white",Watches,TB8215L-03,"TSARBOMBA Women’s Watches Nucleus Femme 01-TB8215: A trendy luxury women’s watch featuring a bezel and dial adorned with cubic zirconia (diamond-like stones), exuding the elegance of a high-level executive. Powered by a Swiss Ronda quartz movement, it offers stable timekeeping and low-maintenance operation, making it ideal for women. A TSARBOMBA watch is not just a timekeeping tool—it’s a fashion accessory.","The TSARBOMBA Watches Nucleus Femme 01-TB8215 Women’s Watch is a must-have trendy luxury timepiece for every woman. Featuring zirconia (diamond) covering the entire bezel and dial, it exudes luxury and elegance, while the Swiss quartz movement ensures stable timekeeping and easy maintenance. Paired with a leather strap, it exudes even greater elegance and is equally suited for both professional settings and casual gatherings. The TSARBOMBA watch is not just a timekeeping tool—it’s a fashion accessory.","“Swiss Ronda movement,” “Zirconia (diamond) bezel,” “316L stainless steel case,” “Leather strap,” “Women’s Watch,” “30m water resistance,”",https://tsarbomba.com/products/tb8215?variant=45955400040704,https://cdn.shopify.com/s/files/1/0540/8145/4255/files/17.png?v=1727692580,USD,599.99,new,"Black White","TSAR BOMBA WATCH Round",female,"Products source-US3-Women's Watch","Nucleus Femme Series",500~1000,44mm*44mm*12mm,"Cubic Zirconium","https://cdn.shopify.com/s/files/1/0540/8145/4255/files/2bb183fa40e9556fa2f89070ac6c0a60.png?v=1752829978,https://cdn.shopify.com/s/files/1/0540/8145/4255/files/15_135c3761-f9cc-40c2-ae58-1e4893e98a22.png?v=1752829978","General:Movement: Swiss Movement, General: Case Material: Glass, General: Bezel Material: Cubic Zirconium, General:Crystal: Glass, General: Water Resistance:30m, General: Lume: A-Grade Luminous, General: Strap Material: Leather.","Apparel & Accessories > Jewelry > Watches",in_stock,Quartz,717298579612
113495,109230,Tsarbomba,45567587529,https://www.awin1.com/pclick.php?p=45567587529&a=3002879&m=109230,https://images2.productserve.com/?w=200&h=200&bg=white&trim=5&t=letterbox&url=ssl%3Acdn.shopify.com%2Fs%2Ffiles%2F1%2F0540%2F8145%2F4255%2Ffiles%2F12_7587883a-5c69-47e9-b496-216431cff253.png%3Fv%3D1727692582&feedId=113495&k=8aa64d17a6380e2b6af686eb8ac5d237610de9dd,https://images2.productserve.com/?w=70&h=70&bg=white&trim=5&t=letterbox&url=ssl%3Acdn.shopify.com%2Fs%2Ffiles%2F1%2F0540%2F8145%2F4255%2Ffiles%2F12_7587883a-5c69-47e9-b496-216431cff253.png%3Fv%3D1727692582&feedId=113495&k=8aa64d17a6380e2b6af686eb8ac5d237610de9dd,544,"Men's Watches",,"TSAR BOMBA WATCH","TB8215L-black green",Watches,TB8215L-04,"TSARBOMBA Women’s Watches Nucleus Femme 01-TB8215: A trendy luxury women’s watch featuring a bezel and dial adorned with cubic zirconia (diamond-like stones), exuding the elegance of a high-level executive. Powered by a Swiss Ronda quartz movement, it offers stable timekeeping and low-maintenance operation, making it ideal for women. A TSARBOMBA watch is not just a timekeeping tool—it’s a fashion accessory.","The TSARBOMBA Watches Nucleus Femme 01-TB8215 Women’s Watch is a must-have trendy luxury timepiece for every woman. Featuring zirconia (diamond) covering the entire bezel and dial, it exudes luxury and elegance, while the Swiss quartz movement ensures stable timekeeping and easy maintenance. Paired with a leather strap, it exudes even greater elegance and is equally suited for both professional settings and casual gatherings. The TSARBOMBA watch is not just a timekeeping tool—it’s a fashion accessory.","“Swiss Ronda movement,” “Zirconia (diamond) bezel,” “316L stainless steel case,” “Leather strap,” “Women’s Watch,” “30m water resistance,”",https://tsarbomba.com/products/tb8215?variant=45955400073472,https://cdn.shopify.com/s/files/1/0540/8145/4255/files/12_7587883a-5c69-47e9-b496-216431cff253.png?v=1727692582,USD,599.99,new,"Black Green","TSAR BOMBA WATCH Round",female,"Products source-US3-Women's Watch","Nucleus Femme Series",500~1000,44mm*44mm*12mm,"Cubic Zirconium","https://cdn.shopify.com/s/files/1/0540/8145/4255/files/8f129f44766d230930f7e16a25f791e7.png?v=1752829978,https://cdn.shopify.com/s/files/1/0540/8145/4255/files/10.png?v=1752829978","General:Movement: Swiss Movement, General: Case Material: Glass, General: Bezel Material: Cubic Zirconium, General:Crystal: Glass, General: Water Resistance:30m, General: Lume: A-Grade Luminous, General: Strap Material: Leather.","Apparel & Accessories > Jewelry > Watches",in_stock,Quartz,717298579643
113495,109230,Tsarbomba,45567587530,https://www.awin1.com/pclick.php?p=45567587530&a=3002879&m=109230,https://images2.productserve.com/?w=200&h=200&bg=white&trim=5&t=letterbox&url=ssl%3Acdn.shopify.com%2Fs%2Ffiles%2F1%2F0540%2F8145%2F4255%2Ffiles%2FBlue-1_c0837bdd-d3ef-494d-b4c1-15f2ec37c90e.png%3Fv%3D1761620476&feedId=113495&k=4a714aa36e3369f59094d208289fc53e5dfebcee,https://images2.productserve.com/?w=70&h=70&bg=white&trim=5&t=letterbox&url=ssl%3Acdn.shopify.com%2Fs%2Ffiles%2F1%2F0540%2F8145%2F4255%2Ffiles%2FBlue-1_c0837bdd-d3ef-494d-b4c1-15f2ec37c90e.png%3Fv%3D1761620476&feedId=113495&k=4a714aa36e3369f59094d208289fc53e5dfebcee,544,"Men's Watches",,"TSAR BOMBA WATCH","TB8208C-white blue",Watches,TB8208C-06,"TSARBOMBA Elemental TB8208C Fashion Watch; features a Miyota automatic mechanical movement, a white ceramic bezel, and a 316L stainless steel case, reducing overall weight without compromising durability; eco-friendly FKM rubber strap; 5ATM water resistance; High-quality Grade A luminescent coating,","The TSARBOMBA watches TB8208C is a must-have fashion timepiece for every trendsetter, equipped with a reliable Miyota movement, a ceramic bezel, and a 316L stainless steel case that combines durability with lightweight design. The FKM rubber strap is gentle on the skin, preventing allergic reactions even with prolonged wear, and offers 5ATM water resistance; it also features a high-quality Grade A luminescent coating. TSARBOMBA watches are not just timepieces—they are fashion accessories.","“Miyota movement,” “ceramic bezel,” “fluororubber strap,” “high-quality Grade A luminescent coating,” “50m water resistance,” “trendy watch.” “Mechanical movement,” “Sapphire crystal,”",https://tsarbomba.com/products/tb8208c?variant=43064110776576,https://cdn.shopify.com/s/files/1/0540/8145/4255/files/Blue-1_c0837bdd-d3ef-494d-b4c1-15f2ec37c90e.png?v=1761620476,USD,549.99,new,Blue,"TSAR BOMBA WATCH Barrel Type",male,"Products source-US3-Men's Watch","Elemental Series",500~1000,43mm*50.5mm*15.5mm,Ceramic,"https://cdn.shopify.com/s/files/1/0540/8145/4255/files/Blue-1_c0837bdd-d3ef-494d-b4c1-15f2ec37c90e.png?v=1761620476,https://cdn.shopify.com/s/files/1/0540/8145/4255/files/Blue-2_30c627b1-e23f-4d7c-b311-25cefd33fd20.png?v=1761620476","General:Movement: Japanese Movement, General: Case Material: 316L Stainless Steel, General: Bezel Material: Ceramic, General:Crystal: Sapphire Crystal, General: Water Resistance:50m, General: Lume: A-Grade Luminous, General: Strap Material: Fluoro Rubber.","Apparel & Accessories > Jewelry > Watches",in_stock,Automatic,762704078715
113495,109230,Tsarbomba,45567587531,https://www.awin1.com/pclick.php?p=45567587531&a=3002879&m=109230,https://images2.productserve.com/?w=200&h=200&bg=white&trim=5&t=letterbox&url=ssl%3Acdn.shopify.com%2Fs%2Ffiles%2F1%2F0540%2F8145%2F4255%2Ffiles%2FWhite-3_7ae77375-dd71-4072-8ba4-19fc196ada47.png%3Fv%3D1761620476&feedId=113495&k=0528ef47b79ea44b39be304e8ecbce1df2a47be0,https://images2.productserve.com/?w=70&h=70&bg=white&trim=5&t=letterbox&url=ssl%3Acdn.shopify.com%2Fs%2Ffiles%2F1%2F0540%2F8145%2F4255%2Ffiles%2FWhite-3_7ae77375-dd71-4072-8ba4-19fc196ada47.png%3Fv%3D1761620476&feedId=113495&k=0528ef47b79ea44b39be304e8ecbce1df2a47be0,544,"Men's Watches",,"TSAR BOMBA WATCH","TB8208C-White Black",Watches,TB8208C-07,"TSARBOMBA Elemental TB8208C Fashion Watch; features a Miyota automatic mechanical movement, a white ceramic bezel, and a 316L stainless steel case, reducing overall weight without compromising durability; eco-friendly FKM rubber strap; 5ATM water resistance; High-quality Grade A luminescent coating,","The TSARBOMBA watches TB8208C is a must-have fashion timepiece for every trendsetter, equipped with a reliable Miyota movement, a ceramic bezel, and a 316L stainless steel case that combines durability with lightweight design. The FKM rubber strap is gentle on the skin, preventing allergic reactions even with prolonged wear, and offers 5ATM water resistance; it also features a high-quality Grade A luminescent coating. TSARBOMBA watches are not just timepieces—they are fashion accessories.","“Miyota movement,” “ceramic bezel,” “fluororubber strap,” “high-quality Grade A luminescent coating,” “50m water resistance,” “trendy watch.” “Mechanical movement,” “Sapphire crystal,”",https://tsarbomba.com/products/tb8208c?variant=43064110809344,https://cdn.shopify.com/s/files/1/0540/8145/4255/files/White-3_7ae77375-dd71-4072-8ba4-19fc196ada47.png?v=1761620476,USD,549.99,new,"White Black","TSAR BOMBA WATCH Barrel Type",male,"Products source-US3-Men's Watch","Elemental Series",500~1000,43mm*50.5mm*15.5mm,Ceramic,"https://cdn.shopify.com/s/files/1/0540/8145/4255/files/White-1_bb61d2ad-fbd5-4995-8192-b089ff2aab23.png?v=1761620476,https://cdn.shopify.com/s/files/1/0540/8145/4255/files/White-2_9fc14fdf-2b00-404a-bd14-0bcc36d0ee45.png?v=1761620476","General:Movement: Japanese Movement, General: Case Material: 316L Stainless Steel, General: Bezel Material: Ceramic, General:Crystal: Sapphire Crystal, General: Water Resistance:50m, General: Lume: A-Grade Luminous, General: Strap Material: Fluoro Rubber.","Apparel & Accessories > Jewelry > Watches",in_stock,Automatic,762704078722
113495,109230,Tsarbomba,45567587532,https://www.awin1.com/pclick.php?p=45567587532&a=3002879&m=109230,https://images2.productserve.com/?w=200&h=200&bg=white&trim=5&t=letterbox&url=ssl%3Acdn.shopify.com%2Fs%2Ffiles%2F1%2F0540%2F8145%2F4255%2Ffiles%2F8208C_53fe290c-0867-407a-9828-4c830bf08c24.png%3Fv%3D1763544068&feedId=113495&k=13a26a0766e5af56849f9ecfcf6a7671eaeeeafa,https://images2.productserve.com/?w=70&h=70&bg=white&trim=5&t=letterbox&url=ssl%3Acdn.shopify.com%2Fs%2Ffiles%2F1%2F0540%2F8145%2F4255%2Ffiles%2F8208C_53fe290c-0867-407a-9828-4c830bf08c24.png%3Fv%3D1763544068&feedId=113495&k=13a26a0766e5af56849f9ecfcf6a7671eaeeeafa,544,"Men's Watches",,"TSAR BOMBA WATCH","TB8208C-White Red",Watches,TB8208C-08,"TSARBOMBA Elemental TB8208C Fashion Watch; features a Miyota automatic mechanical movement, a white ceramic bezel, and a 316L stainless steel case, reducing overall weight without compromising durability; eco-friendly FKM rubber strap; 5ATM water resistance; High-quality Grade A luminescent coating,","The TSARBOMBA watches TB8208C is a must-have fashion timepiece for every trendsetter, equipped with a reliable Miyota movement, a ceramic bezel, and a 316L stainless steel case that combines durability with lightweight design. The FKM rubber strap is gentle on the skin, preventing allergic reactions even with prolonged wear, and offers 5ATM water resistance; it also features a high-quality Grade A luminescent coating. TSARBOMBA watches are not just timepieces—they are fashion accessories.","“Miyota movement,” “ceramic bezel,” “fluororubber strap,” “high-quality Grade A luminescent coating,” “50m water resistance,” “trendy watch.” “Mechanical movement,” “Sapphire crystal,”",https://tsarbomba.com/products/tb8208c?variant=43064110842112,https://cdn.shopify.com/s/files/1/0540/8145/4255/files/8208C_53fe290c-0867-407a-9828-4c830bf08c24.png?v=1763544068,USD,549.99,new,"White Red","TSAR BOMBA WATCH Barrel Type",male,"Products source-US3-Men's Watch","Elemental Series",500~1000,43mm*50.5mm*15.5mm,Ceramic,"https://cdn.shopify.com/s/files/1/0540/8145/4255/files/White_Red-1.png?v=1763544068,https://cdn.shopify.com/s/files/1/0540/8145/4255/files/White_Red-2.png?v=1763544068","General:Movement: Japanese Movement, General: Case Material: 316L Stainless Steel, General: Bezel Material: Ceramic, General:Crystal: Sapphire Crystal, General: Water Resistance:50m, General: Lume: A-Grade Luminous, General: Strap Material: Fluoro Rubber.","Apparel & Accessories > Jewelry > Watches",in_stock,Automatic,762704078739
113495,109230,Tsarbomba,45567587533,https://www.awin1.com/pclick.php?p=45567587533&a=3002879&m=109230,https://images2.productserve.com/?w=200&h=200&bg=white&trim=5&t=letterbox&url=ssl%3Acdn.shopify.com%2Fs%2Ffiles%2F1%2F0540%2F8145%2F4255%2Ffiles%2F14_5ca50b79-a358-4d89-8d31-f1c444421491.png%3Fv%3D1728895414&feedId=113495&k=6bd099424daa51c4d2e13696b6fb41de546e4d2a,https://images2.productserve.com/?w=70&h=70&bg=white&trim=5&t=letterbox&url=ssl%3Acdn.shopify.com%2Fs%2Ffiles%2F1%2F0540%2F8145%2F4255%2Ffiles%2F14_5ca50b79-a358-4d89-8d31-f1c444421491.png%3Fv%3D1728895414&feedId=113495&k=6bd099424daa51c4d2e13696b6fb41de546e4d2a,544,"Men's Watches",,"TSAR BOMBA WATCH","TB8214DFKM- Dynamic Black",Watches,"8214DFKM- Dynamic Black","TSARBOMBA Atomic TB8214DFKM- Dynamic Black Men’s Fashion Watch, tonneau-style watch, eco-friendly fluororubber bezel and interchangeable accessories, 316L stainless steel case, 10ATM water resistance, luminescent sporty design, embodying youthful style","The TSARBOMBA TB8214DFKM- Dynamic Black Men’s Fashion Watch features a Seiko quartz movement for precise timekeeping and low maintenance costs, eco-friendly fluororubber bezel and interchangeable accessories, eco-friendly fluororubber strap, 5ATM water resistance, and high-quality Grade A luminescent coating. With interchangeable straps, bezels, and crowns, why buy multiple watches when you can own one that lets you switch up your style?","“Eco-friendly fluororubber bezels” “Eco-friendly fluororubber strap” “Interchangeable strap” “Interchangeable bezels” “Interchangeable crowns” “10ATM water resistance” “Grade A luminescent coating” “Trendy watch” “Design your watch”",https://tsarbomba.com/products/tb8214w?variant=44058703921408,https://cdn.shopify.com/s/files/1/0540/8145/4255/files/14_5ca50b79-a358-4d89-8d31-f1c444421491.png?v=1728895414,USD,539.99,new,Black,"TSAR BOMBA WATCH Barrel Type",male,"Products source-US3-Men's Watch","Atomic Series",500~1000,45mm*50.4mm*13.55mm,Fluororubber,"https://cdn.shopify.com/s/files/1/0540/8145/4255/files/DF-Black_ade81bb8-0058-4a4e-8fc8-b28264a56bb0.png?v=1760600538,https://cdn.shopify.com/s/files/1/0540/8145/4255/files/DF-Black_46613a7b-f1df-499d-8610-d7b52586ec71.png?v=1760600538","General:Movement: Japanese Movement, General: Case Material: Stainless Steel, General: Bezel Material: Fluoro Rubber, General:Crystal: Sapphire Crystal, General: Water Resistance:100m, General: Lume: A-Grade Luminous, General: Strap Material: Fluoro Rubber.","Apparel & Accessories > Jewelry > Watches",in_stock,Quartz,717020318038
113495,109230,Tsarbomba,45567587534,https://www.awin1.com/pclick.php?p=45567587534&a=3002879&m=109230,https://images2.productserve.com/?w=200&h=200&bg=white&trim=5&t=letterbox&url=ssl%3Acdn.shopify.com%2Fs%2Ffiles%2F1%2F0540%2F8145%2F4255%2Ffiles%2F15_c0210ac7-1112-4aff-9b6f-1aa93f14bd9b.png%3Fv%3D1728895416&feedId=113495&k=66c85eabf3cdb67165b41debf2f2e56c92e50745,https://images2.productserve.com/?w=70&h=70&bg=white&trim=5&t=letterbox&url=ssl%3Acdn.shopify.com%2Fs%2Ffiles%2F1%2F0540%2F8145%2F4255%2Ffiles%2F15_c0210ac7-1112-4aff-9b6f-1aa93f14bd9b.png%3Fv%3D1728895416&feedId=113495&k=66c85eabf3cdb67165b41debf2f2e56c92e50745,544,"Men's Watches",,"TSAR BOMBA WATCH","TB8214DFKM-Dynamic Blue",Watches,"8214DFKM-Dynamic Blue","TSARBOMBA Atomic TB8214DFKM-Dynamic Blue Men’s Fashion Watch, tonneau-style watch, eco-friendly fluororubber bezel and interchangeable accessories, 316L stainless steel case, 10ATM water resistance, luminescent sporty design, embodying youthful style","The TSARBOMBATB8214DFKM-Dynamic Blue Men’s Fashion Watch features a Seiko quartz movement for precise timekeeping and low maintenance costs, eco-friendly fluororubber bezel and interchangeable accessories, eco-friendly fluororubber strap, 5ATM water resistance, and high-quality Grade A luminescent coating. With interchangeable straps, bezels, and crowns, why buy multiple watches when you can own one that lets you switch up your style?","“Eco-friendly fluororubber bezels” “Eco-friendly fluororubber strap” “Interchangeable strap” “Interchangeable bezels” “Interchangeable crowns” “10ATM water resistance” “Grade A luminescent coating” “Trendy watch” “Design your watch”",https://tsarbomba.com/products/tb8214w?variant=44058703954176,https://cdn.shopify.com/s/files/1/0540/8145/4255/files/15_c0210ac7-1112-4aff-9b6f-1aa93f14bd9b.png?v=1728895416,USD,539.99,new,Blue,"TSAR BOMBA WATCH Barrel Type",male,"Products source-US3-Men's Watch","Atomic Series",500~1000,45mm*50.4mm*13.55mm,Fluororubber,,"General:Movement: Japanese Movement, General: Case Material: Stainless Steel, General: Bezel Material: Fluoro Rubber, General:Crystal: Sapphire Crystal, General: Water Resistance:100m, General: Lume: A-Grade Luminous, General: Strap Material: Fluoro Rubber.","Apparel & Accessories > Jewelry > Watches",in_stock,Quartz,717020318052
113495,109230,Tsarbomba,45567587535,https://www.awin1.com/pclick.php?p=45567587535&a=3002879&m=109230,https://images2.productserve.com/?w=200&h=200&bg=white&trim=5&t=letterbox&url=ssl%3Acdn.shopify.com%2Fs%2Ffiles%2F1%2F0540%2F8145%2F4255%2Ffiles%2F16_adc571d5-02d5-407e-92e7-aa12c0058ebf.png%3Fv%3D1728895416&feedId=113495&k=1f78cceb5c2d55a4ed8b31c5560a25ad073eb9d0,https://images2.productserve.com/?w=70&h=70&bg=white&trim=5&t=letterbox&url=ssl%3Acdn.shopify.com%2Fs%2Ffiles%2F1%2F0540%2F8145%2F4255%2Ffiles%2F16_adc571d5-02d5-407e-92e7-aa12c0058ebf.png%3Fv%3D1728895416&feedId=113495&k=1f78cceb5c2d55a4ed8b31c5560a25ad073eb9d0,544,"Men's Watches",,"TSAR BOMBA WATCH","TB8214DFKM-Dynamic Green",Watches,"8214DFKM-Dynamic Green","TSARBOMBA Atomic TB8214DFKM-Dynamic Green Men’s Fashion Watch, tonneau-style watch, eco-friendly fluororubber bezel and interchangeable accessories, 316L stainless steel case, 10ATM water resistance, luminescent sporty design, embodying youthful style","The TSARBOMBA TB8214DFKM-Dynamic Green Men’s Fashion Watch features a Seiko quartz movement for precise timekeeping and low maintenance costs, eco-friendly fluororubber bezel and interchangeable accessories, eco-friendly fluororubber strap, 5ATM water resistance, and high-quality Grade A luminescent coating. With interchangeable straps, bezels, and crowns, why buy multiple watches when you can own one that lets you switch up your style?","“Eco-friendly fluororubber bezels” “Eco-friendly fluororubber strap” “Interchangeable strap” “Interchangeable bezels” “Interchangeable crowns” “10ATM water resistance” “Grade A luminescent coating” “Trendy watch” “Design your watch”",https://tsarbomba.com/products/tb8214w?variant=44058703986944,https://cdn.shopify.com/s/files/1/0540/8145/4255/files/16_adc571d5-02d5-407e-92e7-aa12c0058ebf.png?v=1728895416,USD,539.99,new,Green,"TSAR BOMBA WATCH Barrel Type",male,"Products source-US3-Men's Watch","Atomic Series",500~1000,45mm*50.4mm*13.55mm,Fluororubber,"https://cdn.shopify.com/s/files/1/0540/8145/4255/files/DF-Green_76a6a089-b986-4e55-a6fe-cdbf863b7ed1.png?v=1760600538,https://cdn.shopify.com/s/files/1/0540/8145/4255/files/DF-Green_e19048a0-4db4-4582-8f49-1852ea510760.png?v=1760600538","General:Movement: Japanese Movement, General: Case Material: Stainless Steel, General: Bezel Material: Fluoro Rubber, General:Crystal: Sapphire Crystal, General: Water Resistance:100m, General: Lume: A-Grade Luminous, General: Strap Material: Fluoro Rubber.","Apparel & Accessories > Jewelry > Watches",in_stock,Quartz,717020318069
113495,109230,Tsarbomba,45567587536,https://www.awin1.com/pclick.php?p=45567587536&a=3002879&m=109230,https://images2.productserve.com/?w=200&h=200&bg=white&trim=5&t=letterbox&url=ssl%3Acdn.shopify.com%2Fs%2Ffiles%2F1%2F0540%2F8145%2F4255%2Ffiles%2F17_c27c7cd9-583b-428a-92a5-1f07dc7e42ee.png%3Fv%3D1728895416&feedId=113495&k=b84a1b64fe425d303240bed7a2963de3fbdbd1f8,https://images2.productserve.com/?w=70&h=70&bg=white&trim=5&t=letterbox&url=ssl%3Acdn.shopify.com%2Fs%2Ffiles%2F1%2F0540%2F8145%2F4255%2Ffiles%2F17_c27c7cd9-583b-428a-92a5-1f07dc7e42ee.png%3Fv%3D1728895416&feedId=113495&k=b84a1b64fe425d303240bed7a2963de3fbdbd1f8,544,"Men's Watches",,"TSAR BOMBA WATCH","TB8214DFKM-Dynamic Light Blue",Watches,"8214DFKM-Dynamic Light Blue","TSARBOMBA Atomic TB8214DFKM-Dynamic Light Blue Men’s Fashion Watch, tonneau-style watch, eco-friendly fluororubber bezel and interchangeable accessories, 316L stainless steel case, 10ATM water resistance, luminescent sporty design, embodying youthful style","The TSARBOMBA TB8214DFKM-Dynamic Light Blue Men’s Fashion Watch features a Seiko quartz movement for precise timekeeping and low maintenance costs, eco-friendly fluororubber bezel and interchangeable accessories, eco-friendly fluororubber strap, 5ATM water resistance, and high-quality Grade A luminescent coating. With interchangeable straps, bezels, and crowns, why buy multiple watches when you can own one that lets you switch up your style?","“Eco-friendly fluororubber bezels” “Eco-friendly fluororubber strap” “Interchangeable strap” “Interchangeable bezels” “Interchangeable crowns” “10ATM water resistance” “Grade A luminescent coating” “Trendy watch” “Design your watch”",https://tsarbomba.com/products/tb8214w?variant=44058704019712,https://cdn.shopify.com/s/files/1/0540/8145/4255/files/17_c27c7cd9-583b-428a-92a5-1f07dc7e42ee.png?v=1728895416,USD,539.99,new,"Light Blue","TSAR BOMBA WATCH Barrel Type",male,"Products source-US3-Men's Watch","Atomic Series",500~1000,45mm*50.4mm*13.55mm,Fluororubber,,"General:Movement: Japanese Movement, General: Case Material: Stainless Steel, General: Bezel Material: Fluoro Rubber, General:Crystal: Sapphire Crystal, General: Water Resistance:100m, General: Lume: A-Grade Luminous, General: Strap Material: Fluoro Rubber.","Apparel & Accessories > Jewelry > Watches",in_stock,Quartz,717020318083
113495,109230,Tsarbomba,45567587537,https://www.awin1.com/pclick.php?p=45567587537&a=3002879&m=109230,https://images2.productserve.com/?w=200&h=200&bg=white&trim=5&t=letterbox&url=ssl%3Acdn.shopify.com%2Fs%2Ffiles%2F1%2F0540%2F8145%2F4255%2Ffiles%2F18_70e2628b-d611-49fe-b3a3-0d54e2c0de2b.png%3Fv%3D1728895415&feedId=113495&k=aa8790c1ac4d265feda7cc1a44d52d2c4edc07c7,https://images2.productserve.com/?w=70&h=70&bg=white&trim=5&t=letterbox&url=ssl%3Acdn.shopify.com%2Fs%2Ffiles%2F1%2F0540%2F8145%2F4255%2Ffiles%2F18_70e2628b-d611-49fe-b3a3-0d54e2c0de2b.png%3Fv%3D1728895415&feedId=113495&k=aa8790c1ac4d265feda7cc1a44d52d2c4edc07c7,544,"Men's Watches",,"TSAR BOMBA WATCH","TB8214DFKM-Dynamic Orange",Watches,"8214DFKM-Dynamic Orange","TSARBOMBA Atomic TB8214DFKM-Dynamic Orange Men’s Fashion Watch, tonneau-style watch, eco-friendly fluororubber bezel and interchangeable accessories, 316L stainless steel case, 10ATM water resistance, luminescent sporty design, embodying youthful style","The TSARBOMBA TB8214DFKM-Dynamic Orange Men’s Fashion Watch features a Seiko quartz movement for precise timekeeping and low maintenance costs, eco-friendly fluororubber bezel and interchangeable accessories, eco-friendly fluororubber strap, 5ATM water resistance, and high-quality Grade A luminescent coating. With interchangeable straps, bezels, and crowns, why buy multiple watches when you can own one that lets you switch up your style?","“Eco-friendly fluororubber bezels” “Eco-friendly fluororubber strap” “Interchangeable strap” “Interchangeable bezels” “Interchangeable crowns” “10ATM water resistance” “Grade A luminescent coating” “Trendy watch” “Design your watch”",https://tsarbomba.com/products/tb8214w?variant=44058704052480,https://cdn.shopify.com/s/files/1/0540/8145/4255/files/18_70e2628b-d611-49fe-b3a3-0d54e2c0de2b.png?v=1728895415,USD,539.99,new,Orange,"TSAR BOMBA WATCH Barrel Type",male,"Products source-US3-Men's Watch","Atomic Series",500~1000,45mm*50.4mm*13.55mm,Fluororubber,,"General:Movement: Japanese Movement, General: Case Material: Stainless Steel, General: Bezel Material: Fluoro Rubber, General:Crystal: Sapphire Crystal, General: Water Resistance:100m, General: Lume: A-Grade Luminous, General: Strap Material: Fluoro Rubber.","Apparel & Accessories > Jewelry > Watches",in_stock,Quartz,717020318090
113495,109230,Tsarbomba,45567587538,https://www.awin1.com/pclick.php?p=45567587538&a=3002879&m=109230,https://images2.productserve.com/?w=200&h=200&bg=white&trim=5&t=letterbox&url=ssl%3Acdn.shopify.com%2Fs%2Ffiles%2F1%2F0540%2F8145%2F4255%2Ffiles%2F19_ab1e4d84-0452-41ca-b2ae-c56e2921941b.png%3Fv%3D1728895417&feedId=113495&k=37a1e95c3097dfc54f7098beca60d4d1420840ff,https://images2.productserve.com/?w=70&h=70&bg=white&trim=5&t=letterbox&url=ssl%3Acdn.shopify.com%2Fs%2Ffiles%2F1%2F0540%2F8145%2F4255%2Ffiles%2F19_ab1e4d84-0452-41ca-b2ae-c56e2921941b.png%3Fv%3D1728895417&feedId=113495&k=37a1e95c3097dfc54f7098beca60d4d1420840ff,544,"Men's Watches",,"TSAR BOMBA WATCH","TB8214DFKM-Dynamic Red",Watches,"8214DFKM-Dynamic Red","TSARBOMBA Atomic TB8214DFKM-Dynamic Red Men’s Fashion Watch, tonneau-style watch, eco-friendly fluororubber bezel and interchangeable accessories, 316L stainless steel case, 10ATM water resistance, luminescent sporty design, embodying youthful style","The TSARBOMBA TB8214DFKM-Dynamic Red Men’s Fashion Watch features a Seiko quartz movement for precise timekeeping and low maintenance costs, eco-friendly fluororubber bezel and interchangeable accessories, eco-friendly fluororubber strap, 5ATM water resistance, and high-quality Grade A luminescent coating. With interchangeable straps, bezels, and crowns, why buy multiple watches when you can own one that lets you switch up your style?","“Eco-friendly fluororubber bezels” “Eco-friendly fluororubber strap” “Interchangeable strap” “Interchangeable bezels” “Interchangeable crowns” “10ATM water resistance” “Grade A luminescent coating” “Trendy watch” “Design your watch”",https://tsarbomba.com/products/tb8214w?variant=44058704085248,https://cdn.shopify.com/s/files/1/0540/8145/4255/files/19_ab1e4d84-0452-41ca-b2ae-c56e2921941b.png?v=1728895417,USD,539.99,new,Red,"TSAR BOMBA WATCH Barrel Type",male,"Products source-US3-Men's Watch","Atomic Series",500~1000,45mm*50.4mm*13.55mm,Fluororubber,,"General:Movement: Japanese Movement, General: Case Material: Stainless Steel, General: Bezel Material: Fluoro Rubber, General:Crystal: Sapphire Crystal, General: Water Resistance:100m, General: Lume: A-Grade Luminous, General: Strap Material: Fluoro Rubber.","Apparel & Accessories > Jewelry > Watches",in_stock,Quartz,717020318113
113495,109230,Tsarbomba,45567587539,https://www.awin1.com/pclick.php?p=45567587539&a=3002879&m=109230,https://images2.productserve.com/?w=200&h=200&bg=white&trim=5&t=letterbox&url=ssl%3Acdn.shopify.com%2Fs%2Ffiles%2F1%2F0540%2F8145%2F4255%2Ffiles%2F20_438af77f-df4c-40f9-8898-7ccf5b49a8bd.png%3Fv%3D1728895415&feedId=113495&k=7949417dce68ecf3c98b09edc8611552b98540ee,https://images2.productserve.com/?w=70&h=70&bg=white&trim=5&t=letterbox&url=ssl%3Acdn.shopify.com%2Fs%2Ffiles%2F1%2F0540%2F8145%2F4255%2Ffiles%2F20_438af77f-df4c-40f9-8898-7ccf5b49a8bd.png%3Fv%3D1728895415&feedId=113495&k=7949417dce68ecf3c98b09edc8611552b98540ee,544,"Men's Watches",,"TSAR BOMBA WATCH","TB8214DFKM-Dynamic White",Watches,"8214DFKM-Dynamic White","TSARBOMBA Atomic TB8214DFKM-Dynamic White Men’s Fashion Watch, tonneau-style watch, eco-friendly fluororubber bezel and interchangeable accessories, 316L stainless steel case, 10ATM water resistance, luminescent sporty design, embodying youthful style","The TSARBOMBA TB8214DFKM-Dynamic White Men’s Fashion Watch features a Seiko quartz movement for precise timekeeping and low maintenance costs, eco-friendly fluororubber bezel and interchangeable accessories, eco-friendly fluororubber strap, 5ATM water resistance, and high-quality Grade A luminescent coating. With interchangeable straps, bezels, and crowns, why buy multiple watches when you can own one that lets you switch up your style?","“Eco-friendly fluororubber bezels” “Eco-friendly fluororubber strap” “Interchangeable strap” “Interchangeable bezels” “Interchangeable crowns” “10ATM water resistance” “Grade A luminescent coating” “Trendy watch” “Design your watch”",https://tsarbomba.com/products/tb8214w?variant=44058704118016,https://cdn.shopify.com/s/files/1/0540/8145/4255/files/20_438af77f-df4c-40f9-8898-7ccf5b49a8bd.png?v=1728895415,USD,539.99,new,White,"TSAR BOMBA WATCH Barrel Type",male,"Products source-US3-Men's Watch","Atomic Series",500~1000,45mm*50.4mm*13.55mm,Fluororubber,"https://cdn.shopify.com/s/files/1/0540/8145/4255/files/DF-White_ec38255a-066f-416e-8c61-410a925178c3.png?v=1760600538,https://cdn.shopify.com/s/files/1/0540/8145/4255/files/DF-White_942a1267-4f86-47dd-bd19-37c0569ecd04.png?v=1760600538","General:Movement: Japanese Movement, General: Case Material: Stainless Steel, General: Bezel Material: Fluoro Rubber, General:Crystal: Sapphire Crystal, General: Water Resistance:100m, General: Lume: A-Grade Luminous, General: Strap Material: Fluoro Rubber.","Apparel & Accessories > Jewelry > Watches",in_stock,Quartz,717020318120
113495,109230,Tsarbomba,45567587540,https://www.awin1.com/pclick.php?p=45567587540&a=3002879&m=109230,https://images2.productserve.com/?w=200&h=200&bg=white&trim=5&t=letterbox&url=ssl%3Acdn.shopify.com%2Fs%2Ffiles%2F1%2F0540%2F8145%2F4255%2Ffiles%2F21_abc41453-f545-412c-87ab-87905b5c1018.png%3Fv%3D1728895416&feedId=113495&k=a8ea4654bf49e6ad5e22dc65ac1f598394004c64,https://images2.productserve.com/?w=70&h=70&bg=white&trim=5&t=letterbox&url=ssl%3Acdn.shopify.com%2Fs%2Ffiles%2F1%2F0540%2F8145%2F4255%2Ffiles%2F21_abc41453-f545-412c-87ab-87905b5c1018.png%3Fv%3D1728895416&feedId=113495&k=a8ea4654bf49e6ad5e22dc65ac1f598394004c64,544,"Men's Watches",,"TSAR BOMBA WATCH","TB8214DFKM-Dynamic Yellow",Watches,"8214DFKM-Dynamic Yellow","TSARBOMBA Atomic TB8214DFKM-Dynamic Yellow Men’s Fashion Watch, tonneau-style watch, eco-friendly fluororubber bezel and interchangeable accessories, 316L stainless steel case, 10ATM water resistance, luminescent sporty design, embodying youthful style","The TSARBOMBA TB8214DFKM-Dynamic Yellow Men’s Fashion Watch features a Seiko quartz movement for precise timekeeping and low maintenance costs, eco-friendly fluororubber bezel and interchangeable accessories, eco-friendly fluororubber strap, 5ATM water resistance, and high-quality Grade A luminescent coating. With interchangeable straps, bezels, and crowns, why buy multiple watches when you can own one that lets you switch up your style?","“Eco-friendly fluororubber bezels” “Eco-friendly fluororubber strap” “Interchangeable strap” “Interchangeable bezels” “Interchangeable crowns” “10ATM water resistance” “Grade A luminescent coating” “Trendy watch” “Design your watch”",https://tsarbomba.com/products/tb8214w?variant=44058704150784,https://cdn.shopify.com/s/files/1/0540/8145/4255/files/21_abc41453-f545-412c-87ab-87905b5c1018.png?v=1728895416,USD,539.99,new,Yellow,"TSAR BOMBA WATCH Barrel Type",male,"Products source-US3-Men's Watch","Atomic Series",500~1000,45mm*50.4mm*13.55mm,Fluororubber,,"General:Movement: Japanese Movement, General: Case Material: Stainless Steel, General: Bezel Material: Fluoro Rubber, General:Crystal: Sapphire Crystal, General: Water Resistance:100m, General: Lume: A-Grade Luminous, General: Strap Material: Fluoro Rubber.","Apparel & Accessories > Jewelry > Watches",in_stock,Quartz,717020318144
113495,109230,Tsarbomba,45567587541,https://www.awin1.com/pclick.php?p=45567587541&a=3002879&m=109230,https://images2.productserve.com/?w=200&h=200&bg=white&trim=5&t=letterbox&url=ssl%3Acdn.shopify.com%2Fs%2Ffiles%2F1%2F0540%2F8145%2F4255%2Ffiles%2F22_64bf421d-0632-4737-a739-2c9cfad151e2.png%3Fv%3D1728895414&feedId=113495&k=c64ace8eb18807483bb160fa4b1868514d645951,https://images2.productserve.com/?w=70&h=70&bg=white&trim=5&t=letterbox&url=ssl%3Acdn.shopify.com%2Fs%2Ffiles%2F1%2F0540%2F8145%2F4255%2Ffiles%2F22_64bf421d-0632-4737-a739-2c9cfad151e2.png%3Fv%3D1728895414&feedId=113495&k=c64ace8eb18807483bb160fa4b1868514d645951,544,"Men's Watches",,"TSAR BOMBA WATCH",TB8214FKM-Black,Watches,8214FKM-Black,"TSARBOMBA Atomic TB8214FKM-Black Men’s Fashion Watch, tonneau-style watch, eco-friendly fluororubber bezel and interchangeable accessories, 316L stainless steel case, 10ATM water resistance, luminescent sporty design, embodying youthful style","The TSARBOMBA TB8214FKM-Black Men’s Fashion Watch features a Seiko quartz movement for precise timekeeping and low maintenance costs, eco-friendly fluororubber bezel and interchangeable accessories, eco-friendly fluororubber strap, 5ATM water resistance, and high-quality Grade A luminescent coating. With interchangeable straps, bezels, and crowns, why buy multiple watches when you can own one that lets you switch up your style?","“Eco-friendly fluororubber bezels” “Eco-friendly fluororubber strap” “Interchangeable strap” “Interchangeable bezels” “Interchangeable crowns” “10ATM water resistance” “Grade A luminescent coating” “Trendy watch” “Design your watch”",https://tsarbomba.com/products/tb8214w?variant=44058704183552,https://cdn.shopify.com/s/files/1/0540/8145/4255/files/22_64bf421d-0632-4737-a739-2c9cfad151e2.png?v=1728895414,USD,539.99,new,Black,"TSAR BOMBA WATCH Barrel Type",male,"Products source-US3-Men's Watch","Atomic Series",500~1000,45mm*50.4mm*13.55mm,Fluororubber,https://cdn.shopify.com/s/files/1/0540/8145/4255/files/Atomic-Interchangeable_Calendar_Watch_Fluororubber_Black-1.jpg?v=1724144430，https://cdn.shopify.com/s/files/1/0540/8145/4255/files/Atomic-Interchangeable_Calendar_Watch_Fluororubber_Black-3.jpg?v=1724144513,"General:Movement: Japanese Movement, General: Case Material: Stainless Steel, General: Bezel Material: Fluoro Rubber, General:Crystal: Sapphire Crystal, General: Water Resistance:100m, General: Lume: A-Grade Luminous, General: Strap Material: Fluoro Rubber.","Apparel & Accessories > Jewelry > Watches",in_stock,Quartz,717020318151
113495,109230,Tsarbomba,45567587542,https://www.awin1.com/pclick.php?p=45567587542&a=3002879&m=109230,https://images2.productserve.com/?w=200&h=200&bg=white&trim=5&t=letterbox&url=ssl%3Acdn.shopify.com%2Fs%2Ffiles%2F1%2F0540%2F8145%2F4255%2Ffiles%2F23_c853ac85-cfd7-4817-9023-7d8f9163297e.png%3Fv%3D1728895417&feedId=113495&k=61db2230fc5036099cfffbb2fd9febda4005779c,https://images2.productserve.com/?w=70&h=70&bg=white&trim=5&t=letterbox&url=ssl%3Acdn.shopify.com%2Fs%2Ffiles%2F1%2F0540%2F8145%2F4255%2Ffiles%2F23_c853ac85-cfd7-4817-9023-7d8f9163297e.png%3Fv%3D1728895417&feedId=113495&k=61db2230fc5036099cfffbb2fd9febda4005779c,544,"Men's Watches",,"TSAR BOMBA WATCH",TB8214FKM-Blue,Watches,8214FKM-Blue,"TSARBOMBA Atomic TB8214FKM-Blue Men’s Fashion Watch, tonneau-style watch, eco-friendly fluororubber bezel and interchangeable accessories, 316L stainless steel case, 10ATM water resistance, luminescent sporty design, embodying youthful style","The TSARBOMBA TB8214FKM-Blue Men’s Fashion Watch features a Seiko quartz movement for precise timekeeping and low maintenance costs, eco-friendly fluororubber bezel and interchangeable accessories, eco-friendly fluororubber strap, 5ATM water resistance, and high-quality Grade A luminescent coating. With interchangeable straps, bezels, and crowns, why buy multiple watches when you can own one that lets you switch up your style?","“Eco-friendly fluororubber bezels” “Eco-friendly fluororubber strap” “Interchangeable strap” “Interchangeable bezels” “Interchangeable crowns” “10ATM water resistance” “Grade A luminescent coating” “Trendy watch” “Design your watch”",https://tsarbomba.com/products/tb8214w?variant=44058704216320,https://cdn.shopify.com/s/files/1/0540/8145/4255/files/23_c853ac85-cfd7-4817-9023-7d8f9163297e.png?v=1728895417,USD,539.99,new,Blue,"TSAR BOMBA WATCH Barrel Type",male,"Products source-US3-Men's Watch","Atomic Series",500~1000,45mm*50.4mm*13.55mm,"Fluoro Rubber",https://cdn.shopify.com/s/files/1/0540/8145/4255/files/Atomic-Interchangeable_Calendar_Watch_Fluororubber_Blue-1.jpg?v=1724144584,"General:Movement: Japanese Movement, General: Case Material: Stainless Steel, General: Bezel Material: Fluoro Rubber, General:Crystal: Sapphire Crystal, General: Water Resistance:100m, General: Lume: A-Grade Luminous, General: Strap Material: Fluoro Rubber.","Apparel & Accessories > Jewelry > Watches",in_stock,Quartz,717020318175
113495,109230,Tsarbomba,45567587543,https://www.awin1.com/pclick.php?p=45567587543&a=3002879&m=109230,https://images2.productserve.com/?w=200&h=200&bg=white&trim=5&t=letterbox&url=ssl%3Acdn.shopify.com%2Fs%2Ffiles%2F1%2F0540%2F8145%2F4255%2Ffiles%2F24_189375d9-b3b4-4f0a-a484-e57c30625de0.png%3Fv%3D1728895417&feedId=113495&k=d1da71e9457b253d609a0fda9995809bb5bbd3f6,https://images2.productserve.com/?w=70&h=70&bg=white&trim=5&t=letterbox&url=ssl%3Acdn.shopify.com%2Fs%2Ffiles%2F1%2F0540%2F8145%2F4255%2Ffiles%2F24_189375d9-b3b4-4f0a-a484-e57c30625de0.png%3Fv%3D1728895417&feedId=113495&k=d1da71e9457b253d609a0fda9995809bb5bbd3f6,544,"Men's Watches",,"TSAR BOMBA WATCH",TB8214FKM-Green,Watches,8214FKM-Green,"TSARBOMBA Atomic TB8214FKM-Green Men’s Fashion Watch, tonneau-style watch, eco-friendly fluororubber bezel and interchangeable accessories, 316L stainless steel case, 10ATM water resistance, luminescent sporty design, embodying youthful style","The TSARBOMBATB8214FKM-Green Men’s Fashion Watch features a Seiko quartz movement for precise timekeeping and low maintenance costs, eco-friendly fluororubber bezel and interchangeable accessories, eco-friendly fluororubber strap, 5ATM water resistance, and high-quality Grade A luminescent coating. With interchangeable straps, bezels, and crowns, why buy multiple watches when you can own one that lets you switch up your style?","“Eco-friendly fluororubber bezels” “Eco-friendly fluororubber strap” “Interchangeable strap” “Interchangeable bezels” “Interchangeable crowns” “10ATM water resistance” “Grade A luminescent coating” “Trendy watch” “Design your watch”",https://tsarbomba.com/products/tb8214w?variant=44058704249088,https://cdn.shopify.com/s/files/1/0540/8145/4255/files/24_189375d9-b3b4-4f0a-a484-e57c30625de0.png?v=1728895417,USD,539.99,new,Green,"TSAR BOMBA WATCH Barrel Type",male,"Products source-US3-Men's Watch","Atomic Series",500~1000,45mm*50.4mm*13.55mm,"Fluoro Rubber",,"General:Movement: Japanese Movement, General: Case Material: Stainless Steel, General: Bezel Material: Fluoro Rubber, General:Crystal: Sapphire Crystal, General: Water Resistance:100m, General: Lume: A-Grade Luminous, General: Strap Material: Fluoro Rubber.","Apparel & Accessories > Jewelry > Watches",in_stock,Quartz,717020318182
113495,109230,Tsarbomba,45567587544,https://www.awin1.com/pclick.php?p=45567587544&a=3002879&m=109230,https://images2.productserve.com/?w=200&h=200&bg=white&trim=5&t=letterbox&url=ssl%3Acdn.shopify.com%2Fs%2Ffiles%2F1%2F0540%2F8145%2F4255%2Ffiles%2F25_cba15505-5a59-429f-a915-a72975d68179.png%3Fv%3D1728895416&feedId=113495&k=aff9e4f7ff59ad5241ad07aa542916314612eb64,https://images2.productserve.com/?w=70&h=70&bg=white&trim=5&t=letterbox&url=ssl%3Acdn.shopify.com%2Fs%2Ffiles%2F1%2F0540%2F8145%2F4255%2Ffiles%2F25_cba15505-5a59-429f-a915-a72975d68179.png%3Fv%3D1728895416&feedId=113495&k=aff9e4f7ff59ad5241ad07aa542916314612eb64,544,"Men's Watches",,"TSAR BOMBA WATCH","TB8214FKM-Light Blue",Watches,"8214FKM-Light Blue","TSARBOMBA Atomic TB8214FKM-Light Blue Men’s Fashion Watch, tonneau-style watch, eco-friendly fluororubber bezel and interchangeable accessories, 316L stainless steel case, 10ATM water resistance, luminescent sporty design, embodying youthful style","The TSARBOMBA TB8214FKM-Light Blue Men’s Fashion Watch features a Seiko quartz movement for precise timekeeping and low maintenance costs, eco-friendly fluororubber bezel and interchangeable accessories, eco-friendly fluororubber strap, 5ATM water resistance, and high-quality Grade A luminescent coating. With interchangeable straps, bezels, and crowns, why buy multiple watches when you can own one that lets you switch up your style?","“Eco-friendly fluororubber bezels” “Eco-friendly fluororubber strap” “Interchangeable strap” “Interchangeable bezels” “Interchangeable crowns” “10ATM water resistance” “Grade A luminescent coating” “Trendy watch” “Design your watch”",https://tsarbomba.com/products/tb8214w?variant=44058704281856,https://cdn.shopify.com/s/files/1/0540/8145/4255/files/25_cba15505-5a59-429f-a915-a72975d68179.png?v=1728895416,USD,539.99,new,"Light Blue","TSAR BOMBA WATCH Barrel Type",male,"Products source-US3-Men's Watch","Atomic Series",500~1000,45mm*50.4mm*13.55mm,"Fluoro Rubber",,"General:Movement: Japanese Movement, General: Case Material: Stainless Steel, General: Bezel Material: Fluoro Rubber, General:Crystal: Sapphire Crystal, General: Water Resistance:100m, General: Lume: A-Grade Luminous, General: Strap Material: Fluoro Rubber.","Apparel & Accessories > Jewelry > Watches",in_stock,Quartz,717020318205
113495,109230,Tsarbomba,45567587545,https://www.awin1.com/pclick.php?p=45567587545&a=3002879&m=109230,https://images2.productserve.com/?w=200&h=200&bg=white&trim=5&t=letterbox&url=ssl%3Acdn.shopify.com%2Fs%2Ffiles%2F1%2F0540%2F8145%2F4255%2Ffiles%2F26_a05bd018-f3a7-42d3-8f6d-bee141c56a2d.png%3Fv%3D1728895417&feedId=113495&k=e04f0e56190a8c1cd25c186a00d40af20c9e8838,https://images2.productserve.com/?w=70&h=70&bg=white&trim=5&t=letterbox&url=ssl%3Acdn.shopify.com%2Fs%2Ffiles%2F1%2F0540%2F8145%2F4255%2Ffiles%2F26_a05bd018-f3a7-42d3-8f6d-bee141c56a2d.png%3Fv%3D1728895417&feedId=113495&k=e04f0e56190a8c1cd25c186a00d40af20c9e8838,544,"Men's Watches",,"TSAR BOMBA WATCH",TB8214FKM-Orange,Watches,8214FKM-Orange,"TSARBOMBA Atomic TB8214FKM-Orange Men’s Fashion Watch, tonneau-style watch, eco-friendly fluororubber bezel and interchangeable accessories, 316L stainless steel case, 10ATM water resistance, luminescent sporty design, embodying youthful style","The TSARBOMBA TB8214FKM-Orange Men’s Fashion Watch features a Seiko quartz movement for precise timekeeping and low maintenance costs, eco-friendly fluororubber bezel and interchangeable accessories, eco-friendly fluororubber strap, 5ATM water resistance, and high-quality Grade A luminescent coating. With interchangeable straps, bezels, and crowns, why buy multiple watches when you can own one that lets you switch up your style?","“Eco-friendly fluororubber bezels” “Eco-friendly fluororubber strap” “Interchangeable strap” “Interchangeable bezels” “Interchangeable crowns” “10ATM water resistance” “Grade A luminescent coating” “Trendy watch” “Design your watch”",https://tsarbomba.com/products/tb8214w?variant=44058704314624,https://cdn.shopify.com/s/files/1/0540/8145/4255/files/26_a05bd018-f3a7-42d3-8f6d-bee141c56a2d.png?v=1728895417,USD,539.99,new,Orange,"TSAR BOMBA WATCH Barrel Type",male,"Products source-US3-Men's Watch","Atomic Series",500~1000,45mm*50.4mm*13.55mm,"Fluoro Rubber",https://cdn.shopify.com/s/files/1/0540/8145/4255/files/Atomic-Interchangeable_Calendar_Watch_Fluororubber_Orange-1.jpg?v=1724145488,"General:Movement: Japanese Movement, General: Case Material: Stainless Steel, General: Bezel Material: Fluoro Rubber, General:Crystal: Sapphire Crystal, General: Water Resistance:100m, General: Lume: A-Grade Luminous, General: Strap Material: Fluoro Rubber.","Apparel & Accessories > Jewelry > Watches",in_stock,Quartz,717020318212
113495,109230,Tsarbomba,45567587546,https://www.awin1.com/pclick.php?p=45567587546&a=3002879&m=109230,https://images2.productserve.com/?w=200&h=200&bg=white&trim=5&t=letterbox&url=ssl%3Acdn.shopify.com%2Fs%2Ffiles%2F1%2F0540%2F8145%2F4255%2Ffiles%2F27_c38b3488-4e63-411f-ba60-454f058c0e6e.png%3Fv%3D1728895417&feedId=113495&k=c1ce7989c023ee824a9d60fb00ba84b6071186fc,https://images2.productserve.com/?w=70&h=70&bg=white&trim=5&t=letterbox&url=ssl%3Acdn.shopify.com%2Fs%2Ffiles%2F1%2F0540%2F8145%2F4255%2Ffiles%2F27_c38b3488-4e63-411f-ba60-454f058c0e6e.png%3Fv%3D1728895417&feedId=113495&k=c1ce7989c023ee824a9d60fb00ba84b6071186fc,544,"Men's Watches",,"TSAR BOMBA WATCH",TB8214FKM-Red,Watches,8214FKM-Red,"TSARBOMBA Atomic TB8214FKM-Red Men’s Fashion Watch, tonneau-style watch, eco-friendly fluororubber bezel and interchangeable accessories, 316L stainless steel case, 10ATM water resistance, luminescent sporty design, embodying youthful style","The TSARBOMBA TB8214FKM-Red Men’s Fashion Watch features a Seiko quartz movement for precise timekeeping and low maintenance costs, eco-friendly fluororubber bezel and interchangeable accessories, eco-friendly fluororubber strap, 5ATM water resistance, and high-quality Grade A luminescent coating. With interchangeable straps, bezels, and crowns, why buy multiple watches when you can own one that lets you switch up your style?","“Eco-friendly fluororubber bezels” “Eco-friendly fluororubber strap” “Interchangeable strap” “Interchangeable bezels” “Interchangeable crowns” “10ATM water resistance” “Grade A luminescent coating” “Trendy watch” “Design your watch”",https://tsarbomba.com/products/tb8214w?variant=44058704347392,https://cdn.shopify.com/s/files/1/0540/8145/4255/files/27_c38b3488-4e63-411f-ba60-454f058c0e6e.png?v=1728895417,USD,539.99,new,Red,"TSAR BOMBA WATCH Barrel Type",male,"Products source-US3-Men's Watch","Atomic Series",500~1000,45mm*50.4mm*13.55mm,"Fluoro Rubber",,"General:Movement: Japanese Movement, General: Case Material: Stainless Steel, General: Bezel Material: Fluoro Rubber, General:Crystal: Sapphire Crystal, General: Water Resistance:100m, General: Lume: A-Grade Luminous, General: Strap Material: Fluoro Rubber.","Apparel & Accessories > Jewelry > Watches",in_stock,Quartz,717020318236
113495,109230,Tsarbomba,45567587547,https://www.awin1.com/pclick.php?p=45567587547&a=3002879&m=109230,https://images2.productserve.com/?w=200&h=200&bg=white&trim=5&t=letterbox&url=ssl%3Acdn.shopify.com%2Fs%2Ffiles%2F1%2F0540%2F8145%2F4255%2Ffiles%2F28_6da1b404-4be6-4c51-8cc6-299e5d6f4f3a.png%3Fv%3D1728895414&feedId=113495&k=63358bcdfa0e860131116a5d8828f895218f0c43,https://images2.productserve.com/?w=70&h=70&bg=white&trim=5&t=letterbox&url=ssl%3Acdn.shopify.com%2Fs%2Ffiles%2F1%2F0540%2F8145%2F4255%2Ffiles%2F28_6da1b404-4be6-4c51-8cc6-299e5d6f4f3a.png%3Fv%3D1728895414&feedId=113495&k=63358bcdfa0e860131116a5d8828f895218f0c43,544,"Men's Watches",,"TSAR BOMBA WATCH",TB8214FKM-White,Watches,8214FKM-White,"TSARBOMBA Atomic TB8214FKM-White Men’s Fashion Watch, tonneau-style watch, eco-friendly fluororubber bezel and interchangeable accessories, 316L stainless steel case, 10ATM water resistance, luminescent sporty design, embodying youthful style","The TSARBOMBA TB8214FKM-White Men’s Fashion Watch features a Seiko quartz movement for precise timekeeping and low maintenance costs, eco-friendly fluororubber bezel and interchangeable accessories, eco-friendly fluororubber strap, 5ATM water resistance, and high-quality Grade A luminescent coating. With interchangeable straps, bezels, and crowns, why buy multiple watches when you can own one that lets you switch up your style?","“Eco-friendly fluororubber bezels” “Eco-friendly fluororubber strap” “Interchangeable strap” “Interchangeable bezels” “Interchangeable crowns” “10ATM water resistance” “Grade A luminescent coating” “Trendy watch” “Design your watch”",https://tsarbomba.com/products/tb8214w?variant=44058704380160,https://cdn.shopify.com/s/files/1/0540/8145/4255/files/28_6da1b404-4be6-4c51-8cc6-299e5d6f4f3a.png?v=1728895414,USD,539.99,new,White,"TSAR BOMBA WATCH Barrel Type",male,"Products source-US3-Men's Watch","Atomic Series",500~1000,45mm*50.4mm*13.55mm,"Fluoro Rubber",https://cdn.shopify.com/s/files/1/0540/8145/4255/files/Atomic-Interchangeable_Calendar_Watch_Fluororubber_White-1.jpg?v=1724146639，https://cdn.shopify.com/s/files/1/0540/8145/4255/files/Atomic-Interchangeable_Calendar_Watch_Fluororubber_White-2.jpg?v=1724146654,"General:Movement: Japanese Movement, General: Case Material: Stainless Steel, General: Bezel Material: Fluoro Rubber, General:Crystal: Sapphire Crystal, General: Water Resistance:100m, General: Lume: A-Grade Luminous, General: Strap Material: Fluoro Rubber.","Apparel & Accessories > Jewelry > Watches",in_stock,Quartz,717020318243
113495,109230,Tsarbomba,45567587548,https://www.awin1.com/pclick.php?p=45567587548&a=3002879&m=109230,https://images2.productserve.com/?w=200&h=200&bg=white&trim=5&t=letterbox&url=ssl%3Acdn.shopify.com%2Fs%2Ffiles%2F1%2F0540%2F8145%2F4255%2Ffiles%2F29_944d46c7-6bb1-4f84-93f4-71ab23cf059d.png%3Fv%3D1728895417&feedId=113495&k=582bace980264c7dc2cb3124e545a2526ab5bb89,https://images2.productserve.com/?w=70&h=70&bg=white&trim=5&t=letterbox&url=ssl%3Acdn.shopify.com%2Fs%2Ffiles%2F1%2F0540%2F8145%2F4255%2Ffiles%2F29_944d46c7-6bb1-4f84-93f4-71ab23cf059d.png%3Fv%3D1728895417&feedId=113495&k=582bace980264c7dc2cb3124e545a2526ab5bb89,544,"Men's Watches",,"TSAR BOMBA WATCH",TB8214FKM-Yellow,Watches,8214FKM-Yellow,"TSARBOMBA Atomic TB8214FKM-Yellow Men’s Fashion Watch, tonneau-style watch, eco-friendly fluororubber bezel and interchangeable accessories, 316L stainless steel case, 10ATM water resistance, luminescent sporty design, embodying youthful style","The TSARBOMBA TB8214FKM-Yellow Men’s Fashion Watch features a Seiko quartz movement for precise timekeeping and low maintenance costs, eco-friendly fluororubber bezel and interchangeable accessories, eco-friendly fluororubber strap, 5ATM water resistance, and high-quality Grade A luminescent coating. With interchangeable straps, bezels, and crowns, why buy multiple watches when you can own one that lets you switch up your style?","“Eco-friendly fluororubber bezels” “Eco-friendly fluororubber strap” “Interchangeable strap” “Interchangeable bezels” “Interchangeable crowns” “10ATM water resistance” “Grade A luminescent coating” “Trendy watch” “Design your watch”",https://tsarbomba.com/products/tb8214w?variant=44058704412928,https://cdn.shopify.com/s/files/1/0540/8145/4255/files/29_944d46c7-6bb1-4f84-93f4-71ab23cf059d.png?v=1728895417,USD,539.99,new,Yellow,"TSAR BOMBA WATCH Barrel Type",male,"Products source-US3-Men's Watch","Atomic Series",500~1000,45mm*50.4mm*13.55mm,"Fluoro Rubber",,"General:Movement: Japanese Movement, General: Case Material: Stainless Steel, General: Bezel Material: Fluoro Rubber, General:Crystal: Sapphire Crystal, General: Water Resistance:100m, General: Lume: A-Grade Luminous, General: Strap Material: Fluoro Rubber.","Apparel & Accessories > Jewelry > Watches",in_stock,Quartz,717020318267
113495,109230,Tsarbomba,45567587549,https://www.awin1.com/pclick.php?p=45567587549&a=3002879&m=109230,https://images2.productserve.com/?w=200&h=200&bg=white&trim=5&t=letterbox&url=ssl%3Acdn.shopify.com%2Fs%2Ffiles%2F1%2F0540%2F8145%2F4255%2Ffiles%2F30_dbcbbaa6-1903-4c3c-92d9-b4a52abd5be7.png%3Fv%3D1728895415&feedId=113495&k=58ad7cf9fefae2b4149401fad8d8c86e99192cdc,https://images2.productserve.com/?w=70&h=70&bg=white&trim=5&t=letterbox&url=ssl%3Acdn.shopify.com%2Fs%2Ffiles%2F1%2F0540%2F8145%2F4255%2Ffiles%2F30_dbcbbaa6-1903-4c3c-92d9-b4a52abd5be7.png%3Fv%3D1728895415&feedId=113495&k=58ad7cf9fefae2b4149401fad8d8c86e99192cdc,544,"Men's Watches",,"TSAR BOMBA WATCH",TB8214A-Black,Watches,8214A-Black,"TSARBOMBA Atomic TB8214A-Black Men’s Fashion Watch, tonneau-style watch, 316L stainless steel bezel and interchangeable accessories, 316L stainless steel case, 10ATM water resistance, luminescent sporty design, embodying youthful style","The TSARBOMBA TB8214A-Black Men’s Fashion Watch features a Seiko quartz movement for precise timekeeping and low maintenance costs, 316L stainless steel bezel and interchangeable accessories, eco-friendly fluororubber strap, 10ATM water resistance, and high-quality Grade A luminescent coating. With interchangeable straps, bezels, and crowns, why buy multiple watches when you can own one that lets you switch up your style?","“Eco-friendly fluororubber strap” “Interchangeable strap” “Interchangeable bezels” “Interchangeable crowns” “10ATM water resistance” “Grade A luminescent coating” “Trendy watch” “Design your watch”",https://tsarbomba.com/products/tb8214w?variant=44058704445696,https://cdn.shopify.com/s/files/1/0540/8145/4255/files/30_dbcbbaa6-1903-4c3c-92d9-b4a52abd5be7.png?v=1728895415,USD,510.99,new,Black,"TSAR BOMBA WATCH Barrel Type",male,"Products source-US3-Men's Watch","Atomic Series",500~1000,45mm*50.4mm*13.55mm,"316L Stainless Steel",,"General:Movement: Japanese Movement, General: Case Material: Stainless Steel, General: Bezel Material: Stainless Steel, General:Crystal: Sapphire Crystal, General: Water Resistance:100m, General: Lume: A-Grade Luminous, General: Strap Material: Fluoro Rubber.","Apparel & Accessories > Jewelry > Watches",in_stock,Quartz,717020318274
113495,109230,Tsarbomba,45567587550,https://www.awin1.com/pclick.php?p=45567587550&a=3002879&m=109230,https://images2.productserve.com/?w=200&h=200&bg=white&trim=5&t=letterbox&url=ssl%3Acdn.shopify.com%2Fs%2Ffiles%2F1%2F0540%2F8145%2F4255%2Ffiles%2F31_b0fc6ff4-65b4-4d46-b347-bdcaa1da406f.png%3Fv%3D1728895416&feedId=113495&k=8383a3765e1cb1b2092e0b7e88543fd689803b80,https://images2.productserve.com/?w=70&h=70&bg=white&trim=5&t=letterbox&url=ssl%3Acdn.shopify.com%2Fs%2Ffiles%2F1%2F0540%2F8145%2F4255%2Ffiles%2F31_b0fc6ff4-65b4-4d46-b347-bdcaa1da406f.png%3Fv%3D1728895416&feedId=113495&k=8383a3765e1cb1b2092e0b7e88543fd689803b80,544,"Men's Watches",,"TSAR BOMBA WATCH","TB8214A-Rose Gold",Watches,"8214A-Rose Gold","TSARBOMBA Atomic TB8214A-Rose Gold Men’s Fashion Watch, tonneau-style watch, 316L stainless steel bezel and interchangeable accessories, 316L stainless steel case, 10ATM water resistance, luminescent sporty design, embodying youthful style","The TSARBOMBA TB8214A-Rose Gold Men’s Fashion Watch features a Seiko quartz movement for precise timekeeping and low maintenance costs, 316L stainless steel bezel and interchangeable accessories, eco-friendly fluororubber strap, 10ATM water resistance, and high-quality Grade A luminescent coating. With interchangeable straps, bezels, and crowns, why buy multiple watches when you can own one that lets you switch up your style?","“Eco-friendly fluororubber strap” “Interchangeable strap” “Interchangeable bezels” “Interchangeable crowns” “10ATM water resistance” “Grade A luminescent coating” “Trendy watch” “Design your watch”",https://tsarbomba.com/products/tb8214w?variant=44058704478464,https://cdn.shopify.com/s/files/1/0540/8145/4255/files/31_b0fc6ff4-65b4-4d46-b347-bdcaa1da406f.png?v=1728895416,USD,510.99,new,"Rose Gold","TSAR BOMBA WATCH Barrel Type",male,"Products source-US3-Men's Watch","Atomic Series",500~1000,45mm*50.4mm*13.55mm,"316L Stainless Steel",,"General:Movement: Japanese Movement, General: Case Material: Stainless Steel, General: Bezel Material: Stainless Steel, General:Crystal: Sapphire Crystal, General: Water Resistance:100m, General: Lume: A-Grade Luminous, General: Strap Material: Fluoro Rubber.","Apparel & Accessories > Jewelry > Watches",in_stock,Quartz,717020318298
113495,109230,Tsarbomba,45567587551,https://www.awin1.com/pclick.php?p=45567587551&a=3002879&m=109230,https://images2.productserve.com/?w=200&h=200&bg=white&trim=5&t=letterbox&url=ssl%3Acdn.shopify.com%2Fs%2Ffiles%2F1%2F0540%2F8145%2F4255%2Ffiles%2F32_a7d042ec-33eb-471f-a67f-0e61790c830a.png%3Fv%3D1728895417&feedId=113495&k=6a612d0dfc77e4beee5659cf504c7b7e6e40cc06,https://images2.productserve.com/?w=70&h=70&bg=white&trim=5&t=letterbox&url=ssl%3Acdn.shopify.com%2Fs%2Ffiles%2F1%2F0540%2F8145%2F4255%2Ffiles%2F32_a7d042ec-33eb-471f-a67f-0e61790c830a.png%3Fv%3D1728895417&feedId=113495&k=6a612d0dfc77e4beee5659cf504c7b7e6e40cc06,544,"Men's Watches",,"TSAR BOMBA WATCH",TB8214A-Silver,Watches,8214A-Silver,"TSARBOMBA Atomic TB8214A-Silver Men’s Fashion Watch, tonneau-style watch, 316L stainless steel bezel and interchangeable accessories, 316L stainless steel case, 10ATM water resistance, luminescent sporty design, embodying youthful style","The TSARBOMBA TB8214A-Silver Men’s Fashion Watch features a Seiko quartz movement for precise timekeeping and low maintenance costs, 316L stainless steel bezel and interchangeable accessories, eco-friendly fluororubber strap, 10ATM water resistance, and high-quality Grade A luminescent coating. With interchangeable straps, bezels, and crowns, why buy multiple watches when you can own one that lets you switch up your style?","“Eco-friendly fluororubber strap” “Interchangeable strap” “Interchangeable bezels” “Interchangeable crowns” “10ATM water resistance” “Grade A luminescent coating” “Trendy watch” “Design your watch”",https://tsarbomba.com/products/tb8214w?variant=44058704511232,https://cdn.shopify.com/s/files/1/0540/8145/4255/files/32_a7d042ec-33eb-471f-a67f-0e61790c830a.png?v=1728895417,USD,510.99,new,silver,"TSAR BOMBA WATCH Barrel Type",male,"Products source-US3-Men's Watch","Atomic Series",500~1000,45mm*50.4mm*13.55mm,"316L Stainless Steel",,"General:Movement: Japanese Movement, General: Case Material: Stainless Steel, General: Bezel Material: Stainless Steel, General:Crystal: Sapphire Crystal, General: Water Resistance:100m, General: Lume: A-Grade Luminous, General: Strap Material: Fluoro Rubber.","Apparel & Accessories > Jewelry > Watches",in_stock,Quartz,717020318304
113495,109230,Tsarbomba,45567587552,https://www.awin1.com/pclick.php?p=45567587552&a=3002879&m=109230,https://images2.productserve.com/?w=200&h=200&bg=white&trim=5&t=letterbox&url=ssl%3Acdn.shopify.com%2Fs%2Ffiles%2F1%2F0540%2F8145%2F4255%2Ffiles%2FCF-White_44f63492-bc81-4580-a636-87682c3153d7.png%3Fv%3D1768810199&feedId=113495&k=849ff01de25dfd9be59f5c8fd9305701edd337c4,https://images2.productserve.com/?w=70&h=70&bg=white&trim=5&t=letterbox&url=ssl%3Acdn.shopify.com%2Fs%2Ffiles%2F1%2F0540%2F8145%2F4255%2Ffiles%2FCF-White_44f63492-bc81-4580-a636-87682c3153d7.png%3Fv%3D1768810199&feedId=113495&k=849ff01de25dfd9be59f5c8fd9305701edd337c4,544,"Men's Watches",,"TSAR BOMBA WATCH",TB8214CF-White,Watches,TB8214CF-White,"TSARBOMBA Atomic TB8214CF-white Men's Fashion Watch, tonneau-style, carbon fiber bezel and interchangeable accessories, 316L stainless steel case, 10ATM water resistance, high-quality Grade A luminescent coating","The TSARBOMBA TB8214CF-white Men’s Fashion Watch features a Seiko quartz movement for precise timekeeping and low maintenance costs, a carbon fiber bezel and interchangeable accessories, an eco-friendly fluororubber strap, 10ATM water resistance, and a premium Grade A luminescent coating. Interchangeable strap, bezel, and crown. Instead of buying multiple watches, why not own one that lets you switch up your style? Keep expressing your true self","“Carbon fiber bezel” “Eco-friendly fluororubber strap” “Interchangeable strap” “Interchangeable bezels” “Interchangeable crowns” “10 ATM water resistance” “Grade A luminescent coating” “Trendy watch” “Design your watch”",https://tsarbomba.com/products/tb8214w?variant=44058703593728,https://cdn.shopify.com/s/files/1/0540/8145/4255/files/CF-White_44f63492-bc81-4580-a636-87682c3153d7.png?v=1768810199,USD,630,new,white,"TSAR BOMBA WATCH Barrel Type",male,"Products source-US3-Men's Watch","Atomic Series",500~1000,45mm*50.4mm*13.55mm,"Carbon Fiber",https://cdn.shopify.com/s/files/1/0540/8145/4255/files/CF-White_14f96a14-377f-448e-bdc4-052a2127df16.png?v=1768810199,"General:Movement: Japanese Movement, General: Case Material: Stainless Steel, General: Bezel Material: Carbon Fiber, General:Crystal: Sapphire Crystal, General: Water Resistance:100m, General: Lume: A-Grade Luminous, General: Strap Material: Fluoro Rubber.","Apparel & Accessories > Jewelry > Watches",in_stock,Quartz,717020317871
113495,109230,Tsarbomba,45567587553,https://www.awin1.com/pclick.php?p=45567587553&a=3002879&m=109230,https://images2.productserve.com/?w=200&h=200&bg=white&trim=5&t=letterbox&url=ssl%3Acdn.shopify.com%2Fs%2Ffiles%2F1%2F0540%2F8145%2F4255%2Ffiles%2FCF-Black_917168c4-2994-4596-b235-a7a592948b61.png%3Fv%3D1760600538&feedId=113495&k=aece6fc875581c46d2a413f9dfd6e9aee17cae11,https://images2.productserve.com/?w=70&h=70&bg=white&trim=5&t=letterbox&url=ssl%3Acdn.shopify.com%2Fs%2Ffiles%2F1%2F0540%2F8145%2F4255%2Ffiles%2FCF-Black_917168c4-2994-4596-b235-a7a592948b61.png%3Fv%3D1760600538&feedId=113495&k=aece6fc875581c46d2a413f9dfd6e9aee17cae11,544,"Men's Watches",,"TSAR BOMBA WATCH",TB8214CF-Black,Watches,TB8214CF-Black,"TSARBOMBA Atomic TB8214CF-Black Men's Fashion Watch, tonneau-style, carbon fiber bezel and interchangeable accessories, 316L stainless steel case, 10ATM water resistance, high-quality Grade A luminescent coating","The TSARBOMBA TB8214CF-Black Men’s Fashion Watch features a Seiko quartz movement for precise timekeeping and low maintenance costs, a carbon fiber bezel and interchangeable accessories, an eco-friendly fluororubber strap, 10ATM water resistance, and a premium Grade A luminescent coating. Interchangeable strap, bezel, and crown. Instead of buying multiple watches, why not own one that lets you switch up your style? Keep expressing your true self","“Carbon fiber bezel” “Eco-friendly fluororubber strap” “Interchangeable strap” “Interchangeable bezels” “Interchangeable crowns” “10 ATM water resistance” “Grade A luminescent coating” “Trendy watch” “Design your watch”",https://tsarbomba.com/products/tb8214w?variant=44058703560960,https://cdn.shopify.com/s/files/1/0540/8145/4255/files/CF-Black_917168c4-2994-4596-b235-a7a592948b61.png?v=1760600538,USD,630,new,black,"TSAR BOMBA WATCH Barrel Type",male,"Products source-US3-Men's Watch","Atomic Series",500~1000,45mm*50.4mm*13.55mm,"Carbon Fiber","https://cdn.shopify.com/s/files/1/0540/8145/4255/files/CF-Black_41619b3e-9fba-442d-9eb1-c87b82e0d61f.png?v=1760600538,https://cdn.shopify.com/s/files/1/0540/8145/4255/files/CF-Black_300f2ee6-7a14-4561-9c07-b00ae842005f.png?v=1760600538","General:Movement: Japanese Movement, General: Case Material: Stainless Steel, General: Bezel Material: Carbon Fiber, General:Crystal: Sapphire Crystal, General: Water Resistance:100m, General: Lume: A-Grade Luminous, General: Strap Material: Fluoro Rubber.","Apparel & Accessories > Jewelry > Watches",in_stock,Quartz,717020317888
113495,109230,Tsarbomba,45567587554,https://www.awin1.com/pclick.php?p=45567587554&a=3002879&m=109230,https://images2.productserve.com/?w=200&h=200&bg=white&trim=5&t=letterbox&url=ssl%3Acdn.shopify.com%2Fs%2Ffiles%2F1%2F0540%2F8145%2F4255%2Ffiles%2FCF-Red_51a3dc69-7ee1-4495-85b7-1999d31c6f1b.png%3Fv%3D1760600538&feedId=113495&k=ef1071cff40ac9874004d75c495938c1e1923049,https://images2.productserve.com/?w=70&h=70&bg=white&trim=5&t=letterbox&url=ssl%3Acdn.shopify.com%2Fs%2Ffiles%2F1%2F0540%2F8145%2F4255%2Ffiles%2FCF-Red_51a3dc69-7ee1-4495-85b7-1999d31c6f1b.png%3Fv%3D1760600538&feedId=113495&k=ef1071cff40ac9874004d75c495938c1e1923049,544,"Men's Watches",,"TSAR BOMBA WATCH",TB8214CF-RED,Watches,TB8214CF-RED,"TSARBOMBA Atomic TB8214CF-RED Men's Fashion Watch, tonneau-style, carbon fiber bezel and interchangeable accessories, 316L stainless steel case, 10ATM water resistance, high-quality Grade A luminescent coating","The TSARBOMBA TB8214CF-RED Men’s Fashion Watch features a Seiko quartz movement for precise timekeeping and low maintenance costs, a carbon fiber bezel and interchangeable accessories, an eco-friendly fluororubber strap, 10ATM water resistance, and a premium Grade A luminescent coating. Interchangeable strap, bezel, and crown. Instead of buying multiple watches, why not own one that lets you switch up your style? Keep expressing your true self","“Carbon fiber bezel” “Eco-friendly fluororubber strap” “Interchangeable strap” “Interchangeable bezels” “Interchangeable crowns” “10 ATM water resistance” “Grade A luminescent coating” “Trendy watch” “Design your watch”",https://tsarbomba.com/products/tb8214w?variant=44058703626496,https://cdn.shopify.com/s/files/1/0540/8145/4255/files/CF-Red_51a3dc69-7ee1-4495-85b7-1999d31c6f1b.png?v=1760600538,USD,630,new,red,"TSAR BOMBA WATCH Barrel Type",male,"Products source-US3-Men's Watch","Atomic Series",500~1000,45mm*50.4mm*13.55mm,"Carbon Fiber","https://cdn.shopify.com/s/files/1/0540/8145/4255/files/CF-Red_e3a38e4c-cbb4-43f0-8892-54cbfe4babf4.png?v=1760600538,https://cdn.shopify.com/s/files/1/0540/8145/4255/files/CF-Red_cc51e845-4c0d-408f-bb34-be35602f60d0.png?v=1760600538","General:Movement: Japanese Movement, General: Case Material: Stainless Steel, General: Bezel Material: Carbon Fiber, General:Crystal: Sapphire Crystal, General: Water Resistance:100m, General: Lume: A-Grade Luminous, General: Strap Material: Fluoro Rubber.","Apparel & Accessories > Jewelry > Watches",in_stock,Quartz,717020317901
113495,109230,Tsarbomba,45567587555,https://www.awin1.com/pclick.php?p=45567587555&a=3002879&m=109230,https://images2.productserve.com/?w=200&h=200&bg=white&trim=5&t=letterbox&url=ssl%3Acdn.shopify.com%2Fs%2Ffiles%2F1%2F0540%2F8145%2F4255%2Ffiles%2FCF-Blue_cf770e21-7381-454f-82f7-a690bbafbe62.png%3Fv%3D1760600538&feedId=113495&k=85ac887c50b8dff924ab7bbc6a0caecc6047dd54,https://images2.productserve.com/?w=70&h=70&bg=white&trim=5&t=letterbox&url=ssl%3Acdn.shopify.com%2Fs%2Ffiles%2F1%2F0540%2F8145%2F4255%2Ffiles%2FCF-Blue_cf770e21-7381-454f-82f7-a690bbafbe62.png%3Fv%3D1760600538&feedId=113495&k=85ac887c50b8dff924ab7bbc6a0caecc6047dd54,544,"Men's Watches",,"TSAR BOMBA WATCH",TB8214CF-BLUE,Watches,TB8214CF-BLUE,"TSARBOMBA Atomic TB8214CF-BLUE Men's Fashion Watch, tonneau-style, carbon fiber bezel and interchangeable accessories, 316L stainless steel case, 10ATM water resistance, high-quality Grade A luminescent coating","The TSARBOMBA TB8214CF-BLUE Men’s Fashion Watch features a Seiko quartz movement for precise timekeeping and low maintenance costs, a carbon fiber bezel and interchangeable accessories, an eco-friendly fluororubber strap, 10ATM water resistance, and a premium Grade A luminescent coating. Interchangeable strap, bezel, and crown. Instead of buying multiple watches, why not own one that lets you switch up your style? Keep expressing your true self","“Carbon fiber bezel” “Eco-friendly fluororubber strap” “Interchangeable strap” “Interchangeable bezels” “Interchangeable crowns” “10 ATM water resistance” “Grade A luminescent coating” “Trendy watch” “Design your watch”",https://tsarbomba.com/products/tb8214w?variant=44058703659264,https://cdn.shopify.com/s/files/1/0540/8145/4255/files/CF-Blue_cf770e21-7381-454f-82f7-a690bbafbe62.png?v=1760600538,USD,630,new,blue,"TSAR BOMBA WATCH Barrel Type",male,"Products source-US3-Men's Watch","Atomic Series",500~1000,45mm*50.4mm*13.55mm,"Carbon Fiber","https://cdn.shopify.com/s/files/1/0540/8145/4255/files/CF-Blue.png?v=1760600538,https://cdn.shopify.com/s/files/1/0540/8145/4255/files/CF-Blue_16a0c961-d6b6-40e3-a39a-5e615976b68f.png?v=1760600538","General:Movement: Japanese Movement, General: Case Material: Stainless Steel, General: Bezel Material: Carbon Fiber, General:Crystal: Sapphire Crystal, General: Water Resistance:100m, General: Lume: A-Grade Luminous, General: Strap Material: Fluoro Rubber.","Apparel & Accessories > Jewelry > Watches",in_stock,Quartz,717020317918
113495,109230,Tsarbomba,45567587556,https://www.awin1.com/pclick.php?p=45567587556&a=3002879&m=109230,https://images2.productserve.com/?w=200&h=200&bg=white&trim=5&t=letterbox&url=ssl%3Acdn.shopify.com%2Fs%2Ffiles%2F1%2F0540%2F8145%2F4255%2Ffiles%2F7_b3662b13-246f-4f2a-a6ba-f0b1f690dedd.png%3Fv%3D1760600538&feedId=113495&k=eed39b969db03409f673811baa66104c9f56bf85,https://images2.productserve.com/?w=70&h=70&bg=white&trim=5&t=letterbox&url=ssl%3Acdn.shopify.com%2Fs%2Ffiles%2F1%2F0540%2F8145%2F4255%2Ffiles%2F7_b3662b13-246f-4f2a-a6ba-f0b1f690dedd.png%3Fv%3D1760600538&feedId=113495&k=eed39b969db03409f673811baa66104c9f56bf85,544,"Men's Watches",,"TSAR BOMBA WATCH","TB8214CF-GLOD BLACK",Watches,"TB8214CF-GLOD BLACK","TSARBOMBA Atomic TB8214CF-GLOD BLACK Men's Fashion Watch, tonneau-style, carbon fiber bezel and interchangeable accessories, 316L stainless steel case, 10ATM water resistance, high-quality Grade A luminescent coating","The TSARBOMBA TB8214CF-GLOD BLACK Men’s Fashion Watch features a Seiko quartz movement for precise timekeeping and low maintenance costs, a carbon fiber bezel and interchangeable accessories, an eco-friendly fluororubber strap, 10ATM water resistance, and a premium Grade A luminescent coating. Interchangeable strap, bezel, and crown. Instead of buying multiple watches, why not own one that lets you switch up your style? Keep expressing your true self","“Carbon fiber bezel” “Eco-friendly fluororubber strap” “Interchangeable strap” “Interchangeable bezels” “Interchangeable crowns” “10 ATM water resistance” “Grade A luminescent coating” “Trendy watch” “Design your watch”",https://tsarbomba.com/products/tb8214w?variant=44058703692032,https://cdn.shopify.com/s/files/1/0540/8145/4255/files/7_b3662b13-246f-4f2a-a6ba-f0b1f690dedd.png?v=1760600538,USD,630,new,"gold black","TSAR BOMBA WATCH Barrel Type",male,"Products source-US3-Men's Watch","Atomic Series",500~1000,45mm*50.4mm*13.55mm,"Carbon Fiber",,"General:Movement: Japanese Movement, General: Case Material: Stainless Steel, General: Bezel Material: Carbon Fiber, General:Crystal: Sapphire Crystal, General: Water Resistance:100m, General: Lume: A-Grade Luminous, General: Strap Material: Fluoro Rubber.","Apparel & Accessories > Jewelry > Watches",in_stock,Quartz,717020317932
113495,109230,Tsarbomba,45567587557,https://www.awin1.com/pclick.php?p=45567587557&a=3002879&m=109230,https://images2.productserve.com/?w=200&h=200&bg=white&trim=5&t=letterbox&url=ssl%3Acdn.shopify.com%2Fs%2Ffiles%2F1%2F0540%2F8145%2F4255%2Ffiles%2FCF-Green_71a08731-f32f-4adc-9b85-6beb60478d8c.png%3Fv%3D1760600538&feedId=113495&k=3ee4f760cbf5f520939cb472ac14b5868966a27b,https://images2.productserve.com/?w=70&h=70&bg=white&trim=5&t=letterbox&url=ssl%3Acdn.shopify.com%2Fs%2Ffiles%2F1%2F0540%2F8145%2F4255%2Ffiles%2FCF-Green_71a08731-f32f-4adc-9b85-6beb60478d8c.png%3Fv%3D1760600538&feedId=113495&k=3ee4f760cbf5f520939cb472ac14b5868966a27b,544,"Men's Watches",,"TSAR BOMBA WATCH",TB8214CF-Green,Watches,TB8214CF-Green,"TSARBOMBA Atomic TB8214CF-Green Men's Fashion Watch, tonneau-style, carbon fiber bezel and interchangeable accessories, 316L stainless steel case, 10ATM water resistance, high-quality Grade A luminescent coating","The TSARBOMBA TB8214CF-Green Men’s Fashion Watch features a Seiko quartz movement for precise timekeeping and low maintenance costs, a carbon fiber bezel and interchangeable accessories, an eco-friendly fluororubber strap, 10ATM water resistance, and a premium Grade A luminescent coating. Interchangeable strap, bezel, and crown. Instead of buying multiple watches, why not own one that lets you switch up your style? Keep expressing your true self","“Carbon fiber bezel” “Eco-friendly fluororubber strap” “Interchangeable strap” “Interchangeable bezels” “Interchangeable crowns” “10 ATM water resistance” “Grade A luminescent coating” “Trendy watch” “Design your watch”",https://tsarbomba.com/products/tb8214w?variant=44058703724800,https://cdn.shopify.com/s/files/1/0540/8145/4255/files/CF-Green_71a08731-f32f-4adc-9b85-6beb60478d8c.png?v=1760600538,USD,630,new,green,"TSAR BOMBA WATCH Barrel Type",male,"Products source-US3-Men's Watch","Atomic Series",500~1000,45mm*50.4mm*13.55mm,"Carbon Fiber","https://cdn.shopify.com/s/files/1/0540/8145/4255/files/CF-Green.png?v=1760600538,https://cdn.shopify.com/s/files/1/0540/8145/4255/files/CF-Green_2648205f-0306-4d2a-b94f-437ff109f99c.png?v=1760600538","General:Movement: Japanese Movement, General: Case Material: Stainless Steel, General: Bezel Material: Carbon Fiber, General:Crystal: Sapphire Crystal, General: Water Resistance:100m, General: Lume: A-Grade Luminous, General: Strap Material: Fluoro Rubber.","Apparel & Accessories > Jewelry > Watches",in_stock,Quartz,717020317949
113495,109230,Tsarbomba,45567587558,https://www.awin1.com/pclick.php?p=45567587558&a=3002879&m=109230,https://images2.productserve.com/?w=200&h=200&bg=white&trim=5&t=letterbox&url=ssl%3Acdn.shopify.com%2Fs%2Ffiles%2F1%2F0540%2F8145%2F4255%2Ffiles%2FCF-Black_Orange_83d9b712-ff1c-4262-a5f8-b7a0c2e863cb.png%3Fv%3D1760600538&feedId=113495&k=cdd67be25070104d4ab03ad1f7b839505154153e,https://images2.productserve.com/?w=70&h=70&bg=white&trim=5&t=letterbox&url=ssl%3Acdn.shopify.com%2Fs%2Ffiles%2F1%2F0540%2F8145%2F4255%2Ffiles%2FCF-Black_Orange_83d9b712-ff1c-4262-a5f8-b7a0c2e863cb.png%3Fv%3D1760600538&feedId=113495&k=cdd67be25070104d4ab03ad1f7b839505154153e,544,"Men's Watches",,"TSAR BOMBA WATCH","TB8214CF-orange black",Watches,"TB8214CF-orange black","TSARBOMBA Atomic TB8214CF-orange black Men's Fashion Watch, tonneau-style, carbon fiber bezel and interchangeable accessories, 316L stainless steel case, 10ATM water resistance, high-quality Grade A luminescent coating","The TSARBOMBA TB8214CF-orange black Men’s Fashion Watch features a Seiko quartz movement for precise timekeeping and low maintenance costs, a carbon fiber bezel and interchangeable accessories, an eco-friendly fluororubber strap, 10ATM water resistance, and a premium Grade A luminescent coating. Interchangeable strap, bezel, and crown. Instead of buying multiple watches, why not own one that lets you switch up your style? Keep expressing your true self","“Carbon fiber bezel” “Eco-friendly fluororubber strap” “Interchangeable strap” “Interchangeable bezels” “Interchangeable crowns” “10 ATM water resistance” “Grade A luminescent coating” “Trendy watch” “Design your watch”",https://tsarbomba.com/products/tb8214w?variant=44058703757568,https://cdn.shopify.com/s/files/1/0540/8145/4255/files/CF-Black_Orange_83d9b712-ff1c-4262-a5f8-b7a0c2e863cb.png?v=1760600538,USD,630,new,"orange black","TSAR BOMBA WATCH Barrel Type",male,"Products source-US3-Men's Watch","Atomic Series",500~1000,45mm*50.4mm*13.55mm,"316L Stainless Steel","https://cdn.shopify.com/s/files/1/0540/8145/4255/files/CF-Black_Orange_e7c5b99b-a341-49d9-93d1-2a367641bc3c.png?v=1760600538,https://cdn.shopify.com/s/files/1/0540/8145/4255/files/CF-Black_Orange_ee046814-87ae-4ae1-9d1b-e909426fe8d4.png?v=1760600538","General:Movement: Japanese Movement, General: Case Material: Stainless Steel, General: Bezel Material: Carbon Fiber, General:Crystal: Sapphire Crystal, General: Water Resistance:100m, General: Lume: A-Grade Luminous, General: Strap Material: Fluoro Rubber.","Apparel & Accessories > Jewelry > Watches",in_stock,Quartz,717020317963
113495,109230,Tsarbomba,45567587559,https://www.awin1.com/pclick.php?p=45567587559&a=3002879&m=109230,https://images2.productserve.com/?w=200&h=200&bg=white&trim=5&t=letterbox&url=ssl%3Acdn.shopify.com%2Fs%2Ffiles%2F1%2F0540%2F8145%2F4255%2Ffiles%2FTB8604-R4.png%3Fv%3D1757663137&feedId=113495&k=5391e2100a47a3ef6cc2fbed65f2abfd68fc72a7,https://images2.productserve.com/?w=70&h=70&bg=white&trim=5&t=letterbox&url=ssl%3Acdn.shopify.com%2Fs%2Ffiles%2F1%2F0540%2F8145%2F4255%2Ffiles%2FTB8604-R4.png%3Fv%3D1757663137&feedId=113495&k=5391e2100a47a3ef6cc2fbed65f2abfd68fc72a7,544,"Men's Watches",,"TSAR BOMBA WATCH",TB8604-01,Watches,TB8604-01,"TSAR BOMBA Men's Swiss Automatic Watch | Dark Matter 4 | Rafael Signed Limited Edition | Meteorite Chronograph Calendar Dial | Carbon Fiber & Titanium Case | 100M Waterproof | Luxury Sport Timepiece","Elevate your collection with the TSAR BOMBA TB8604 Dark Matter 4, an exclusive collaboration with football legend Rafael Márquez. This limited-edition masterpiece merges haute horology with rugged performance.  Key Features:  Swiss SW500 Automatic Movement: Experience unparalleled precision with a premium Swiss-made chronograph movement, featuring three sub-dials and a date function.  Exclusive Meteorite Dial: Each watch is unique, featuring a dial forged from authentic meteorite, offering a cosmic aesthetic that stands out from the crowd.  High-Tech Materials: Crafted with a lightweight, high-strength Carbon Fiber bezel and a durable Titanium case, ensuring comfort and longevity.  Innovative Interchangeable Design: Part of our ""72,670 Ways to Be You"" series. Effortlessly customize your style with quick-release interchangeable bezels, crowns, and straps.  Performance Ready: Rated at 10ATM (100M) water resistance, making it suitable for swimming and water sports. Protected by scratch-resistant Sapphire Crystal with A-level AlphaLuminex for superior night visibility.  Premium FKM Rubber Strap: The military-grade fluoro-rubber strap is heat, sweat, and oil resistant, providing a soft yet secure fit for any adventure.  What’s in the Box: Includes the TB8604 timepiece, an exclusive Rafael Márquez collector’s display box, and a 2-year international warranty.","""Barrel-shaped interchangeable automatic watch"", ""Swiss movement"", ""316L stainless steel case"", “Carbon fiber bezel”, ""Meteorite dial"", ""Sapphire crystal"", ""100m water resistance"", ""A-grade lume"", ""Fluoro rubber strap"".",https://tsarbomba.com/products/tb8604,https://cdn.shopify.com/s/files/1/0540/8145/4255/files/TB8604-R4.png?v=1757663137,USD,4999.9,new,"Red Set","TSAR BOMBA WATCH Barrel Type",male,"Products source-US3-Men's Watch","Dark Matter Series",2000~,43mm*53.5mm*14.5mm,"Carbon Fiber","https://cdn.shopify.com/s/files/1/0540/8145/4255/files/TB8604-Box1.jpg?v=1725611537,https://cdn.shopify.com/s/files/1/0540/8145/4255/files/TB8604B1.jpg?v=1727076951,https://cdn.shopify.com/s/files/1/0540/8145/4255/files/8604BL.jpg?v=1727402682,https://cdn.shopify.com/s/files/1/0540/8145/4255/files/TB8604G.jpg?v=1727076951,https://cdn.shopify.com/s/files/1/0540/8145/4255/files/8604O.jpg?v=1727402659","General:Movement: Swiss Movement, General: Case Material: 316L Stainless Steel, General: Bezel Material: Carbon Fiber, General:Dial: Meteorite Dial, General:Crystal: Sapphire Crystal, General: Water Resistance:100m, General: Lume: A-Grade Luminous, General: Strap Material: Fluoro Rubber.","Apparel & Accessories > Jewelry > Watches",in_stock,Automatic,717298580755
113495,109230,Tsarbomba,45567587560,https://www.awin1.com/pclick.php?p=45567587560&a=3002879&m=109230,https://images2.productserve.com/?w=200&h=200&bg=white&trim=5&t=letterbox&url=ssl%3Acdn.shopify.com%2Fs%2Ffiles%2F1%2F0540%2F8145%2F4255%2Ffiles%2F8208CF-0.png%3Fv%3D1753153125&feedId=113495&k=d88d3768b42e82c383d467a456afd46cf0b7ab09,https://images2.productserve.com/?w=70&h=70&bg=white&trim=5&t=letterbox&url=ssl%3Acdn.shopify.com%2Fs%2Ffiles%2F1%2F0540%2F8145%2F4255%2Ffiles%2F8208CF-0.png%3Fv%3D1753153125&feedId=113495&k=d88d3768b42e82c383d467a456afd46cf0b7ab09,544,"Men's Watches",,"TSAR BOMBA WATCH","TB8208CF-Cool Black",Watches,TB8208CF-08,"TSARBOMBA Elemental TB8208CF Fashion Watch; features a Miyota automatic mechanical movement, a carbon fiber bezel, and a black 316L stainless steel case, reducing overall weight without compromising durability; skeletonized dial with visible movement design; eco-friendly fluororubber strap; 5ATM water resistance; high-quality Grade A luminescent coating,","The TSARBOMBA watches TB8208CF is a must-have fashion timepiece for every trendsetter. Equipped with a reliable Miyota movement, a carbon fiber bezel, and a black 316L stainless steel case, its skeletonized dial and visible movement design highlight the watch’s mechanical power. The fluororubber strap is gentle on the skin, hypoallergenic even with prolonged wear, and water-resistant to 5ATM; High-quality Grade A luminescent coating; TSARBOMBA watches are not just timepieces—they are fashion accessories.","“Miyota movement,” “carbon fiber bezel,” “fluororubber strap,” “high-quality Grade A luminescent coating,” “50m water resistance,” “trendy watch,” “mechanical movement,” "" sapphire crystal,“ ”skeletonized dial,“ ”open-heart movement,“",https://tsarbomba.com/products/tb8208cf?variant=42908746842368,https://cdn.shopify.com/s/files/1/0540/8145/4255/files/8208CF-0.png?v=1753153125,USD,499.99,new,"Cool Black","TSAR BOMBA WATCH Barrel Type",male,"Products source-US3-Men's Watch","Elemental Series",0~500,43mm*50.5mm*15.5mm,"Carbon Fiber","https://cdn.shopify.com/s/files/1/0540/8145/4255/files/8208CF-2_2cfe0b72-7264-4de1-bd44-6b0e0ddb349e.png?v=1753153125,https://cdn.shopify.com/s/files/1/0540/8145/4255/files/8208CF_efb63a73-ad40-4f02-8350-d2dbfb07f891.png?v=1749117628","General:Movement: Japanese 82S0 movement, General: Case Material:316L Stainless Steel, General: Bezel Material: Carbon Fiber, General:Crystal: Sapphire Crystal, General: Water Resistance:50m, General: Lume: A-Grade Luminous, General: Strap Material: Silicone Strap","Apparel & Accessories > Jewelry > Watches",in_stock,Automatic,762704078401
113495,109230,Tsarbomba,45567587561,https://www.awin1.com/pclick.php?p=45567587561&a=3002879&m=109230,https://images2.productserve.com/?w=200&h=200&bg=white&trim=5&t=letterbox&url=ssl%3Acdn.shopify.com%2Fs%2Ffiles%2F1%2F0540%2F8145%2F4255%2Ffiles%2F11_9f14f597-3ba7-4a6a-8080-e5400d911aca.png%3Fv%3D1729648478&feedId=113495&k=2d1b9076df8331d67b2365c22b4773738b5a22a8,https://images2.productserve.com/?w=70&h=70&bg=white&trim=5&t=letterbox&url=ssl%3Acdn.shopify.com%2Fs%2Ffiles%2F1%2F0540%2F8145%2F4255%2Ffiles%2F11_9f14f597-3ba7-4a6a-8080-e5400d911aca.png%3Fv%3D1729648478&feedId=113495&k=2d1b9076df8331d67b2365c22b4773738b5a22a8,544,"Men's Watches",,"TSAR BOMBA WATCH","TB8208CF-Bull Red",Watches,TB8208CF-07,"TSARBOMBA Elemental TB8208CF Fashion Watch; features a Miyota automatic mechanical movement, a carbon fiber bezel, and a black 316L stainless steel case, reducing overall weight without compromising durability; skeletonized dial with visible movement design; eco-friendly fluororubber strap; 5ATM water resistance; high-quality Grade A luminescent coating,","The TSARBOMBA watches TB8208CF is a must-have fashion timepiece for every trendsetter. Equipped with a reliable Miyota movement, a carbon fiber bezel, and a black 316L stainless steel case, its skeletonized dial and visible movement design highlight the watch’s mechanical power. The fluororubber strap is gentle on the skin, hypoallergenic even with prolonged wear, and water-resistant to 5ATM; High-quality Grade A luminescent coating; TSARBOMBA watches are not just timepieces—they are fashion accessories.","""Skeleton barrel-shaped automatic watch"", ""Japanese 82S0 movement"", ""Carbon fiber bezel"", ""316L steel case"", ""Sapphire crystal"", ""50m water resistance"", ""A-grade lume"", ""Silicone strap"".",https://tsarbomba.com/products/tb8208cf?variant=43462391890176,https://cdn.shopify.com/s/files/1/0540/8145/4255/files/11_9f14f597-3ba7-4a6a-8080-e5400d911aca.png?v=1729648478,USD,499.99,new,"Bull Red","TSAR BOMBA WATCH Barrel Type",male,"Products source-US3-Men's Watch","Elemental Series",0~500,43mm*50.5mm*15.5mm,"Carbon Fiber",https://cdn.shopify.com/s/files/1/0540/8145/4255/files/8208CF-11.png?v=1763783839,"General:Movement: Japanese 82S0 movement, General: Case Material:316L Stainless Steel, General: Bezel Material: Carbon Fiber, General:Crystal: Sapphire Crystal, General: Water Resistance:50m, General: Lume: A-Grade Luminous, General: Strap Material: Silicone Strap","Apparel & Accessories > Jewelry > Watches",in_stock,Automatic,762704078470
113495,109230,Tsarbomba,45567587562,https://www.awin1.com/pclick.php?p=45567587562&a=3002879&m=109230,https://images2.productserve.com/?w=200&h=200&bg=white&trim=5&t=letterbox&url=ssl%3Acdn.shopify.com%2Fs%2Ffiles%2F1%2F0540%2F8145%2F4255%2Ffiles%2F8208CF-7.png%3Fv%3D1763783839&feedId=113495&k=988cfbc469faaa08257aceae2b59f37df5f0e169,https://images2.productserve.com/?w=70&h=70&bg=white&trim=5&t=letterbox&url=ssl%3Acdn.shopify.com%2Fs%2Ffiles%2F1%2F0540%2F8145%2F4255%2Ffiles%2F8208CF-7.png%3Fv%3D1763783839&feedId=113495&k=988cfbc469faaa08257aceae2b59f37df5f0e169,544,"Men's Watches",,"TSAR BOMBA WATCH","TB8208CF-Elite White",Watches,TB8208CF-05,"TSARBOMBA Elemental TB8208CF Fashion Watch; features a Miyota automatic mechanical movement, a carbon fiber bezel, and a black 316L stainless steel case, reducing overall weight without compromising durability; skeletonized dial with visible movement design; eco-friendly fluororubber strap; 5ATM water resistance; high-quality Grade A luminescent coating,","The TSARBOMBA watches TB8208CF is a must-have fashion timepiece for every trendsetter. Equipped with a reliable Miyota movement, a carbon fiber bezel, and a black 316L stainless steel case, its skeletonized dial and visible movement design highlight the watch’s mechanical power. The fluororubber strap is gentle on the skin, hypoallergenic even with prolonged wear, and water-resistant to 5ATM; High-quality Grade A luminescent coating; TSARBOMBA watches are not just timepieces—they are fashion accessories.","""Skeleton barrel-shaped automatic watch"", ""Japanese 82S0 movement"", ""Carbon fiber bezel"", ""316L steel case"", ""Sapphire crystal"", ""50m water resistance"", ""A-grade lume"", ""Silicone strap"".",https://tsarbomba.com/products/tb8208cf?variant=43568931766528,https://cdn.shopify.com/s/files/1/0540/8145/4255/files/8208CF-7.png?v=1763783839,USD,499.99,new,"Elite White","TSAR BOMBA WATCH Barrel Type",male,"Products source-US3-Men's Watch","Elemental Series",0~500,43mm*50.5mm*15.5mm,"Carbon Fiber","https://cdn.shopify.com/s/files/1/0540/8145/4255/files/8208CF-2.png?v=1763783839,https://cdn.shopify.com/s/files/1/0540/8145/4255/files/8208CF-1.png?v=1763783839","General:Movement: Japanese 82S0 movement, General: Case Material:316L Stainless Steel, General: Bezel Material: Carbon Fiber, General:Crystal: Sapphire Crystal, General: Water Resistance:50m, General: Lume: A-Grade Luminous, General: Strap Material: Silicone Strap","Apparel & Accessories > Jewelry > Watches",in_stock,Automatic,762704078494
113495,109230,Tsarbomba,45567587563,https://www.awin1.com/pclick.php?p=45567587563&a=3002879&m=109230,https://images2.productserve.com/?w=200&h=200&bg=white&trim=5&t=letterbox&url=ssl%3Acdn.shopify.com%2Fs%2Ffiles%2F1%2F0540%2F8145%2F4255%2Ffiles%2F11_da4005e9-f8bf-47da-a6ef-86e13ecb344a.png%3Fv%3D1763783839&feedId=113495&k=21f1a2e8271f54d4c6f836095c33acce8d173070,https://images2.productserve.com/?w=70&h=70&bg=white&trim=5&t=letterbox&url=ssl%3Acdn.shopify.com%2Fs%2Ffiles%2F1%2F0540%2F8145%2F4255%2Ffiles%2F11_da4005e9-f8bf-47da-a6ef-86e13ecb344a.png%3Fv%3D1763783839&feedId=113495&k=21f1a2e8271f54d4c6f836095c33acce8d173070,544,"Men's Watches",,"TSAR BOMBA WATCH","TB8208CF-Elegant White",Watches,TB8208CF-10,"TSARBOMBA Elemental TB8208CF Fashion Watch; features a Miyota automatic mechanical movement, a carbon fiber bezel, and a black 316L stainless steel case, reducing overall weight without compromising durability; skeletonized dial with visible movement design; eco-friendly fluororubber strap; 5ATM water resistance; high-quality Grade A luminescent coating,","The TSARBOMBA watches TB8208CF is a must-have fashion timepiece for every trendsetter. Equipped with a reliable Miyota movement, a carbon fiber bezel, and a black 316L stainless steel case, its skeletonized dial and visible movement design highlight the watch’s mechanical power. The fluororubber strap is gentle on the skin, hypoallergenic even with prolonged wear, and water-resistant to 5ATM; High-quality Grade A luminescent coating; TSARBOMBA watches are not just timepieces—they are fashion accessories.","""Skeleton barrel-shaped automatic watch"", ""Japanese 82S0 movement"", ""Carbon fiber bezel"", ""316L steel case"", ""Sapphire crystal"", ""50m water resistance"", ""A-grade lume"", ""Silicone strap"".",https://tsarbomba.com/products/tb8208cf?variant=42908754313472,https://cdn.shopify.com/s/files/1/0540/8145/4255/files/11_da4005e9-f8bf-47da-a6ef-86e13ecb344a.png?v=1763783839,USD,499.99,new,"Elegant White","TSAR BOMBA WATCH Barrel Type",male,"Products source-US3-Men's Watch","Elemental Series",0~500,43mm*50.5mm*15.5mm,"Carbon Fiber","https://cdn.shopify.com/s/files/1/0540/8145/4255/files/3_2ae22078-f973-4887-9618-3209f8f4ffcc.png?v=1763783839,https://cdn.shopify.com/s/files/1/0540/8145/4255/files/12_af35561e-e1be-437c-8269-ef4167292128.png?v=1763783839","General:Movement: Japanese 82S0 movement, General: Case Material:316L Stainless Steel, General: Bezel Material: Carbon Fiber, General:Crystal: Sapphire Crystal, General: Water Resistance:50m, General: Lume: A-Grade Luminous, General: Strap Material: Silicone Strap","Apparel & Accessories > Jewelry > Watches",in_stock,Automatic,762704078418
113495,109230,Tsarbomba,45567587564,https://www.awin1.com/pclick.php?p=45567587564&a=3002879&m=109230,https://images2.productserve.com/?w=200&h=200&bg=white&trim=5&t=letterbox&url=ssl%3Acdn.shopify.com%2Fs%2Ffiles%2F1%2F0540%2F8145%2F4255%2Ffiles%2F8208CF-10.png%3Fv%3D1763783839&feedId=113495&k=a1475f79477c4e9a97535028f75c168d9868c6aa,https://images2.productserve.com/?w=70&h=70&bg=white&trim=5&t=letterbox&url=ssl%3Acdn.shopify.com%2Fs%2Ffiles%2F1%2F0540%2F8145%2F4255%2Ffiles%2F8208CF-10.png%3Fv%3D1763783839&feedId=113495&k=a1475f79477c4e9a97535028f75c168d9868c6aa,544,"Men's Watches",,"TSAR BOMBA WATCH","TB8208CF-Passion Red",Watches,TB8208CF-09,"TSARBOMBA Elemental TB8208CF Fashion Watch; features a Miyota automatic mechanical movement, a carbon fiber bezel, and a black 316L stainless steel case, reducing overall weight without compromising durability; skeletonized dial with visible movement design; eco-friendly fluororubber strap; 5ATM water resistance; high-quality Grade A luminescent coating,","The TSARBOMBA watches TB8208CF is a must-have fashion timepiece for every trendsetter. Equipped with a reliable Miyota movement, a carbon fiber bezel, and a black 316L stainless steel case, its skeletonized dial and visible movement design highlight the watch’s mechanical power. The fluororubber strap is gentle on the skin, hypoallergenic even with prolonged wear, and water-resistant to 5ATM; High-quality Grade A luminescent coating; TSARBOMBA watches are not just timepieces—they are fashion accessories.","""Skeleton barrel-shaped automatic watch"", ""Japanese 82S0 movement"", ""Carbon fiber bezel"", ""316L steel case"", ""Sapphire crystal"", ""50m water resistance"", ""A-grade lume"", ""Silicone strap"".",https://tsarbomba.com/products/tb8208cf?variant=42908752281856,https://cdn.shopify.com/s/files/1/0540/8145/4255/files/8208CF-10.png?v=1763783839,USD,499.99,new,"Passion Red","TSAR BOMBA WATCH Barrel Type",male,"Products source-US3-Men's Watch","Elemental Series",0~500,43mm*50.5mm*15.5mm,"Carbon Fiber","https://cdn.shopify.com/s/files/1/0540/8145/4255/files/10_4a4fd7e7-fc35-426c-a5ad-9ce7c09a63d9.png?v=1763783839,https://cdn.shopify.com/s/files/1/0540/8145/4255/files/8208CF-11.png?v=1763783839","General:Movement: Japanese 82S0 movement, General: Case Material:316L Stainless Steel, General: Bezel Material: Carbon Fiber, General:Crystal: Sapphire Crystal, General: Water Resistance:50m, General: Lume: A-Grade Luminous, General: Strap Material: Silicone Strap","Apparel & Accessories > Jewelry > Watches",in_stock,Automatic,762704078425
113495,109230,Tsarbomba,45567587565,https://www.awin1.com/pclick.php?p=45567587565&a=3002879&m=109230,https://images2.productserve.com/?w=200&h=200&bg=white&trim=5&t=letterbox&url=ssl%3Acdn.shopify.com%2Fs%2Ffiles%2F1%2F0540%2F8145%2F4255%2Ffiles%2F8208CF-14.png%3Fv%3D1763783839&feedId=113495&k=eb118f25501e933c9a2fbb201f3019c487488922,https://images2.productserve.com/?w=70&h=70&bg=white&trim=5&t=letterbox&url=ssl%3Acdn.shopify.com%2Fs%2Ffiles%2F1%2F0540%2F8145%2F4255%2Ffiles%2F8208CF-14.png%3Fv%3D1763783839&feedId=113495&k=eb118f25501e933c9a2fbb201f3019c487488922,544,"Men's Watches",,"TSAR BOMBA WATCH","TB8208CF-Fashion Blue",Watches,TB8208CF-11,"TSARBOMBA Elemental TB8208CF Fashion Watch; features a Miyota automatic mechanical movement, a carbon fiber bezel, and a black 316L stainless steel case, reducing overall weight without compromising durability; skeletonized dial with visible movement design; eco-friendly fluororubber strap; 5ATM water resistance; high-quality Grade A luminescent coating,","The TSARBOMBA watches TB8208CF is a must-have fashion timepiece for every trendsetter. Equipped with a reliable Miyota movement, a carbon fiber bezel, and a black 316L stainless steel case, its skeletonized dial and visible movement design highlight the watch’s mechanical power. The fluororubber strap is gentle on the skin, hypoallergenic even with prolonged wear, and water-resistant to 5ATM; High-quality Grade A luminescent coating; TSARBOMBA watches are not just timepieces—they are fashion accessories.","""Skeleton barrel-shaped automatic watch"", ""Japanese 82S0 movement"", ""Carbon fiber bezel"", ""316L steel case"", ""Sapphire crystal"", ""50m water resistance"", ""A-grade lume"", ""Silicone strap"".",https://tsarbomba.com/products/tb8208cf?variant=43316664631552,https://cdn.shopify.com/s/files/1/0540/8145/4255/files/8208CF-14.png?v=1763783839,USD,499.99,new,"Fashion Blue","TSAR BOMBA WATCH Barrel Type",male,"Products source-US3-Men's Watch","Elemental Series",0~500,43mm*50.5mm*15.5mm,"Carbon Fiber","https://cdn.shopify.com/s/files/1/0540/8145/4255/files/8208CF-13.png?v=1763783839,https://cdn.shopify.com/s/files/1/0540/8145/4255/files/13_7e652dea-36de-4328-8663-4846da8ad766.png?v=1763783839","General:Movement: Japanese 82S0 movement, General: Case Material:316L Stainless Steel, General: Bezel Material: Carbon Fiber, General:Crystal: Sapphire Crystal, General: Water Resistance:50m, General: Lume: A-Grade Luminous, General: Strap Material: Silicone Strap","Apparel & Accessories > Jewelry > Watches",in_stock,Automatic,762704078432
113495,109230,Tsarbomba,45567587566,https://www.awin1.com/pclick.php?p=45567587566&a=3002879&m=109230,https://images2.productserve.com/?w=200&h=200&bg=white&trim=5&t=letterbox&url=ssl%3Acdn.shopify.com%2Fs%2Ffiles%2F1%2F0540%2F8145%2F4255%2Ffiles%2F8209CF_4dac414e-a085-4393-a29f-c8ef2689cd15.png%3Fv%3D1764555164&feedId=113495&k=3db38b02f8253af23851ba398bff6443cb78d549,https://images2.productserve.com/?w=70&h=70&bg=white&trim=5&t=letterbox&url=ssl%3Acdn.shopify.com%2Fs%2Ffiles%2F1%2F0540%2F8145%2F4255%2Ffiles%2F8209CF_4dac414e-a085-4393-a29f-c8ef2689cd15.png%3Fv%3D1764555164&feedId=113495&k=3db38b02f8253af23851ba398bff6443cb78d549,544,"Men's Watches",,"TSAR BOMBA WATCH","TB8209CF-black blue",Watches,TB8209CF-04,"TSARBOMBA elemental TB8209CF Men’s Fashion Watch; features a Miyota movement paired with a carbon fiber bezel and a 316L stainless steel case, combining durability with lightweight design, and an eco-friendly silicone strap; 5ATM water resistance; luminous sporty design that exudes youthful vibrancy.","The TSARBOMBA TB8209CF is a must-have fashion watch for every trendsetter. Equipped with a reliable Miyota movement, a carbon fiber bezel, and a 316L stainless steel case, it reduces the overall weight without compromising durability; the silicone strap is gentle on the skin, hypoallergenic even with prolonged wear, odor-free, and eco-friendly; 5ATM water resistance; and a luminescent sporty design that exudes youthful vitality.","“Miyota movement,” “lightweight carbon fiber bezel,” “tonneau watch,” “silicone strap,” “high-quality Grade A luminescent coating,” “50m water resistance,” “trendy watch,” “mechanical movement,” “sapphire crystal”",https://tsarbomba.com/products/tb8209cf-us?variant=47303059374336,https://cdn.shopify.com/s/files/1/0540/8145/4255/files/8209CF_4dac414e-a085-4393-a29f-c8ef2689cd15.png?v=1764555164,USD,499.99,new,"Black Blue","TSAR BOMBA WATCH Barrel Type",male,"Products source-US3-Men's Watch","Elemental Series",0~500,43mm*50.5mm*15.5mm,"Carbon Fiber",https://cdn.shopify.com/s/files/1/0540/8145/4255/files/8209CF-1.png?v=1764555164,"General:Movement: Japanese Movement, General: Case Material: 316L Stainless Steel, General: Bezel Material: Carbon Fiber, General:Crystal: Sapphire Crystal, General: Water Resistance:50m, General: Lume: A-Grade Luminous, General: Strap Material: Fluoro Rubber.","Apparel & Accessories > Jewelry > Watches",in_stock,Automatic,762704078197
113495,109230,Tsarbomba,45567587567,https://www.awin1.com/pclick.php?p=45567587567&a=3002879&m=109230,https://images2.productserve.com/?w=200&h=200&bg=white&trim=5&t=letterbox&url=ssl%3Acdn.shopify.com%2Fs%2Ffiles%2F1%2F0540%2F8145%2F4255%2Ffiles%2F8209CF_243717e4-e488-4cae-a29c-1214a594655d.png%3Fv%3D1727248679&feedId=113495&k=f942fb9f35bd645b772871903709327495607336,https://images2.productserve.com/?w=70&h=70&bg=white&trim=5&t=letterbox&url=ssl%3Acdn.shopify.com%2Fs%2Ffiles%2F1%2F0540%2F8145%2F4255%2Ffiles%2F8209CF_243717e4-e488-4cae-a29c-1214a594655d.png%3Fv%3D1727248679&feedId=113495&k=f942fb9f35bd645b772871903709327495607336,544,"Men's Watches",,"TSAR BOMBA WATCH","TB8209CF-black red",Watches,TB8209CF-01,"TSARBOMBA elemental TB8209CF Men’s Fashion Watch; features a Miyota movement paired with a carbon fiber bezel and a 316L stainless steel case, combining durability with lightweight design, and an eco-friendly silicone strap; 5ATM water resistance; luminous sporty design that exudes youthful vibrancy.","The TSARBOMBA TB8209CF is a must-have fashion watch for every trendsetter. Equipped with a reliable Miyota movement, a carbon fiber bezel, and a 316L stainless steel case, it reduces the overall weight without compromising durability; the silicone strap is gentle on the skin, hypoallergenic even with prolonged wear, odor-free, and eco-friendly; 5ATM water resistance; and a luminescent sporty design that exudes youthful vitality.","“Miyota movement,” “lightweight carbon fiber bezel,” “tonneau watch,” “silicone strap,” “high-quality Grade A luminescent coating,” “50m water resistance,” “trendy watch,” “mechanical movement,” “sapphire crystal”",https://tsarbomba.com/products/tb8209cf-us?variant=47303080313088,https://cdn.shopify.com/s/files/1/0540/8145/4255/files/8209CF_243717e4-e488-4cae-a29c-1214a594655d.png?v=1727248679,USD,499.99,new,"black red","TSAR BOMBA WATCH Barrel Type",male,"Products source-US3-Men's Watch","Elemental Series",0~500,43mm*50.5mm*15.5mm,"Carbon Fiber",https://cdn.shopify.com/s/files/1/0540/8145/4255/files/8209CF_ee5446d9-ca74-4e3e-b164-3f49e2478f70.png?v=1764555164,"General:Movement: Japanese Movement, General: Case Material: 316L Stainless Steel, General: Bezel Material: Carbon Fiber, General:Crystal: Sapphire Crystal, General: Water Resistance:50m, General: Lume: A-Grade Luminous, General: Strap Material: Fluoro Rubber.","Apparel & Accessories > Jewelry > Watches",in_stock,Automatic,762704078210
113495,109230,Tsarbomba,45567587568,https://www.awin1.com/pclick.php?p=45567587568&a=3002879&m=109230,https://images2.productserve.com/?w=200&h=200&bg=white&trim=5&t=letterbox&url=ssl%3Acdn.shopify.com%2Fs%2Ffiles%2F1%2F0540%2F8145%2F4255%2Ffiles%2F10_545a9171-97f7-4270-a801-5a8977702c8f.png%3Fv%3D1763546940&feedId=113495&k=54d3950856c5fdfb40d31d50e682553156d77f5d,https://images2.productserve.com/?w=70&h=70&bg=white&trim=5&t=letterbox&url=ssl%3Acdn.shopify.com%2Fs%2Ffiles%2F1%2F0540%2F8145%2F4255%2Ffiles%2F10_545a9171-97f7-4270-a801-5a8977702c8f.png%3Fv%3D1763546940&feedId=113495&k=54d3950856c5fdfb40d31d50e682553156d77f5d,544,"Men's Watches",,"TSAR BOMBA WATCH","TB8209CF-black white",Watches,TB8209CF-06,"TSARBOMBA elemental TB8209CF Men’s Fashion Watch; features a Miyota movement paired with a carbon fiber bezel and a 316L stainless steel case, combining durability with lightweight design, and an eco-friendly silicone strap; 5ATM water resistance; luminous sporty design that exudes youthful vibrancy.","The TSARBOMBA TB8209CF is a must-have fashion watch for every trendsetter. Equipped with a reliable Miyota movement, a carbon fiber bezel, and a 316L stainless steel case, it reduces the overall weight without compromising durability; the silicone strap is gentle on the skin, hypoallergenic even with prolonged wear, odor-free, and eco-friendly; 5ATM water resistance; and a luminescent sporty design that exudes youthful vitality.","“Miyota movement,” “lightweight carbon fiber bezel,” “tonneau watch,” “silicone strap,” “high-quality Grade A luminescent coating,” “50m water resistance,” “trendy watch,” “mechanical movement,” “sapphire crystal”",https://tsarbomba.com/products/tb8209cf-us?variant=47303080345856,https://cdn.shopify.com/s/files/1/0540/8145/4255/files/10_545a9171-97f7-4270-a801-5a8977702c8f.png?v=1763546940,USD,499.99,new,"White Blue","TSAR BOMBA WATCH Barrel Type",male,"Products source-US3-Men's Watch","Elemental Series",0~500,43mm*50.5mm*15.5mm,"Carbon Fiber","https://cdn.shopify.com/s/files/1/0540/8145/4255/files/10_feb12ac0-b49c-49d4-94f2-e2b24d7b5f2e.jpg?v=1724725479,https://cdn.shopify.com/s/files/1/0540/8145/4255/files/11_63d577ea-a4b0-43d5-b689-4ec68100e9f2.jpg?v=1724725479,https://cdn.shopify.com/s/files/1/0540/8145/4255/files/2_0db2828b-0913-4e37-8fb4-bd86d124f052.jpg?v=1764901757","General:Movement: Japanese Movement, General: Case Material: 316L Stainless Steel, General: Bezel Material: Carbon Fiber, General:Crystal: Sapphire Crystal, General: Water Resistance:50m, General: Lume: A-Grade Luminous, General: Strap Material: Fluoro Rubber.","Apparel & Accessories > Jewelry > Watches",in_stock,Automatic,762704078258
113495,109230,Tsarbomba,45567587569,https://www.awin1.com/pclick.php?p=45567587569&a=3002879&m=109230,https://images2.productserve.com/?w=200&h=200&bg=white&trim=5&t=letterbox&url=ssl%3Acdn.shopify.com%2Fs%2Ffiles%2F1%2F0540%2F8145%2F4255%2Ffiles%2F8208D-R3.png%3Fv%3D1765534272&feedId=113495&k=47b3aeeb616dfaaff787e0232177f1669274306a,https://images2.productserve.com/?w=70&h=70&bg=white&trim=5&t=letterbox&url=ssl%3Acdn.shopify.com%2Fs%2Ffiles%2F1%2F0540%2F8145%2F4255%2Ffiles%2F8208D-R3.png%3Fv%3D1765534272&feedId=113495&k=47b3aeeb616dfaaff787e0232177f1669274306a,544,"Men's Watches",,"TSAR BOMBA WATCH",TB8208D-red,Watches,TB8208D-12,"TSARBOMBA Elemental TB8208D Fashion Watch; features a Miyota automatic mechanical movement, a zirconia bezel, and a gold 316L stainless steel case. The zirconia accents encircling the bezel make the watch even more stunning and eye-catching; the skeletonized dial reveals the movement, and it comes with an eco-friendly fluororubber strap; 5ATM water resistance; High-quality Grade A luminescent coating,","The TSARBOMBA TB8208D is a must-have fashion timepiece for every trendsetter. Equipped with a reliable Miyota movement, a zirconia bezel, and a gold 316L stainless steel case, the zirconia accents encircling the bezel make the watch even more stunning and eye-catching; The skeletonized dial and visible movement design highlight the watch’s mechanical power. The fluororubber strap is gentle on the skin, hypoallergenic even with prolonged wear, and water-resistant to 5ATM; it features a high-quality Grade A luminescent coating. TSARBOMBA watches are not just timepieces—they are fashion accessories.","“Miyota movement,” “zirconia bezel,” “fluororubber strap,” “high-quality Grade A luminescent coating,” “50m water resistance,” “trendy watch,” “mechanical movement,” “sapphire crystal,” “skeleton dial,” “open-heart movement,”",https://tsarbomba.com/products/tb8208d?variant=47446503522560,https://cdn.shopify.com/s/files/1/0540/8145/4255/files/8208D-R3.png?v=1765534272,USD,549.99,new,Red,"TSAR BOMBA WATCH Barrel Type",male,"Products source-US3-Men's Watch","Elemental Series",0~500,43mm*50.5mm*15.5mm,"Cubic Zirconium","https://cdn.shopify.com/s/files/1/0540/8145/4255/files/8208D-R4_0fb82bed-2aa6-4020-ba40-c93e140763b3.png?v=1765534272,https://cdn.shopify.com/s/files/1/0540/8145/4255/files/8208D-R1_bd7de126-d11c-46d1-9b85-905a60e02064.png?v=1765534272","General:Movement: Japanese Movement, General: Case Material: 316L Stainless Steel, General: Bezel Material: Cubic Zirconium, General:Crystal: Sapphire Crystal, General: Water Resistance:50m, General: Lume: A-Grade Luminous, General: Strap Material: Fluoro Rubber.","Apparel & Accessories > Jewelry > Watches",in_stock,Automatic,717710038864
113495,109230,Tsarbomba,45567587570,https://www.awin1.com/pclick.php?p=45567587570&a=3002879&m=109230,https://images2.productserve.com/?w=200&h=200&bg=white&trim=5&t=letterbox&url=ssl%3Acdn.shopify.com%2Fs%2Ffiles%2F1%2F0540%2F8145%2F4255%2Ffiles%2F8208D_6a750632-904d-4be6-bb7c-70b9c0bc6e2a__compressed.png%3Fv%3D1765534366&feedId=113495&k=57c162e813df187743b70fe0c1c9cd8ad2d64996,https://images2.productserve.com/?w=70&h=70&bg=white&trim=5&t=letterbox&url=ssl%3Acdn.shopify.com%2Fs%2Ffiles%2F1%2F0540%2F8145%2F4255%2Ffiles%2F8208D_6a750632-904d-4be6-bb7c-70b9c0bc6e2a__compressed.png%3Fv%3D1765534366&feedId=113495&k=57c162e813df187743b70fe0c1c9cd8ad2d64996,544,"Men's Watches",,"TSAR BOMBA WATCH",TB8208D-White,Watches,TB8208D-11,"TSARBOMBA Elemental TB8208D Fashion Watch; features a Miyota automatic mechanical movement, a zirconia bezel, and a gold 316L stainless steel case. The zirconia accents encircling the bezel make the watch even more stunning and eye-catching; the skeletonized dial reveals the movement, and it comes with an eco-friendly fluororubber strap; 5ATM water resistance; High-quality Grade A luminescent coating,","The TSARBOMBA TB8208D is a must-have fashion timepiece for every trendsetter. Equipped with a reliable Miyota movement, a zirconia bezel, and a gold 316L stainless steel case, the zirconia accents encircling the bezel make the watch even more stunning and eye-catching; The skeletonized dial and visible movement design highlight the watch’s mechanical power. The fluororubber strap is gentle on the skin, hypoallergenic even with prolonged wear, and water-resistant to 5ATM; it features a high-quality Grade A luminescent coating. TSARBOMBA watches are not just timepieces—they are fashion accessories.","“Miyota movement,” “zirconia bezel,” “fluororubber strap,” “high-quality Grade A luminescent coating,” “50m water resistance,” “trendy watch,” “mechanical movement,” “sapphire crystal,” “skeleton dial,” “open-heart movement,”",https://tsarbomba.com/products/tb8208d?variant=47446503555328,https://cdn.shopify.com/s/files/1/0540/8145/4255/files/8208D_6a750632-904d-4be6-bb7c-70b9c0bc6e2a__compressed.png?v=1765534366,USD,549.99,new,White,"TSAR BOMBA WATCH Barrel Type",male,"Products source-US3-Men's Watch","Elemental Series",0~500,43mm*50.5mm*15.5mm,"Cubic Zirconium","https://cdn.shopify.com/s/files/1/0540/8145/4255/files/8208D-W4.png?v=1765534366,https://cdn.shopify.com/s/files/1/0540/8145/4255/files/8208D-W1.png?v=1765534366","General:Movement: Japanese Movement, General: Case Material: 316L Stainless Steel, General: Bezel Material: Cubic Zirconium, General:Crystal: Sapphire Crystal, General: Water Resistance:50m, General: Lume: A-Grade Luminous, General: Strap Material: Fluoro Rubber.","Apparel & Accessories > Jewelry > Watches",in_stock,Automatic,717710038857
113495,109230,Tsarbomba,45567587571,https://www.awin1.com/pclick.php?p=45567587571&a=3002879&m=109230,https://images2.productserve.com/?w=200&h=200&bg=white&trim=5&t=letterbox&url=ssl%3Acdn.shopify.com%2Fs%2Ffiles%2F1%2F0540%2F8145%2F4255%2Ffiles%2F8208D-GBK3_74aed567-e1dd-4123-901a-9eae52d91a8b.png%3Fv%3D1762226240&feedId=113495&k=7d9d21312685d73463bda457bf330b1e1c299c34,https://images2.productserve.com/?w=70&h=70&bg=white&trim=5&t=letterbox&url=ssl%3Acdn.shopify.com%2Fs%2Ffiles%2F1%2F0540%2F8145%2F4255%2Ffiles%2F8208D-GBK3_74aed567-e1dd-4123-901a-9eae52d91a8b.png%3Fv%3D1762226240&feedId=113495&k=7d9d21312685d73463bda457bf330b1e1c299c34,544,"Men's Watches",,"TSAR BOMBA WATCH",TB8208D-Black,Watches,TB8208D-13,"TSARBOMBA Elemental TB8208D Fashion Watch; features a Miyota automatic mechanical movement, a zirconia bezel, and a gold 316L stainless steel case. The zirconia accents encircling the bezel make the watch even more stunning and eye-catching; the skeletonized dial reveals the movement, and it comes with an eco-friendly fluororubber strap; 5ATM water resistance; High-quality Grade A luminescent coating,","The TSARBOMBA TB8208D is a must-have fashion timepiece for every trendsetter. Equipped with a reliable Miyota movement, a zirconia bezel, and a gold 316L stainless steel case, the zirconia accents encircling the bezel make the watch even more stunning and eye-catching; The skeletonized dial and visible movement design highlight the watch’s mechanical power. The fluororubber strap is gentle on the skin, hypoallergenic even with prolonged wear, and water-resistant to 5ATM; it features a high-quality Grade A luminescent coating. TSARBOMBA watches are not just timepieces—they are fashion accessories.","“Miyota movement,” “zirconia bezel,” “fluororubber strap,” “high-quality Grade A luminescent coating,” “50m water resistance,” “trendy watch,” “mechanical movement,” “sapphire crystal,” “skeleton dial,” “open-heart movement,”",https://tsarbomba.com/products/tb8208d?variant=47007544377600,https://cdn.shopify.com/s/files/1/0540/8145/4255/files/8208D-GBK3_74aed567-e1dd-4123-901a-9eae52d91a8b.png?v=1762226240,USD,549.99,new,Black,"TSAR BOMBA WATCH Barrel Type",male,"Products source-US3-Men's Watch","Elemental Series",0~500,43mm*50.5mm*15.5mm,"Cubic Zirconium","https://cdn.shopify.com/s/files/1/0540/8145/4255/files/8208D-GBK4.png?v=1762226240,https://cdn.shopify.com/s/files/1/0540/8145/4255/files/8208D-GBK1.png?v=1762226240","General:Movement: Japanese Movement, General: Case Material: 316L Stainless Steel, General: Bezel Material: Cubic Zirconium, General:Crystal: Sapphire Crystal, General: Water Resistance:50m, General: Lume: A-Grade Luminous, General: Strap Material: Fluoro Rubber.","Apparel & Accessories > Jewelry > Watches",in_stock,Automatic,717710038871
113495,109230,Tsarbomba,45567587572,https://www.awin1.com/pclick.php?p=45567587572&a=3002879&m=109230,https://images2.productserve.com/?w=200&h=200&bg=white&trim=5&t=letterbox&url=ssl%3Acdn.shopify.com%2Fs%2Ffiles%2F1%2F0540%2F8145%2F4255%2Ffiles%2F8208A.png%3Fv%3D1724724279&feedId=113495&k=1c5b84bfc81f8e60bf1c26c14e42dbebbfa1734e,https://images2.productserve.com/?w=70&h=70&bg=white&trim=5&t=letterbox&url=ssl%3Acdn.shopify.com%2Fs%2Ffiles%2F1%2F0540%2F8145%2F4255%2Ffiles%2F8208A.png%3Fv%3D1724724279&feedId=113495&k=1c5b84bfc81f8e60bf1c26c14e42dbebbfa1734e,544,"Men's Watches",,"TSAR BOMBA WATCH","TB8208A-Rose gold black",Watches,TB8208A-16,"TSARBOMBA Elemental TB8208A Fashion Watch; features a Miyota automatic mechanical movement, a rose gold 316L stainless steel bezel, and a rose gold 316L stainless steel case, combining durability with a powerful aesthetic. The skeletonized dial reveals the movement’s design, and it comes with an eco-friendly fluororubber strap; water-resistant to 5ATM; High-quality Grade A luminescent coating,","The TSARBOMBA TB8208A is a must-have fashion timepiece for every trendsetter. Equipped with a reliable Miyota movement, a rose gold 316L stainless steel bezel, and a rose gold 316L stainless steel case, it combines durability with a powerful aesthetic. The skeletonized dial and visible movement design highlight the watch’s mechanical power. The fluororubber strap is gentle on the skin, hypoallergenic even with prolonged wear, and offers 5ATM water resistance; it also features a high-quality Grade A luminescent coating. TSARBOMBA watches are not just timepieces—they are fashion accessories.","“Miyota movement,” “rose gold bezel and case,” “fluororubber strap,” “high-quality Grade A luminescent coating,” “50m water resistance,” “trendy watch,” “mechanical movement,” “sapphire crystal,” “skeleton dial,” “open-heart movement,”",https://tsarbomba.com/products/tb8208a?variant=42279399981312,https://cdn.shopify.com/s/files/1/0540/8145/4255/files/8208A.png?v=1724724279,USD,399.99,new,"Rose Gold Black","TSAR BOMBA WATCH Barrel Type",male,"Products source-US3-Men's Watch","Elemental Series",0~500,43mm*50.5mm*15.5mm,"316L Stainless Steel","https://cdn.shopify.com/s/files/1/0540/8145/4255/files/4_cc6bfe50-7fd0-468f-8b80-41ab3e8064b1.png?v=1728897143,https://cdn.shopify.com/s/files/1/0540/8145/4255/files/Elemental_Series-Automatic_Watch_TB8208A_Gold_Black-9.jpg?v=1724724381","General:Movement: Japanese Movement, General: Case Material: 316L Stainless Steel, General: Bezel Material: Cubic Zirconium, General:Crystal: Sapphire Crystal, General: Water Resistance:50m, General: Lume: A-Grade Luminous, General: Strap Material: Fluoro Rubber.","Apparel & Accessories > Jewelry > Watches",in_stock,Automatic,762704078302
113495,109230,Tsarbomba,45567587573,https://www.awin1.com/pclick.php?p=45567587573&a=3002879&m=109230,https://images2.productserve.com/?w=200&h=200&bg=white&trim=5&t=letterbox&url=ssl%3Acdn.shopify.com%2Fs%2Ffiles%2F1%2F0540%2F8145%2F4255%2Ffiles%2FTB8208A_-40-01.png%3Fv%3D1769396438&feedId=113495&k=6d270b3f3f99a0523574271234d0a4c1a1ed5bb2,https://images2.productserve.com/?w=70&h=70&bg=white&trim=5&t=letterbox&url=ssl%3Acdn.shopify.com%2Fs%2Ffiles%2F1%2F0540%2F8145%2F4255%2Ffiles%2FTB8208A_-40-01.png%3Fv%3D1769396438&feedId=113495&k=6d270b3f3f99a0523574271234d0a4c1a1ed5bb2,544,"Men's Watches",,"TSAR BOMBA WATCH","TB8208A-Black Orange",Watches,TB8208A-01,"TSARBOMBA Elemental TB8208A Fashion Watch; features a Miyota automatic mechanical movement, a black 316L stainless steel bezel, a black 316L stainless steel case, and a blue strap, combining durability with a powerful aesthetic. The skeletonized dial reveals the movement’s design, and it comes with an eco-friendly fluororubber strap; water-resistant to 5ATM; High-quality Grade A luminescent coating,","The TSARBOMBA TB8208A is a must-have fashion timepiece for every trendsetter. Equipped with a reliable Miyota movement, a black 316L stainless steel bezel, a black 316L stainless steel case, and a blue strap, it combines durability with a powerful aesthetic. The skeletonized dial and visible movement design highlight the watch’s mechanical power. The fluororubber strap is gentle on the skin, hypoallergenic even with prolonged wear, and offers 5ATM water resistance; it also features a high-quality Grade A luminescent coating. TSARBOMBA watches are not just timepieces—they are fashion accessories","“Miyota movement,” “black 316L stainless steel bezel and case with blue strap,” “fluororubber strap,” “high-quality Grade A luminescent coating,” “50m water resistance,” “trendy watch.” “Mechanical movement,” “sapphire crystal,” “skeletonized dial,” “open-heart movement,”",https://tsarbomba.com/products/tb8208a?variant=40904895463599,https://cdn.shopify.com/s/files/1/0540/8145/4255/files/TB8208A_-40-01.png?v=1769396438,USD,399.99,new,"Black Orange","TSAR BOMBA WATCH Barrel Type",male,"Products source-US3-Men's Watch","Elemental Series",0~500,43mm*50.5mm*15.5mm,"316L Stainless Steel","https://cdn.shopify.com/s/files/1/0540/8145/4255/files/13_dd3b1e7c-38b6-435f-930e-42db6b852bb9.png?v=1728897143,https://cdn.shopify.com/s/files/1/0540/8145/4255/files/Elemental_Series-Automatic_Watch_TB8208A_Black_Orange-8.jpg?v=1724724381,https://cdn.shopify.com/s/files/1/0540/8145/4255/files/TB8208A_-40-02.png?v=1769396438","General:Movement: Japanese Movement, General: Case Material: 316L Stainless Steel, General: Bezel Material: Cubic Zirconium, General:Crystal: Sapphire Crystal, General: Water Resistance:50m, General: Lume: A-Grade Luminous, General: Strap Material: Fluoro Rubber.","Apparel & Accessories > Jewelry > Watches",in_stock,Automatic,762704078333
113495,109230,Tsarbomba,45567587574,https://www.awin1.com/pclick.php?p=45567587574&a=3002879&m=109230,https://images2.productserve.com/?w=200&h=200&bg=white&trim=5&t=letterbox&url=ssl%3Acdn.shopify.com%2Fs%2Ffiles%2F1%2F0540%2F8145%2F4255%2Ffiles%2FTB8208A_-45-01.png%3Fv%3D1769396438&feedId=113495&k=8230a537ae99ecb8082aeaa0a7f3075f99819881,https://images2.productserve.com/?w=70&h=70&bg=white&trim=5&t=letterbox&url=ssl%3Acdn.shopify.com%2Fs%2Ffiles%2F1%2F0540%2F8145%2F4255%2Ffiles%2FTB8208A_-45-01.png%3Fv%3D1769396438&feedId=113495&k=8230a537ae99ecb8082aeaa0a7f3075f99819881,544,"Men's Watches",,"TSAR BOMBA WATCH",TB8208A-Black,Watches,TB8208A-15,"TSARBOMBA Elemental TB8208A Fashion Watch; features a Miyota automatic mechanical movement, a black 316L stainless steel bezel, a black 316L stainless steel case, and a black strap, combining durability with a powerful aesthetic. The skeletonized dial reveals the movement’s design, and it comes with an eco-friendly fluororubber strap; water-resistant to 5ATM; High-quality Grade A luminescent coating,","The TSARBOMBA TB8208A is a must-have fashion timepiece for every trendsetter. Equipped with a reliable Miyota movement, a black 316L stainless steel bezel, a black 316L stainless steel case, and a black strap, it combines durability with a powerful aesthetic. The skeletonized dial and visible movement design highlight the watch’s mechanical power. The fluororubber strap is gentle on the skin, hypoallergenic even with prolonged wear, and offers 5ATM water resistance; it also features a high-quality Grade A luminescent coating. TSARBOMBA watches are not just timepieces—they are fashion accessories.","“Miyota movement,” “black 316L stainless steel bezel, case, and black strap,” “fluororubber strap,” “high-quality Grade A luminescent coating,” “50m water resistance,” “trendy watch.” “Mechanical movement,” “sapphire crystal,” “skeletonized dial,” “open-heart movement”",https://tsarbomba.com/products/tb8208a?variant=40904895365295,https://cdn.shopify.com/s/files/1/0540/8145/4255/files/TB8208A_-45-01.png?v=1769396438,USD,399.99,new,Black,"TSAR BOMBA WATCH Barrel Type",male,"Products source-US3-Men's Watch","Elemental Series",0~500,43mm*50.5mm*15.5mm,"316L Stainless Steel","https://cdn.shopify.com/s/files/1/0540/8145/4255/files/2_38d75f65-62f0-49e0-9496-1f120cf5b2f7.png?v=1729049760,https://cdn.shopify.com/s/files/1/0540/8145/4255/files/Elemental_Series-Automatic_Watch_TB8208A_Black-8.jpg?v=1724724381,https://cdn.shopify.com/s/files/1/0540/8145/4255/files/TB8208A_-45-02.png?v=1769396438","General:Movement: Japanese Movement, General: Case Material: 316L Stainless Steel, General: Bezel Material: Cubic Zirconium, General:Crystal: Sapphire Crystal, General: Water Resistance:50m, General: Lume: A-Grade Luminous, General: Strap Material: Fluoro Rubber.","Apparel & Accessories > Jewelry > Watches",in_stock,Automatic,762704078319
113495,109230,Tsarbomba,45567587575,https://www.awin1.com/pclick.php?p=45567587575&a=3002879&m=109230,https://images2.productserve.com/?w=200&h=200&bg=white&trim=5&t=letterbox&url=ssl%3Acdn.shopify.com%2Fs%2Ffiles%2F1%2F0540%2F8145%2F4255%2Ffiles%2F8208A-13.png%3Fv%3D1769396438&feedId=113495&k=5c4458a079b4c24ca6b392f07aacb253a8772c0b,https://images2.productserve.com/?w=70&h=70&bg=white&trim=5&t=letterbox&url=ssl%3Acdn.shopify.com%2Fs%2Ffiles%2F1%2F0540%2F8145%2F4255%2Ffiles%2F8208A-13.png%3Fv%3D1769396438&feedId=113495&k=5c4458a079b4c24ca6b392f07aacb253a8772c0b,544,"Men's Watches",,"TSAR BOMBA WATCH","TB8208A-Black Blue",Watches,TB8208A-01L,"TSARBOMBA Elemental TB8208A Fashion Watch; features a Miyota automatic mechanical movement, a 316L stainless steel bezel and case, and a blue strap, combining durability with a powerful aesthetic. The skeletonized dial reveals the movement’s design, and it comes with an eco-friendly fluororubber strap; water-resistant to 5ATM; High-quality Grade A luminescent coating,","The TSARBOMBA Watches TB8208A is a must-have fashion timepiece for every trendsetter. Equipped with a reliable Miyota movement, a 316L stainless steel bezel, and a 316L stainless steel case, it combines durability with a powerful aesthetic. The skeletonized dial and visible movement design highlight the watch’s mechanical power. The fluororubber strap is gentle on the skin, hypoallergenic even with prolonged wear, and offers 5ATM water resistance; it also features a high-quality Grade A luminescent coating. TSARBOMBA watches are not just timepieces—they are fashion accessories.","“Miyota movement,” “316L stainless steel bezel and case,” “fluororubber strap,” “high-quality Grade A luminescent coating,” “50m water resistance,” “trendy watch.” “Mechanical movement,” “sapphire crystal,” “skeleton dial,” “open-heart movement”",https://tsarbomba.com/products/tb8208a?variant=42679904108800,https://cdn.shopify.com/s/files/1/0540/8145/4255/files/8208A-13.png?v=1769396438,USD,399.99,new,"Black Blue","TSAR BOMBA WATCH Barrel Type",male,"Products source-US3-Men's Watch","Elemental Series",0~500,43mm*50.5mm*15.5mm,"316L Stainless Steel","https://cdn.shopify.com/s/files/1/0540/8145/4255/files/29_9accd570-2772-4343-b059-763a6161d9c0.png?v=1728897146,https://cdn.shopify.com/s/files/1/0540/8145/4255/files/Elemental_Series-Automatic_Watch_TB8208A_Black_Blue-3.jpg?v=1724724381,https://cdn.shopify.com/s/files/1/0540/8145/4255/files/8208A-14.png?v=1769396438","General:Movement: Japanese Movement, General: Case Material: 316L Stainless Steel, General: Bezel Material: Cubic Zirconium, General:Crystal: Sapphire Crystal, General: Water Resistance:50m, General: Lume: A-Grade Luminous, General: Strap Material: Fluoro Rubber.","Apparel & Accessories > Jewelry > Watches",in_stock,Automatic,762704078395
113495,109230,Tsarbomba,45567587576,https://www.awin1.com/pclick.php?p=45567587576&a=3002879&m=109230,https://images2.productserve.com/?w=200&h=200&bg=white&trim=5&t=letterbox&url=ssl%3Acdn.shopify.com%2Fs%2Ffiles%2F1%2F0540%2F8145%2F4255%2Ffiles%2FTB8208A_-41-01.png%3Fv%3D1769396438&feedId=113495&k=f0093fbd0580ff4b4d94deae4a86d7532011b65d,https://images2.productserve.com/?w=70&h=70&bg=white&trim=5&t=letterbox&url=ssl%3Acdn.shopify.com%2Fs%2Ffiles%2F1%2F0540%2F8145%2F4255%2Ffiles%2FTB8208A_-41-01.png%3Fv%3D1769396438&feedId=113495&k=f0093fbd0580ff4b4d94deae4a86d7532011b65d,544,"Men's Watches",,"TSAR BOMBA WATCH","TB8208A-Silver Blue",Watches,TB8208A-11,"TSARBOMBA Elemental TB8208A Fashion Watch; features a Miyota automatic mechanical movement, a 316L stainless steel bezel and case, and a blue strap, combining durability with a powerful aesthetic. The skeletonized dial reveals the movement’s design, and it comes with an eco-friendly fluororubber strap; water-resistant to 5ATM; High-quality Grade A luminescent coating,","The TSARBOMBA Watches TB8208A is a must-have fashion timepiece for every trendsetter. Equipped with a reliable Miyota movement, a 316L stainless steel bezel, and a 316L stainless steel case, it combines durability with a powerful aesthetic. The skeletonized dial and visible movement design highlight the watch’s mechanical power. The fluororubber strap is gentle on the skin, hypoallergenic even with prolonged wear, and offers 5ATM water resistance; it also features a high-quality Grade A luminescent coating. TSARBOMBA watches are not just timepieces—they are fashion accessories.","“Miyota movement,” “316L stainless steel bezel and case,” “fluororubber strap,” “high-quality Grade A luminescent coating,” “50m water resistance,” “trendy watch.” “Mechanical movement,” “sapphire crystal,” “skeleton dial,” “open-heart movement”",https://tsarbomba.com/products/tb8208a?variant=40904895529135,https://cdn.shopify.com/s/files/1/0540/8145/4255/files/TB8208A_-41-01.png?v=1769396438,USD,399.99,new,"Silver Blue","TSAR BOMBA WATCH Barrel Type",male,"Products source-US3-Men's Watch","Elemental Series",0~500,43mm*50.5mm*15.5mm,"316L Stainless Steel","https://cdn.shopify.com/s/files/1/0540/8145/4255/files/7_b8b04e8b-a181-4ebe-9ad7-1c7b14fef7d0.png?v=1728897144,https://cdn.shopify.com/s/files/1/0540/8145/4255/files/11_1bcb5cfd-5b7c-4528-82a3-c198313de277.png?v=1728897142,https://cdn.shopify.com/s/files/1/0540/8145/4255/files/TB8208A_-41-04.png?v=1769396438","General:Movement: Japanese Movement, General: Case Material: 316L Stainless Steel, General: Bezel Material: Cubic Zirconium, General:Crystal: Sapphire Crystal, General: Water Resistance:50m, General: Lume: A-Grade Luminous, General: Strap Material: Fluoro Rubber.","Apparel & Accessories > Jewelry > Watches",in_stock,Automatic,762704078357
113495,109230,Tsarbomba,45567587577,https://www.awin1.com/pclick.php?p=45567587577&a=3002879&m=109230,https://images2.productserve.com/?w=200&h=200&bg=white&trim=5&t=letterbox&url=ssl%3Acdn.shopify.com%2Fs%2Ffiles%2F1%2F0540%2F8145%2F4255%2Ffiles%2FTB8219L-05_05499c89-c008-4a04-85d5-df57f848cba8.png%3Fv%3D1733015587&feedId=113495&k=533c02fa585114718abca4315e6edfcd5505ac32,https://images2.productserve.com/?w=70&h=70&bg=white&trim=5&t=letterbox&url=ssl%3Acdn.shopify.com%2Fs%2Ffiles%2F1%2F0540%2F8145%2F4255%2Ffiles%2FTB8219L-05_05499c89-c008-4a04-85d5-df57f848cba8.png%3Fv%3D1733015587&feedId=113495&k=533c02fa585114718abca4315e6edfcd5505ac32,544,"Men's Watches",,"TSAR BOMBA WATCH",TB8219L-green,Watches,TB8219L-05,"TSAR BOMBA Women's Watches Nucleus Femme 02-TB8219: A trendy luxury women's watch featuring a zirconia (diamond) paved dial and a transparent bezel, exuding luxury and elegance. Powered by a Swiss Ronda quartz movement, it offers stable timekeeping and low-maintenance operation, making it ideal for women. 3ATM water resistance; high-quality Grade A luminescent coating; TSARBOMBA watches are not only timekeeping tools but also fashion accessories.","The TSARBOMBA Watches Nucleus Femme 02-TB8219 Women’s Watch is a must-have trendy luxury timepiece for every woman. Adorned with zirconia (diamond) accents on the dial and a transparent bezel, it exudes luxury and elegance. Its Swiss quartz movement ensures stable timekeeping and requires minimal maintenance. Paired with a leather strap, it exudes even greater elegance and is equally suited for both professional settings and casual gatherings. The TSARBOMBA watch is not just a timekeeping tool—it’s a fashion accessory.","“Swiss Ronda movement,” “Zirconia (diamond) accents,” “316L stainless steel case,” “leather strap,” “Women’s Watch,” “30m water resistance,” “high-quality Grade A luminescent coating,” “The TSARBOMBA watch is not just a timekeeping tool, but also a fashion accessory.”",https://tsarbomba.com/products/tb8219?variant=46125100892416,https://cdn.shopify.com/s/files/1/0540/8145/4255/files/TB8219L-05_05499c89-c008-4a04-85d5-df57f848cba8.png?v=1733015587,USD,299.99,new,Green,"TSAR BOMBA WATCH Barrel Type",female,"Products source-US3-Women's Watch","Nucleus Femme Series",0~500,35mm*39.5mm*11mm,"Plastic Titanium","https://cdn.shopify.com/s/files/1/0540/8145/4255/files/TB8219L-05.png?v=1733015584,https://cdn.shopify.com/s/files/1/0540/8145/4255/files/TB8219L-05_05499c89-c008-4a04-85d5-df57f848cba8.png?v=1733015587","General:Movement: Swiss Movement, General: Case Material:316L Stainless Steel, General: Bezel Material: Plastic Titanium, General:Crystal: Sapphire Crystal, General: Water Resistance:30m, General: Lume: A-Grade Luminous, General: Strap Material: Fluoro Rubber Strap.","Apparel & Accessories > Jewelry > Watches",in_stock,Quartz,717701173567
113495,109230,Tsarbomba,45567587578,https://www.awin1.com/pclick.php?p=45567587578&a=3002879&m=109230,https://images2.productserve.com/?w=200&h=200&bg=white&trim=5&t=letterbox&url=ssl%3Acdn.shopify.com%2Fs%2Ffiles%2F1%2F0540%2F8145%2F4255%2Ffiles%2FTB8219L-06_c56dbe0b-d601-4d80-974a-88a5632095f6.png%3Fv%3D1733015587&feedId=113495&k=b31aa7dccbbfadaeb4e62dded43f96379a4f9763,https://images2.productserve.com/?w=70&h=70&bg=white&trim=5&t=letterbox&url=ssl%3Acdn.shopify.com%2Fs%2Ffiles%2F1%2F0540%2F8145%2F4255%2Ffiles%2FTB8219L-06_c56dbe0b-d601-4d80-974a-88a5632095f6.png%3Fv%3D1733015587&feedId=113495&k=b31aa7dccbbfadaeb4e62dded43f96379a4f9763,544,"Men's Watches",,"TSAR BOMBA WATCH",TB8219L-gray,Watches,TB8219L-06,"TSAR BOMBA Women's Watches Nucleus Femme 02-TB8219: A trendy luxury women's watch featuring a zirconia (diamond) paved dial and a transparent bezel, exuding luxury and elegance. Powered by a Swiss Ronda quartz movement, it offers stable timekeeping and low-maintenance operation, making it ideal for women. 3ATM water resistance; high-quality Grade A luminescent coating; TSARBOMBA watches are not only timekeeping tools but also fashion accessories.","The TSARBOMBA Watches Nucleus Femme 02-TB8219 Women’s Watch is a must-have trendy luxury timepiece for every woman. Adorned with zirconia (diamond) accents on the dial and a transparent bezel, it exudes luxury and elegance. Its Swiss quartz movement ensures stable timekeeping and requires minimal maintenance. Paired with a leather strap, it exudes even greater elegance and is equally suited for both professional settings and casual gatherings. The TSARBOMBA watch is not just a timekeeping tool—it’s a fashion accessory.","“Swiss Ronda movement,” “Zirconia (diamond) accents,” “316L stainless steel case,” “leather strap,” “Women’s Watch,” “30m water resistance,” “high-quality Grade A luminescent coating,” “The TSARBOMBA watch is not just a timekeeping tool, but also a fashion accessory.”",https://tsarbomba.com/products/tb8219?variant=46125100925184,https://cdn.shopify.com/s/files/1/0540/8145/4255/files/TB8219L-06_c56dbe0b-d601-4d80-974a-88a5632095f6.png?v=1733015587,USD,299.99,new,Gray,"TSAR BOMBA WATCH Barrel Type",female,"Products source-US3-Women's Watch","Nucleus Femme Series",0~500,35mm*39.5mm*11mm,"Plastic Titanium","https://cdn.shopify.com/s/files/1/0540/8145/4255/files/TB8219L-06.png?v=1733015584,https://cdn.shopify.com/s/files/1/0540/8145/4255/files/TB8219L-06_44938e51-927c-4ec8-9643-2063747be5d3.png?v=1733015588","General:Movement: Swiss Movement, General: Case Material:316L Stainless Steel, General: Bezel Material: Plastic Titanium, General:Crystal: Sapphire Crystal, General: Water Resistance:30m, General: Lume: A-Grade Luminous, General: Strap Material: Fluoro Rubber Strap.","Apparel & Accessories > Jewelry > Watches",in_stock,Quartz,717701173550
113495,109230,Tsarbomba,45567587579,https://www.awin1.com/pclick.php?p=45567587579&a=3002879&m=109230,https://images2.productserve.com/?w=200&h=200&bg=white&trim=5&t=letterbox&url=ssl%3Acdn.shopify.com%2Fs%2Ffiles%2F1%2F0540%2F8145%2F4255%2Ffiles%2FTB8219L-03.png%3Fv%3D1752830499&feedId=113495&k=0a938c8dfea4048ede305827e332e3032dff4d5f,https://images2.productserve.com/?w=70&h=70&bg=white&trim=5&t=letterbox&url=ssl%3Acdn.shopify.com%2Fs%2Ffiles%2F1%2F0540%2F8145%2F4255%2Ffiles%2FTB8219L-03.png%3Fv%3D1752830499&feedId=113495&k=0a938c8dfea4048ede305827e332e3032dff4d5f,544,"Men's Watches",,"TSAR BOMBA WATCH","TB8219L-White Blue",Watches,TB8219L-03,"TSAR BOMBA Women's Watches Nucleus Femme 02-TB8219: A trendy luxury women's watch featuring a zirconia (diamond) paved dial and a transparent bezel, exuding luxury and elegance. Powered by a Swiss Ronda quartz movement, it offers stable timekeeping and low-maintenance operation, making it ideal for women. 3ATM water resistance; high-quality Grade A luminescent coating; TSARBOMBA watches are not only timekeeping tools but also fashion accessories.","The TSARBOMBA Watches Nucleus Femme 02-TB8219 Women’s Watch is a must-have trendy luxury timepiece for every woman. Adorned with zirconia (diamond) accents on the dial and a transparent bezel, it exudes luxury and elegance. Its Swiss quartz movement ensures stable timekeeping and requires minimal maintenance. Paired with a leather strap, it exudes even greater elegance and is equally suited for both professional settings and casual gatherings. The TSARBOMBA watch is not just a timekeeping tool—it’s a fashion accessory.","“Swiss Ronda movement,” “Zirconia (diamond) accents,” “316L stainless steel case,” “leather strap,” “Women’s Watch,” “30m water resistance,” “high-quality Grade A luminescent coating,” “The TSARBOMBA watch is not just a timekeeping tool, but also a fashion accessory.”",https://tsarbomba.com/products/tb8219?variant=46125101023488,https://cdn.shopify.com/s/files/1/0540/8145/4255/files/TB8219L-03.png?v=1752830499,USD,299.99,new,"White Blue","TSAR BOMBA WATCH Barrel Type",female,"Products source-US3-Women's Watch","Nucleus Femme Series",0~500,35mm*39.5mm*11mm,"Plastic Titanium","https://cdn.shopify.com/s/files/1/0540/8145/4255/files/TB8219L-03.png?v=1733015583,https://cdn.shopify.com/s/files/1/0540/8145/4255/files/TB8219L-03_79c135a4-9ef4-4ad4-ac06-82c59624aa5f.png?v=1733015586,https://cdn.shopify.com/s/files/1/0540/8145/4255/files/TB8219L-03_79c135a4-9ef4-4ad4-ac06-82c59624aa5f.png?v=1752830499","General:Movement: Swiss Movement, General: Case Material:316L Stainless Steel, General: Bezel Material: Plastic Titanium, General:Crystal: Sapphire Crystal, General: Water Resistance:30m, General: Lume: A-Grade Luminous, General: Strap Material: Fluoro Rubber Strap.","Apparel & Accessories > Jewelry > Watches",in_stock,Quartz,717701173543
113495,109230,Tsarbomba,45567587580,https://www.awin1.com/pclick.php?p=45567587580&a=3002879&m=109230,https://images2.productserve.com/?w=200&h=200&bg=white&trim=5&t=letterbox&url=ssl%3Acdn.shopify.com%2Fs%2Ffiles%2F1%2F0540%2F8145%2F4255%2Ffiles%2FTB8219L-02.png%3Fv%3D1752830499&feedId=113495&k=17b945b60ef9360d8ec9bcf4264ca6ca1f2e5906,https://images2.productserve.com/?w=70&h=70&bg=white&trim=5&t=letterbox&url=ssl%3Acdn.shopify.com%2Fs%2Ffiles%2F1%2F0540%2F8145%2F4255%2Ffiles%2FTB8219L-02.png%3Fv%3D1752830499&feedId=113495&k=17b945b60ef9360d8ec9bcf4264ca6ca1f2e5906,544,"Men's Watches",,"TSAR BOMBA WATCH",TB8219L-Pink,Watches,TB8219L-02,"TSAR BOMBA Women's Watches Nucleus Femme 02-TB8219: A trendy luxury women's watch featuring a zirconia (diamond) paved dial and a transparent bezel, exuding luxury and elegance. Powered by a Swiss Ronda quartz movement, it offers stable timekeeping and low-maintenance operation, making it ideal for women. 3ATM water resistance; high-quality Grade A luminescent coating; TSARBOMBA watches are not only timekeeping tools but also fashion accessories.","The TSARBOMBA Watches Nucleus Femme 02-TB8219 Women’s Watch is a must-have trendy luxury timepiece for every woman. Adorned with zirconia (diamond) accents on the dial and a transparent bezel, it exudes luxury and elegance. Its Swiss quartz movement ensures stable timekeeping and requires minimal maintenance. Paired with a leather strap, it exudes even greater elegance and is equally suited for both professional settings and casual gatherings. The TSARBOMBA watch is not just a timekeeping tool—it’s a fashion accessory.","“Swiss Ronda movement,” “Zirconia (diamond) accents,” “316L stainless steel case,” “leather strap,” “Women’s Watch,” “30m water resistance,” “high-quality Grade A luminescent coating,” “The TSARBOMBA watch is not just a timekeeping tool, but also a fashion accessory.”",https://tsarbomba.com/products/tb8219?variant=46125100990720,https://cdn.shopify.com/s/files/1/0540/8145/4255/files/TB8219L-02.png?v=1752830499,USD,299.99,new,Pink,"TSAR BOMBA WATCH Barrel Type",female,"Products source-US3-Women's Watch","Nucleus Femme Series",0~500,35mm*39.5mm*11mm,"Plastic Titanium","https://cdn.shopify.com/s/files/1/0540/8145/4255/files/TB8219L-02.png?v=1733015582,https://cdn.shopify.com/s/files/1/0540/8145/4255/files/TB8219L-02_e22ae5be-0bff-434f-8732-d0c391fe8e58.png?v=1733015588","General:Movement: Swiss Movement, General: Case Material:316L Stainless Steel, General: Bezel Material: Plastic Titanium, General:Crystal: Sapphire Crystal, General: Water Resistance:30m, General: Lume: A-Grade Luminous, General: Strap Material: Fluoro Rubber Strap.","Apparel & Accessories > Jewelry > Watches",in_stock,Quartz,717701173536
113495,109230,Tsarbomba,45567587581,https://www.awin1.com/pclick.php?p=45567587581&a=3002879&m=109230,https://images2.productserve.com/?w=200&h=200&bg=white&trim=5&t=letterbox&url=ssl%3Acdn.shopify.com%2Fs%2Ffiles%2F1%2F0540%2F8145%2F4255%2Ffiles%2FTB8219L-04_b24167b9-75a5-4721-98aa-9c2db0468d57.png%3Fv%3D1733015588&feedId=113495&k=8fddf5a5f61598d54fb88cb8dd9f70075c89fa65,https://images2.productserve.com/?w=70&h=70&bg=white&trim=5&t=letterbox&url=ssl%3Acdn.shopify.com%2Fs%2Ffiles%2F1%2F0540%2F8145%2F4255%2Ffiles%2FTB8219L-04_b24167b9-75a5-4721-98aa-9c2db0468d57.png%3Fv%3D1733015588&feedId=113495&k=8fddf5a5f61598d54fb88cb8dd9f70075c89fa65,544,"Men's Watches",,"TSAR BOMBA WATCH","TB8219L-White Green",Watches,TB8219L-04,"TSAR BOMBA Women's Watches Nucleus Femme 02-TB8219: A trendy luxury women's watch featuring a zirconia (diamond) paved dial and a transparent bezel, exuding luxury and elegance. Powered by a Swiss Ronda quartz movement, it offers stable timekeeping and low-maintenance operation, making it ideal for women. 3ATM water resistance; high-quality Grade A luminescent coating; TSARBOMBA watches are not only timekeeping tools but also fashion accessories.","The TSARBOMBA Watches Nucleus Femme 02-TB8219 Women’s Watch is a must-have trendy luxury timepiece for every woman. Adorned with zirconia (diamond) accents on the dial and a transparent bezel, it exudes luxury and elegance. Its Swiss quartz movement ensures stable timekeeping and requires minimal maintenance. Paired with a leather strap, it exudes even greater elegance and is equally suited for both professional settings and casual gatherings. The TSARBOMBA watch is not just a timekeeping tool—it’s a fashion accessory.","“Swiss Ronda movement,” “Zirconia (diamond) accents,” “316L stainless steel case,” “leather strap,” “Women’s Watch,” “30m water resistance,” “high-quality Grade A luminescent coating,” “The TSARBOMBA watch is not just a timekeeping tool, but also a fashion accessory.”",https://tsarbomba.com/products/tb8219?variant=46141823779072,https://cdn.shopify.com/s/files/1/0540/8145/4255/files/TB8219L-04_b24167b9-75a5-4721-98aa-9c2db0468d57.png?v=1733015588,USD,299.99,new,"White Green","TSAR BOMBA WATCH Barrel Type",female,"Products source-US3-Women's Watch","Nucleus Femme Series",0~500,35mm*39.5mm*11mm,"Plastic Titanium","https://cdn.shopify.com/s/files/1/0540/8145/4255/files/TB8219L-04.png?v=1733015583,https://cdn.shopify.com/s/files/1/0540/8145/4255/files/TB8219L-04_59767a56-c681-49e3-949a-b99dfa82f719.png?v=1733015588","General:Movement: Swiss Movement, General: Case Material:316L Stainless Steel, General: Bezel Material: Plastic Titanium, General:Crystal: Sapphire Crystal, General: Water Resistance:30m, General: Lume: A-Grade Luminous, General: Strap Material: Fluoro Rubber Strap.","Apparel & Accessories > Jewelry > Watches",in_stock,Quartz,717701173529
113495,109230,Tsarbomba,45567587582,https://www.awin1.com/pclick.php?p=45567587582&a=3002879&m=109230,https://images2.productserve.com/?w=200&h=200&bg=white&trim=5&t=letterbox&url=ssl%3Acdn.shopify.com%2Fs%2Ffiles%2F1%2F0540%2F8145%2F4255%2Ffiles%2FTB8219L-01_2e5bdbc3-1e67-4f9e-81f0-5e834f0b2353.png%3Fv%3D1733015588&feedId=113495&k=42fc22c415a3bdf29285b0f354add1423f2f9311,https://images2.productserve.com/?w=70&h=70&bg=white&trim=5&t=letterbox&url=ssl%3Acdn.shopify.com%2Fs%2Ffiles%2F1%2F0540%2F8145%2F4255%2Ffiles%2FTB8219L-01_2e5bdbc3-1e67-4f9e-81f0-5e834f0b2353.png%3Fv%3D1733015588&feedId=113495&k=42fc22c415a3bdf29285b0f354add1423f2f9311,544,"Men's Watches",,"TSAR BOMBA WATCH",TB8219L-Blue,Watches,TB8219L-01,"TSAR BOMBA Women's Watches Nucleus Femme 02-TB8219: A trendy luxury women's watch featuring a zirconia (diamond) paved dial and a transparent bezel, exuding luxury and elegance. Powered by a Swiss Ronda quartz movement, it offers stable timekeeping and low-maintenance operation, making it ideal for women. 3ATM water resistance; high-quality Grade A luminescent coating; TSARBOMBA watches are not only timekeeping tools but also fashion accessories.","The TSARBOMBA Watches Nucleus Femme 02-TB8219 Women’s Watch is a must-have trendy luxury timepiece for every woman. Adorned with zirconia (diamond) accents on the dial and a transparent bezel, it exudes luxury and elegance. Its Swiss quartz movement ensures stable timekeeping and requires minimal maintenance. Paired with a leather strap, it exudes even greater elegance and is equally suited for both professional settings and casual gatherings. The TSARBOMBA watch is not just a timekeeping tool—it’s a fashion accessory.","“Swiss Ronda movement,” “Zirconia (diamond) accents,” “316L stainless steel case,” “leather strap,” “Women’s Watch,” “30m water resistance,” “high-quality Grade A luminescent coating,” “The TSARBOMBA watch is not just a timekeeping tool, but also a fashion accessory.”",https://tsarbomba.com/products/tb8219?variant=46125100957952,https://cdn.shopify.com/s/files/1/0540/8145/4255/files/TB8219L-01_2e5bdbc3-1e67-4f9e-81f0-5e834f0b2353.png?v=1733015588,USD,299.99,new,Blue,"TSAR BOMBA WATCH Barrel Type",female,"Products source-US3-Women's Watch","Nucleus Femme Series",0~500,35mm*39.5mm*11mm,"Plastic Titanium","https://cdn.shopify.com/s/files/1/0540/8145/4255/files/TB8219L-01.png?v=1733015585,https://cdn.shopify.com/s/files/1/0540/8145/4255/files/TB8219L-01_02d1d984-8660-400c-abd2-cd5c00dd46d8.png?v=1733015588","General:Movement: Swiss Movement, General: Case Material:316L Stainless Steel, General: Bezel Material: Plastic Titanium, General:Crystal: Sapphire Crystal, General: Water Resistance:30m, General: Lume: A-Grade Luminous, General: Strap Material: Fluoro Rubber Strap.","Apparel & Accessories > Jewelry > Watches",in_stock,Quartz,717701173512
113495,109230,Tsarbomba,45567587583,https://www.awin1.com/pclick.php?p=45567587583&a=3002879&m=109230,https://images2.productserve.com/?w=200&h=200&bg=white&trim=5&t=letterbox&url=ssl%3Acdn.shopify.com%2Fs%2Ffiles%2F1%2F0540%2F8145%2F4255%2Ffiles%2FTB8219GY-1.png%3Fv%3D1732697955&feedId=113495&k=460b1dd433421b91044715e1fc788c0db11ebb68,https://images2.productserve.com/?w=70&h=70&bg=white&trim=5&t=letterbox&url=ssl%3Acdn.shopify.com%2Fs%2Ffiles%2F1%2F0540%2F8145%2F4255%2Ffiles%2FTB8219GY-1.png%3Fv%3D1732697955&feedId=113495&k=460b1dd433421b91044715e1fc788c0db11ebb68,544,"Men's Watches",,"TSAR BOMBA WATCH","TB8219LA-Arab Gray",Watches,TB8219LA-03,"TSAR BOMBA Women's Watches Nucleus Femme 02-TB8219: A trendy luxury women's watch featuring a zirconia (diamond) paved dial and a transparent bezel, exuding luxury and elegance. Powered by a Swiss Ronda quartz movement, it offers stable timekeeping and low-maintenance operation, making it ideal for women. 3ATM water resistance; high-quality Grade A luminescent coating; TSARBOMBA watches are not only timekeeping tools but also fashion accessories.","The TSARBOMBA Watches Nucleus Femme 02-TB8219 Women’s Watch is a must-have trendy luxury timepiece for every woman. Adorned with zirconia (diamond) accents on the dial and a transparent bezel, it exudes luxury and elegance. Its Swiss quartz movement ensures stable timekeeping and requires minimal maintenance. Paired with a leather strap, it exudes even greater elegance and is equally suited for both professional settings and casual gatherings. The TSARBOMBA watch is not just a timekeeping tool—it’s a fashion accessory.","“Swiss Ronda movement,” “Zirconia (diamond) accents,” “316L stainless steel case,” “leather strap,” “Women’s Watch,” “30m water resistance,” “high-quality Grade A luminescent coating,” “The TSARBOMBA watch is not just a timekeeping tool, but also a fashion accessory.”",https://tsarbomba.com/products/tb8219?variant=46141823811840,https://cdn.shopify.com/s/files/1/0540/8145/4255/files/TB8219GY-1.png?v=1732697955,USD,299.99,new,"Arab Gray","TSAR BOMBA WATCH Barrel Type",female,"Products source-US3-Women's Watch","Nucleus Femme Series",0~500,35mm*39.5mm*11mm,"Plastic Titanium","https://cdn.shopify.com/s/files/1/0540/8145/4255/files/TB8219GY-3.png?v=1732697955,https://cdn.shopify.com/s/files/1/0540/8145/4255/files/TB8219GY-4.png?v=1732697955","General:Movement: Swiss Movement, General: Case Material:316L Stainless Steel, General: Bezel Material: Plastic Titanium, General:Crystal: Sapphire Crystal, General: Water Resistance:30m, General: Lume: A-Grade Luminous, General: Strap Material: Fluoro Rubber Strap.","Apparel & Accessories > Jewelry > Watches",in_stock,Quartz,717701173505
113495,109230,Tsarbomba,45567587584,https://www.awin1.com/pclick.php?p=45567587584&a=3002879&m=109230,https://images2.productserve.com/?w=200&h=200&bg=white&trim=5&t=letterbox&url=ssl%3Acdn.shopify.com%2Fs%2Ffiles%2F1%2F0540%2F8145%2F4255%2Ffiles%2FTB8219LA-G1.png%3Fv%3D1733123284&feedId=113495&k=889c01bc662ea0cadd11f9c5f70985f2706873e8,https://images2.productserve.com/?w=70&h=70&bg=white&trim=5&t=letterbox&url=ssl%3Acdn.shopify.com%2Fs%2Ffiles%2F1%2F0540%2F8145%2F4255%2Ffiles%2FTB8219LA-G1.png%3Fv%3D1733123284&feedId=113495&k=889c01bc662ea0cadd11f9c5f70985f2706873e8,544,"Men's Watches",,"TSAR BOMBA WATCH","TB8219LA-Arab Green",Watches,TB8219LA-01,"TSAR BOMBA Women's Watches Nucleus Femme 02-TB8219: A trendy luxury women's watch featuring a zirconia (diamond) paved dial and a transparent bezel, exuding luxury and elegance. Powered by a Swiss Ronda quartz movement, it offers stable timekeeping and low-maintenance operation, making it ideal for women. 3ATM water resistance; high-quality Grade A luminescent coating; TSARBOMBA watches are not only timekeeping tools but also fashion accessories.","The TSARBOMBA Watches Nucleus Femme 02-TB8219 Women’s Watch is a must-have trendy luxury timepiece for every woman. Adorned with zirconia (diamond) accents on the dial and a transparent bezel, it exudes luxury and elegance. Its Swiss quartz movement ensures stable timekeeping and requires minimal maintenance. Paired with a leather strap, it exudes even greater elegance and is equally suited for both professional settings and casual gatherings. The TSARBOMBA watch is not just a timekeeping tool—it’s a fashion accessory.","“Swiss Ronda movement,” “Zirconia (diamond) accents,” “316L stainless steel case,” “leather strap,” “Women’s Watch,” “30m water resistance,” “high-quality Grade A luminescent coating,” “The TSARBOMBA watch is not just a timekeeping tool, but also a fashion accessory.”",https://tsarbomba.com/products/tb8219?variant=46144898498816,https://cdn.shopify.com/s/files/1/0540/8145/4255/files/TB8219LA-G1.png?v=1733123284,USD,299.99,new,"Arab Green","TSAR BOMBA WATCH Barrel Type",female,"Products source-US3-Women's Watch","Nucleus Femme Series",0~500,35mm*39.5mm*11mm,"Plastic Titanium","https://cdn.shopify.com/s/files/1/0540/8145/4255/files/TB8219LA-G2.png?v=1733123282,https://cdn.shopify.com/s/files/1/0540/8145/4255/files/TB8219LA-G3.png?v=1733123284","General:Movement: Swiss Movement, General: Case Material:316L Stainless Steel, General: Bezel Material: Plastic Titanium, General:Crystal: Sapphire Crystal, General: Water Resistance:30m, General: Lume: A-Grade Luminous, General: Strap Material: Fluoro Rubber Strap.","Apparel & Accessories > Jewelry > Watches",in_stock,Quartz,717701173499
113495,109230,Tsarbomba,45567587585,https://www.awin1.com/pclick.php?p=45567587585&a=3002879&m=109230,https://images2.productserve.com/?w=200&h=200&bg=white&trim=5&t=letterbox&url=ssl%3Acdn.shopify.com%2Fs%2Ffiles%2F1%2F0540%2F8145%2F4255%2Ffiles%2FTB8219LA-W2.png%3Fv%3D1733123283&feedId=113495&k=42ce3c83ad6afa4512f2694ac722e2cc55674601,https://images2.productserve.com/?w=70&h=70&bg=white&trim=5&t=letterbox&url=ssl%3Acdn.shopify.com%2Fs%2Ffiles%2F1%2F0540%2F8145%2F4255%2Ffiles%2FTB8219LA-W2.png%3Fv%3D1733123283&feedId=113495&k=42ce3c83ad6afa4512f2694ac722e2cc55674601,544,"Men's Watches",,"TSAR BOMBA WATCH","TB8219LA-Arab White",Watches,TB8219LA-02,"TSAR BOMBA Women's Watches Nucleus Femme 02-TB8219: A trendy luxury women's watch featuring a zirconia (diamond) paved dial and a transparent bezel, exuding luxury and elegance. Powered by a Swiss Ronda quartz movement, it offers stable timekeeping and low-maintenance operation, making it ideal for women. 3ATM water resistance; high-quality Grade A luminescent coating; TSARBOMBA watches are not only timekeeping tools but also fashion accessories.","The TSARBOMBA Watches Nucleus Femme 02-TB8219 Women’s Watch is a must-have trendy luxury timepiece for every woman. Adorned with zirconia (diamond) accents on the dial and a transparent bezel, it exudes luxury and elegance. Its Swiss quartz movement ensures stable timekeeping and requires minimal maintenance. Paired with a leather strap, it exudes even greater elegance and is equally suited for both professional settings and casual gatherings. The TSARBOMBA watch is not just a timekeeping tool—it’s a fashion accessory.","“Swiss Ronda movement,” “Zirconia (diamond) accents,” “316L stainless steel case,” “leather strap,” “Women’s Watch,” “30m water resistance,” “high-quality Grade A luminescent coating,” “The TSARBOMBA watch is not just a timekeeping tool, but also a fashion accessory.”",https://tsarbomba.com/products/tb8219?variant=46144898531584,https://cdn.shopify.com/s/files/1/0540/8145/4255/files/TB8219LA-W2.png?v=1733123283,USD,299.99,new,"Arab White","TSAR BOMBA WATCH Barrel Type",female,"Products source-US3-Women's Watch","Nucleus Femme Series",0~500,35mm*39.5mm*11mm,"Plastic Titanium","https://cdn.shopify.com/s/files/1/0540/8145/4255/files/TB8219LA-W2.png?v=1733123283,https://cdn.shopify.com/s/files/1/0540/8145/4255/files/TB8219LA-W3.png?v=1733123284","General:Movement: Swiss Movement, General: Case Material:316L Stainless Steel, General: Bezel Material: Plastic Titanium, General:Crystal: Sapphire Crystal, General: Water Resistance:30m, General: Lume: A-Grade Luminous, General: Strap Material: Fluoro Rubber Strap.","Apparel & Accessories > Jewelry > Watches",in_stock,Quartz,717701173482
113495,109230,Tsarbomba,45567587586,https://www.awin1.com/pclick.php?p=45567587586&a=3002879&m=109230,https://images2.productserve.com/?w=200&h=200&bg=white&trim=5&t=letterbox&url=ssl%3Acdn.shopify.com%2Fs%2Ffiles%2F1%2F0540%2F8145%2F4255%2Ffiles%2F8211Q_34a13ef0-cae5-43b9-9ebb-2307808525ac.png%3Fv%3D1724724279&feedId=113495&k=7e1b88d208f3ec773912650c05448bad4b704215,https://images2.productserve.com/?w=70&h=70&bg=white&trim=5&t=letterbox&url=ssl%3Acdn.shopify.com%2Fs%2Ffiles%2F1%2F0540%2F8145%2F4255%2Ffiles%2F8211Q_34a13ef0-cae5-43b9-9ebb-2307808525ac.png%3Fv%3D1724724279&feedId=113495&k=7e1b88d208f3ec773912650c05448bad4b704215,544,"Men's Watches",,"TSAR BOMBA WATCH","TB8211Q-Silver black",Watches,TB8211Q-01,"The TSARBOMBA elemental TB8211Q—a trendy men’s fashion watch—is equipped with a Seiko quartz movement, ensuring stable timekeeping and low maintenance costs. The 316L stainless steel bezel and case highlight the watch’s robustness and durability, while the silicone strap is skin-friendly, comfortable, odor-free, and eco-friendly; 5ATM water resistance; high-quality Grade A luminescent coating; the TSARBOMBA watch is not only a timekeeping tool but also a fashion accessory.","The TSARBOMBA Elemental TB8211Q is a must-have fashion watch for every trendsetter. Equipped with a Seiko quartz movement, it offers stable timekeeping and low maintenance costs. Paired with a 316L stainless steel bezel and case, it exudes a sense of strength and durability. The silicone strap is skin-friendly and comfortable; it won’t cause allergic reactions even with prolonged wear, is odor-free, and eco-friendly; 5ATM water resistance; high-quality Grade A luminescent coating; TSARBOMBA watches are not just timekeeping tools, but also fashion accessories.","“Seiko quartz movement,” “316L stainless steel bezel,” “316L stainless steel case,” “tonneau watch,” “fluororubber strap,” “high-quality Grade A luminescent coating,” “50m water resistance,” “trendy watch,” “mechanical movement,” “sapphire crystal,”",https://tsarbomba.com/products/tb8211q?variant=43263261442304,https://cdn.shopify.com/s/files/1/0540/8145/4255/files/8211Q_34a13ef0-cae5-43b9-9ebb-2307808525ac.png?v=1724724279,USD,249.99,new,"Silver Black","TSAR BOMBA WATCH Barrel Type",male,"Products source-US3-Men's Watch","Elemental Series",0~500,46mm*51.5mm*15mm,"316L Stainless Steel","https://cdn.shopify.com/s/files/1/0540/8145/4255/files/4_171539cf-3bbb-44f0-8f9c-2611afb2a677.jpg?v=1724725997,https://cdn.shopify.com/s/files/1/0540/8145/4255/files/1_fe4b96f2-99aa-4557-a889-7aa98973f5df.jpg?v=1724725997","General:Movement: Japanese YN92 Quartz Movement, General: Case Material:316L Stainless Steel, General:Crystal: Sapphire Crystal, General: Water Resistance:50m, General: Lume: A-Grade Luminous, General: Strap Material: Silicone Strap","Apparel & Accessories > Jewelry > Watches",in_stock,Quartz,762704078838
113495,109230,Tsarbomba,45567587587,https://www.awin1.com/pclick.php?p=45567587587&a=3002879&m=109230,https://images2.productserve.com/?w=200&h=200&bg=white&trim=5&t=letterbox&url=ssl%3Acdn.shopify.com%2Fs%2Ffiles%2F1%2F0540%2F8145%2F4255%2Ffiles%2F8211Q_GBK-1.png%3Fv%3D1732270913&feedId=113495&k=aa0963743386178bd160fd109ba82a139beba7f4,https://images2.productserve.com/?w=70&h=70&bg=white&trim=5&t=letterbox&url=ssl%3Acdn.shopify.com%2Fs%2Ffiles%2F1%2F0540%2F8145%2F4255%2Ffiles%2F8211Q_GBK-1.png%3Fv%3D1732270913&feedId=113495&k=aa0963743386178bd160fd109ba82a139beba7f4,544,"Men's Watches",,"TSAR BOMBA WATCH","TB8211Q-Gold black",Watches,TB8211Q-05,"The TSARBOMBA elemental TB8211Q—a trendy men’s fashion watch—is equipped with a Seiko quartz movement, ensuring stable timekeeping and low maintenance costs. The 316L stainless steel bezel and case highlight the watch’s robustness and durability, while the silicone strap is skin-friendly, comfortable, odor-free, and eco-friendly; 5ATM water resistance; high-quality Grade A luminescent coating; the TSARBOMBA watch is not only a timekeeping tool but also a fashion accessory.","The TSARBOMBA Elemental TB8211Q is a must-have fashion watch for every trendsetter. Equipped with a Seiko quartz movement, it offers stable timekeeping and low maintenance costs. Paired with a 316L stainless steel bezel and case, it exudes a sense of strength and durability. The silicone strap is skin-friendly and comfortable; it won’t cause allergic reactions even with prolonged wear, is odor-free, and eco-friendly; 5ATM water resistance; high-quality Grade A luminescent coating; TSARBOMBA watches are not just timekeeping tools, but also fashion accessories.","“Seiko quartz movement,” “316L stainless steel bezel,” “316L stainless steel case,” “tonneau watch,” “fluororubber strap,” “high-quality Grade A luminescent coating,” “50m water resistance,” “trendy watch,” “mechanical movement,” “sapphire crystal,”",https://tsarbomba.com/products/tb8211q?variant=43263261540608,https://cdn.shopify.com/s/files/1/0540/8145/4255/files/8211Q_GBK-1.png?v=1732270913,USD,249.99,new,"Gold Black","TSAR BOMBA WATCH Barrel Type",male,"Products source-US3-Men's Watch","Elemental Series",0~500,46mm*51.5mm*15mm,"316L Stainless Steel","https://cdn.shopify.com/s/files/1/0540/8145/4255/files/8211Q_GBK-4.png?v=1752304548,https://cdn.shopify.com/s/files/1/0540/8145/4255/files/8211Q-2.png?v=1753861917","General:Movement: Japanese YN92 Quartz Movement, General: Case Material:316L Stainless Steel, General:Crystal: Sapphire Crystal, General: Water Resistance:50m, General: Lume: A-Grade Luminous, General: Strap Material: Silicone Strap","Apparel & Accessories > Jewelry > Watches",in_stock,Quartz,762704078852
113495,109230,Tsarbomba,45567587588,https://www.awin1.com/pclick.php?p=45567587588&a=3002879&m=109230,https://images2.productserve.com/?w=200&h=200&bg=white&trim=5&t=letterbox&url=ssl%3Acdn.shopify.com%2Fs%2Ffiles%2F1%2F0540%2F8145%2F4255%2Ffiles%2F7_0fce9043-64dd-47ce-9daf-07f5a6025c01.png%3Fv%3D1753861917&feedId=113495&k=01fd271ab56973829d97bbe96425a73323cc8977,https://images2.productserve.com/?w=70&h=70&bg=white&trim=5&t=letterbox&url=ssl%3Acdn.shopify.com%2Fs%2Ffiles%2F1%2F0540%2F8145%2F4255%2Ffiles%2F7_0fce9043-64dd-47ce-9daf-07f5a6025c01.png%3Fv%3D1753861917&feedId=113495&k=01fd271ab56973829d97bbe96425a73323cc8977,544,"Men's Watches",,"TSAR BOMBA WATCH","TB8211Q-Silver blue",Watches,TB8211Q-03,"The TSARBOMBA elemental TB8211Q—a trendy men’s fashion watch—is equipped with a Seiko quartz movement, ensuring stable timekeeping and low maintenance costs. The 316L stainless steel bezel and case highlight the watch’s robustness and durability, while the silicone strap is skin-friendly, comfortable, odor-free, and eco-friendly; 5ATM water resistance; high-quality Grade A luminescent coating; the TSARBOMBA watch is not only a timekeeping tool but also a fashion accessory.","The TSARBOMBA Elemental TB8211Q is a must-have fashion watch for every trendsetter. Equipped with a Seiko quartz movement, it offers stable timekeeping and low maintenance costs. Paired with a 316L stainless steel bezel and case, it exudes a sense of strength and durability. The silicone strap is skin-friendly and comfortable; it won’t cause allergic reactions even with prolonged wear, is odor-free, and eco-friendly; 5ATM water resistance; high-quality Grade A luminescent coating; TSARBOMBA watches are not just timekeeping tools, but also fashion accessories.","“Seiko quartz movement,” “316L stainless steel bezel,” “316L stainless steel case,” “tonneau watch,” “fluororubber strap,” “high-quality Grade A luminescent coating,” “50m water resistance,” “trendy watch,” “mechanical movement,” “sapphire crystal,”",https://tsarbomba.com/products/tb8211q?variant=43263261573376,https://cdn.shopify.com/s/files/1/0540/8145/4255/files/7_0fce9043-64dd-47ce-9daf-07f5a6025c01.png?v=1753861917,USD,249.99,new,"Sliver Blue","TSAR BOMBA WATCH Barrel Type",male,"Products source-US3-Men's Watch","Elemental Series",0~500,46mm*51.5mm*15mm,"316L Stainless Steel","https://cdn.shopify.com/s/files/1/0540/8145/4255/files/7_0fce9043-64dd-47ce-9daf-07f5a6025c01.png?v=1753861917,https://cdn.shopify.com/s/files/1/0540/8145/4255/files/8211Q-7.png?v=1753861917","General:Movement: Japanese YN92 Quartz Movement, General: Case Material:316L Stainless Steel, General:Crystal: Sapphire Crystal, General: Water Resistance:50m, General: Lume: A-Grade Luminous, General: Strap Material: Silicone Strap","Apparel & Accessories > Jewelry > Watches",in_stock,Quartz,762704078869
113495,109230,Tsarbomba,45567587589,https://www.awin1.com/pclick.php?p=45567587589&a=3002879&m=109230,https://images2.productserve.com/?w=200&h=200&bg=white&trim=5&t=letterbox&url=ssl%3Acdn.shopify.com%2Fs%2Ffiles%2F1%2F0540%2F8145%2F4255%2Ffiles%2Fc92259f41a03715e5f5069a8203a89b9_7d441cd8-84da-447a-abf1-6df4a755b841.png%3Fv%3D1730516057&feedId=113495&k=1c63d59f6d80949a8b20a6e0816fe6f7e256ed2d,https://images2.productserve.com/?w=70&h=70&bg=white&trim=5&t=letterbox&url=ssl%3Acdn.shopify.com%2Fs%2Ffiles%2F1%2F0540%2F8145%2F4255%2Ffiles%2Fc92259f41a03715e5f5069a8203a89b9_7d441cd8-84da-447a-abf1-6df4a755b841.png%3Fv%3D1730516057&feedId=113495&k=1c63d59f6d80949a8b20a6e0816fe6f7e256ed2d,544,"Men's Watches",,"TSAR BOMBA WATCH",TB8211Q-black,Watches,TB8211Q-04,"The TSARBOMBA elemental TB8211Q—a trendy men’s fashion watch—is equipped with a Seiko quartz movement, ensuring stable timekeeping and low maintenance costs. The 316L stainless steel bezel and case highlight the watch’s robustness and durability, while the silicone strap is skin-friendly, comfortable, odor-free, and eco-friendly; 5ATM water resistance; high-quality Grade A luminescent coating; the TSARBOMBA watch is not only a timekeeping tool but also a fashion accessory.","The TSARBOMBA Elemental TB8211Q is a must-have fashion watch for every trendsetter. Equipped with a Seiko quartz movement, it offers stable timekeeping and low maintenance costs. Paired with a 316L stainless steel bezel and case, it exudes a sense of strength and durability. The silicone strap is skin-friendly and comfortable; it won’t cause allergic reactions even with prolonged wear, is odor-free, and eco-friendly; 5ATM water resistance; high-quality Grade A luminescent coating; TSARBOMBA watches are not just timekeeping tools, but also fashion accessories.","“Seiko quartz movement,” “316L stainless steel bezel,” “316L stainless steel case,” “tonneau watch,” “fluororubber strap,” “high-quality Grade A luminescent coating,” “50m water resistance,” “trendy watch,” “mechanical movement,” “sapphire crystal,”",https://tsarbomba.com/products/tb8211q?variant=43263261507840,https://cdn.shopify.com/s/files/1/0540/8145/4255/files/c92259f41a03715e5f5069a8203a89b9_7d441cd8-84da-447a-abf1-6df4a755b841.png?v=1730516057,USD,249.99,new,Black,"TSAR BOMBA WATCH Barrel Type",male,"Products source-US3-Men's Watch","Elemental Series",0~500,46mm*51.5mm*15mm,"316L Stainless Steel","https://cdn.shopify.com/s/files/1/0540/8145/4255/files/8211_3.jpg?v=1724725997,https://cdn.shopify.com/s/files/1/0540/8145/4255/files/5_3c268964-f544-45cd-a3fa-b7559a19da28.jpg?v=1724725997,https://cdn.shopify.com/s/files/1/0540/8145/4255/files/10_61394d2a-c149-43c3-bd85-650b89e8e2da.png?v=1753861917","General:Movement: Japanese YN92 Quartz Movement, General: Case Material:316L Stainless Steel, General:Crystal: Sapphire Crystal, General: Water Resistance:50m, General: Lume: A-Grade Luminous, General: Strap Material: Silicone Strap","Apparel & Accessories > Jewelry > Watches",in_stock,Quartz,762704078845
113495,109230,Tsarbomba,45567587590,https://www.awin1.com/pclick.php?p=45567587590&a=3002879&m=109230,https://images2.productserve.com/?w=200&h=200&bg=white&trim=5&t=letterbox&url=ssl%3Acdn.shopify.com%2Fs%2Ffiles%2F1%2F0540%2F8145%2F4255%2Ffiles%2F2_ed2f6e84-ecec-4c1c-878d-6eac9998c308.jpg%3Fv%3D1774507691&feedId=113495&k=5392f483f43f5e624e1443a6fe87bc6c4fbbdb5b,https://images2.productserve.com/?w=70&h=70&bg=white&trim=5&t=letterbox&url=ssl%3Acdn.shopify.com%2Fs%2Ffiles%2F1%2F0540%2F8145%2F4255%2Ffiles%2F2_ed2f6e84-ecec-4c1c-878d-6eac9998c308.jpg%3Fv%3D1774507691&feedId=113495&k=5392f483f43f5e624e1443a6fe87bc6c4fbbdb5b,544,"Men's Watches",,"TSAR BOMBA WATCH",TB8218SCM,Watches,TB8218SCM,"TSARBOMBA Atomic TB8218CF (5-in-1) Fashion Watch; features a Miyota automatic mechanical movement, carbon fiber bezel, and carbon fiber case. The extensive use of carbon fiber symbolizes the power and dynamism of a sports car, with an interchangeable set; eco-friendly fluororubber strap; 10ATM water resistance; high-quality Grade A luminescent coating,","The TSARBOMBA TB8218CF (5-in-1) is a must-have fashion timepiece for every trendsetter. Equipped with a reliable Miyota movement, a carbon fiber bezel, and a carbon fiber case, it offers extreme lightweight design and embodies the power of a sports car, With 5 bezels, 5 straps, and 5 crowns, instead of buying multiple watches, you can get a single watch that offers a wider range of styles. Interchangeable accessories watches; the fluororubber strap is gentle on the skin, causing no allergic reactions even with prolonged wear, 10ATM water resistance; high-quality Grade A luminescent coating; TSARBOMBA watches are not just timepieces but also fashion accessories.","“Miyota movement,” “carbon fiber bezel and carbon fiber case,” “fluororubber strap,” “high-quality Grade A luminescent coating,” “50m water resistance,” “trendy watch.” “Mechanical movement,” “Sapphire crystal,” “watches with interchangeable accessories,” “5-piece set”",https://tsarbomba.com/products/tb8218cf,https://cdn.shopify.com/s/files/1/0540/8145/4255/files/2_ed2f6e84-ecec-4c1c-878d-6eac9998c308.jpg?v=1774507691,USD,2399.9,new,Black,"TSAR BOMBA WATCH Barrel Type",male,"Products source-US3-Men's Watch","Atomic Series",2000~,45mm*50.4mm*13.55mm,"Carbon Fiber",https://cdn.shopify.com/s/files/1/0540/8145/4255/files/1_691540a0-1501-4353-b1d2-4d3a1e41a674.png?v=1774507691,"General:Movement: Japanese Movement, General: Case Material: Carbon Fiber, General: Bezel Material: Carbon Fiber, General:Crystal: Sapphire Crystal, General: Water Resistance:100m, General: Lume: A-Grade Luminous, General: Strap Material: Fluoro Rubber.","Apparel & Accessories > Jewelry > Watches",in_stock,Automatic,717020806702
113495,109230,Tsarbomba,45567587591,https://www.awin1.com/pclick.php?p=45567587591&a=3002879&m=109230,https://images2.productserve.com/?w=200&h=200&bg=white&trim=5&t=letterbox&url=ssl%3Acdn.shopify.com%2Fs%2Ffiles%2F1%2F0540%2F8145%2F4255%2Ffiles%2F8204Q_8e219a74-f00f-4f39-bd35-49f30a73341b.png%3Fv%3D1724725312&feedId=113495&k=20d0ea1e055ef0900e00e2df80c7ea336add2d23,https://images2.productserve.com/?w=70&h=70&bg=white&trim=5&t=letterbox&url=ssl%3Acdn.shopify.com%2Fs%2Ffiles%2F1%2F0540%2F8145%2F4255%2Ffiles%2F8204Q_8e219a74-f00f-4f39-bd35-49f30a73341b.png%3Fv%3D1724725312&feedId=113495&k=20d0ea1e055ef0900e00e2df80c7ea336add2d23,544,"Men's Watches",,"TSAR BOMBA WATCH","TB8204Q-silver black",Watches,TB8204Q-01,"TSAR BOMBA elemental TB8204Q Men’s Luxury Chronograph—Stainless steel case with silicone strap, 5 ATM water resistance, luminescent sporty design, Seiko movement, no manual winding required, easy maintenance","TSARBOMBA watches presents a quartz chronograph designed for the modern man, featuring a Seiko quartz movement with automatic electronic winding and low-maintenance operation. It features a 316L stainless steel case paired with a high-tech silicone strap, offering 5 ATM water resistance and a premium Grade A luminescent coating. Whether in the boardroom or on a weekend getaway, it ensures you combine style and functionality in any setting. The perfect first quartz watch for young adults.","""Precision chronograph movement"", ""Date calendar function"", ""316L stainless steel case"", ""Grade A lume"", ""50m water resistance"", ""Hypoallergenic silicone strap""",https://tsarbomba.com/products/tb8204q?variant=40899441655983,https://cdn.shopify.com/s/files/1/0540/8145/4255/files/8204Q_8e219a74-f00f-4f39-bd35-49f30a73341b.png?v=1724725312,USD,219.99,new,"Silver Black","TSAR BOMBA WATCH Barrel Type",male,"Products source-US3-Men's Watch","Elemental Series",0~500,43mm*50.5mm*15mm,"316L Stainless Steel","https://cdn.shopify.com/s/files/1/0540/8145/4255/files/8204Q-1_a8fbb242-6e72-493d-843a-2d43e1367334.png?v=1778818819,https://cdn.shopify.com/s/files/1/0540/8145/4255/files/8204Q-Silver_Black2.png?v=1752222871,https://cdn.shopify.com/s/files/1/0540/8145/4255/files/8204Q-Silver_Black.png?v=1752222871","General:Movement: Japanese VK67 Quartz Movement, General: Case Material:316L Stainless Steel, General:Crystal: Sapphire Crystal, General: Water Resistance:50m, General: Lume: A-Grade Luminous, General: Strap Material: Silicone Strap","Apparel & Accessories > Jewelry > Watches",in_stock,Quartz,717298579797
113495,109230,Tsarbomba,45567587592,https://www.awin1.com/pclick.php?p=45567587592&a=3002879&m=109230,https://images2.productserve.com/?w=200&h=200&bg=white&trim=5&t=letterbox&url=ssl%3Acdn.shopify.com%2Fs%2Ffiles%2F1%2F0540%2F8145%2F4255%2Ffiles%2F10_67c5dd4c-3faa-4852-baae-805bd8c372d7.png%3Fv%3D1752829877%2C&feedId=113495&k=68fdd7d4260b1b171e9230c15113de1487c86266,https://images2.productserve.com/?w=70&h=70&bg=white&trim=5&t=letterbox&url=ssl%3Acdn.shopify.com%2Fs%2Ffiles%2F1%2F0540%2F8145%2F4255%2Ffiles%2F10_67c5dd4c-3faa-4852-baae-805bd8c372d7.png%3Fv%3D1752829877%2C&feedId=113495&k=68fdd7d4260b1b171e9230c15113de1487c86266,544,"Men's Watches",,"TSAR BOMBA WATCH","TB8204Q-silver blue",Watches,TB8204Q-02,"TSAR BOMBA elemental TB8204Q Men’s Luxury Chronograph—Stainless steel case with silicone strap, 5 ATM water resistance, luminescent sporty design, Seiko movement, no manual winding required, easy maintenance","TSARBOMBA watches presents a quartz chronograph designed for the modern man, featuring a Seiko quartz movement with automatic electronic winding and low-maintenance operation. It features a 316L stainless steel case paired with a high-tech silicone strap, offering 5 ATM water resistance and a premium Grade A luminescent coating. Whether in the boardroom or on a weekend getaway, it ensures you combine style and functionality in any setting. The perfect first quartz watch for young adults.","""Precision chronograph movement"", ""Date calendar function"", ""316L stainless steel case"", ""Grade A lume"", ""50m water resistance"", ""Hypoallergenic silicone strap""",https://tsarbomba.com/products/tb8204q?variant=40899441590447,"https://cdn.shopify.com/s/files/1/0540/8145/4255/files/10_67c5dd4c-3faa-4852-baae-805bd8c372d7.png?v=1752829877,",USD,219.99,new,"Silver Blue","TSAR BOMBA WATCH Barrel Type",male,"Products source-US3-Men's Watch","Elemental Series",0~500,43mm*50.5mm*15mm,"316L Stainless Steel","https://cdn.shopify.com/s/files/1/0540/8145/4255/files/8204Q-3.png?v=1752829877,https://cdn.shopify.com/s/files/1/0540/8145/4255/files/8204Q-Silver_Blue2.png?v=1752829877","General:Movement: Japanese VK67 Quartz Movement, General: Case Material:316L Stainless Steel, General:Crystal: Sapphire Crystal, General: Water Resistance:50m, General: Lume: A-Grade Luminous, General: Strap Material: Silicone Strap","Apparel & Accessories > Jewelry > Watches",in_stock,Quartz,717298579797
113495,109230,Tsarbomba,45567587593,https://www.awin1.com/pclick.php?p=45567587593&a=3002879&m=109230,https://images2.productserve.com/?w=200&h=200&bg=white&trim=5&t=letterbox&url=ssl%3Acdn.shopify.com%2Fs%2Ffiles%2F1%2F0540%2F8145%2F4255%2Ffiles%2F9_c9ad9715-38b7-4c3c-bf79-00ccb598b697.png%3Fv%3D1752829877&feedId=113495&k=4645a8349ca35f757543f42a30959562e7ae6480,https://images2.productserve.com/?w=70&h=70&bg=white&trim=5&t=letterbox&url=ssl%3Acdn.shopify.com%2Fs%2Ffiles%2F1%2F0540%2F8145%2F4255%2Ffiles%2F9_c9ad9715-38b7-4c3c-bf79-00ccb598b697.png%3Fv%3D1752829877&feedId=113495&k=4645a8349ca35f757543f42a30959562e7ae6480,544,"Men's Watches",,"TSAR BOMBA WATCH","TB8204Q-silver red",Watches,TB8204Q-03,"TSAR BOMBA elemental TB8204Q Men’s Luxury Chronograph—Stainless steel case with silicone strap, 5 ATM water resistance, luminescent sporty design, Seiko movement, no manual winding required, easy maintenance","TSARBOMBA watches presents a quartz chronograph designed for the modern man, featuring a Seiko quartz movement with automatic electronic winding and low-maintenance operation. It features a 316L stainless steel case paired with a high-tech silicone strap, offering 5 ATM water resistance and a premium Grade A luminescent coating. Whether in the boardroom or on a weekend getaway, it ensures you combine style and functionality in any setting. The perfect first quartz watch for young adults.","""Precision chronograph movement"", ""Date calendar function"", ""316L stainless steel case"", ""Grade A lume"", ""50m water resistance"", ""Hypoallergenic silicone strap""",https://tsarbomba.com/products/tb8204q?variant=40899441623215,https://cdn.shopify.com/s/files/1/0540/8145/4255/files/9_c9ad9715-38b7-4c3c-bf79-00ccb598b697.png?v=1752829877,USD,219.99,new,"Silver Red","TSAR BOMBA WATCH Barrel Type",male,"Products source-US3-Men's Watch","Elemental Series",0~500,43mm*50.5mm*15mm,"316L Stainless Steel","https://cdn.shopify.com/s/files/1/0540/8145/4255/files/8204Q-6.png?v=1752829877,https://cdn.shopify.com/s/files/1/0540/8145/4255/files/8204Q-Silver_Red2.png?v=1752829877","General:Movement: Japanese VK67 Quartz Movement, General: Case Material:316L Stainless Steel, General:Crystal: Sapphire Crystal, General: Water Resistance:50m, General: Lume: A-Grade Luminous, General: Strap Material: Silicone Strap","Apparel & Accessories > Jewelry > Watches",in_stock,Quartz,717298579797
113495,109230,Tsarbomba,45567587594,https://www.awin1.com/pclick.php?p=45567587594&a=3002879&m=109230,https://images2.productserve.com/?w=200&h=200&bg=white&trim=5&t=letterbox&url=ssl%3Acdn.shopify.com%2Fs%2Ffiles%2F1%2F0540%2F8145%2F4255%2Ffiles%2F6_a002fb59-e406-41e4-9373-8163ce4a8483.png%3Fv%3D1752829877&feedId=113495&k=5933103a9590b34f6b6d12a1b0da3929d32390aa,https://images2.productserve.com/?w=70&h=70&bg=white&trim=5&t=letterbox&url=ssl%3Acdn.shopify.com%2Fs%2Ffiles%2F1%2F0540%2F8145%2F4255%2Ffiles%2F6_a002fb59-e406-41e4-9373-8163ce4a8483.png%3Fv%3D1752829877&feedId=113495&k=5933103a9590b34f6b6d12a1b0da3929d32390aa,544,"Men's Watches",,"TSAR BOMBA WATCH","TB8204Q-golden black",Watches,TB8204Q-04,"TSAR BOMBA elemental TB8204Q Men’s Luxury Chronograph—Stainless steel case with silicone strap, 5 ATM water resistance, luminescent sporty design, Seiko movement, no manual winding required, easy maintenance","TSARBOMBA watches presents a quartz chronograph designed for the modern man, featuring a Seiko quartz movement with automatic electronic winding and low-maintenance operation. It features a 316L stainless steel case paired with a high-tech silicone strap, offering 5 ATM water resistance and a premium Grade A luminescent coating. Whether in the boardroom or on a weekend getaway, it ensures you combine style and functionality in any setting. The perfect first quartz watch for young adults.","""Precision chronograph movement"", ""Date calendar function"", ""316L stainless steel case"", ""Grade A lume"", ""50m water resistance"", ""Hypoallergenic silicone strap""",https://tsarbomba.com/products/tb8204q?variant=40899441918127,https://cdn.shopify.com/s/files/1/0540/8145/4255/files/6_a002fb59-e406-41e4-9373-8163ce4a8483.png?v=1752829877,USD,219.99,new,"Golden Black","TSAR BOMBA WATCH Barrel Type",male,"Products source-US3-Men's Watch","Elemental Series",0~500,43mm*50.5mm*15mm,"316L Stainless Steel","https://cdn.shopify.com/s/files/1/0540/8145/4255/files/8204Q-2.png?v=1752829877,https://cdn.shopify.com/s/files/1/0540/8145/4255/files/8204Q-GBK1.png?v=1752829877","General:Movement: Japanese VK67 Quartz Movement, General: Case Material:316L Stainless Steel, General:Crystal: Sapphire Crystal, General: Water Resistance:50m, General: Lume: A-Grade Luminous, General: Strap Material: Silicone Strap","Apparel & Accessories > Jewelry > Watches",in_stock,Quartz,717298579797
113495,109230,Tsarbomba,45567587595,https://www.awin1.com/pclick.php?p=45567587595&a=3002879&m=109230,https://images2.productserve.com/?w=200&h=200&bg=white&trim=5&t=letterbox&url=ssl%3Acdn.shopify.com%2Fs%2Ffiles%2F1%2F0540%2F8145%2F4255%2Ffiles%2F8_d9da19f8-570c-4b04-89d2-31e400d0e7b9.png%3Fv%3D1752829877&feedId=113495&k=2133787c5c018e06f439df664a8435e02c5298b4,https://images2.productserve.com/?w=70&h=70&bg=white&trim=5&t=letterbox&url=ssl%3Acdn.shopify.com%2Fs%2Ffiles%2F1%2F0540%2F8145%2F4255%2Ffiles%2F8_d9da19f8-570c-4b04-89d2-31e400d0e7b9.png%3Fv%3D1752829877&feedId=113495&k=2133787c5c018e06f439df664a8435e02c5298b4,544,"Men's Watches",,"TSAR BOMBA WATCH","TB8204Q-orange biack",Watches,TB8204Q-05,"TSAR BOMBA elemental TB8204Q Men’s Luxury Chronograph—Stainless steel case with silicone strap, 5 ATM water resistance, luminescent sporty design, Seiko movement, no manual winding required, easy maintenance","TSARBOMBA watches presents a quartz chronograph designed for the modern man, featuring a Seiko quartz movement with automatic electronic winding and low-maintenance operation. It features a 316L stainless steel case paired with a high-tech silicone strap, offering 5 ATM water resistance and a premium Grade A luminescent coating. Whether in the boardroom or on a weekend getaway, it ensures you combine style and functionality in any setting. The perfect first quartz watch for young adults.","""Precision chronograph movement"", ""Date calendar function"", ""316L stainless steel case"", ""Grade A lume"", ""50m water resistance"", ""Hypoallergenic silicone strap""",https://tsarbomba.com/products/tb8204q?variant=40899441950895,https://cdn.shopify.com/s/files/1/0540/8145/4255/files/8_d9da19f8-570c-4b04-89d2-31e400d0e7b9.png?v=1752829877,USD,219.99,new,"Silver Orange","TSAR BOMBA WATCH Barrel Type",male,"Products source-US3-Men's Watch","Elemental Series",0~500,43mm*50.5mm*15mm,"316L Stainless Steel","https://cdn.shopify.com/s/files/1/0540/8145/4255/files/8204Q-4.png?v=1752829877,https://cdn.shopify.com/s/files/1/0540/8145/4255/files/8204Q-Silver_Orange2.png?v=1752829877","General:Movement: Japanese VK67 Quartz Movement, General: Case Material:316L Stainless Steel, General:Crystal: Sapphire Crystal, General: Water Resistance:50m, General: Lume: A-Grade Luminous, General: Strap Material: Silicone Strap","Apparel & Accessories > Jewelry > Watches",in_stock,Quartz,717298579797
113495,109230,Tsarbomba,45567587596,https://www.awin1.com/pclick.php?p=45567587596&a=3002879&m=109230,https://images2.productserve.com/?w=200&h=200&bg=white&trim=5&t=letterbox&url=ssl%3Acdn.shopify.com%2Fs%2Ffiles%2F1%2F0540%2F8145%2F4255%2Ffiles%2F8204Q-10.png%3Fv%3D1752829877&feedId=113495&k=fd8407a4e2ba46d6387a1f7c1f86ffadaa8d2bed,https://images2.productserve.com/?w=70&h=70&bg=white&trim=5&t=letterbox&url=ssl%3Acdn.shopify.com%2Fs%2Ffiles%2F1%2F0540%2F8145%2F4255%2Ffiles%2F8204Q-10.png%3Fv%3D1752829877&feedId=113495&k=fd8407a4e2ba46d6387a1f7c1f86ffadaa8d2bed,544,"Men's Watches",,"TSAR BOMBA WATCH","TB8204Q-black orange",Watches,TB8204Q-06,"TSAR BOMBA elemental TB8204Q Men’s Luxury Chronograph—Stainless steel case with silicone strap, 5 ATM water resistance, luminescent sporty design, Seiko movement, no manual winding required, easy maintenance","TSARBOMBA watches presents a quartz chronograph designed for the modern man, featuring a Seiko quartz movement with automatic electronic winding and low-maintenance operation. It features a 316L stainless steel case paired with a high-tech silicone strap, offering 5 ATM water resistance and a premium Grade A luminescent coating. Whether in the boardroom or on a weekend getaway, it ensures you combine style and functionality in any setting. The perfect first quartz watch for young adults.","""Precision chronograph movement"", ""Date calendar function"", ""316L stainless steel case"", ""Grade A lume"", ""50m water resistance"", ""Hypoallergenic silicone strap""",https://tsarbomba.com/products/tb8204q?variant=40899441721519,https://cdn.shopify.com/s/files/1/0540/8145/4255/files/8204Q-10.png?v=1752829877,USD,219.99,new,"Black Orange","TSAR BOMBA WATCH Barrel Type",male,"Products source-US3-Men's Watch","Elemental Series",0~500,43mm*50.5mm*15mm,"316L Stainless Steel","https://cdn.shopify.com/s/files/1/0540/8145/4255/files/8204Q-11.png?v=1752829877,8204Q-Black_Orange2.png","General:Movement: Japanese VK67 Quartz Movement, General: Case Material:316L Stainless Steel, General:Crystal: Sapphire Crystal, General: Water Resistance:50m, General: Lume: A-Grade Luminous, General: Strap Material: Silicone Strap","Apparel & Accessories > Jewelry > Watches",in_stock,Quartz,717298579797
113495,109230,Tsarbomba,45567587597,https://www.awin1.com/pclick.php?p=45567587597&a=3002879&m=109230,https://images2.productserve.com/?w=200&h=200&bg=white&trim=5&t=letterbox&url=ssl%3Acdn.shopify.com%2Fs%2Ffiles%2F1%2F0540%2F8145%2F4255%2Ffiles%2F11_b109c8a8-d4a5-41a3-bae6-2cd0082e1fb3.png%3Fv%3D1752829877&feedId=113495&k=0802b3e11be5cee3d6fac18180d827791a19f867,https://images2.productserve.com/?w=70&h=70&bg=white&trim=5&t=letterbox&url=ssl%3Acdn.shopify.com%2Fs%2Ffiles%2F1%2F0540%2F8145%2F4255%2Ffiles%2F11_b109c8a8-d4a5-41a3-bae6-2cd0082e1fb3.png%3Fv%3D1752829877&feedId=113495&k=0802b3e11be5cee3d6fac18180d827791a19f867,544,"Men's Watches",,"TSAR BOMBA WATCH","TB8204Q-Elite blue",Watches,TB8204Q-07,"TSAR BOMBA elemental TB8204Q Men’s Luxury Chronograph—Stainless steel case with silicone strap, 5 ATM water resistance, luminescent sporty design, Seiko movement, no manual winding required, easy maintenance","TSARBOMBA watches presents a quartz chronograph designed for the modern man, featuring a Seiko quartz movement with automatic electronic winding and low-maintenance operation. It features a 316L stainless steel case paired with a high-tech silicone strap, offering 5 ATM water resistance and a premium Grade A luminescent coating. Whether in the boardroom or on a weekend getaway, it ensures you combine style and functionality in any setting. The perfect first quartz watch for young adults.","""Precision chronograph movement"", ""Date calendar function"", ""316L stainless steel case"", ""Grade A lume"", ""50m water resistance"", ""Hypoallergenic silicone strap""",https://tsarbomba.com/products/tb8204q?variant=43777237876992,https://cdn.shopify.com/s/files/1/0540/8145/4255/files/11_b109c8a8-d4a5-41a3-bae6-2cd0082e1fb3.png?v=1752829877,USD,219.99,new,"Elite Blue","TSAR BOMBA WATCH Barrel Type",male,"Products source-US3-Men's Watch","Elemental Series",0~500,43mm*50.5mm*15mm,"316L Stainless Steel","https://cdn.shopify.com/s/files/1/0540/8145/4255/files/8204Q-5.png?v=1752829877,https://cdn.shopify.com/s/files/1/0540/8145/4255/files/8204Q-Light_Blue2.png?v=1752829877","General:Movement: Japanese VK67 Quartz Movement, General: Case Material:316L Stainless Steel, General:Crystal: Sapphire Crystal, General: Water Resistance:50m, General: Lume: A-Grade Luminous, General: Strap Material: Silicone Strap","Apparel & Accessories > Jewelry > Watches",in_stock,Quartz,717298579797
113495,109230,Tsarbomba,45567587598,https://www.awin1.com/pclick.php?p=45567587598&a=3002879&m=109230,https://images2.productserve.com/?w=200&h=200&bg=white&trim=5&t=letterbox&url=ssl%3Acdn.shopify.com%2Fs%2Ffiles%2F1%2F0540%2F8145%2F4255%2Ffiles%2F4_6a4df62e-9358-46df-b915-47b1cd361a86.png%3Fv%3D1752829877&feedId=113495&k=60854a3e0a3a805e51d2df5faf98bc77175b02b1,https://images2.productserve.com/?w=70&h=70&bg=white&trim=5&t=letterbox&url=ssl%3Acdn.shopify.com%2Fs%2Ffiles%2F1%2F0540%2F8145%2F4255%2Ffiles%2F4_6a4df62e-9358-46df-b915-47b1cd361a86.png%3Fv%3D1752829877&feedId=113495&k=60854a3e0a3a805e51d2df5faf98bc77175b02b1,544,"Men's Watches",,"TSAR BOMBA WATCH","TB8204Q-black red",Watches,TB8204Q-08,"TSAR BOMBA elemental TB8204Q Men’s Luxury Chronograph—Stainless steel case with silicone strap, 5 ATM water resistance, luminescent sporty design, Seiko movement, no manual winding required, easy maintenance","TSARBOMBA watches presents a quartz chronograph designed for the modern man, featuring a Seiko quartz movement with automatic electronic winding and low-maintenance operation. It features a 316L stainless steel case paired with a high-tech silicone strap, offering 5 ATM water resistance and a premium Grade A luminescent coating. Whether in the boardroom or on a weekend getaway, it ensures you combine style and functionality in any setting. The perfect first quartz watch for young adults.","""Precision chronograph movement"", ""Date calendar function"", ""316L stainless steel case"", ""Grade A lume"", ""50m water resistance"", ""Hypoallergenic silicone strap""",https://tsarbomba.com/products/tb8204q?variant=40899441754287,https://cdn.shopify.com/s/files/1/0540/8145/4255/files/4_6a4df62e-9358-46df-b915-47b1cd361a86.png?v=1752829877,USD,219.99,new,"Black Red","TSAR BOMBA WATCH Barrel Type",male,"Products source-US3-Men's Watch","Elemental Series",0~500,43mm*50.5mm*15mm,"316L Stainless Steel","https://cdn.shopify.com/s/files/1/0540/8145/4255/files/8204Q-6.png?v=1752829877,https://cdn.shopify.com/s/files/1/0540/8145/4255/files/8204Q-Silver_Red2.png?v=1752829877,https://cdn.shopify.com/s/files/1/0540/8145/4255/files/8204Q-Black_Red2.png?v=1752829877","General:Movement: Japanese VK67 Quartz Movement, General: Case Material:316L Stainless Steel, General:Crystal: Sapphire Crystal, General: Water Resistance:50m, General: Lume: A-Grade Luminous, General: Strap Material: Silicone Strap","Apparel & Accessories > Jewelry > Watches",in_stock,Quartz,717298579797
113495,109230,Tsarbomba,45567587599,https://www.awin1.com/pclick.php?p=45567587599&a=3002879&m=109230,https://images2.productserve.com/?w=200&h=200&bg=white&trim=5&t=letterbox&url=ssl%3Acdn.shopify.com%2Fs%2Ffiles%2F1%2F0540%2F8145%2F4255%2Ffiles%2FTSAR_BOMBA_8204q_BLUE_1.png%3Fv%3D1756797529&feedId=113495&k=87b6fa4ae1af330ac12b840a60510c560d8c24a1,https://images2.productserve.com/?w=70&h=70&bg=white&trim=5&t=letterbox&url=ssl%3Acdn.shopify.com%2Fs%2Ffiles%2F1%2F0540%2F8145%2F4255%2Ffiles%2FTSAR_BOMBA_8204q_BLUE_1.png%3Fv%3D1756797529&feedId=113495&k=87b6fa4ae1af330ac12b840a60510c560d8c24a1,544,"Men's Watches",,"TSAR BOMBA WATCH","TB8204Q-Golden blue",Watches,TB8204Q-09,"TSAR BOMBA elemental TB8204Q Men’s Luxury Chronograph—Stainless steel case with silicone strap, 5 ATM water resistance, luminescent sporty design, Seiko movement, no manual winding required, easy maintenance","TSARBOMBA watches presents a quartz chronograph designed for the modern man, featuring a Seiko quartz movement with automatic electronic winding and low-maintenance operation. It features a 316L stainless steel case paired with a high-tech silicone strap, offering 5 ATM water resistance and a premium Grade A luminescent coating. Whether in the boardroom or on a weekend getaway, it ensures you combine style and functionality in any setting. The perfect first quartz watch for young adults.","""Precision chronograph movement"", ""Date calendar function"", ""316L stainless steel case"", ""Grade A lume"", ""50m water resistance"", ""Hypoallergenic silicone strap""",https://tsarbomba.com/products/tb8204q?variant=46955516494080,https://cdn.shopify.com/s/files/1/0540/8145/4255/files/TSAR_BOMBA_8204q_BLUE_1.png?v=1756797529,USD,219.99,new,"Golden Blue","TSAR BOMBA WATCH Barrel Type",male,"Products source-US3-Men's Watch","Elemental Series",0~500,43mm*50.5mm*15mm,"316L Stainless Steel","https://cdn.shopify.com/s/files/1/0540/8145/4255/files/04_795af76a-7588-4aa3-9602-673c402b9f69.png?v=1756797529,https://cdn.shopify.com/s/files/1/0540/8145/4255/files/01_3b1bc708-7051-4409-8c4f-45009525c537.png?v=1756797529","General:Movement: Japanese VK67 Quartz Movement, General: Case Material:316L Stainless Steel, General:Crystal: Sapphire Crystal, General: Water Resistance:50m, General: Lume: A-Grade Luminous, General: Strap Material: Silicone Strap","Apparel & Accessories > Jewelry > Watches",in_stock,Quartz,717298579797
113495,109230,Tsarbomba,45567587600,https://www.awin1.com/pclick.php?p=45567587600&a=3002879&m=109230,https://images2.productserve.com/?w=200&h=200&bg=white&trim=5&t=letterbox&url=ssl%3Acdn.shopify.com%2Fs%2Ffiles%2F1%2F0540%2F8145%2F4255%2Ffiles%2F3_58099c98-2596-4cc6-a580-2d7141864ac0.png%3Fv%3D1752829877&feedId=113495&k=5ef44d18e57651cddf81e2b8683c77d7b3ebdf26,https://images2.productserve.com/?w=70&h=70&bg=white&trim=5&t=letterbox&url=ssl%3Acdn.shopify.com%2Fs%2Ffiles%2F1%2F0540%2F8145%2F4255%2Ffiles%2F3_58099c98-2596-4cc6-a580-2d7141864ac0.png%3Fv%3D1752829877&feedId=113495&k=5ef44d18e57651cddf81e2b8683c77d7b3ebdf26,544,"Men's Watches",,"TSAR BOMBA WATCH","TB8204Q-Olive Green",Watches,TB8204Q-10,"TSAR BOMBA elemental TB8204Q Men’s Luxury Chronograph—Stainless steel case with silicone strap, 5 ATM water resistance, luminescent sporty design, Seiko movement, no manual winding required, easy maintenance","TSARBOMBA watches presents a quartz chronograph designed for the modern man, featuring a Seiko quartz movement with automatic electronic winding and low-maintenance operation. It features a 316L stainless steel case paired with a high-tech silicone strap, offering 5 ATM water resistance and a premium Grade A luminescent coating. Whether in the boardroom or on a weekend getaway, it ensures you combine style and functionality in any setting. The perfect first quartz watch for young adults.","""Precision chronograph movement"", ""Date calendar function"", ""316L stainless steel case"", ""Grade A lume"", ""50m water resistance"", ""Hypoallergenic silicone strap""",https://tsarbomba.com/products/tb8204q?variant=40899441688751,https://cdn.shopify.com/s/files/1/0540/8145/4255/files/3_58099c98-2596-4cc6-a580-2d7141864ac0.png?v=1752829877,USD,219.99,new,"Olive Green","TSAR BOMBA WATCH Barrel Type",male,"Products source-US3-Men's Watch","Elemental Series",0~500,43mm*50.5mm*15mm,"316L Stainless Steel","https://cdn.shopify.com/s/files/1/0540/8145/4255/files/8204Q-9.png?v=1752829877,https://cdn.shopify.com/s/files/1/0540/8145/4255/files/8204Q-Olive2.png?v=1752829877","General:Movement: Japanese VK67 Quartz Movement, General: Case Material:316L Stainless Steel, General:Crystal: Sapphire Crystal, General: Water Resistance:50m, General: Lume: A-Grade Luminous, General: Strap Material: Silicone Strap","Apparel & Accessories > Jewelry > Watches",in_stock,Quartz,717298579797
113495,109230,Tsarbomba,45567587601,https://www.awin1.com/pclick.php?p=45567587601&a=3002879&m=109230,https://images2.productserve.com/?w=200&h=200&bg=white&trim=5&t=letterbox&url=ssl%3Acdn.shopify.com%2Fs%2Ffiles%2F1%2F0540%2F8145%2F4255%2Ffiles%2F1_5fc18ad2-2f23-46ae-bf00-74572f07386f.png%3Fv%3D1752829877&feedId=113495&k=f22949be7d6e9427ee931038a1e10dbc8d450413,https://images2.productserve.com/?w=70&h=70&bg=white&trim=5&t=letterbox&url=ssl%3Acdn.shopify.com%2Fs%2Ffiles%2F1%2F0540%2F8145%2F4255%2Ffiles%2F1_5fc18ad2-2f23-46ae-bf00-74572f07386f.png%3Fv%3D1752829877&feedId=113495&k=f22949be7d6e9427ee931038a1e10dbc8d450413,544,"Men's Watches",,"TSAR BOMBA WATCH","TB8204Q-Black Blue",Watches,TB8204Q-11,"TSAR BOMBA elemental TB8204Q Men’s Luxury Chronograph—Stainless steel case with silicone strap, 5 ATM water resistance, luminescent sporty design, Seiko movement, no manual winding required, easy maintenance","TSARBOMBA watches presents a quartz chronograph designed for the modern man, featuring a Seiko quartz movement with automatic electronic winding and low-maintenance operation. It features a 316L stainless steel case paired with a high-tech silicone strap, offering 5 ATM water resistance and a premium Grade A luminescent coating. Whether in the boardroom or on a weekend getaway, it ensures you combine style and functionality in any setting. The perfect first quartz watch for young adults.","""Precision chronograph movement"", ""Date calendar function"", ""316L stainless steel case"", ""Grade A lume"", ""50m water resistance"", ""Hypoallergenic silicone strap""",https://tsarbomba.com/products/tb8204q?variant=46396397289728,https://cdn.shopify.com/s/files/1/0540/8145/4255/files/1_5fc18ad2-2f23-46ae-bf00-74572f07386f.png?v=1752829877,USD,219.99,new,"Black Blue","TSAR BOMBA WATCH Barrel Type",male,"Products source-US3-Men's Watch","Elemental Series",0~500,43mm*50.5mm*15mm,"316L Stainless Steel","https://cdn.shopify.com/s/files/1/0540/8145/4255/files/8204Q-7.png?v=1752829877,https://cdn.shopify.com/s/files/1/0540/8145/4255/files/2_2607c001-e35b-463d-a53e-2046bb1d6e14.png?v=1752829877","General:Movement: Japanese VK67 Quartz Movement, General: Case Material:316L Stainless Steel, General:Crystal: Sapphire Crystal, General: Water Resistance:50m, General: Lume: A-Grade Luminous, General: Strap Material: Silicone Strap","Apparel & Accessories > Jewelry > Watches",in_stock,Quartz,717298579797
113495,109230,Tsarbomba,45567587602,https://www.awin1.com/pclick.php?p=45567587602&a=3002879&m=109230,https://images2.productserve.com/?w=200&h=200&bg=white&trim=5&t=letterbox&url=ssl%3Acdn.shopify.com%2Fs%2Ffiles%2F1%2F0540%2F8145%2F4255%2Ffiles%2F5_11d7054d-b856-4bbd-bc98-aadf9ea8ea49.png%3Fv%3D1752829877&feedId=113495&k=05cf67389cc8a0ffec380022b3dcf74c97c59e41,https://images2.productserve.com/?w=70&h=70&bg=white&trim=5&t=letterbox&url=ssl%3Acdn.shopify.com%2Fs%2Ffiles%2F1%2F0540%2F8145%2F4255%2Ffiles%2F5_11d7054d-b856-4bbd-bc98-aadf9ea8ea49.png%3Fv%3D1752829877&feedId=113495&k=05cf67389cc8a0ffec380022b3dcf74c97c59e41,544,"Men's Watches",,"TSAR BOMBA WATCH","TB8204Q-Black Yellow",Watches,TB8204Q-12,"TSAR BOMBA elemental TB8204Q Men’s Luxury Chronograph—Stainless steel case with silicone strap, 5 ATM water resistance, luminescent sporty design, Seiko movement, no manual winding required, easy maintenance","TSARBOMBA watches presents a quartz chronograph designed for the modern man, featuring a Seiko quartz movement with automatic electronic winding and low-maintenance operation. It features a 316L stainless steel case paired with a high-tech silicone strap, offering 5 ATM water resistance and a premium Grade A luminescent coating. Whether in the boardroom or on a weekend getaway, it ensures you combine style and functionality in any setting. The perfect first quartz watch for young adults.","""Precision chronograph movement"", ""Date calendar function"", ""316L stainless steel case"", ""Grade A lume"", ""50m water resistance"", ""Hypoallergenic silicone strap""",https://tsarbomba.com/products/tb8204q?variant=40899441787055,https://cdn.shopify.com/s/files/1/0540/8145/4255/files/5_11d7054d-b856-4bbd-bc98-aadf9ea8ea49.png?v=1752829877,USD,219.99,new,"Black Yellow","TSAR BOMBA WATCH Barrel Type",male,"Products source-US3-Men's Watch","Elemental Series",0~500,43mm*50.5mm*15mm,"316L Stainless Steel","https://cdn.shopify.com/s/files/1/0540/8145/4255/files/8204Q-12.png?v=1752829877,https://cdn.shopify.com/s/files/1/0540/8145/4255/files/8204Q-13.png?v=1752829877","General:Movement: Japanese VK67 Quartz Movement, General: Case Material:316L Stainless Steel, General:Crystal: Sapphire Crystal, General: Water Resistance:50m, General: Lume: A-Grade Luminous, General: Strap Material: Silicone Strap","Apparel & Accessories > Jewelry > Watches",in_stock,Quartz,717298579797
113495,109230,Tsarbomba,45567659350,https://www.awin1.com/pclick.php?p=45567659350&a=3002879&m=109230,https://images2.productserve.com/?w=200&h=200&bg=white&trim=5&t=letterbox&url=ssl%3Acdn.shopify.com%2Fs%2Ffiles%2F1%2F0540%2F8145%2F4255%2Ffiles%2F8803A-2.png%3Fv%3D1766647990&feedId=113495&k=031678c6e1232331a04a3bb6443780d0844cde6d,https://images2.productserve.com/?w=70&h=70&bg=white&trim=5&t=letterbox&url=ssl%3Acdn.shopify.com%2Fs%2Ffiles%2F1%2F0540%2F8145%2F4255%2Ffiles%2F8803A-2.png%3Fv%3D1766647990&feedId=113495&k=031678c6e1232331a04a3bb6443780d0844cde6d,544,"Men's Watches",,"TSAR BOMBA WATCH",TB8803A-01,Watches,TB8803A-01,"TSARBOMBA elementl TB8803A Men’s trendy Watch—Miyota automatic mechanical movement, stainless steel case with silicone strap, 5ATM water resistance, luminescent sporty design, embodying youthful style","TSARBOMBA watches TB8803A is an automatic mechanical watch crafted for trendsetters. Equipped with a Miyota mechanical movement, its skeletonized dial and open-heart design exude the charm of a luxury watches. Featuring a 316L stainless steel case paired with a high-tech silicone strap, it offers a water resistance rating of 5ATM and a premium Grade A luminescent coating, effortlessly handling any occasion. It’s the perfect first mechanical watch for young people.","“Miyota automatic mechanical movement” “316L stainless steel case” “High-tech silicone strap” “5ATM water resistance” “Grade A luminescent coating”",https://tsarbomba.com/products/tb8803a-us?variant=47305918415104,https://cdn.shopify.com/s/files/1/0540/8145/4255/files/8803A-2.png?v=1766647990,USD,399.99,new,Red,"MONTRE TSAR BOMBA Forme ronde",male,"Products source-US3-Men's Watch","Elemental Series",0~500,46.0mm*52.0mm*15.0mm,"316L Stainless Steel","https://cdn.shopify.com/s/files/1/0540/8145/4255/files/8803A-3.png?v=1766647990,https://cdn.shopify.com/s/files/1/0540/8145/4255/files/8803A-1.png?v=1766647990","General:Movement: Japanese Movement, General: Case Material: 316L Stainless Steel, General: Bezel Material: 316L Stainless Steel, General:Dial: Mechanical Dial, General:Crystal: Sapphire Crystal, General: Water Resistance:100m, General: Lume: A-Grade Luminous, General: Strap Material: Fluororubber.","Apparel & Accessories > Jewelry > Watches",in_stock,Automatic,
113495,109230,Tsarbomba,45567659351,https://www.awin1.com/pclick.php?p=45567659351&a=3002879&m=109230,https://images2.productserve.com/?w=200&h=200&bg=white&trim=5&t=letterbox&url=ssl%3Acdn.shopify.com%2Fs%2Ffiles%2F1%2F0540%2F8145%2F4255%2Ffiles%2Ftsarbomba-elemental-watches-8803A-organge-1.webp%3Fv%3D1785381938&feedId=113495&k=2b6dd988b08cb4d0cff9e93fff23ce168d367b2f,https://images2.productserve.com/?w=70&h=70&bg=white&trim=5&t=letterbox&url=ssl%3Acdn.shopify.com%2Fs%2Ffiles%2F1%2F0540%2F8145%2F4255%2Ffiles%2Ftsarbomba-elemental-watches-8803A-organge-1.webp%3Fv%3D1785381938&feedId=113495&k=2b6dd988b08cb4d0cff9e93fff23ce168d367b2f,544,"Men's Watches",,"TSAR BOMBA WATCH",TB8803A-02,Watches,TB8803A-02,"TSARBOMBA elementl TB8803A Men’s trendy Watch—Miyota automatic mechanical movement, stainless steel case with silicone strap, 5ATM water resistance, luminescent sporty design, embodying youthful style","TSARBOMBA watches TB8803A is an automatic mechanical watch crafted for trendsetters. Equipped with a Miyota mechanical movement, its skeletonized dial and open-heart design exude the charm of a luxury watches. Featuring a 316L stainless steel case paired with a high-tech silicone strap, it offers a water resistance rating of 5ATM and a premium Grade A luminescent coating, effortlessly handling any occasion. It’s the perfect first mechanical watch for young people.","“Miyota automatic mechanical movement” “316L stainless steel case” “High-tech silicone strap” “5ATM water resistance” “Grade A luminescent coating”",https://tsarbomba.com/products/tb8803a-us?variant=47305918546176,https://cdn.shopify.com/s/files/1/0540/8145/4255/files/tsarbomba-elemental-watches-8803A-organge-1.webp?v=1785381938,USD,399.99,new,"Orange Black","MONTRE TSAR BOMBA Forme ronde",male,"Products source-US3-Men's Watch","Elemental Series",0~500,46.0mm*52.0mm*15.0mm,"316L Stainless Steel","https://cdn.shopify.com/s/files/1/0540/8145/4255/files/tsarbomba-elemental-watches-8803A-organge-1.webp?v=1785381938,https://cdn.shopify.com/s/files/1/0540/8145/4255/files/tsarbomba-elemental-watches-8803A-organge-2.webp?v=1785381938","General:Movement: Japanese Movement, General: Case Material: 316L Stainless Steel, General: Bezel Material: 316L Stainless Steel, General:Dial: Mechanical Dial, General:Crystal: Sapphire Crystal, General: Water Resistance:100m, General: Lume: A-Grade Luminous, General: Strap Material: Fluororubber.","Apparel & Accessories > Jewelry > Watches",in_stock,Automatic,
113495,109230,Tsarbomba,45567659352,https://www.awin1.com/pclick.php?p=45567659352&a=3002879&m=109230,https://images2.productserve.com/?w=200&h=200&bg=white&trim=5&t=letterbox&url=ssl%3Acdn.shopify.com%2Fs%2Ffiles%2F1%2F0540%2F8145%2F4255%2Ffiles%2F8_be71e343-8e1b-40ec-a29c-637c9219501d.png%3Fv%3D1766647990&feedId=113495&k=074e998f5d227a668ad3f2b1a1bfe561bf7fd6dc,https://images2.productserve.com/?w=70&h=70&bg=white&trim=5&t=letterbox&url=ssl%3Acdn.shopify.com%2Fs%2Ffiles%2F1%2F0540%2F8145%2F4255%2Ffiles%2F8_be71e343-8e1b-40ec-a29c-637c9219501d.png%3Fv%3D1766647990&feedId=113495&k=074e998f5d227a668ad3f2b1a1bfe561bf7fd6dc,544,"Men's Watches",,"TSAR BOMBA WATCH",TB8803A-03,Watches,TB8803A-03,"TSARBOMBA elementl TB8803A Men’s trendy Watch—Miyota automatic mechanical movement, stainless steel case with silicone strap, 5ATM water resistance, luminescent sporty design, embodying youthful style","TSARBOMBA watches TB8803A is an automatic mechanical watch crafted for trendsetters. Equipped with a Miyota mechanical movement, its skeletonized dial and open-heart design exude the charm of a luxury watches. Featuring a 316L stainless steel case paired with a high-tech silicone strap, it offers a water resistance rating of 5ATM and a premium Grade A luminescent coating, effortlessly handling any occasion. It’s the perfect first mechanical watch for young people.","“Miyota automatic mechanical movement” “316L stainless steel case” “High-tech silicone strap” “5ATM water resistance” “Grade A luminescent coating”",https://tsarbomba.com/products/tb8803a-us?variant=47305918513408,https://cdn.shopify.com/s/files/1/0540/8145/4255/files/8_be71e343-8e1b-40ec-a29c-637c9219501d.png?v=1766647990,USD,399.99,new,"Orange Silver","MONTRE TSAR BOMBA Forme ronde",male,"Products source-US3-Men's Watch","Elemental Series",0~500,46.0mm*52.0mm*15.0mm,"316L Stainless Steel",https://cdn.shopify.com/s/files/1/0540/8145/4255/files/7_dbfca215-9daa-434f-b18c-4bc6c744fb8b.png?v=1766647990,"General:Movement: Japanese Movement, General: Case Material: 316L Stainless Steel, General: Bezel Material: 316L Stainless Steel, General:Dial: Mechanical Dial, General:Crystal: Sapphire Crystal, General: Water Resistance:100m, General: Lume: A-Grade Luminous, General: Strap Material: Fluororubber.","Apparel & Accessories > Jewelry > Watches",in_stock,Automatic,
113495,109230,Tsarbomba,45567587603,https://www.awin1.com/pclick.php?p=45567587603&a=3002879&m=109230,https://images2.productserve.com/?w=200&h=200&bg=white&trim=5&t=letterbox&url=ssl%3Acdn.shopify.com%2Fs%2Ffiles%2F1%2F0540%2F8145%2F4255%2Ffiles%2Ftsarbomba-elemental-watches-TB8207A-biue-gold-3.webp%3Fv%3D1785382443&feedId=113495&k=6dad5e9b2dde0db3aac961c7574087779499e1b4,https://images2.productserve.com/?w=70&h=70&bg=white&trim=5&t=letterbox&url=ssl%3Acdn.shopify.com%2Fs%2Ffiles%2F1%2F0540%2F8145%2F4255%2Ffiles%2Ftsarbomba-elemental-watches-TB8207A-biue-gold-3.webp%3Fv%3D1785382443&feedId=113495&k=6dad5e9b2dde0db3aac961c7574087779499e1b4,544,"Men's Watches",,"TSAR BOMBA WATCH",TB8207A-01,Watches,TB8207A-01,"TSARBOMBA elementl TB8207A Men’s Fashion Watch—featuring a Miyota automatic mechanical movement, a tonneau-shaped case, a stainless steel case paired with a silicone strap, 5ATM water resistance, and a luminescent sporty design that embodies youthful style.","The TSARBOMBA watches TB8207A is an automatic mechanical watch designed for trendsetters. Equipped with a Miyota mechanical movement, its skeletonized dial and open-heart design exude the charm of a luxury timepiece. Featuring a 316L stainless steel case paired with a high-tech silicone strap, it offers a 5ATM water resistance rating and a premium Grade A luminescent coating, making it perfect for any occasion and an ideal first mechanical watch for young people.","“Miyota automatic mechanical movement” “316L stainless steel case” “High-tech silicone strap” “5ATM water resistance” “Grade A luminescent coating” “Unique dial design” “Trendy watch”",https://tsarbomba.com/products/tb8207a-us?variant=47275345182976,https://cdn.shopify.com/s/files/1/0540/8145/4255/files/tsarbomba-elemental-watches-TB8207A-biue-gold-3.webp?v=1785382443,USD,389.99,new,"Gold Blue","TSAR BOMBA WATCH tonneau",male,"Products source-US3-Men's Watch","Elemental Series",0~500,43mm*50.5mm*15mm,"316L Stainless Steel","https://cdn.shopify.com/s/files/1/0540/8145/4255/files/tsarbomba-elemental-watches-TB8207A-biue-gold-2.webp?v=1785382443,https://cdn.shopify.com/s/files/1/0540/8145/4255/files/tsarbomba-elemental-watches-TB8207A-biue-gold-1.webp?v=1785382443","General:Movement: Japanese Movement, General: Case Material: 316L Stainless Steel, General: Bezel Material: 316L Stainless steel, General:Crystal: Sapphire Crystal, General: Water Resistance:50m, General: Lume: A-Grade Luminous, General: Strap Material: Fluoro Rubber.","Apparel & Accessories > Jewelry > Watches",in_stock,Automatic,
113495,109230,Tsarbomba,45567587604,https://www.awin1.com/pclick.php?p=45567587604&a=3002879&m=109230,https://images2.productserve.com/?w=200&h=200&bg=white&trim=5&t=letterbox&url=ssl%3Acdn.shopify.com%2Fs%2Ffiles%2F1%2F0540%2F8145%2F4255%2Ffiles%2FTB8603BLB.png%3Fv%3D1733451732&feedId=113495&k=c4303197a1ae722a8bc23c1af9a7548bf72e2474,https://images2.productserve.com/?w=70&h=70&bg=white&trim=5&t=letterbox&url=ssl%3Acdn.shopify.com%2Fs%2Ffiles%2F1%2F0540%2F8145%2F4255%2Ffiles%2FTB8603BLB.png%3Fv%3D1733451732&feedId=113495&k=c4303197a1ae722a8bc23c1af9a7548bf72e2474,544,"Men's Watches",,"TSAR BOMBA WATCH",TB8603-01,Watches,TB8603-01,"TSAR BOMBA Men's Swiss Automatic Watch | Blue | Titanium & Carbon Fiber | Interchangeable Modular | 10ATM Waterproof | Dark Matter 3 TB8603","Experience the ultimate blend of Swiss engineering and bold futuristic design with the TSAR BOMBA TB8603. As part of the prestigious Dark Matter 3 Series, this timepiece is crafted for those who demand excellence and individuality.  Key Features:  Swiss Automatic Movement: Powered by the premium Swiss SW200-1 AJ movement, ensuring world-class precision, reliability, and a smooth mechanical heartbeat visible through the skeleton dial.  Aerospace-Grade Materials: Featuring a lightweight yet ultra-durable Titanium case and a high-tech Carbon Fiber bezel, offering a unique textured look and superior scratch resistance.  Patented Interchangeable System: The innovative modular design allows you to effortlessly swap the bezel, crown, and FKM rubber strap without tools, letting you customize your look in seconds.  Iconic Tonneau Design: The classic barrel-shaped case (43mm x 53.5mm) provides a bold wrist presence, inspired by high-end luxury racing aesthetics.  Premium Protection: Equipped with a Scratch-resistant Sapphire Crystal mirror and A-Grade Luminous hands for perfect readability in low-light conditions.  Adventure Ready: With 10ATM (100 Meters) water resistance, this watch is built for daily luxury, swimming, and professional marine activity.","""Barrel-shaped interchangeable automatic watch"", ""Swiss movement"", ""316L stainless steel case"", “Carbon fiber bezel”, ""Sapphire crystal"", ""100m water resistance"", ""A-grade lume"", ""Fluoro rubber strap"".",https://tsarbomba.com/products/tb8603?variant=46160216391936,https://cdn.shopify.com/s/files/1/0540/8145/4255/files/TB8603BLB.png?v=1733451732,USD,2000,new,Blue,"TSAR BOMBA WATCH Barrel Type",male,"Products source-US3-Men's Watch","Dark Matter Series",2000~,43mm*53.5mm*14.5mm,"Carbon Fiber","https://cdn.shopify.com/s/files/1/0540/8145/4255/files/8603BL.jpg?v=1733899005,https://cdn.shopify.com/s/files/1/0540/8145/4255/files/TB8603BBL-2.png?v=1733899005","General:Movement: Swiss Movement, General: Case Material: 316L Stainless Steel, General: Bezel Material: Carbon Fiber, General:Crystal: Sapphire Crystal, General: Water Resistance:100m, General: Lume: A-Grade Luminous, General: Strap Material: Fluoro Rubber.","Apparel & Accessories > Jewelry > Watches",in_stock,Automatic-Swiss,717701173451
113495,109230,Tsarbomba,45567587605,https://www.awin1.com/pclick.php?p=45567587605&a=3002879&m=109230,https://images2.productserve.com/?w=200&h=200&bg=white&trim=5&t=letterbox&url=ssl%3Acdn.shopify.com%2Fs%2Ffiles%2F1%2F0540%2F8145%2F4255%2Ffiles%2FTB8603RB.png%3Fv%3D1733899342&feedId=113495&k=21d5ee47c3ab4a828dfc3fc63ac162ca6ea92f23,https://images2.productserve.com/?w=70&h=70&bg=white&trim=5&t=letterbox&url=ssl%3Acdn.shopify.com%2Fs%2Ffiles%2F1%2F0540%2F8145%2F4255%2Ffiles%2FTB8603RB.png%3Fv%3D1733899342&feedId=113495&k=21d5ee47c3ab4a828dfc3fc63ac162ca6ea92f23,544,"Men's Watches",,"TSAR BOMBA WATCH",TB8603-02,Watches,TB8603-02,"TSAR BOMBA Men's Swiss Automatic Watch | Red | Titanium & Carbon Fiber | Interchangeable Modular | 10ATM Waterproof | Dark Matter 3 TB8603","Experience the ultimate blend of Swiss engineering and bold futuristic design with the TSAR BOMBA TB8603. As part of the prestigious Dark Matter 3 Series, this timepiece is crafted for those who demand excellence and individuality.  Key Features:  Swiss Automatic Movement: Powered by the premium Swiss SW200-1 AJ movement, ensuring world-class precision, reliability, and a smooth mechanical heartbeat visible through the skeleton dial.  Aerospace-Grade Materials: Featuring a lightweight yet ultra-durable Titanium case and a high-tech Carbon Fiber bezel, offering a unique textured look and superior scratch resistance.  Patented Interchangeable System: The innovative modular design allows you to effortlessly swap the bezel, crown, and FKM rubber strap without tools, letting you customize your look in seconds.  Iconic Tonneau Design: The classic barrel-shaped case (43mm x 53.5mm) provides a bold wrist presence, inspired by high-end luxury racing aesthetics.  Premium Protection: Equipped with a Scratch-resistant Sapphire Crystal mirror and A-Grade Luminous hands for perfect readability in low-light conditions.  Adventure Ready: With 10ATM (100 Meters) water resistance, this watch is built for daily luxury, swimming, and professional marine activity.","""Barrel-shaped interchangeable automatic watch"", ""Swiss movement"", ""316L stainless steel case"", “Carbon fiber bezel”, ""Sapphire crystal"", ""100m water resistance"", ""A-grade lume"", ""Fluoro rubber strap"".",https://tsarbomba.com/products/tb8603?variant=46160216424704,https://cdn.shopify.com/s/files/1/0540/8145/4255/files/TB8603RB.png?v=1733899342,USD,2000,new,Red,"TSAR BOMBA WATCH Barrel Type",male,"Products source-US3-Men's Watch","Dark Matter Series",2000~,43mm*53.5mm*14.5mm,"Carbon Fiber","https://cdn.shopify.com/s/files/1/0540/8145/4255/files/8603R.jpg?v=1733899005,https://cdn.shopify.com/s/files/1/0540/8145/4255/files/TB8603BBK-2.png?v=1733899005","General:Movement: Swiss Movement, General: Case Material: 316L Stainless Steel, General: Bezel Material: Carbon Fiber, General:Crystal: Sapphire Crystal, General: Water Resistance:100m, General: Lume: A-Grade Luminous, General: Strap Material: Fluoro Rubber.","Apparel & Accessories > Jewelry > Watches",in_stock,Automatic-Swiss,717701173444
113495,109230,Tsarbomba,45567587606,https://www.awin1.com/pclick.php?p=45567587606&a=3002879&m=109230,https://images2.productserve.com/?w=200&h=200&bg=white&trim=5&t=letterbox&url=ssl%3Acdn.shopify.com%2Fs%2Ffiles%2F1%2F0540%2F8145%2F4255%2Ffiles%2FTB8602O.png%3Fv%3D1733451674&feedId=113495&k=58b5e0d5e3f803d64610aebbb6b567646d125d69,https://images2.productserve.com/?w=70&h=70&bg=white&trim=5&t=letterbox&url=ssl%3Acdn.shopify.com%2Fs%2Ffiles%2F1%2F0540%2F8145%2F4255%2Ffiles%2FTB8602O.png%3Fv%3D1733451674&feedId=113495&k=58b5e0d5e3f803d64610aebbb6b567646d125d69,544,"Men's Watches",,"TSAR BOMBA WATCH",TB8602-02,Watches,TB8602-02,"TSAR BOMBA Men's Automatic Watch | Orange | Titanium Case | Carbon Fiber Bezel | Skeleton Dial | 10ATM Waterproof Mechanical Luxury Men's Wristwatch | Dark Matter 2 TB8602","Upgrade your collection with the TSAR BOMBA TB8602 Dark Matter 2, a high-performance automatic skeleton watch designed for the modern man. Engineered with a lightweight Grade 5 Titanium case and a durable Carbon Fiber bezel, this timepiece offers a perfect blend of luxury and sports aesthetics.  Featuring a precision Japanese Epson YN84 automatic movement, the TB8602 boasts a unique power reserve indicator and a mesmerizing skeleton dial that reveals the mechanical heartbeat. The scratch-resistant sapphire crystal and 10ATM (100M) water resistance ensure durability for daily wear and outdoor adventures.  Designed with an interchangeable system, you can easily swap the premium FKM fluoro-rubber strap and bezel to match your style. With AlphaLuminex A-Level luminous hands, this tonneau-shaped luxury watch provides clear visibility in low light. Perfect for those seeking a high-end mechanical watch with RM-style design and cutting-edge materials.","""Barrel-shaped interchangeable automatic watch"", ""Japanese movement"", ""316L stainless steel case"", “Carbon fiber bezel”, ""Power reserve indicator dial"", ""Sapphire crystal"", ""100m water resistance"", ""A-grade lume"", ""Fluoro rubber strap"".",https://tsarbomba.com/products/tb8602?variant=46160220094720,https://cdn.shopify.com/s/files/1/0540/8145/4255/files/TB8602O.png?v=1733451674,USD,1500,new,Orange,"TSAR BOMBA WATCH Barrel Type",male,"Products source-US3-Men's Watch","Dark Matter Series",1000~2000,43mm*53.5mm*14.5mm,"Carbon Fiber","https://cdn.shopify.com/s/files/1/0540/8145/4255/files/dbd541aeda91fe3337491ca7cf3fc833.jpg?v=1733900647,https://cdn.shopify.com/s/files/1/0540/8145/4255/files/TB8602CF-01_71003234-cd8d-4227-90df-b656a139b2a7.png?v=1733900647","General:Movement: Japanese Movement, General: Case Material: 316L Stainless Steel, General: Bezel Material: Carbon Fiber, General:Dial: Power Reserve Indicator Dial, General:Crystal: Sapphire Crystal, General: Water Resistance:100m, General: Lume: A-Grade Luminous, General: Strap Material: Fluoro Rubber.","Apparel & Accessories > Jewelry > Watches",in_stock,Automatic,717701173475
113495,109230,Tsarbomba,45567587607,https://www.awin1.com/pclick.php?p=45567587607&a=3002879&m=109230,https://images2.productserve.com/?w=200&h=200&bg=white&trim=5&t=letterbox&url=ssl%3Acdn.shopify.com%2Fs%2Ffiles%2F1%2F0540%2F8145%2F4255%2Ffiles%2FTB8602CF-04_05e01e04-df38-43ed-bbb4-06ebe580abbe.png%3Fv%3D1733900647&feedId=113495&k=958fab4cb34b17901b9ece2dc050b09e5b7b6707,https://images2.productserve.com/?w=70&h=70&bg=white&trim=5&t=letterbox&url=ssl%3Acdn.shopify.com%2Fs%2Ffiles%2F1%2F0540%2F8145%2F4255%2Ffiles%2FTB8602CF-04_05e01e04-df38-43ed-bbb4-06ebe580abbe.png%3Fv%3D1733900647&feedId=113495&k=958fab4cb34b17901b9ece2dc050b09e5b7b6707,544,"Men's Watches",,"TSAR BOMBA WATCH",TB8602-01,Watches,TB8602-01,"TSAR BOMBA Men's Automatic Watch | Blue | Titanium Case | Carbon Fiber Bezel | Skeleton Dial | 10ATM Waterproof Mechanical Luxury Men's Wristwatch | Dark Matter 2 TB8602","Upgrade your collection with the TSAR BOMBA TB8602 Dark Matter 2, a high-performance automatic skeleton watch designed for the modern man. Engineered with a lightweight Grade 5 Titanium case and a durable Carbon Fiber bezel, this timepiece offers a perfect blend of luxury and sports aesthetics.  Featuring a precision Japanese Epson YN84 automatic movement, the TB8602 boasts a unique power reserve indicator and a mesmerizing skeleton dial that reveals the mechanical heartbeat. The scratch-resistant sapphire crystal and 10ATM (100M) water resistance ensure durability for daily wear and outdoor adventures.  Designed with an interchangeable system, you can easily swap the premium FKM fluoro-rubber strap and bezel to match your style. With AlphaLuminex A-Level luminous hands, this tonneau-shaped luxury watch provides clear visibility in low light. Perfect for those seeking a high-end mechanical watch with RM-style design and cutting-edge materials.","""Barrel-shaped interchangeable automatic watch"", ""Japanese movement"", ""316L stainless steel case"", “Carbon fiber bezel”, ""Power reserve indicator dial"", ""Sapphire crystal"", ""100m water resistance"", ""A-grade lume"", ""Fluoro rubber strap"".",https://tsarbomba.com/products/tb8602?variant=46160744448256,https://cdn.shopify.com/s/files/1/0540/8145/4255/files/TB8602CF-04_05e01e04-df38-43ed-bbb4-06ebe580abbe.png?v=1733900647,USD,1500,new,Blue,"TSAR BOMBA WATCH Barrel Type",male,"Products source-US3-Men's Watch","Dark Matter Series",1000~2000,43mm*53.5mm*14.5mm,"Carbon Fiber","https://cdn.shopify.com/s/files/1/0540/8145/4255/files/e4bfe1e5f6379a53519273e201266484.jpg?v=1733900647,https://cdn.shopify.com/s/files/1/0540/8145/4255/files/TB8602CF-02_26efc07b-bc61-43e9-8201-d0fead5e7182.png?v=1733900647","General:Movement: Japanese Movement, General: Case Material: 316L Stainless Steel, General: Bezel Material: Carbon Fiber, General:Dial: Power Reserve Indicator Dial, General:Crystal: Sapphire Crystal, General: Water Resistance:100m, General: Lume: A-Grade Luminous, General: Strap Material: Fluoro Rubber.","Apparel & Accessories > Jewelry > Watches",in_stock,Automatic,717701173468
113495,109230,Tsarbomba,45567587608,https://www.awin1.com/pclick.php?p=45567587608&a=3002879&m=109230,https://images2.productserve.com/?w=200&h=200&bg=white&trim=5&t=letterbox&url=ssl%3Acdn.shopify.com%2Fs%2Ffiles%2F1%2F0540%2F8145%2F4255%2Ffiles%2FTB8601-B.png%3Fv%3D1724663949&feedId=113495&k=3586c3bbcb73dde95769c8fad0e03c48420953fc,https://images2.productserve.com/?w=70&h=70&bg=white&trim=5&t=letterbox&url=ssl%3Acdn.shopify.com%2Fs%2Ffiles%2F1%2F0540%2F8145%2F4255%2Ffiles%2FTB8601-B.png%3Fv%3D1724663949&feedId=113495&k=3586c3bbcb73dde95769c8fad0e03c48420953fc,544,"Men's Watches",,"TSAR BOMBA WATCH",TB8601-01,Watches,TB8601-01,"TSAR BOMBA Men's Automatic Watch | Black | Tonneau Carbon Fiber Bezel | Citizen Miyota 82S7 Movement | 5ATM Waterproof Sport Luxury Skeleton Wristwatch | Dark Matter 1 TB8601","Redefine your wrist game with the TSAR BOMBA TB8601 (Dark Matter Series). Designed for the modern gentleman who values precision and bold aesthetics, this timepiece features the iconic tonneau-shaped case that blends luxury sport style with industrial-grade engineering. The standout detachable system allows you to DIY your watch by swapping bezels, crowns, and straps effortlessly.  Premium Craftsmanship & Materials:  High-End Movement: Powered by the reliable Japanese Citizen Miyota 82S7 automatic movement with a 40-hour power reserve, ensuring pinpoint accuracy.  Aerospace-Grade Materials: Features a high-tech Carbon Fiber bezel and a 316L surgical-grade stainless steel case for a lightweight yet indestructible feel.  Scratch-Resistant Sapphire: The Sapphire Crystal mirror with anti-reflective coating provides diamond-level hardness and crystal-clear visibility.  Superior Lume: Equipped with AlphaLuminex™ Grade A luminous technology for exceptional readability in low-light conditions.  FKM Fluororubber Strap: Skin-friendly, sweat-proof, and more durable than standard silicone, offering ultimate comfort for daily wear.  Technical Specifications:  Case Shape: Tonneau (Barrel Shape)  Water Resistance: 5ATM (50 Meters) - Suitable for swimming and daily use.  Dial Design: Skeleton / Open-Heart Mechanical  Case Size: 43mm x 53.5mm  Thickness: 14.5mm  Whether you are a watch collector or looking for a high-performance luxury gift, the TSAR BOMBA TB8601 delivers unparalleled style and durability. Perfect for business, sports, and casual occasions.","""Barrel-shaped Interchangeable automatic watch"", ""Japanese movement"", ""316L stainless steel case"", “Carbon fiber and 316L stainless steel bezel”, ""Sapphire crystal"", ""50m water resistance"", ""A-grade lume"", ""Fluoro rubber strap"".",https://tsarbomba.com/products/tb8601?variant=45803552080128,https://cdn.shopify.com/s/files/1/0540/8145/4255/files/TB8601-B.png?v=1724663949,USD,1200,new,Black,"TSAR BOMBA WATCH Barrel Type",male,"Products source-US3-Men's Watch","Dark Matter Series",1000~2000,43mm*53.5mm*14.5mm,"Carbon Fiber","https://cdn.shopify.com/s/files/1/0540/8145/4255/files/8601B-box.jpg?v=1724903554,https://cdn.shopify.com/s/files/1/0540/8145/4255/files/ef2909840e65e8fef88e20dc209ce066.jpg?v=1723804002","General:Movement: Japanese Movement, General: Case Material: 316L Stainless Steel, General: Bezel Material: Carbon Fiber and 316L Stainless Steel, General:Crystal: Sapphire Crystal, General: Water Resistance:50m, General: Lume: A-Grade Luminous, General: Strap Material: Fluoro Rubber.","Apparel & Accessories > Jewelry > Watches",in_stock,Automatic,717298580540
113495,109230,Tsarbomba,45567587609,https://www.awin1.com/pclick.php?p=45567587609&a=3002879&m=109230,https://images2.productserve.com/?w=200&h=200&bg=white&trim=5&t=letterbox&url=ssl%3Acdn.shopify.com%2Fs%2Ffiles%2F1%2F0540%2F8145%2F4255%2Ffiles%2F8601W-1.png%3Fv%3D1757489541&feedId=113495&k=fa0d1447ec1a702c5ad05893a08bbd68f1217f68,https://images2.productserve.com/?w=70&h=70&bg=white&trim=5&t=letterbox&url=ssl%3Acdn.shopify.com%2Fs%2Ffiles%2F1%2F0540%2F8145%2F4255%2Ffiles%2F8601W-1.png%3Fv%3D1757489541&feedId=113495&k=fa0d1447ec1a702c5ad05893a08bbd68f1217f68,544,"Men's Watches",,"TSAR BOMBA WATCH",TB8601-02,Watches,TB8601-02,"TSAR BOMBA Men's Automatic Watch | White | Tonneau Carbon Fiber Bezel | Citizen Miyota 82S7 Movement | 5ATM Waterproof Sport Luxury Skeleton Wristwatch | Dark Matter 1 TB8601","Redefine your wrist game with the TSAR BOMBA TB8601 (Dark Matter Series). Designed for the modern gentleman who values precision and bold aesthetics, this timepiece features the iconic tonneau-shaped case that blends luxury sport style with industrial-grade engineering. The standout detachable system allows you to DIY your watch by swapping bezels, crowns, and straps effortlessly.  Premium Craftsmanship & Materials:  High-End Movement: Powered by the reliable Japanese Citizen Miyota 82S7 automatic movement with a 40-hour power reserve, ensuring pinpoint accuracy.  Aerospace-Grade Materials: Features a high-tech Carbon Fiber bezel and a 316L surgical-grade stainless steel case for a lightweight yet indestructible feel.  Scratch-Resistant Sapphire: The Sapphire Crystal mirror with anti-reflective coating provides diamond-level hardness and crystal-clear visibility.  Superior Lume: Equipped with AlphaLuminex™ Grade A luminous technology for exceptional readability in low-light conditions.  FKM Fluororubber Strap: Skin-friendly, sweat-proof, and more durable than standard silicone, offering ultimate comfort for daily wear.  Technical Specifications:  Case Shape: Tonneau (Barrel Shape)  Water Resistance: 5ATM (50 Meters) - Suitable for swimming and daily use.  Dial Design: Skeleton / Open-Heart Mechanical  Case Size: 43mm x 53.5mm  Thickness: 14.5mm  Whether you are a watch collector or looking for a high-performance luxury gift, the TSAR BOMBA TB8601 delivers unparalleled style and durability. Perfect for business, sports, and casual occasions.","""Barrel-shaped Interchangeable automatic watch"", ""Japanese movement"", ""316L stainless steel case"", “Carbon fiber and 316L stainless steel bezel”, ""Sapphire crystal"", ""50m water resistance"", ""A-grade lume"", ""Fluoro rubber strap"".",https://tsarbomba.com/products/tb8601?variant=45803552112896,https://cdn.shopify.com/s/files/1/0540/8145/4255/files/8601W-1.png?v=1757489541,USD,1200,new,White,"TSAR BOMBA WATCH Barrel Type",male,"Products source-US3-Men's Watch","Dark Matter Series",1000~2000,43mm*53.5mm*14.5mm,"Carbon Fiber","https://cdn.shopify.com/s/files/1/0540/8145/4255/files/8601W-box.jpg?v=1724903554,https://cdn.shopify.com/s/files/1/0540/8145/4255/files/8601L-1.png?v=1724659905,https://cdn.shopify.com/s/files/1/0540/8145/4255/files/8601W-2.png?v=1757489541","General:Movement: Japanese Movement, General: Case Material: 316L Stainless Steel, General: Bezel Material: Carbon Fiber and 316L Stainless Steel, General:Crystal: Sapphire Crystal, General: Water Resistance:50m, General: Lume: A-Grade Luminous, General: Strap Material: Fluoro Rubber.","Apparel & Accessories > Jewelry > Watches",in_stock,Automatic,717298580571
113495,109230,Tsarbomba,45567587610,https://www.awin1.com/pclick.php?p=45567587610&a=3002879&m=109230,https://images2.productserve.com/?w=200&h=200&bg=white&trim=5&t=letterbox&url=ssl%3Acdn.shopify.com%2Fs%2Ffiles%2F1%2F0540%2F8145%2F4255%2Ffiles%2FTB8601-o.png%3Fv%3D1724663949&feedId=113495&k=5eeb581d31d62dd3787c922f1ee752ac96815809,https://images2.productserve.com/?w=70&h=70&bg=white&trim=5&t=letterbox&url=ssl%3Acdn.shopify.com%2Fs%2Ffiles%2F1%2F0540%2F8145%2F4255%2Ffiles%2FTB8601-o.png%3Fv%3D1724663949&feedId=113495&k=5eeb581d31d62dd3787c922f1ee752ac96815809,544,"Men's Watches",,"TSAR BOMBA WATCH",TB8601-03,Watches,TB8601-03,"TSAR BOMBA Men's Automatic Watch | Orange | Tonneau Carbon Fiber Bezel | Citizen Miyota 82S7 Movement | 5ATM Waterproof Sport Luxury Skeleton Wristwatch | Dark Matter 1 TB8601","Redefine your wrist game with the TSAR BOMBA TB8601 (Dark Matter Series). Designed for the modern gentleman who values precision and bold aesthetics, this timepiece features the iconic tonneau-shaped case that blends luxury sport style with industrial-grade engineering. The standout detachable system allows you to DIY your watch by swapping bezels, crowns, and straps effortlessly.  Premium Craftsmanship & Materials:  High-End Movement: Powered by the reliable Japanese Citizen Miyota 82S7 automatic movement with a 40-hour power reserve, ensuring pinpoint accuracy.  Aerospace-Grade Materials: Features a high-tech Carbon Fiber bezel and a 316L surgical-grade stainless steel case for a lightweight yet indestructible feel.  Scratch-Resistant Sapphire: The Sapphire Crystal mirror with anti-reflective coating provides diamond-level hardness and crystal-clear visibility.  Superior Lume: Equipped with AlphaLuminex™ Grade A luminous technology for exceptional readability in low-light conditions.  FKM Fluororubber Strap: Skin-friendly, sweat-proof, and more durable than standard silicone, offering ultimate comfort for daily wear.  Technical Specifications:  Case Shape: Tonneau (Barrel Shape)  Water Resistance: 5ATM (50 Meters) - Suitable for swimming and daily use.  Dial Design: Skeleton / Open-Heart Mechanical  Case Size: 43mm x 53.5mm  Thickness: 14.5mm  Whether you are a watch collector or looking for a high-performance luxury gift, the TSAR BOMBA TB8601 delivers unparalleled style and durability. Perfect for business, sports, and casual occasions.","""Barrel-shaped Interchangeable automatic watch"", ""Japanese movement"", ""316L stainless steel case"", “Carbon fiber and 316L stainless steel bezel”, ""Sapphire crystal"", ""50m water resistance"", ""A-grade lume"", ""Fluoro rubber strap"".",https://tsarbomba.com/products/tb8601?variant=45803552145664,https://cdn.shopify.com/s/files/1/0540/8145/4255/files/TB8601-o.png?v=1724663949,USD,1200,new,Orange,"TSAR BOMBA WATCH Barrel Type",male,"Products source-US3-Men's Watch","Dark Matter Series",1000~2000,43mm*53.5mm*14.5mm,"Carbon Fiber","https://cdn.shopify.com/s/files/1/0540/8145/4255/files/8601O-box.jpg?v=1724903554,https://cdn.shopify.com/s/files/1/0540/8145/4255/files/8601BO-3.jpg?v=1723458514","General:Movement: Japanese Movement, General: Case Material: 316L Stainless Steel, General: Bezel Material: Carbon Fiber and 316L Stainless Steel, General:Crystal: Sapphire Crystal, General: Water Resistance:50m, General: Lume: A-Grade Luminous, General: Strap Material: Fluoro Rubber.","Apparel & Accessories > Jewelry > Watches",in_stock,Automatic,717298580601
113495,109230,Tsarbomba,45567587611,https://www.awin1.com/pclick.php?p=45567587611&a=3002879&m=109230,https://images2.productserve.com/?w=200&h=200&bg=white&trim=5&t=letterbox&url=ssl%3Acdn.shopify.com%2Fs%2Ffiles%2F1%2F0540%2F8145%2F4255%2Ffiles%2FLake_Blue-3_b025c884-5197-44d0-bd04-467af261fcb1.png%3Fv%3D1764408822&feedId=113495&k=42615d195176bf264231d87012841a318bea3d03,https://images2.productserve.com/?w=70&h=70&bg=white&trim=5&t=letterbox&url=ssl%3Acdn.shopify.com%2Fs%2Ffiles%2F1%2F0540%2F8145%2F4255%2Ffiles%2FLake_Blue-3_b025c884-5197-44d0-bd04-467af261fcb1.png%3Fv%3D1764408822&feedId=113495&k=42615d195176bf264231d87012841a318bea3d03,544,"Men's Watches",,"TSAR BOMBA WATCH","TB8218C-Lake Blue",Watches,TB8218C-01LB,"TSARBOMBA Atomic TB8218C-lake biue Men's Fashion Watch, Miyota automatic mechanical movement, tonneau-style watch, ceramic bezel and interchangeable accessories, 316L stainless steel case, 10ATM water resistance, high-quality Grade A luminescent coating, sapphire crystal,","The TSARBOMBA TB8218C lake blue Men’s Fashion Watch features a Miyota automatic mechanical movement, a ceramic bezel, and interchangeable accessories, along with an eco-friendly fluororubber strap. It offers 10ATM water resistance and a premium Grade A luminescent coating. With interchangeable straps, bezels, and crowns, why buy multiple watches when you can own just one that lets you switch up your style? Sapphire Crystal, Stunning in Every Way Express Yourself Endlessly","""Barrel-shaped Interchangeable automatic watch"", ""Japanese movement"", ""316L stainless steel case"", “Ceramic bezel”, ""Sapphire crystal"", ""100m water resistance"", ""A-grade lume"", ""Fluoro rubber strap"".",https://tsarbomba.com/products/tb8218w?variant=48172353782016,https://cdn.shopify.com/s/files/1/0540/8145/4255/files/Lake_Blue-3_b025c884-5197-44d0-bd04-467af261fcb1.png?v=1764408822,USD,1099.9,new,"Lake Blue","TSAR BOMBA WATCH Barrel Type",male,"Products source-US3-Men's Watch","Atomic Series",1000~2000,45mm*50.4mm*13.55mm,"Ceramic+Stainless Steel","https://cdn.shopify.com/s/files/1/0540/8145/4255/files/lake_blue-2_4f25448e-6d9d-47a9-8e41-2e67b7365a88.png?v=1734571344,https://cdn.shopify.com/s/files/1/0540/8145/4255/files/lake_blue-3_aa2806a9-fa49-44eb-aa92-8891e9422700.png?v=1734571344,https://cdn.shopify.com/s/files/1/0540/8145/4255/files/Lake_Blue-4_b0877129-864b-4ce2-8220-7cbccc62f556.png?v=1764408822","General:Movement: Japanese Movement, General: Case Material: 316L Stainless Steel, General: Bezel Material: Ceramic, General:Crystal: Sapphire Crystal, General: Water Resistance:100m, General: Lume: A-Grade Luminous, General: Strap Material: Fluoro Rubber.","Apparel & Accessories > Jewelry > Watches",in_stock,Automatic,717701173178
113495,109230,Tsarbomba,45567587612,https://www.awin1.com/pclick.php?p=45567587612&a=3002879&m=109230,https://images2.productserve.com/?w=200&h=200&bg=white&trim=5&t=letterbox&url=ssl%3Acdn.shopify.com%2Fs%2Ffiles%2F1%2F0540%2F8145%2F4255%2Ffiles%2F8218C.png%3Fv%3D1734571344&feedId=113495&k=a73ffe480f41ba004b5db2e872b7bbbc5cc421d9,https://images2.productserve.com/?w=70&h=70&bg=white&trim=5&t=letterbox&url=ssl%3Acdn.shopify.com%2Fs%2Ffiles%2F1%2F0540%2F8145%2F4255%2Ffiles%2F8218C.png%3Fv%3D1734571344&feedId=113495&k=a73ffe480f41ba004b5db2e872b7bbbc5cc421d9,544,"Men's Watches",,"TSAR BOMBA WATCH",TB8218C-white,Watches,TB8218C-01W,"TSARBOMBA Atomic TB8218C-white Men's Fashion Watch, Miyota automatic mechanical movement, tonneau-style watch, ceramic bezel and interchangeable accessories, 316L stainless steel case, 10ATM water resistance, high-quality Grade A luminescent coating, sapphire crystal,","The TSARBOMBA TB8218C white Men’s Fashion Watch features a Miyota automatic mechanical movement, a ceramic bezel, and interchangeable accessories, along with an eco-friendly fluororubber strap. It offers 10ATM water resistance and a premium Grade A luminescent coating. With interchangeable straps, bezels, and crowns, why buy multiple watches when you can own just one that lets you switch up your style? Sapphire Crystal, Stunning in Every Way Express Yourself Endlessly","""Barrel-shaped Interchangeable automatic watch"", ""Japanese movement"", ""316L stainless steel case"", “Ceramic bezel”, ""Sapphire crystal"", ""100m water resistance"", ""A-grade lume"", ""Fluoro rubber strap"".",https://tsarbomba.com/products/tb8218w?variant=48172353814784,https://cdn.shopify.com/s/files/1/0540/8145/4255/files/8218C.png?v=1734571344,USD,1099.9,new,White,"TSAR BOMBA WATCH Barrel Type",male,"Products source-US3-Men's Watch","Atomic Series",1000~2000,45mm*50.4mm*13.55mm,"Ceramic+Stainless Steel","https://cdn.shopify.com/s/files/1/0540/8145/4255/files/8218C-W2.jpg?v=1734571344,https://cdn.shopify.com/s/files/1/0540/8145/4255/files/8218C-W1.jpg?v=1734571344","General:Movement: Japanese Movement, General: Case Material: 316L Stainless Steel, General: Bezel Material: Ceramic, General:Crystal: Sapphire Crystal, General: Water Resistance:100m, General: Lume: A-Grade Luminous, General: Strap Material: Fluoro Rubber.","Apparel & Accessories > Jewelry > Watches",in_stock,Automatic,717298580212
113495,109230,Tsarbomba,45567587613,https://www.awin1.com/pclick.php?p=45567587613&a=3002879&m=109230,https://images2.productserve.com/?w=200&h=200&bg=white&trim=5&t=letterbox&url=ssl%3Acdn.shopify.com%2Fs%2Ffiles%2F1%2F0540%2F8145%2F4255%2Ffiles%2FKlein_Blue-1.png%3Fv%3D1734330641&feedId=113495&k=92a877d8f945ab5e640a4387720ffdced5c2df11,https://images2.productserve.com/?w=70&h=70&bg=white&trim=5&t=letterbox&url=ssl%3Acdn.shopify.com%2Fs%2Ffiles%2F1%2F0540%2F8145%2F4255%2Ffiles%2FKlein_Blue-1.png%3Fv%3D1734330641&feedId=113495&k=92a877d8f945ab5e640a4387720ffdced5c2df11,544,"Men's Watches",,"TSAR BOMBA WATCH","TB8218C-Klein Blue",Watches,TB8218C-03KB,"TSARBOMBA Atomic TB8218C-Klein Blue Men's Fashion Watch, Miyota automatic mechanical movement, tonneau-style watch, ceramic bezel and interchangeable accessories, 316L stainless steel case, 10ATM water resistance, high-quality Grade A luminescent coating, sapphire crystal,","The TSARBOMBA TB8218C klein blue Men’s Fashion Watch features a Miyota automatic mechanical movement, a ceramic bezel, and interchangeable accessories, along with an eco-friendly fluororubber strap. It offers 10ATM water resistance and a premium Grade A luminescent coating. With interchangeable straps, bezels, and crowns, why buy multiple watches when you can own just one that lets you switch up your style? Sapphire Crystal, Stunning in Every Way Express Yourself Endlessly","""Barrel-shaped Interchangeable automatic watch"", ""Japanese movement"", ""316L stainless steel case"", “Ceramic bezel”, ""Sapphire crystal"", ""100m water resistance"", ""A-grade lume"", ""Fluoro rubber strap"".",https://tsarbomba.com/products/tb8218w?variant=48172353847552,https://cdn.shopify.com/s/files/1/0540/8145/4255/files/Klein_Blue-1.png?v=1734330641,USD,1099.9,new,"Klein Blue","TSAR BOMBA WATCH Barrel Type",male,"Products source-US3-Men's Watch","Atomic Series",1000~2000,45mm*50.4mm*13.55mm,"Ceramic+Stainless Steel","https://cdn.shopify.com/s/files/1/0540/8145/4255/files/Klein_Blue-2.png?v=1734330641,https://cdn.shopify.com/s/files/1/0540/8145/4255/files/Klein_Blue-3.png?v=1734330641","General:Movement: Japanese Movement, General: Case Material: 316L Stainless Steel, General: Bezel Material: Ceramic, General:Crystal: Sapphire Crystal, General: Water Resistance:100m, General: Lume: A-Grade Luminous, General: Strap Material: Fluoro Rubber.","Apparel & Accessories > Jewelry > Watches",in_stock,Automatic,717298580304
113495,109230,Tsarbomba,45567587614,https://www.awin1.com/pclick.php?p=45567587614&a=3002879&m=109230,https://images2.productserve.com/?w=200&h=200&bg=white&trim=5&t=letterbox&url=ssl%3Acdn.shopify.com%2Fs%2Ffiles%2F1%2F0540%2F8145%2F4255%2Ffiles%2FGrey-1_00df6c95-59bf-4161-8b53-89439f28addb.png%3Fv%3D1773633413&feedId=113495&k=1ae1442f9b02735a9046e7b5888cee2e8d307798,https://images2.productserve.com/?w=70&h=70&bg=white&trim=5&t=letterbox&url=ssl%3Acdn.shopify.com%2Fs%2Ffiles%2F1%2F0540%2F8145%2F4255%2Ffiles%2FGrey-1_00df6c95-59bf-4161-8b53-89439f28addb.png%3Fv%3D1773633413&feedId=113495&k=1ae1442f9b02735a9046e7b5888cee2e8d307798,544,"Men's Watches",,"TSAR BOMBA WATCH","TB8218C-Ghost Grey",Watches,TB8218C-06LB,"TSARBOMBA Atomic TB8218C-Ghost Grey Men's Fashion Watch, Miyota automatic mechanical movement, tonneau-style watch, ceramic bezel and interchangeable accessories, 316L stainless steel case, 10ATM water resistance, high-quality Grade A luminescent coating, sapphire crystal,","The TSARBOMBA TB8218C Ghost Grey Men’s Fashion Watch features a Miyota automatic mechanical movement, a ceramic bezel, and interchangeable accessories, along with an eco-friendly fluororubber strap. It offers 10ATM water resistance and a premium Grade A luminescent coating. With interchangeable straps, bezels, and crowns, why buy multiple watches when you can own just one that lets you switch up your style? Sapphire Crystal, Stunning in Every Way Express Yourself Endlessly","""Barrel-shaped Interchangeable automatic watch"", ""Japanese movement"", ""316L stainless steel case"", “Ceramic bezel”, ""Sapphire crystal"", ""100m water resistance"", ""A-grade lume"", ""Fluoro rubber strap"".",https://tsarbomba.com/products/tb8218w?variant=48172353880320,https://cdn.shopify.com/s/files/1/0540/8145/4255/files/Grey-1_00df6c95-59bf-4161-8b53-89439f28addb.png?v=1773633413,USD,1099.9,new,"Light Blue","TSAR BOMBA WATCH Barrel Type",male,"Products source-US3-Men's Watch","Atomic Series",1000~2000,45mm*50.4mm*13.55mm,"Ceramic+Stainless Steel","https://cdn.shopify.com/s/files/1/0540/8145/4255/files/Grey-2_e20c327b-799f-4983-be2d-d34d25a6e98b.png?v=1773633413,https://cdn.shopify.com/s/files/1/0540/8145/4255/files/Grey-3_d07d6ec2-8652-43d3-ad47-b7eaf6beeeb2.png?v=1773633413","General:Movement: Japanese Movement, General: Case Material: 316L Stainless Steel, General: Bezel Material: Ceramic, General:Crystal: Sapphire Crystal, General: Water Resistance:100m, General: Lume: A-Grade Luminous, General: Strap Material: Fluoro Rubber.","Apparel & Accessories > Jewelry > Watches",in_stock,Automatic,717701173970
113495,109230,Tsarbomba,45567587615,https://www.awin1.com/pclick.php?p=45567587615&a=3002879&m=109230,https://images2.productserve.com/?w=200&h=200&bg=white&trim=5&t=letterbox&url=ssl%3Acdn.shopify.com%2Fs%2Ffiles%2F1%2F0540%2F8145%2F4255%2Ffiles%2F8218C-BW.png%3Fv%3D1734330641&feedId=113495&k=b2eab7bcc46881faf38385ad682372776706b0a7,https://images2.productserve.com/?w=70&h=70&bg=white&trim=5&t=letterbox&url=ssl%3Acdn.shopify.com%2Fs%2Ffiles%2F1%2F0540%2F8145%2F4255%2Ffiles%2F8218C-BW.png%3Fv%3D1734330641&feedId=113495&k=b2eab7bcc46881faf38385ad682372776706b0a7,544,"Men's Watches",,"TSAR BOMBA WATCH","TB8218C-Blue white",Watches,TB8218C-01BL,"TSARBOMBA Atomic TB8218C-Blue whtie Men's Fashion Watch, Miyota automatic mechanical movement, tonneau-style watch, ceramic bezel and interchangeable accessories, 316L stainless steel case, 10ATM water resistance, high-quality Grade A luminescent coating, sapphire crystal,","The TSARBOMBA TB8218C Blue white Men’s Fashion Watch features a Miyota automatic mechanical movement, a ceramic bezel, and interchangeable accessories, along with an eco-friendly fluororubber strap. It offers 10ATM water resistance and a premium Grade A luminescent coating. With interchangeable straps, bezels, and crowns, why buy multiple watches when you can own just one that lets you switch up your style? Sapphire Crystal, Stunning in Every Way Express Yourself Endlessly","""Barrel-shaped Interchangeable automatic watch"", ""Japanese movement"", ""316L stainless steel case"", “Ceramic bezel”, ""Sapphire crystal"", ""100m water resistance"", ""A-grade lume"", ""Fluoro rubber strap"".",https://tsarbomba.com/products/tb8218c?variant=45857511080192,https://cdn.shopify.com/s/files/1/0540/8145/4255/files/8218C-BW.png?v=1734330641,USD,1099.9,new,Blue,"TSAR BOMBA WATCH Barrel Type",male,"Products source-US3-Men's Watch","Atomic Series",1000~2000,45mm*50.4mm*13.55mm,"Ceramic+Stainless Steel","https://cdn.shopify.com/s/files/1/0540/8145/4255/files/8218C-BW.jpg?v=1734330641,https://cdn.shopify.com/s/files/1/0540/8145/4255/files/2_67cd5c76-5240-420f-90d7-adeca53aea2b.jpg?v=1734330641","General:Movement: Japanese Movement, General: Case Material: 316L Stainless Steel, General: Bezel Material: Ceramic, General:Crystal: Sapphire Crystal, General: Water Resistance:100m, General: Lume: A-Grade Luminous, General: Strap Material: Fluoro Rubber.","Apparel & Accessories > Jewelry > Watches",in_stock,Automatic,717298580335
113495,109230,Tsarbomba,45567587616,https://www.awin1.com/pclick.php?p=45567587616&a=3002879&m=109230,https://images2.productserve.com/?w=200&h=200&bg=white&trim=5&t=letterbox&url=ssl%3Acdn.shopify.com%2Fs%2Ffiles%2F1%2F0540%2F8145%2F4255%2Ffiles%2F8218C-WB.png%3Fv%3D1734330641&feedId=113495&k=0a5f98fb888d43fed6202f2ee1df7ff8d8f0d3ee,https://images2.productserve.com/?w=70&h=70&bg=white&trim=5&t=letterbox&url=ssl%3Acdn.shopify.com%2Fs%2Ffiles%2F1%2F0540%2F8145%2F4255%2Ffiles%2F8218C-WB.png%3Fv%3D1734330641&feedId=113495&k=0a5f98fb888d43fed6202f2ee1df7ff8d8f0d3ee,544,"Men's Watches",,"TSAR BOMBA WATCH","TB8218C-White Blue",Watches,TB8218C-01WB,"TSARBOMBA Atomic TB8218C-White Blue Men's Fashion Watch, Miyota automatic mechanical movement, tonneau-style watch, ceramic bezel and interchangeable accessories, 316L stainless steel case, 10ATM water resistance, high-quality Grade A luminescent coating, sapphire crystal,","The TSARBOMBA TB8218C white blue Men’s Fashion Watch features a Miyota automatic mechanical movement, a ceramic bezel, and interchangeable accessories, along with an eco-friendly fluororubber strap. It offers 10ATM water resistance and a premium Grade A luminescent coating. With interchangeable straps, bezels, and crowns, why buy multiple watches when you can own just one that lets you switch up your style? Sapphire Crystal, Stunning in Every Way Express Yourself Endlessly","""Barrel-shaped Interchangeable automatic watch"", ""Japanese movement"", ""316L stainless steel case"", “Ceramic bezel”, ""Sapphire crystal"", ""100m water resistance"", ""A-grade lume"", ""Fluoro rubber strap"".",https://tsarbomba.com/products/tb8218c?variant=45857510981888,https://cdn.shopify.com/s/files/1/0540/8145/4255/files/8218C-WB.png?v=1734330641,USD,1099.9,new,"White Blue","TSAR BOMBA WATCH Barrel Type",male,"Products source-US3-Men's Watch","Atomic Series",1000~2000,45mm*50.4mm*13.55mm,"Ceramic+Stainless Steel","https://cdn.shopify.com/s/files/1/0540/8145/4255/files/8218C-WB.jpg?v=1736736370,https://cdn.shopify.com/s/files/1/0540/8145/4255/files/8_d3da4f0c-8c16-4065-8a9b-6ee539663428.jpg?v=1736736370","General:Movement: Japanese Movement, General: Case Material: 316L Stainless Steel, General: Bezel Material: Ceramic, General:Crystal: Sapphire Crystal, General: Water Resistance:100m, General: Lume: A-Grade Luminous, General: Strap Material: Fluoro Rubber.","Apparel & Accessories > Jewelry > Watches",in_stock,Automatic,717701174045
113495,109230,Tsarbomba,45567587617,https://www.awin1.com/pclick.php?p=45567587617&a=3002879&m=109230,https://images2.productserve.com/?w=200&h=200&bg=white&trim=5&t=letterbox&url=ssl%3Acdn.shopify.com%2Fs%2Ffiles%2F1%2F0540%2F8145%2F4255%2Ffiles%2F8218C-G.png%3Fv%3D1736736370&feedId=113495&k=ea9f8ef4f7dc3afecfd7e3becea37bbc3897ce5e,https://images2.productserve.com/?w=70&h=70&bg=white&trim=5&t=letterbox&url=ssl%3Acdn.shopify.com%2Fs%2Ffiles%2F1%2F0540%2F8145%2F4255%2Ffiles%2F8218C-G.png%3Fv%3D1736736370&feedId=113495&k=ea9f8ef4f7dc3afecfd7e3becea37bbc3897ce5e,544,"Men's Watches",,"TSAR BOMBA WATCH","TB8218C-Grey red",Watches,TB8218C-01G,"TSARBOMBA Atomic TB8218C Grey Red Men's Fashion Watch, Miyota automatic mechanical movement, tonneau-style watch, ceramic bezel and interchangeable accessories, 316L stainless steel case, 10ATM water resistance, high-quality Grade A luminescent coating, sapphire crystal,","The TSARBOMBA TB8218C Grey red Men’s Fashion Watch features a Miyota automatic mechanical movement, a ceramic bezel, and interchangeable accessories, along with an eco-friendly fluororubber strap. It offers 10ATM water resistance and a premium Grade A luminescent coating. With interchangeable straps, bezels, and crowns, why buy multiple watches when you can own just one that lets you switch up your style? Sapphire Crystal, Stunning in Every Way Express Yourself Endlessly","""Barrel-shaped Interchangeable automatic watch"", ""Japanese movement"", ""316L stainless steel case"", “Ceramic bezel”, ""Sapphire crystal"", ""100m water resistance"", ""A-grade lume"", ""Fluoro rubber strap"".",https://tsarbomba.com/products/tb8218w?variant=48172354011392,https://cdn.shopify.com/s/files/1/0540/8145/4255/files/8218C-G.png?v=1736736370,USD,1099.9,new,"Grey Red","TSAR BOMBA WATCH Barrel Type",male,"Products source-US3-Men's Watch","Atomic Series",1000~2000,45mm*50.4mm*13.55mm,"Ceramic+Stainless Steel","https://cdn.shopify.com/s/files/1/0540/8145/4255/files/8218C-G.jpg?v=1736736370,https://cdn.shopify.com/s/files/1/0540/8145/4255/files/7_b56b206d-f68a-464f-9f78-4c734704b6e3.jpg?v=1736736370","General:Movement: Japanese Movement, General: Case Material: 316L Stainless Steel, General: Bezel Material: Ceramic, General:Crystal: Sapphire Crystal, General: Water Resistance:100m, General: Lume: A-Grade Luminous, General: Strap Material: Fluoro Rubber.","Apparel & Accessories > Jewelry > Watches",in_stock,Automatic,717298580366
113495,109230,Tsarbomba,45567587618,https://www.awin1.com/pclick.php?p=45567587618&a=3002879&m=109230,https://images2.productserve.com/?w=200&h=200&bg=white&trim=5&t=letterbox&url=ssl%3Acdn.shopify.com%2Fs%2Ffiles%2F1%2F0540%2F8145%2F4255%2Ffiles%2FTB8218c-green.png%3Fv%3D1773633413&feedId=113495&k=0cd440a521b8f5187dc8a09aa8fb5ac8a113e14b,https://images2.productserve.com/?w=70&h=70&bg=white&trim=5&t=letterbox&url=ssl%3Acdn.shopify.com%2Fs%2Ffiles%2F1%2F0540%2F8145%2F4255%2Ffiles%2FTB8218c-green.png%3Fv%3D1773633413&feedId=113495&k=0cd440a521b8f5187dc8a09aa8fb5ac8a113e14b,544,"Men's Watches",,"TSAR BOMBA WATCH",TB8218C-Green,Watches,TB8218C-03G,"TSARBOMBA Atomic TB8218C Green Men's Fashion Watch, Miyota automatic mechanical movement, tonneau-style watch, ceramic bezel and interchangeable accessories, 316L stainless steel case, 10ATM water resistance, high-quality Grade A luminescent coating, sapphire crystal,","The TSARBOMBA TB8218C Green Men’s Fashion Watch features a Miyota automatic mechanical movement, a ceramic bezel, and interchangeable accessories, along with an eco-friendly fluororubber strap. It offers 10ATM water resistance and a premium Grade A luminescent coating. With interchangeable straps, bezels, and crowns, why buy multiple watches when you can own just one that lets you switch up your style? Sapphire Crystal, Stunning in Every Way Express Yourself Endlessly","""Barrel-shaped Interchangeable automatic watch"", ""Japanese movement"", ""316L stainless steel case"", “Ceramic bezel”, ""Sapphire crystal"", ""100m water resistance"", ""A-grade lume"", ""Fluoro rubber strap"".",https://tsarbomba.com/products/tb8218w?variant=48172354044160,https://cdn.shopify.com/s/files/1/0540/8145/4255/files/TB8218c-green.png?v=1773633413,USD,1099.9,new,Green,"TSAR BOMBA WATCH Barrel Type",male,"Products source-US3-Men's Watch","Atomic Series",1000~2000,45mm*50.4mm*13.55mm,"Ceramic+Stainless Steel","https://cdn.shopify.com/s/files/1/0540/8145/4255/files/8218C-GB.jpg?v=1736736370,https://cdn.shopify.com/s/files/1/0540/8145/4255/files/3_99377b9c-33a2-47b9-89e3-a8b18017d2cc.jpg?v=1736736370,https://cdn.shopify.com/s/files/1/0540/8145/4255/files/8218C-Green_cd65b45f-9792-4e5b-a45e-5f9fe6b2e7f9.png?v=1764408822","General:Movement: Japanese Movement, General: Case Material: 316L Stainless Steel, General: Bezel Material: Ceramic, General:Crystal: Sapphire Crystal, General: Water Resistance:100m, General: Lume: A-Grade Luminous, General: Strap Material: Fluoro Rubber.","Apparel & Accessories > Jewelry > Watches",in_stock,Automatic,717298580397
113495,109230,Tsarbomba,45567587619,https://www.awin1.com/pclick.php?p=45567587619&a=3002879&m=109230,https://images2.productserve.com/?w=200&h=200&bg=white&trim=5&t=letterbox&url=ssl%3Acdn.shopify.com%2Fs%2Ffiles%2F1%2F0540%2F8145%2F4255%2Ffiles%2FTB8605-5-3.png%3Fv%3D1737342263&feedId=113495&k=86c7e2ff34dc2e1fbb12dcb0d2d8810624a3de4d,https://images2.productserve.com/?w=70&h=70&bg=white&trim=5&t=letterbox&url=ssl%3Acdn.shopify.com%2Fs%2Ffiles%2F1%2F0540%2F8145%2F4255%2Ffiles%2FTB8605-5-3.png%3Fv%3D1737342263&feedId=113495&k=86c7e2ff34dc2e1fbb12dcb0d2d8810624a3de4d,544,"Men's Watches",,"TSAR BOMBA WATCH",TB8605-05,Watches,TB8605-05,"Tsar Bomba Men's Automatic Watch | Green | 42.8mm Carbon Fiber Case | Men's Luxury Timepiece | Dark Matter 5 | TB8605","Experience precision and bold design with the Tsar Bomba Dark Matter 5 Automatic Watch (TB8605). This men's mechanical timepiece features a 42.8mm carbon fiber and stainless steel case with a sapphire crystal, reliable Citizen Miyota automatic movement, and 5ATM water resistance, ideal for daily wear. Engineered with luminous hands, skeleton dial, quick-release strap system, and versatile styling for casual and formal looks, this luxury automatic watch blends durability and refined craftsmanship. Compatible with multiple strap colors. Free worldwide shipping and 2-year warranty.","""Barrel-shaped automatic watch"", ""Japanese movement"", ""316L stainless steel case"", “Carbon Fiber bezel”, ""Sapphire crystal"", ""50m water resistance"", ""A-grade lume"", ""Fluoro rubber strap"".",https://tsarbomba.com/products/tb8605?variant=46304946815232,https://cdn.shopify.com/s/files/1/0540/8145/4255/files/TB8605-5-3.png?v=1737342263,USD,749.99,new,Green,"TSAR BOMBA WATCH Barrel Type",male,"Products source-US3-Men's Watch","Dark Matter Series",500~1000,42.8mm*53.5mm*14.5mm,"Carbon Fiber","https://cdn.shopify.com/s/files/1/0540/8145/4255/files/8605G-1.jpg?v=1744096244,https://cdn.shopify.com/s/files/1/0540/8145/4255/files/8605-G.jpg?v=1744096244","General:Movement: Japanese Movement, General: Case Material: 316L Stainless Steel, General: Bezel Material: Carbon Fiber, General:Crystal: Sapphire Crystal, General: Water Resistance:50m, General: Lume: A-Grade Luminous, General: Strap Material: Fluoro Rubber.","Apparel & Accessories > Jewelry > Watches",in_stock,Automatic,717701173048
113495,109230,Tsarbomba,45567587620,https://www.awin1.com/pclick.php?p=45567587620&a=3002879&m=109230,https://images2.productserve.com/?w=200&h=200&bg=white&trim=5&t=letterbox&url=ssl%3Acdn.shopify.com%2Fs%2Ffiles%2F1%2F0540%2F8145%2F4255%2Ffiles%2FTB8605-3-4.png%3Fv%3D1760174094&feedId=113495&k=c914fa6891faeba5670e2e0a3e044f0e7db4f5b4,https://images2.productserve.com/?w=70&h=70&bg=white&trim=5&t=letterbox&url=ssl%3Acdn.shopify.com%2Fs%2Ffiles%2F1%2F0540%2F8145%2F4255%2Ffiles%2FTB8605-3-4.png%3Fv%3D1760174094&feedId=113495&k=c914fa6891faeba5670e2e0a3e044f0e7db4f5b4,544,"Men's Watches",,"TSAR BOMBA WATCH",TB8605-03,Watches,TB8605-03,"Tsar Bomba Men's Automatic Watch | Orange | 42.8mm Carbon Fiber Case | Men's Luxury Timepiece | Dark Matter 5 | TB8605","Experience precision and bold design with the Tsar Bomba Dark Matter 5 Automatic Watch (TB8605). This men's mechanical timepiece features a 42.8mm carbon fiber and stainless steel case with a sapphire crystal, reliable Citizen Miyota automatic movement, and 5ATM water resistance, ideal for daily wear. Engineered with luminous hands, skeleton dial, quick-release strap system, and versatile styling for casual and formal looks, this luxury automatic watch blends durability and refined craftsmanship. Compatible with multiple strap colors. Free worldwide shipping and 2-year warranty.","""Barrel-shaped automatic watch"", ""Japanese movement"", ""316L stainless steel case"", “Carbon Fiber bezel”, ""Sapphire crystal"", ""50m water resistance"", ""A-grade lume"", ""Fluoro rubber strap"".",https://tsarbomba.com/products/tb8605?variant=46304962216192,https://cdn.shopify.com/s/files/1/0540/8145/4255/files/TB8605-3-4.png?v=1760174094,USD,749.99,new,Orange,"TSAR BOMBA WATCH Barrel Type",male,"Products source-US3-Men's Watch","Dark Matter Series",500~1000,42.8mm*53.5mm*14.5mm,"Carbon Fiber","https://cdn.shopify.com/s/files/1/0540/8145/4255/files/8605O-1.jpg?v=1759132628,https://cdn.shopify.com/s/files/1/0540/8145/4255/files/8605-O.jpg?v=1759132628,https://cdn.shopify.com/s/files/1/0540/8145/4255/files/TB8605-3-3.png?v=1759132628","General:Movement: Japanese Movement, General: Case Material: 316L Stainless Steel, General: Bezel Material: Carbon Fiber, General:Crystal: Sapphire Crystal, General: Water Resistance:50m, General: Lume: A-Grade Luminous, General: Strap Material: Fluoro Rubber.","Apparel & Accessories > Jewelry > Watches",in_stock,Automatic,717701173062
113495,109230,Tsarbomba,45567587621,https://www.awin1.com/pclick.php?p=45567587621&a=3002879&m=109230,https://images2.productserve.com/?w=200&h=200&bg=white&trim=5&t=letterbox&url=ssl%3Acdn.shopify.com%2Fs%2Ffiles%2F1%2F0540%2F8145%2F4255%2Ffiles%2FTB8605-2-3.png%3Fv%3D1759132628&feedId=113495&k=8b99f2ef6b429f0b5648fe3bf5175e132c004a6b,https://images2.productserve.com/?w=70&h=70&bg=white&trim=5&t=letterbox&url=ssl%3Acdn.shopify.com%2Fs%2Ffiles%2F1%2F0540%2F8145%2F4255%2Ffiles%2FTB8605-2-3.png%3Fv%3D1759132628&feedId=113495&k=8b99f2ef6b429f0b5648fe3bf5175e132c004a6b,544,"Men's Watches",,"TSAR BOMBA WATCH",TB8605-02,Watches,TB8605-02,"Tsar Bomba Men's Automatic Watch | Blue | 42.8mm Carbon Fiber Case | Men's Luxury Timepiece | Dark Matter 5 | TB8605","Experience precision and bold design with the Tsar Bomba Dark Matter 5 Automatic Watch (TB8605). This men's mechanical timepiece features a 42.8mm carbon fiber and stainless steel case with a sapphire crystal, reliable Citizen Miyota automatic movement, and 5ATM water resistance, ideal for daily wear. Engineered with luminous hands, skeleton dial, quick-release strap system, and versatile styling for casual and formal looks, this luxury automatic watch blends durability and refined craftsmanship. Compatible with multiple strap colors. Free worldwide shipping and 2-year warranty.","""Barrel-shaped automatic watch"", ""Japanese movement"", ""316L stainless steel case"", “Carbon Fiber bezel”, ""Sapphire crystal"", ""50m water resistance"", ""A-grade lume"", ""Fluoro rubber strap"".",https://tsarbomba.com/products/tb8605?variant=46304962183424,https://cdn.shopify.com/s/files/1/0540/8145/4255/files/TB8605-2-3.png?v=1759132628,USD,749.99,new,Blue,"TSAR BOMBA WATCH Barrel Type",male,"Products source-US3-Men's Watch","Dark Matter Series",500~1000,42.8mm*53.5mm*14.5mm,"Carbon Fiber","https://cdn.shopify.com/s/files/1/0540/8145/4255/files/8605BBL-1.jpg?v=1759132628,https://cdn.shopify.com/s/files/1/0540/8145/4255/files/8605-BL.jpg?v=1759132628","General:Movement: Japanese Movement, General: Case Material: 316L Stainless Steel, General: Bezel Material: Carbon Fiber, General:Crystal: Sapphire Crystal, General: Water Resistance:50m, General: Lume: A-Grade Luminous, General: Strap Material: Fluoro Rubber.","Apparel & Accessories > Jewelry > Watches",in_stock,Automatic,717701173079
113495,109230,Tsarbomba,45567587622,https://www.awin1.com/pclick.php?p=45567587622&a=3002879&m=109230,https://images2.productserve.com/?w=200&h=200&bg=white&trim=5&t=letterbox&url=ssl%3Acdn.shopify.com%2Fs%2Ffiles%2F1%2F0540%2F8145%2F4255%2Ffiles%2FTB8605-4-3.png%3Fv%3D1759132628&feedId=113495&k=6bf96676f5fa51568ec980cf2990e114bb74ccc0,https://images2.productserve.com/?w=70&h=70&bg=white&trim=5&t=letterbox&url=ssl%3Acdn.shopify.com%2Fs%2Ffiles%2F1%2F0540%2F8145%2F4255%2Ffiles%2FTB8605-4-3.png%3Fv%3D1759132628&feedId=113495&k=6bf96676f5fa51568ec980cf2990e114bb74ccc0,544,"Men's Watches",,"TSAR BOMBA WATCH",TB8605-04,Watches,TB8605-04,"Tsar Bomba Men's Automatic Watch | Black | 42.8mm Carbon Fiber Case | Men's Luxury Timepiece | Dark Matter 5 | TB8605","Experience precision and bold design with the Tsar Bomba Dark Matter 5 Automatic Watch (TB8605). This men's mechanical timepiece features a 42.8mm carbon fiber and stainless steel case with a sapphire crystal, reliable Citizen Miyota automatic movement, and 5ATM water resistance, ideal for daily wear. Engineered with luminous hands, skeleton dial, quick-release strap system, and versatile styling for casual and formal looks, this luxury automatic watch blends durability and refined craftsmanship. Compatible with multiple strap colors. Free worldwide shipping and 2-year warranty.","""Barrel-shaped automatic watch"", ""Japanese movement"", ""316L stainless steel case"", “Carbon Fiber bezel”, ""Sapphire crystal"", ""50m water resistance"", ""A-grade lume"", ""Fluoro rubber strap"".",https://tsarbomba.com/products/tb8605?variant=46304946848000,https://cdn.shopify.com/s/files/1/0540/8145/4255/files/TB8605-4-3.png?v=1759132628,USD,749.99,new,Black,"TSAR BOMBA WATCH Barrel Type",male,"Products source-US3-Men's Watch","Dark Matter Series",500~1000,42.8mm*53.5mm*14.5mm,"Carbon Fiber","https://cdn.shopify.com/s/files/1/0540/8145/4255/files/8605BBK-1.jpg?v=1759132628,https://cdn.shopify.com/s/files/1/0540/8145/4255/files/8605-BK.jpg?v=1759132628","General:Movement: Japanese Movement, General: Case Material: 316L Stainless Steel, General: Bezel Material: Carbon Fiber, General:Crystal: Sapphire Crystal, General: Water Resistance:50m, General: Lume: A-Grade Luminous, General: Strap Material: Fluoro Rubber.","Apparel & Accessories > Jewelry > Watches",in_stock,Automatic,717701173055
113495,109230,Tsarbomba,45567587623,https://www.awin1.com/pclick.php?p=45567587623&a=3002879&m=109230,https://images2.productserve.com/?w=200&h=200&bg=white&trim=5&t=letterbox&url=ssl%3Acdn.shopify.com%2Fs%2Ffiles%2F1%2F0540%2F8145%2F4255%2Ffiles%2FTB8605-1-3.png%3Fv%3D1759132628&feedId=113495&k=d86d09bd5615951e474f3b48e4cfcdfaa174b637,https://images2.productserve.com/?w=70&h=70&bg=white&trim=5&t=letterbox&url=ssl%3Acdn.shopify.com%2Fs%2Ffiles%2F1%2F0540%2F8145%2F4255%2Ffiles%2FTB8605-1-3.png%3Fv%3D1759132628&feedId=113495&k=d86d09bd5615951e474f3b48e4cfcdfaa174b637,544,"Men's Watches",,"TSAR BOMBA WATCH",TB8605-01,Watches,TB8605-01,"Tsar Bomba Men's Automatic Watch | Red | 42.8mm Carbon Fiber Case | Men's Luxury Timepiece | Dark Matter 5 | TB8605","Experience precision and bold design with the Tsar Bomba Dark Matter 5 Automatic Watch (TB8605). This men's mechanical timepiece features a 42.8mm carbon fiber and stainless steel case with a sapphire crystal, reliable Citizen Miyota automatic movement, and 5ATM water resistance, ideal for daily wear. Engineered with luminous hands, skeleton dial, quick-release strap system, and versatile styling for casual and formal looks, this luxury automatic watch blends durability and refined craftsmanship. Compatible with multiple strap colors. Free worldwide shipping and 2-year warranty.","""Barrel-shaped automatic watch"", ""Japanese movement"", ""316L stainless steel case"", “Carbon Fiber bezel”, ""Sapphire crystal"", ""50m water resistance"", ""A-grade lume"", ""Fluoro rubber strap"".",https://tsarbomba.com/products/tb8605?variant=46304962150656,https://cdn.shopify.com/s/files/1/0540/8145/4255/files/TB8605-1-3.png?v=1759132628,USD,749.99,new,Red,"TSAR BOMBA WATCH Barrel Type",male,"Products source-US3-Men's Watch","Dark Matter Series",500~1000,42.8mm*53.5mm*14.5mm,"Carbon Fiber","https://cdn.shopify.com/s/files/1/0540/8145/4255/files/8605R-1.jpg?v=1759132628,https://cdn.shopify.com/s/files/1/0540/8145/4255/files/8605-R.jpg?v=1759132628","General:Movement: Japanese Movement, General: Case Material: 316L Stainless Steel, General: Bezel Material: Carbon Fiber, General:Crystal: Sapphire Crystal, General: Water Resistance:50m, General: Lume: A-Grade Luminous, General: Strap Material: Fluoro Rubber.","Apparel & Accessories > Jewelry > Watches",in_stock,Automatic,717701173086
113495,109230,Tsarbomba,45567587624,https://www.awin1.com/pclick.php?p=45567587624&a=3002879&m=109230,https://images2.productserve.com/?w=200&h=200&bg=white&trim=5&t=letterbox&url=ssl%3Acdn.shopify.com%2Fs%2Ffiles%2F1%2F0540%2F8145%2F4255%2Ffiles%2FTB8222C-04-03.png%3Fv%3D1758356467&feedId=113495&k=7cd0c3a4864e3b2663ba7b372409818ff1feb7e2,https://images2.productserve.com/?w=70&h=70&bg=white&trim=5&t=letterbox&url=ssl%3Acdn.shopify.com%2Fs%2Ffiles%2F1%2F0540%2F8145%2F4255%2Ffiles%2FTB8222C-04-03.png%3Fv%3D1758356467&feedId=113495&k=7cd0c3a4864e3b2663ba7b372409818ff1feb7e2,544,"Men's Watches",,"TSAR BOMBA WATCH",TB8222-04,Watches,TB8222-04,"Tsar Bomba Men's Ceramic Automatic Watch | Gray | 45mm | Miyota 9100 Movement | Men's Luxury Timepiece | Atomic-Full TB8222","General:Movement: Japanese Movement, General: Case Material: Ceramic, General: Bezel Material: Ceramic, General:Crystal: Sapphire Crystal, General: Water Resistance:50m, General: Lume: A-Grade Luminous, General: Strap Material: Fluoro Rubber.","""Barrel-shaped automatic watch"", ""Japanese movement"", ""Ceramic case"", “Ceramic bezel”, ""Sapphire crystal"", ""50m water resistance"", ""A-grade lume"", ""Fluoro rubber strap"".",https://tsarbomba.com/products/tb8222c?variant=46712862146816,https://cdn.shopify.com/s/files/1/0540/8145/4255/files/TB8222C-04-03.png?v=1758356467,USD,2000,new,Gray,"TSAR BOMBA WATCH Barrel Type",male,"Products source-US3-Men's Watch","Atomic Series",2000,45mm*50.5mm*15.5mm,Ceramic,"https://cdn.shopify.com/s/files/1/0540/8145/4255/files/TB8222C-04-04.png?v=1758356467,https://cdn.shopify.com/s/files/1/0540/8145/4255/files/TB8222C-04-02.png?v=1758356467","General:Movement: Japanese Movement, General: Case Material: Ceramic, General: Bezel Material: Ceramic, General:Crystal: Sapphire Crystal, General: Water Resistance:50m, General: Lume: A-Grade Luminous, General: Strap Material: Fluoro Rubber.","Apparel & Accessories > Jewelry > Watches",in_stock,Automatic,717710039458
113495,109230,Tsarbomba,45567587625,https://www.awin1.com/pclick.php?p=45567587625&a=3002879&m=109230,https://images2.productserve.com/?w=200&h=200&bg=white&trim=5&t=letterbox&url=ssl%3Acdn.shopify.com%2Fs%2Ffiles%2F1%2F0540%2F8145%2F4255%2Ffiles%2FTB8222C-02-03.png%3Fv%3D1758356467&feedId=113495&k=a64c4d5cd641e379d5502399d5d6691208062f61,https://images2.productserve.com/?w=70&h=70&bg=white&trim=5&t=letterbox&url=ssl%3Acdn.shopify.com%2Fs%2Ffiles%2F1%2F0540%2F8145%2F4255%2Ffiles%2FTB8222C-02-03.png%3Fv%3D1758356467&feedId=113495&k=a64c4d5cd641e379d5502399d5d6691208062f61,544,"Men's Watches",,"TSAR BOMBA WATCH",TB8222-02,Watches,TB8222-02,"Tsar Bomba Men's Ceramic Automatic Watch | Blue | 45mm | Miyota 9100 Movement | Men's Luxury Timepiece | Atomic-Full TB8222","General:Movement: Japanese Movement, General: Case Material: Ceramic, General: Bezel Material: Ceramic, General:Crystal: Sapphire Crystal, General: Water Resistance:50m, General: Lume: A-Grade Luminous, General: Strap Material: Fluoro Rubber.","""Barrel-shaped automatic watch"", ""Japanese movement"", ""Ceramic case"", “Ceramic bezel”, ""Sapphire crystal"", ""50m water resistance"", ""A-grade lume"", ""Fluoro rubber strap"".",https://tsarbomba.com/products/tb8222c?variant=46712862114048,https://cdn.shopify.com/s/files/1/0540/8145/4255/files/TB8222C-02-03.png?v=1758356467,USD,2000,new,Blue,"TSAR BOMBA WATCH Barrel Type",male,"Products source-US3-Men's Watch","Atomic Series",2000,45mm*50.5mm*15.5mm,Ceramic,"https://cdn.shopify.com/s/files/1/0540/8145/4255/files/TB8222C-02-04.png?v=1758356467,https://cdn.shopify.com/s/files/1/0540/8145/4255/files/TB8222C-02-02.png?v=1758356467","General:Movement: Japanese Movement, General: Case Material: Ceramic, General: Bezel Material: Ceramic, General:Crystal: Sapphire Crystal, General: Water Resistance:50m, General: Lume: A-Grade Luminous, General: Strap Material: Fluoro Rubber.","Apparel & Accessories > Jewelry > Watches",in_stock,Automatic,717710039434
113495,109230,Tsarbomba,45567587626,https://www.awin1.com/pclick.php?p=45567587626&a=3002879&m=109230,https://images2.productserve.com/?w=200&h=200&bg=white&trim=5&t=letterbox&url=ssl%3Acdn.shopify.com%2Fs%2Ffiles%2F1%2F0540%2F8145%2F4255%2Ffiles%2FTB8222C-01-03.png%3Fv%3D1758356467&feedId=113495&k=f4378adefcef6bc1467275abd29681e993c2ea05,https://images2.productserve.com/?w=70&h=70&bg=white&trim=5&t=letterbox&url=ssl%3Acdn.shopify.com%2Fs%2Ffiles%2F1%2F0540%2F8145%2F4255%2Ffiles%2FTB8222C-01-03.png%3Fv%3D1758356467&feedId=113495&k=f4378adefcef6bc1467275abd29681e993c2ea05,544,"Men's Watches",,"TSAR BOMBA WATCH",TB8222-01,Watches,TB8222-01,"Tsar Bomba Men's Ceramic Automatic Watch | White | 45mm | Miyota 9100 Movement | Men's Luxury Timepiece | Atomic-Full TB8222","General:Movement: Japanese Movement, General: Case Material: Ceramic, General: Bezel Material: Ceramic, General:Crystal: Sapphire Crystal, General: Water Resistance:50m, General: Lume: A-Grade Luminous, General: Strap Material: Fluoro Rubber.","""Barrel-shaped automatic watch"", ""Japanese movement"", ""Ceramic case"", “Ceramic bezel”, ""Sapphire crystal"", ""50m water resistance"", ""A-grade lume"", ""Fluoro rubber strap"".",https://tsarbomba.com/products/tb8222c?variant=46712862179584,https://cdn.shopify.com/s/files/1/0540/8145/4255/files/TB8222C-01-03.png?v=1758356467,USD,2000,new,White,"TSAR BOMBA WATCH Barrel Type",male,"Products source-US3-Men's Watch","Atomic Series",2000,45mm*50.5mm*15.5mm,Ceramic,"https://cdn.shopify.com/s/files/1/0540/8145/4255/files/TB8222C-01-04.png?v=1758356467,https://cdn.shopify.com/s/files/1/0540/8145/4255/files/TB8222C-01-02.png?v=1758356467","General:Movement: Japanese Movement, General: Case Material: Ceramic, General: Bezel Material: Ceramic, General:Crystal: Sapphire Crystal, General: Water Resistance:50m, General: Lume: A-Grade Luminous, General: Strap Material: Fluoro Rubber.","Apparel & Accessories > Jewelry > Watches",in_stock,Automatic,717710039427
113495,109230,Tsarbomba,45567587627,https://www.awin1.com/pclick.php?p=45567587627&a=3002879&m=109230,https://images2.productserve.com/?w=200&h=200&bg=white&trim=5&t=letterbox&url=ssl%3Acdn.shopify.com%2Fs%2Ffiles%2F1%2F0540%2F8145%2F4255%2Ffiles%2FTB8222C-03-03.png%3Fv%3D1758356467&feedId=113495&k=9e854fbc35cfa6afc8783db06c8f1674e97ac14e,https://images2.productserve.com/?w=70&h=70&bg=white&trim=5&t=letterbox&url=ssl%3Acdn.shopify.com%2Fs%2Ffiles%2F1%2F0540%2F8145%2F4255%2Ffiles%2FTB8222C-03-03.png%3Fv%3D1758356467&feedId=113495&k=9e854fbc35cfa6afc8783db06c8f1674e97ac14e,544,"Men's Watches",,"TSAR BOMBA WATCH",TB8222-03,Watches,TB8222-03,"Tsar Bomba Men's Ceramic Automatic Watch | Yellow | 45mm | Miyota 9100 Movement | Men's Luxury Timepiece | Atomic-Full TB8222","General:Movement: Japanese Movement, General: Case Material: Ceramic, General: Bezel Material: Ceramic, General:Crystal: Sapphire Crystal, General: Water Resistance:50m, General: Lume: A-Grade Luminous, General: Strap Material: Fluoro Rubber.","""Barrel-shaped automatic watch"", ""Japanese movement"", ""Ceramic case"", “Ceramic bezel”, ""Sapphire crystal"", ""50m water resistance"", ""A-grade lume"", ""Fluoro rubber strap"".",https://tsarbomba.com/products/tb8222c?variant=46712862212352,https://cdn.shopify.com/s/files/1/0540/8145/4255/files/TB8222C-03-03.png?v=1758356467,USD,2000,new,Yellow,"TSAR BOMBA WATCH Barrel Type",male,"Products source-US3-Men's Watch","Atomic Series",2000,45mm*50.5mm*15.5mm,Ceramic,"https://cdn.shopify.com/s/files/1/0540/8145/4255/files/TB8222C-03-04.png?v=1758356467,https://cdn.shopify.com/s/files/1/0540/8145/4255/files/TB8222C-03-02.png?v=1758356467","General:Movement: Japanese Movement, General: Case Material: Ceramic, General: Bezel Material: Ceramic, General:Crystal: Sapphire Crystal, General: Water Resistance:50m, General: Lume: A-Grade Luminous, General: Strap Material: Fluoro Rubber.","Apparel & Accessories > Jewelry > Watches",in_stock,Automatic,717710039441
113495,109230,Tsarbomba,45567587628,https://www.awin1.com/pclick.php?p=45567587628&a=3002879&m=109230,https://images2.productserve.com/?w=200&h=200&bg=white&trim=5&t=letterbox&url=ssl%3Acdn.shopify.com%2Fs%2Ffiles%2F1%2F0540%2F8145%2F4255%2Ffiles%2FTB8222C-05-04.png%3Fv%3D1764040542&feedId=113495&k=228fcbcc2f31f295e3d0402f5fe4e3111776ce4e,https://images2.productserve.com/?w=70&h=70&bg=white&trim=5&t=letterbox&url=ssl%3Acdn.shopify.com%2Fs%2Ffiles%2F1%2F0540%2F8145%2F4255%2Ffiles%2FTB8222C-05-04.png%3Fv%3D1764040542&feedId=113495&k=228fcbcc2f31f295e3d0402f5fe4e3111776ce4e,544,"Men's Watches",,"TSAR BOMBA WATCH",TB8222-05,Watches,TB8222-05,"Tsar Bomba Men's Ceramic Automatic Watch | Brown | 45mm | Miyota 9100 Movement | Men's Luxury Timepiece | Atomic-Full TB8222","General:Movement: Japanese Movement, General: Case Material: Ceramic, General: Bezel Material: Ceramic, General:Crystal: Sapphire Crystal, General: Water Resistance:50m, General: Lume: A-Grade Luminous, General: Strap Material: Fluoro Rubber.","""Barrel-shaped automatic watch"", ""Japanese movement"", ""Ceramic case"", “Ceramic bezel”, ""Sapphire crystal"", ""50m water resistance"", ""A-grade lume"", ""Fluoro rubber strap"".",https://tsarbomba.com/products/tb8222c?variant=46712862245120,https://cdn.shopify.com/s/files/1/0540/8145/4255/files/TB8222C-05-04.png?v=1764040542,USD,2000,new,Brown,"TSAR BOMBA WATCH Barrel Type",male,"Products source-US3-Men's Watch","Atomic Series",2000,45mm*50.5mm*15.5mm,Ceramic,"https://cdn.shopify.com/s/files/1/0540/8145/4255/files/TB8222C-05-04_c057e80e-377f-4685-ae1e-f003360faa2c.png?v=1758356467,https://cdn.shopify.com/s/files/1/0540/8145/4255/files/TB8222C-05-02_8aff3985-4ca8-47fb-93c9-fac0e808268c.png?v=1758356467,https://cdn.shopify.com/s/files/1/0540/8145/4255/files/TB8222C-05-03_d533df42-3b81-4e9e-8915-36c43c6f41d0.png?v=1758356467","General:Movement: Japanese Movement, General: Case Material: Ceramic, General: Bezel Material: Ceramic, General:Crystal: Sapphire Crystal, General: Water Resistance:50m, General: Lume: A-Grade Luminous, General: Strap Material: Fluoro Rubber.","Apparel & Accessories > Jewelry > Watches",in_stock,Automatic,717710039465
113495,109230,Tsarbomba,45567587629,https://www.awin1.com/pclick.php?p=45567587629&a=3002879&m=109230,https://images2.productserve.com/?w=200&h=200&bg=white&trim=5&t=letterbox&url=ssl%3Acdn.shopify.com%2Fs%2Ffiles%2F1%2F0540%2F8145%2F4255%2Ffiles%2FBU4.png%3Fv%3D1764225327&feedId=113495&k=38cec561df2b1ccaa145e3eb18ed5b179cc6b705,https://images2.productserve.com/?w=70&h=70&bg=white&trim=5&t=letterbox&url=ssl%3Acdn.shopify.com%2Fs%2Ffiles%2F1%2F0540%2F8145%2F4255%2Ffiles%2FBU4.png%3Fv%3D1764225327&feedId=113495&k=38cec561df2b1ccaa145e3eb18ed5b179cc6b705,544,"Men's Watches",,"TSAR BOMBA WATCH","TB8220L-white blue",Watches,TB8220L-02,"The TSARBOMBA luxury women’s watch Nucleus Femme 03-TB8220 is a trendy timepiece for women, powered by a Swiss Ronda quartz movement that ensures stable timekeeping and requires minimal maintenance. Featuring a ceramic bezel and case, along with a diamond-accented dial, it combines durability with lightweight design. The fluororubber strap is skin-friendly and comfortable, causing no allergic reactions even with prolonged wear; it is odor-free and eco-friendly. It offers 3ATM water resistance and a high-quality Grade A luminescent coating. TSARBOMBA watches are not only timekeeping tools but also fashion accessories.","TSARBOMBA Watches Nuclrus Femme 03-TB8220 Women’s Watch: The TB8220 is more than just a watch—it’s a fashion accessory for every trendsetting woman. Equipped with a Swiss Ronda quartz movement, it offers stable timekeeping and is easy to maintain. The ceramic bezel and case, along with the diamond-accented dial, exude an overall sense of elegance and sophistication. The silicone strap is skin-friendly, comfortable, odor-free, and eco-friendly; 5ATM water resistance; high-quality Grade A luminescent coating; TSARBOMBA watches are not just timekeeping tools, but also fashion accessories.","“Swiss Ronda movement,” “Zirconia (diamond),” “ceramic bezel and case,” “Women’s Watch,” “50m water resistance,” “high-quality Grade A luminescent coating,” “The TSARBOMBA watch is not just a timekeeping tool, but also a fashion accessory.”",https://tsarbomba.com/products/tb8220l?variant=46912542638336,https://cdn.shopify.com/s/files/1/0540/8145/4255/files/BU4.png?v=1764225327,USD,1200,new,Blue,"TSAR BOMBA WATCH Barrel Type",female,"Products source-US3-Women's Watch","Nucleus Femme Series",1000~2000,35mm*39.5mm*10.3mm,Ceramic,https://cdn.shopify.com/s/files/1/0540/8145/4255/files/BU1_df751fab-b67b-4bb9-87ff-fe05618a0dfa.png?v=1764225327,"General:Movement: Swiss Movement, General: Case Material: Ceramic, General: Bezel Material: Ceramic, General:Crystal: Sapphire Crystal, General: Water Resistance:50m, General: Lume: A-Grade Luminous, General: Strap Material: Fluoro Rubber.","Apparel & Accessories > Jewelry > Watches",in_stock,Quartz,769887714157
113495,109230,Tsarbomba,45567587630,https://www.awin1.com/pclick.php?p=45567587630&a=3002879&m=109230,https://images2.productserve.com/?w=200&h=200&bg=white&trim=5&t=letterbox&url=ssl%3Acdn.shopify.com%2Fs%2Ffiles%2F1%2F0540%2F8145%2F4255%2Ffiles%2FW4_127214a2-9208-4425-b353-304eef73b79f.png%3Fv%3D1758092521&feedId=113495&k=9db87a10221d71e8fabb7997c295d911f0847132,https://images2.productserve.com/?w=70&h=70&bg=white&trim=5&t=letterbox&url=ssl%3Acdn.shopify.com%2Fs%2Ffiles%2F1%2F0540%2F8145%2F4255%2Ffiles%2FW4_127214a2-9208-4425-b353-304eef73b79f.png%3Fv%3D1758092521&feedId=113495&k=9db87a10221d71e8fabb7997c295d911f0847132,544,"Men's Watches",,"TSAR BOMBA WATCH",TB8220L-white,Watches,TB8220L-01,"The TSARBOMBA luxury women’s watch Nucleus Femme 03-TB8220 is a trendy timepiece for women, powered by a Swiss Ronda quartz movement that ensures stable timekeeping and requires minimal maintenance. Featuring a ceramic bezel and case, along with a diamond-accented dial, it combines durability with lightweight design. The fluororubber strap is skin-friendly and comfortable, causing no allergic reactions even with prolonged wear; it is odor-free and eco-friendly. It offers 3ATM water resistance and a high-quality Grade A luminescent coating. TSARBOMBA watches are not only timekeeping tools but also fashion accessories.","TSARBOMBA Watches Nuclrus Femme 03-TB8220 Women’s Watch: The TB8220 is more than just a watch—it’s a fashion accessory for every trendsetting woman. Equipped with a Swiss Ronda quartz movement, it offers stable timekeeping and is easy to maintain. The ceramic bezel and case, along with the diamond-accented dial, exude an overall sense of elegance and sophistication. The silicone strap is skin-friendly, comfortable, odor-free, and eco-friendly; 5ATM water resistance; high-quality Grade A luminescent coating; TSARBOMBA watches are not just timekeeping tools, but also fashion accessories.","“Swiss Ronda movement,” “Zirconia (diamond),” “ceramic bezel and case,” “Women’s Watch,” “50m water resistance,” “high-quality Grade A luminescent coating,” “The TSARBOMBA watch is not just a timekeeping tool, but also a fashion accessory.”",https://tsarbomba.com/products/tb8220l?variant=46912542671104,https://cdn.shopify.com/s/files/1/0540/8145/4255/files/W4_127214a2-9208-4425-b353-304eef73b79f.png?v=1758092521,USD,1200,new,White,"TSAR BOMBA WATCH Barrel Type",female,"Products source-US3-Women's Watch","Nucleus Femme Series",1000~2000,35mm*39.5mm*10.3mm,Ceramic,"https://cdn.shopify.com/s/files/1/0540/8145/4255/files/W1.png?v=1758092521,https://cdn.shopify.com/s/files/1/0540/8145/4255/files/W2.png?v=1758092521","General:Movement: Swiss Movement, General: Case Material: Ceramic, General: Bezel Material: Ceramic, General:Crystal: Sapphire Crystal, General: Water Resistance:50m, General: Lume: A-Grade Luminous, General: Strap Material: Fluoro Rubber.","Apparel & Accessories > Jewelry > Watches",in_stock,Quartz,769887714140
113495,109230,Tsarbomba,45567587631,https://www.awin1.com/pclick.php?p=45567587631&a=3002879&m=109230,https://images2.productserve.com/?w=200&h=200&bg=white&trim=5&t=letterbox&url=ssl%3Acdn.shopify.com%2Fs%2Ffiles%2F1%2F0540%2F8145%2F4255%2Ffiles%2FG4_dec7272c-1d8e-47e1-a513-3594663570ab.png%3Fv%3D1764225327&feedId=113495&k=162ae4011717b0c9cb4ec114320d1d5be8d64517,https://images2.productserve.com/?w=70&h=70&bg=white&trim=5&t=letterbox&url=ssl%3Acdn.shopify.com%2Fs%2Ffiles%2F1%2F0540%2F8145%2F4255%2Ffiles%2FG4_dec7272c-1d8e-47e1-a513-3594663570ab.png%3Fv%3D1764225327&feedId=113495&k=162ae4011717b0c9cb4ec114320d1d5be8d64517,544,"Men's Watches",,"TSAR BOMBA WATCH",TB8220L-green,Watches,TB8220L-03,"The TSARBOMBA luxury women’s watch Nucleus Femme 03-TB8220 is a trendy timepiece for women, powered by a Swiss Ronda quartz movement that ensures stable timekeeping and requires minimal maintenance. Featuring a ceramic bezel and case, along with a diamond-accented dial, it combines durability with lightweight design. The fluororubber strap is skin-friendly and comfortable, causing no allergic reactions even with prolonged wear; it is odor-free and eco-friendly. It offers 3ATM water resistance and a high-quality Grade A luminescent coating. TSARBOMBA watches are not only timekeeping tools but also fashion accessories.","TSARBOMBA Watches Nuclrus Femme 03-TB8220 Women’s Watch: The TB8220 is more than just a watch—it’s a fashion accessory for every trendsetting woman. Equipped with a Swiss Ronda quartz movement, it offers stable timekeeping and is easy to maintain. The ceramic bezel and case, along with the diamond-accented dial, exude an overall sense of elegance and sophistication. The silicone strap is skin-friendly, comfortable, odor-free, and eco-friendly; 5ATM water resistance; high-quality Grade A luminescent coating; TSARBOMBA watches are not just timekeeping tools, but also fashion accessories.","“Swiss Ronda movement,” “Zirconia (diamond),” “ceramic bezel and case,” “Women’s Watch,” “50m water resistance,” “high-quality Grade A luminescent coating,” “The TSARBOMBA watch is not just a timekeeping tool, but also a fashion accessory.”",https://tsarbomba.com/products/tb8220l?variant=46912542703872,https://cdn.shopify.com/s/files/1/0540/8145/4255/files/G4_dec7272c-1d8e-47e1-a513-3594663570ab.png?v=1764225327,USD,1200,new,Green,"TSAR BOMBA WATCH Barrel Type",female,"Products source-US3-Women's Watch","Nucleus Femme Series",1000~2000,35mm*39.5mm*10.3mm,Ceramic,"https://cdn.shopify.com/s/files/1/0540/8145/4255/files/G1.png?v=1764225327,https://cdn.shopify.com/s/files/1/0540/8145/4255/files/G2.png?v=1764225327","General:Movement: Swiss Movement, General: Case Material: Ceramic, General: Bezel Material: Ceramic, General:Crystal: Sapphire Crystal, General: Water Resistance:50m, General: Lume: A-Grade Luminous, General: Strap Material: Fluoro Rubber.","Apparel & Accessories > Jewelry > Watches",in_stock,Quartz,769887714164
113495,109230,Tsarbomba,45567587632,https://www.awin1.com/pclick.php?p=45567587632&a=3002879&m=109230,https://images2.productserve.com/?w=200&h=200&bg=white&trim=5&t=letterbox&url=ssl%3Acdn.shopify.com%2Fs%2Ffiles%2F1%2F0540%2F8145%2F4255%2Ffiles%2FK4_297a1bfb-aca3-4f21-ac5b-f494a9062370.png%3Fv%3D1758092521&feedId=113495&k=67f8ddca13556d71be74bbda4a618ab7b4382cd7,https://images2.productserve.com/?w=70&h=70&bg=white&trim=5&t=letterbox&url=ssl%3Acdn.shopify.com%2Fs%2Ffiles%2F1%2F0540%2F8145%2F4255%2Ffiles%2FK4_297a1bfb-aca3-4f21-ac5b-f494a9062370.png%3Fv%3D1758092521&feedId=113495&k=67f8ddca13556d71be74bbda4a618ab7b4382cd7,544,"Men's Watches",,"TSAR BOMBA WATCH","TB8220L-Ghost Grey",Watches,TB8220L-04,"The TSARBOMBA luxury women’s watch Nucleus Femme 03-TB8220 is a trendy timepiece for women, powered by a Swiss Ronda quartz movement that ensures stable timekeeping and requires minimal maintenance. Featuring a ceramic bezel and case, along with a diamond-accented dial, it combines durability with lightweight design. The fluororubber strap is skin-friendly and comfortable, causing no allergic reactions even with prolonged wear; it is odor-free and eco-friendly. It offers 3ATM water resistance and a high-quality Grade A luminescent coating. TSARBOMBA watches are not only timekeeping tools but also fashion accessories.","TSARBOMBA Watches Nuclrus Femme 03-TB8220 Women’s Watch: The TB8220 is more than just a watch—it’s a fashion accessory for every trendsetting woman. Equipped with a Swiss Ronda quartz movement, it offers stable timekeeping and is easy to maintain. The ceramic bezel and case, along with the diamond-accented dial, exude an overall sense of elegance and sophistication. The silicone strap is skin-friendly, comfortable, odor-free, and eco-friendly; 5ATM water resistance; high-quality Grade A luminescent coating; TSARBOMBA watches are not just timekeeping tools, but also fashion accessories.","“Swiss Ronda movement,” “Zirconia (diamond),” “ceramic bezel and case,” “Women’s Watch,” “50m water resistance,” “high-quality Grade A luminescent coating,” “The TSARBOMBA watch is not just a timekeeping tool, but also a fashion accessory.”",https://tsarbomba.com/products/tb8220l?variant=46912542736640,https://cdn.shopify.com/s/files/1/0540/8145/4255/files/K4_297a1bfb-aca3-4f21-ac5b-f494a9062370.png?v=1758092521,USD,1200,new,Gray,"TSAR BOMBA WATCH Barrel Type",female,"Products source-US3-Women's Watch","Nucleus Femme Series",1000~2000,35mm*39.5mm*10.3mm,Ceramic,"https://cdn.shopify.com/s/files/1/0540/8145/4255/files/K1.png?v=1758092521,https://cdn.shopify.com/s/files/1/0540/8145/4255/files/K2.png?v=1758092521","General:Movement: Swiss Movement, General: Case Material: Ceramic, General: Bezel Material: Ceramic, General:Crystal: Sapphire Crystal, General: Water Resistance:50m, General: Lume: A-Grade Luminous, General: Strap Material: Fluoro Rubber.","Apparel & Accessories > Jewelry > Watches",in_stock,Quartz,769887714171
113495,109230,Tsarbomba,45567587633,https://www.awin1.com/pclick.php?p=45567587633&a=3002879&m=109230,https://images2.productserve.com/?w=200&h=200&bg=white&trim=5&t=letterbox&url=ssl%3Acdn.shopify.com%2Fs%2Ffiles%2F1%2F0540%2F8145%2F4255%2Ffiles%2FTB8226C-01-03_a5cbbb18-bb2f-4f3b-9b72-75c17cd65338.png%3Fv%3D1758092394&feedId=113495&k=a3025c455326b00402d0d55db498daeb6da7e6ba,https://images2.productserve.com/?w=70&h=70&bg=white&trim=5&t=letterbox&url=ssl%3Acdn.shopify.com%2Fs%2Ffiles%2F1%2F0540%2F8145%2F4255%2Ffiles%2FTB8226C-01-03_a5cbbb18-bb2f-4f3b-9b72-75c17cd65338.png%3Fv%3D1758092394&feedId=113495&k=a3025c455326b00402d0d55db498daeb6da7e6ba,544,"Men's Watches",,"TSAR BOMBA WATCH",TB8226C-01,Watches,TB8226C-01,"Tsar Bomba Men's Ceramic Automatic Watch | White | 45mm | Sapphire Crystal | Miyota Movement | 5 ATM Water-Resistant | Luxury Timepiece | Atomic TB8226","Discover the Tsar Bomba TB8226C Atomic Full Ceramic Automatic Watch, a premium men's mechanical timepiece designed for style and performance. Featuring a 45mm full ceramic case and bezel, scratch-resistant sapphire crystal glass, and a reliable Miyota 9132 automatic movement with power reserve and calendar functions, this luxury watch delivers precision and sophistication. With 5 ATM water resistance, Grade A luminous hands, and a comfortable fluoroelastomer strap, it’s ideal for both everyday wear and refined occasions. Backed by a 2-year international warranty.","""Barrel-shaped automatic watch"", ""Japanese movement"", ""Ceramic case"", “Ceramic bezel”, ""Sapphire crystal"", ""50m water resistance"", ""A-grade lume"", ""Fluoro rubber strap"".",https://tsarbomba.com/products/tb8226?variant=46912545063168,https://cdn.shopify.com/s/files/1/0540/8145/4255/files/TB8226C-01-03_a5cbbb18-bb2f-4f3b-9b72-75c17cd65338.png?v=1758092394,USD,2000,new,White,"TSAR BOMBA WATCH Barrel Type",male,"Products source-US3-Women's Watch","Atomic Series",2000,45mm*50.5mm*14.5mm,Ceramic,"https://cdn.shopify.com/s/files/1/0540/8145/4255/files/W-2.png?v=1758092394,https://cdn.shopify.com/s/files/1/0540/8145/4255/files/W-3.png?v=1758092394","General:Movement: Japanese Movement, General: Case Material: Ceramic, General: Bezel Material: Ceramic, General:Crystal: Sapphire Crystal, General: Water Resistance:50m, General: Lume: A-Grade Luminous, General: Strap Material: Fluoro Rubber.","Apparel & Accessories > Jewelry > Watches",preorder,Automatic,769887714539
113495,109230,Tsarbomba,45567587634,https://www.awin1.com/pclick.php?p=45567587634&a=3002879&m=109230,https://images2.productserve.com/?w=200&h=200&bg=white&trim=5&t=letterbox&url=ssl%3Acdn.shopify.com%2Fs%2Ffiles%2F1%2F0540%2F8145%2F4255%2Ffiles%2FTB8226C-02-03_bf2d09b7-d22a-49ed-84e0-1266694f5642.png%3Fv%3D1758092394&feedId=113495&k=cb852554d04e1d16effa34a38bd9b8c272857fc4,https://images2.productserve.com/?w=70&h=70&bg=white&trim=5&t=letterbox&url=ssl%3Acdn.shopify.com%2Fs%2Ffiles%2F1%2F0540%2F8145%2F4255%2Ffiles%2FTB8226C-02-03_bf2d09b7-d22a-49ed-84e0-1266694f5642.png%3Fv%3D1758092394&feedId=113495&k=cb852554d04e1d16effa34a38bd9b8c272857fc4,544,"Men's Watches",,"TSAR BOMBA WATCH",TB8226C-02,Watches,TB8226C-02,"Tsar Bomba Men's Ceramic Automatic Watch | Blue | 45mm | Sapphire Crystal | Miyota Movement | 5 ATM Water-Resistant | Luxury Timepiece | Atomic TB8226","Discover the Tsar Bomba TB8226C Atomic Full Ceramic Automatic Watch, a premium men's mechanical timepiece designed for style and performance. Featuring a 45mm full ceramic case and bezel, scratch-resistant sapphire crystal glass, and a reliable Miyota 9132 automatic movement with power reserve and calendar functions, this luxury watch delivers precision and sophistication. With 5 ATM water resistance, Grade A luminous hands, and a comfortable fluoroelastomer strap, it’s ideal for both everyday wear and refined occasions. Backed by a 2-year international warranty.","""Barrel-shaped automatic watch"", ""Japanese movement"", ""Ceramic case"", “Ceramic bezel”, ""Sapphire crystal"", ""50m water resistance"", ""A-grade lume"", ""Fluoro rubber strap"".",https://tsarbomba.com/products/tb8226?variant=46912545095936,https://cdn.shopify.com/s/files/1/0540/8145/4255/files/TB8226C-02-03_bf2d09b7-d22a-49ed-84e0-1266694f5642.png?v=1758092394,USD,2000,new,Blue,"TSAR BOMBA WATCH Barrel Type",male,"Products source-US3-Women's Watch","Atomic Series",2000,45mm*50.5mm*14.5mm,Ceramic,"https://cdn.shopify.com/s/files/1/0540/8145/4255/files/BL-2.png?v=1758092394,https://cdn.shopify.com/s/files/1/0540/8145/4255/files/BL-3.png?v=1758092394","General:Movement: Japanese Movement, General: Case Material: Ceramic, General: Bezel Material: Ceramic, General:Crystal: Sapphire Crystal, General: Water Resistance:50m, General: Lume: A-Grade Luminous, General: Strap Material: Fluoro Rubber.","Apparel & Accessories > Jewelry > Watches",preorder,Automatic,769887714546
113495,109230,Tsarbomba,45567587635,https://www.awin1.com/pclick.php?p=45567587635&a=3002879&m=109230,https://images2.productserve.com/?w=200&h=200&bg=white&trim=5&t=letterbox&url=ssl%3Acdn.shopify.com%2Fs%2Ffiles%2F1%2F0540%2F8145%2F4255%2Ffiles%2FTB8226C-04-03_6196b837-c11f-4b76-9434-d941163ccda6.png%3Fv%3D1758092394&feedId=113495&k=e1b113fcef391a10cd1277ccb8591bdace7ccff9,https://images2.productserve.com/?w=70&h=70&bg=white&trim=5&t=letterbox&url=ssl%3Acdn.shopify.com%2Fs%2Ffiles%2F1%2F0540%2F8145%2F4255%2Ffiles%2FTB8226C-04-03_6196b837-c11f-4b76-9434-d941163ccda6.png%3Fv%3D1758092394&feedId=113495&k=e1b113fcef391a10cd1277ccb8591bdace7ccff9,544,"Men's Watches",,"TSAR BOMBA WATCH",TB8226C-04,Watches,TB8226C-04,"Tsar Bomba Men's Ceramic Automatic Watch | Gray | 45mm | Sapphire Crystal | Miyota Movement | 5 ATM Water-Resistant | Luxury Timepiece | Atomic TB8226","Discover the Tsar Bomba TB8226C Atomic Full Ceramic Automatic Watch, a premium men's mechanical timepiece designed for style and performance. Featuring a 45mm full ceramic case and bezel, scratch-resistant sapphire crystal glass, and a reliable Miyota 9132 automatic movement with power reserve and calendar functions, this luxury watch delivers precision and sophistication. With 5 ATM water resistance, Grade A luminous hands, and a comfortable fluoroelastomer strap, it’s ideal for both everyday wear and refined occasions. Backed by a 2-year international warranty.","""Barrel-shaped automatic watch"", ""Japanese movement"", ""Ceramic case"", “Ceramic bezel”, ""Sapphire crystal"", ""50m water resistance"", ""A-grade lume"", ""Fluoro rubber strap"".",https://tsarbomba.com/products/tb8226?variant=46912545128704,https://cdn.shopify.com/s/files/1/0540/8145/4255/files/TB8226C-04-03_6196b837-c11f-4b76-9434-d941163ccda6.png?v=1758092394,USD,2000,new,Gray,"TSAR BOMBA WATCH Barrel Type",male,"Products source-US3-Women's Watch","Atomic Series",2000,45mm*50.5mm*14.5mm,Ceramic,"https://cdn.shopify.com/s/files/1/0540/8145/4255/files/G-2.png?v=1758092394,https://cdn.shopify.com/s/files/1/0540/8145/4255/files/G-3.png?v=1758092394","General:Movement: Japanese Movement, General: Case Material: Ceramic, General: Bezel Material: Ceramic, General:Crystal: Sapphire Crystal, General: Water Resistance:50m, General: Lume: A-Grade Luminous, General: Strap Material: Fluoro Rubber.","Apparel & Accessories > Jewelry > Watches",preorder,Automatic,769887714560
113495,109230,Tsarbomba,45567587636,https://www.awin1.com/pclick.php?p=45567587636&a=3002879&m=109230,https://images2.productserve.com/?w=200&h=200&bg=white&trim=5&t=letterbox&url=ssl%3Acdn.shopify.com%2Fs%2Ffiles%2F1%2F0540%2F8145%2F4255%2Ffiles%2FTB8226C-03-03_086b7066-affe-47b3-b53a-59bdfe55e3c2.png%3Fv%3D1758092394&feedId=113495&k=e02a060b8239bd9aa3a59de164e96fc9faea04b0,https://images2.productserve.com/?w=70&h=70&bg=white&trim=5&t=letterbox&url=ssl%3Acdn.shopify.com%2Fs%2Ffiles%2F1%2F0540%2F8145%2F4255%2Ffiles%2FTB8226C-03-03_086b7066-affe-47b3-b53a-59bdfe55e3c2.png%3Fv%3D1758092394&feedId=113495&k=e02a060b8239bd9aa3a59de164e96fc9faea04b0,544,"Men's Watches",,"TSAR BOMBA WATCH",TB8226C-03,Watches,TB8226C-03,"Tsar Bomba Men's Ceramic Automatic Watch | Yellow | 45mm | Sapphire Crystal | Miyota Movement | 5 ATM Water-Resistant | Luxury Timepiece | Atomic TB8226","Discover the Tsar Bomba TB8226C Atomic Full Ceramic Automatic Watch, a premium men's mechanical timepiece designed for style and performance. Featuring a 45mm full ceramic case and bezel, scratch-resistant sapphire crystal glass, and a reliable Miyota 9132 automatic movement with power reserve and calendar functions, this luxury watch delivers precision and sophistication. With 5 ATM water resistance, Grade A luminous hands, and a comfortable fluoroelastomer strap, it’s ideal for both everyday wear and refined occasions. Backed by a 2-year international warranty.","""Barrel-shaped automatic watch"", ""Japanese movement"", ""Ceramic case"", “Ceramic bezel”, ""Sapphire crystal"", ""50m water resistance"", ""A-grade lume"", ""Fluoro rubber strap"".",https://tsarbomba.com/products/tb8226?variant=46912545161472,https://cdn.shopify.com/s/files/1/0540/8145/4255/files/TB8226C-03-03_086b7066-affe-47b3-b53a-59bdfe55e3c2.png?v=1758092394,USD,2000,new,Yellow,"TSAR BOMBA WATCH Barrel Type",male,"Products source-US3-Women's Watch","Atomic Series",2000,45mm*50.5mm*14.5mm,Ceramic,"https://cdn.shopify.com/s/files/1/0540/8145/4255/files/Y-2.png?v=1758092394,https://cdn.shopify.com/s/files/1/0540/8145/4255/files/TB8222C_Yellow-2.png?v=1758191630","General:Movement: Japanese Movement, General: Case Material: Ceramic, General: Bezel Material: Ceramic, General:Crystal: Sapphire Crystal, General: Water Resistance:50m, General: Lume: A-Grade Luminous, General: Strap Material: Fluoro Rubber.","Apparel & Accessories > Jewelry > Watches",preorder,Automatic,769887714553
113495,109230,Tsarbomba,45567587637,https://www.awin1.com/pclick.php?p=45567587637&a=3002879&m=109230,https://images2.productserve.com/?w=200&h=200&bg=white&trim=5&t=letterbox&url=ssl%3Acdn.shopify.com%2Fs%2Ffiles%2F1%2F0540%2F8145%2F4255%2Ffiles%2FFT-W.png%3Fv%3D1755161899&feedId=113495&k=27cdae2ee0a576790b96517e0fa14d8bd1c91f1b,https://images2.productserve.com/?w=70&h=70&bg=white&trim=5&t=letterbox&url=ssl%3Acdn.shopify.com%2Fs%2Ffiles%2F1%2F0540%2F8145%2F4255%2Ffiles%2FFT-W.png%3Fv%3D1755161899&feedId=113495&k=27cdae2ee0a576790b96517e0fa14d8bd1c91f1b,544,"Men's Watches",,"TSAR BOMBA WATCH",TB8223-01,Watches,TB8223-01,"TSAR BOMBA Light Matter Series White Automatic Mechanical Watch | Sapphire Case & Bezel, Skeleton Dial, Fluoroelastomer Strap, Sapphire Crystal, 30M Water-Resistant, A+ Lume","Step into brilliance with the TSAR BOMBA Light Matter Series Automatic Watch, crafted with a full sapphire case and bezel that radiate unmatched clarity and strength. The skeleton mechanical dial reveals the artistry of precision engineering, while the fluoroelastomer strap ensures lasting comfort. Protected by a sapphire crystal, equipped with 30M water resistance, and enhanced with A+ luminous hands, this timepiece embodies the perfect balance of transparency, innovation, and luxury craftsmanship.","""Barrel-shaped automatic watch"", ""Japanese movement"", ""Sapphire case"", “Sapphire bezel”, ""Sapphire crystal"", ""30m water resistance"", ""A-grade lume"", ""Fluoro rubber strap"".",https://tsarbomba.com/products/tb8223,https://cdn.shopify.com/s/files/1/0540/8145/4255/files/FT-W.png?v=1755161899,USD,2200,new,White,"TSAR BOMBA WATCH Barrel Type",male,"Products source-US3-Men's Watch","Light Matter Series",2000,45mm*51mm*14.3mm,Chronite®,"https://cdn.shopify.com/s/files/1/0540/8145/4255/files/F-W.png?v=1755161899,https://cdn.shopify.com/s/files/1/0540/8145/4255/files/FR-W.png?v=1755161899","General:Movement: Japanese Movement, General: Case Material: Sapphire, General: Bezel Material: Sapphire, General:Crystal: Sapphire, General: Water Resistance:30m, General: Lume: A-Grade Luminous, General: Strap Material: Fluoro Rubber.","Apparel & Accessories > Jewelry > Watches",in_stock,Automatic,769887714584
113495,109230,Tsarbomba,45567587638,https://www.awin1.com/pclick.php?p=45567587638&a=3002879&m=109230,https://images2.productserve.com/?w=200&h=200&bg=white&trim=5&t=letterbox&url=ssl%3Acdn.shopify.com%2Fs%2Ffiles%2F1%2F0540%2F8145%2F4255%2Ffiles%2FGreen-2_d9491fae-e7e8-4bf1-8abd-d5e08a4186af.png%3Fv%3D1758092297&feedId=113495&k=1200a250a4b29f15b388d631e9466fcd86e7bd43,https://images2.productserve.com/?w=70&h=70&bg=white&trim=5&t=letterbox&url=ssl%3Acdn.shopify.com%2Fs%2Ffiles%2F1%2F0540%2F8145%2F4255%2Ffiles%2FGreen-2_d9491fae-e7e8-4bf1-8abd-d5e08a4186af.png%3Fv%3D1758092297&feedId=113495&k=1200a250a4b29f15b388d631e9466fcd86e7bd43,544,"Men's Watches",,"TSAR BOMBA WATCH",TB8401CF-01,Watches,TB8401CF-01,"TSAR BOMBA Men's Carbon Fiber Automatic Watch | Skeleton Mechanical | Green | Electron Series | Seiko NH72 Movement | 10ATM Waterproof","The TSAR BOMBA Electron Series TB8401CF is a masterpiece of modern engineering, blending aerospace-grade materials with haute horlogerie. Crafted from ultra-lightweight carbon fiber and powered by a precision Japanese NH72 skeleton movement, this timepiece is designed for those who demand bold aesthetics and unmatched durability.  Key Features:  Full Carbon Fiber Construction: The case and strap are meticulously crafted from high-performance carbon fiber. Known for its distinct marbled texture, it offers an incredible strength-to-weight ratio, ensuring the watch is both virtually indestructible and exceptionally light on the wrist.  Seiko NH72 Skeleton Movement: Experience the heartbeat of your watch. The open-worked dial reveals the intricate Japanese Seiko NH72 automatic movement, featuring a 41-hour power reserve and 21,600 vibrations per hour for reliable, battery-free precision.  Ultra-Durable Sapphire Crystal: Protected by a synthetic sapphire glass with a Mohs hardness of 9, providing superior scratch resistance and crystal-clear visibility under any conditions.  10ATM Professional Waterproofing: Engineered for adventure, this watch is water-resistant up to 100 meters (10ATM), making it suitable for swimming, snorkeling, and high-intensity water sports.  Ergonomic Sport Design: The integrated carbon fiber bracelet and double-click butterfly clasp provide a secure, seamless fit that conforms to the wrist for all-day comfort.","""Round automatic watch"", ""Japanese movement"", ""Carbon Fiber case"", “Carbon Fiber bezel”, ""Sapphire crystal"", ""100m water resistance"", ""A-grade lume"", ""Carbon Fiber strap"".",https://tsarbomba.com/products/tb8401cf?variant=46912553419008,https://cdn.shopify.com/s/files/1/0540/8145/4255/files/Green-2_d9491fae-e7e8-4bf1-8abd-d5e08a4186af.png?v=1758092297,USD,2000,new,Green,"TSAR BOMBA WATCH Barrel Type",male,"Products source-US3-Men's Watch","Electron Series",2000,42.7mm*42.7mm*14mm,"Carbon Fiber","https://cdn.shopify.com/s/files/1/0540/8145/4255/files/Green-2_d9491fae-e7e8-4bf1-8abd-d5e08a4186af.png?v=1758092297,https://cdn.shopify.com/s/files/1/0540/8145/4255/files/Green-3.png?v=1758092297,https://cdn.shopify.com/s/files/1/0540/8145/4255/files/TB8401CF-01-01_b8cabfb1-63c8-4654-87ee-a5179f353883.png?v=1758092297,https://cdn.shopify.com/s/files/1/0540/8145/4255/files/Green-3.png?v=1758092297","General:Movement: Japanese Movement, General: Case Material: Carbon Fiber, General: Bezel Material: Carbon Fiber, General:Crystal: Sapphire, General: Water Resistance:100m, General: Lume: A-Grade Luminous, General: Strap Material: Carbon Fiber.","Apparel & Accessories > Jewelry > Watches",in_stock,Automatic,769887714461
113495,109230,Tsarbomba,45567587639,https://www.awin1.com/pclick.php?p=45567587639&a=3002879&m=109230,https://images2.productserve.com/?w=200&h=200&bg=white&trim=5&t=letterbox&url=ssl%3Acdn.shopify.com%2Fs%2Ffiles%2F1%2F0540%2F8145%2F4255%2Ffiles%2FTB8401CF-02-01_ebd3de6f-3047-41e7-8386-b457f00c0866.png%3Fv%3D1758092297&feedId=113495&k=799907ad5d25cf7998d206efb377e691d61ee61d,https://images2.productserve.com/?w=70&h=70&bg=white&trim=5&t=letterbox&url=ssl%3Acdn.shopify.com%2Fs%2Ffiles%2F1%2F0540%2F8145%2F4255%2Ffiles%2FTB8401CF-02-01_ebd3de6f-3047-41e7-8386-b457f00c0866.png%3Fv%3D1758092297&feedId=113495&k=799907ad5d25cf7998d206efb377e691d61ee61d,544,"Men's Watches",,"TSAR BOMBA WATCH",TB8401CF-02,Watches,TB8401CF-02,"TSAR BOMBA Men's Carbon Fiber Automatic Watch | Skeleton Mechanical | Black | Electron Series | Seiko NH72 Movement | 10ATM Waterproof","The TSAR BOMBA Electron Series TB8401CF is a masterpiece of modern engineering, blending aerospace-grade materials with haute horlogerie. Crafted from ultra-lightweight carbon fiber and powered by a precision Japanese NH72 skeleton movement, this timepiece is designed for those who demand bold aesthetics and unmatched durability.  Key Features:  Full Carbon Fiber Construction: The case and strap are meticulously crafted from high-performance carbon fiber. Known for its distinct marbled texture, it offers an incredible strength-to-weight ratio, ensuring the watch is both virtually indestructible and exceptionally light on the wrist.  Seiko NH72 Skeleton Movement: Experience the heartbeat of your watch. The open-worked dial reveals the intricate Japanese Seiko NH72 automatic movement, featuring a 41-hour power reserve and 21,600 vibrations per hour for reliable, battery-free precision.  Ultra-Durable Sapphire Crystal: Protected by a synthetic sapphire glass with a Mohs hardness of 9, providing superior scratch resistance and crystal-clear visibility under any conditions.  10ATM Professional Waterproofing: Engineered for adventure, this watch is water-resistant up to 100 meters (10ATM), making it suitable for swimming, snorkeling, and high-intensity water sports.  Ergonomic Sport Design: The integrated carbon fiber bracelet and double-click butterfly clasp provide a secure, seamless fit that conforms to the wrist for all-day comfort.","""Round automatic watch"", ""Japanese movement"", ""Carbon Fiber case"", “Carbon Fiber bezel”, ""Sapphire crystal"", ""100m water resistance"", ""A-grade lume"", ""Carbon Fiber strap"".",https://tsarbomba.com/products/tb8401cf?variant=46912553451776,https://cdn.shopify.com/s/files/1/0540/8145/4255/files/TB8401CF-02-01_ebd3de6f-3047-41e7-8386-b457f00c0866.png?v=1758092297,USD,2000,new,Black,"TSAR BOMBA WATCH Barrel Type",male,"Products source-US3-Men's Watch","Electron Series",2000,42.7mm*42.7mm*14mm,"Carbon Fiber","https://cdn.shopify.com/s/files/1/0540/8145/4255/files/TB8401CF-02-04.png?v=1758092297,https://cdn.shopify.com/s/files/1/0540/8145/4255/files/TB8401CF-02-02.png?v=1758092297","General:Movement: Japanese Movement, General: Case Material: Carbon Fiber, General: Bezel Material: Carbon Fiber, General:Crystal: Sapphire, General: Water Resistance:100m, General: Lume: A-Grade Luminous, General: Strap Material: Carbon Fiber.","Apparel & Accessories > Jewelry > Watches",in_stock,Automatic,769887714478
113495,109230,Tsarbomba,45567587640,https://www.awin1.com/pclick.php?p=45567587640&a=3002879&m=109230,https://images2.productserve.com/?w=200&h=200&bg=white&trim=5&t=letterbox&url=ssl%3Acdn.shopify.com%2Fs%2Ffiles%2F1%2F0540%2F8145%2F4255%2Ffiles%2FTB8401CF-03-01_c57783c8-98f5-42a4-9605-5762d2f14f27.png%3Fv%3D1758092297&feedId=113495&k=6b9694955e160657d7f06870bf29f712a9f4ab81,https://images2.productserve.com/?w=70&h=70&bg=white&trim=5&t=letterbox&url=ssl%3Acdn.shopify.com%2Fs%2Ffiles%2F1%2F0540%2F8145%2F4255%2Ffiles%2FTB8401CF-03-01_c57783c8-98f5-42a4-9605-5762d2f14f27.png%3Fv%3D1758092297&feedId=113495&k=6b9694955e160657d7f06870bf29f712a9f4ab81,544,"Men's Watches",,"TSAR BOMBA WATCH",TB8401CF-03,Watches,TB8401CF-03,"TSAR BOMBA Men's Carbon Fiber Automatic Watch | Skeleton Mechanical | Blue | Electron Series | Seiko NH72 Movement | 10ATM Waterproof","The TSAR BOMBA Electron Series TB8401CF is a masterpiece of modern engineering, blending aerospace-grade materials with haute horlogerie. Crafted from ultra-lightweight carbon fiber and powered by a precision Japanese NH72 skeleton movement, this timepiece is designed for those who demand bold aesthetics and unmatched durability.  Key Features:  Full Carbon Fiber Construction: The case and strap are meticulously crafted from high-performance carbon fiber. Known for its distinct marbled texture, it offers an incredible strength-to-weight ratio, ensuring the watch is both virtually indestructible and exceptionally light on the wrist.  Seiko NH72 Skeleton Movement: Experience the heartbeat of your watch. The open-worked dial reveals the intricate Japanese Seiko NH72 automatic movement, featuring a 41-hour power reserve and 21,600 vibrations per hour for reliable, battery-free precision.  Ultra-Durable Sapphire Crystal: Protected by a synthetic sapphire glass with a Mohs hardness of 9, providing superior scratch resistance and crystal-clear visibility under any conditions.  10ATM Professional Waterproofing: Engineered for adventure, this watch is water-resistant up to 100 meters (10ATM), making it suitable for swimming, snorkeling, and high-intensity water sports.  Ergonomic Sport Design: The integrated carbon fiber bracelet and double-click butterfly clasp provide a secure, seamless fit that conforms to the wrist for all-day comfort.","""Round automatic watch"", ""Japanese movement"", ""Carbon Fiber case"", “Carbon Fiber bezel”, ""Sapphire crystal"", ""100m water resistance"", ""A-grade lume"", ""Carbon Fiber strap"".",https://tsarbomba.com/products/tb8401cf?variant=46912553484544,https://cdn.shopify.com/s/files/1/0540/8145/4255/files/TB8401CF-03-01_c57783c8-98f5-42a4-9605-5762d2f14f27.png?v=1758092297,USD,2000,new,Blue,"TSAR BOMBA WATCH Barrel Type",male,"Products source-US3-Men's Watch","Electron Series",2000,42.7mm*42.7mm*14mm,"Carbon Fiber","https://cdn.shopify.com/s/files/1/0540/8145/4255/files/TB8401CF-03-04.png?v=1758092297,https://cdn.shopify.com/s/files/1/0540/8145/4255/files/TB8401CF-03-02.png?v=1758092297","General:Movement: Japanese Movement, General: Case Material: Carbon Fiber, General: Bezel Material: Carbon Fiber, General:Crystal: Sapphire, General: Water Resistance:100m, General: Lume: A-Grade Luminous, General: Strap Material: Carbon Fiber.","Apparel & Accessories > Jewelry > Watches",in_stock,Automatic,769887714485
113495,109230,Tsarbomba,45567587641,https://www.awin1.com/pclick.php?p=45567587641&a=3002879&m=109230,https://images2.productserve.com/?w=200&h=200&bg=white&trim=5&t=letterbox&url=ssl%3Acdn.shopify.com%2Fs%2Ffiles%2F1%2F0540%2F8145%2F4255%2Ffiles%2FGold_Blue-1_fc95186f-a3b1-4059-9c40-6f5d07f5e825.png%3Fv%3D1758594118&feedId=113495&k=9a072378052cbbb78d426d23ae3555ecc60f5de6,https://images2.productserve.com/?w=70&h=70&bg=white&trim=5&t=letterbox&url=ssl%3Acdn.shopify.com%2Fs%2Ffiles%2F1%2F0540%2F8145%2F4255%2Ffiles%2FGold_Blue-1_fc95186f-a3b1-4059-9c40-6f5d07f5e825.png%3Fv%3D1758594118&feedId=113495&k=9a072378052cbbb78d426d23ae3555ecc60f5de6,544,"Men's Watches",,"TSAR BOMBA WATCH",TB8211QII-10,Watches,TB8211QII-10,"TSAR BOMBA Men's Quartz Chronograph Watch | Golden Blue | Stainless Steel Bezel & Case, Tonneau Luxury Design, 316L Stainless Steel, Sapphire Crystal, 5ATM Waterproof","Experience the pinnacle of bold design and engineering. The TSAR BOMBA TB8211Q-II is part of the upgraded Elemental Series, featuring a striking tonneau-shaped case that merges ergonomic comfort with a high-octane mechanical aesthetic. Inspired by luxury racing and industrial design, this timepiece is built for the man who demands a presence on his wrist.  Key Features:  Precision Timing: Equipped with a premium Japanese Seiko TMI YM92 quartz movement, ensuring split-second accuracy for all your timing needs.  Iconic Tonneau Design: Crafted from 316L surgical-grade stainless steel, the ergonomic case provides a comfortable fit while maintaining a rugged, high-end look.  Unmatched Durability: Features a colorless anti-reflective coated Sapphire Crystal—the hardest material next to diamonds—offering superior scratch resistance and clarity.  Premium FKM Strap: The high-performance Fluorine Rubber (FKM) strap is sweat-resistant, skin-friendly, and more durable than standard silicone, perfect for both sports and formal wear.  Luminous & Waterproof: A-Level Super-LumiNova allows for effortless reading in low-light conditions, while 5ATM (50m) water resistance protects against rain and daily splashes.","""Barrel-shaped quartz watch"", ""Japanese movement"", ""316L Stainless Steel case"", “316L Stainless Steel bezel”, ""Sapphire crystal"", ""50m water resistance"", ""A-grade lume"", ""Silicone strap"".",https://tsarbomba.com/products/tb8211q-ii?variant=46985985032448,https://cdn.shopify.com/s/files/1/0540/8145/4255/files/Gold_Blue-1_fc95186f-a3b1-4059-9c40-6f5d07f5e825.png?v=1758594118,USD,300,new,"Gold Blue","TSAR BOMBA WATCH Barrel Type",male,"Products source-US3-Men's Watch","Elemental Series",0~500,46.5mm*51.5mm*15.5mm,"316L Stainless Steel","https://cdn.shopify.com/s/files/1/0540/8145/4255/files/Gold_Blue-3_885f86a8-1ac0-4d46-9b24-870e02526faf.png?v=1758594118,https://cdn.shopify.com/s/files/1/0540/8145/4255/files/Gold_Blue-4_c951a855-9da4-43aa-a1cb-ce3e3fed07f1.png?v=1758594118","General:Movement: Japanese Movement, General: Case Material: 316L Stainless Steel, General: Bezel Material: 316L Stainless Steel, General:Crystal: Sapphire Crystal, General: Water Resistance:50m, General: Lume: A-Grade Luminous, General: Strap Material: Silicone.","Apparel & Accessories > Jewelry > Watches",in_stock,Quartz,717710039519
113495,109230,Tsarbomba,45567587642,https://www.awin1.com/pclick.php?p=45567587642&a=3002879&m=109230,https://images2.productserve.com/?w=200&h=200&bg=white&trim=5&t=letterbox&url=ssl%3Acdn.shopify.com%2Fs%2Ffiles%2F1%2F0540%2F8145%2F4255%2Ffiles%2FGreen-1_86a72fce-4504-4040-83fd-c57d1a25f9ac.png%3Fv%3D1758594118&feedId=113495&k=6653d320eff06aaeab9374e2d3f952b9a70775d0,https://images2.productserve.com/?w=70&h=70&bg=white&trim=5&t=letterbox&url=ssl%3Acdn.shopify.com%2Fs%2Ffiles%2F1%2F0540%2F8145%2F4255%2Ffiles%2FGreen-1_86a72fce-4504-4040-83fd-c57d1a25f9ac.png%3Fv%3D1758594118&feedId=113495&k=6653d320eff06aaeab9374e2d3f952b9a70775d0,544,"Men's Watches",,"TSAR BOMBA WATCH",TB8211QII-11,Watches,TB8211QII-11,"TSAR BOMBA Men's Quartz Chronograph Watch | Green | Stainless Steel Bezel & Case, Tonneau Luxury Design, 316L Stainless Steel, Sapphire Crystal, 5ATM Waterproof","Experience the pinnacle of bold design and engineering. The TSAR BOMBA TB8211Q-II is part of the upgraded Elemental Series, featuring a striking tonneau-shaped case that merges ergonomic comfort with a high-octane mechanical aesthetic. Inspired by luxury racing and industrial design, this timepiece is built for the man who demands a presence on his wrist.  Key Features:  Precision Timing: Equipped with a premium Japanese Seiko TMI YM92 quartz movement, ensuring split-second accuracy for all your timing needs.  Iconic Tonneau Design: Crafted from 316L surgical-grade stainless steel, the ergonomic case provides a comfortable fit while maintaining a rugged, high-end look.  Unmatched Durability: Features a colorless anti-reflective coated Sapphire Crystal—the hardest material next to diamonds—offering superior scratch resistance and clarity.  Premium FKM Strap: The high-performance Fluorine Rubber (FKM) strap is sweat-resistant, skin-friendly, and more durable than standard silicone, perfect for both sports and formal wear.  Luminous & Waterproof: A-Level Super-LumiNova allows for effortless reading in low-light conditions, while 5ATM (50m) water resistance protects against rain and daily splashes.","""Barrel-shaped quartz watch"", ""Japanese movement"", ""316L Stainless Steel case"", “316L Stainless Steel bezel”, ""Sapphire crystal"", ""50m water resistance"", ""A-grade lume"", ""Silicone strap"".",https://tsarbomba.com/products/tb8211q-ii?variant=46985985065216,https://cdn.shopify.com/s/files/1/0540/8145/4255/files/Green-1_86a72fce-4504-4040-83fd-c57d1a25f9ac.png?v=1758594118,USD,300,new,Green,"TSAR BOMBA WATCH Barrel Type",male,"Products source-US3-Men's Watch","Elemental Series",0~500,46.5mm*51.5mm*15.5mm,"316L Stainless Steel","https://cdn.shopify.com/s/files/1/0540/8145/4255/files/Green-3_5eba9304-7682-436f-9c89-7aaa7ed759b3.png?v=1758594118,https://cdn.shopify.com/s/files/1/0540/8145/4255/files/Green-4_07b74776-4c4f-4e2a-8e48-780a8f275dc4.png?v=1758594118","General:Movement: Japanese Movement, General: Case Material: 316L Stainless Steel, General: Bezel Material: 316L Stainless Steel, General:Crystal: Sapphire Crystal, General: Water Resistance:50m, General: Lume: A-Grade Luminous, General: Strap Material: Silicone.","Apparel & Accessories > Jewelry > Watches",in_stock,Quartz,717710039526
113495,109230,Tsarbomba,45567587643,https://www.awin1.com/pclick.php?p=45567587643&a=3002879&m=109230,https://images2.productserve.com/?w=200&h=200&bg=white&trim=5&t=letterbox&url=ssl%3Acdn.shopify.com%2Fs%2Ffiles%2F1%2F0540%2F8145%2F4255%2Ffiles%2FSilver_Black-1_4a71c13f-2390-440f-ab2a-8d92deea6b0e.png%3Fv%3D1758594118&feedId=113495&k=62f56ce3c1a71ab6a70bb00b25ef808c498b3a5d,https://images2.productserve.com/?w=70&h=70&bg=white&trim=5&t=letterbox&url=ssl%3Acdn.shopify.com%2Fs%2Ffiles%2F1%2F0540%2F8145%2F4255%2Ffiles%2FSilver_Black-1_4a71c13f-2390-440f-ab2a-8d92deea6b0e.png%3Fv%3D1758594118&feedId=113495&k=62f56ce3c1a71ab6a70bb00b25ef808c498b3a5d,544,"Men's Watches",,"TSAR BOMBA WATCH",TB8211QII-08,Watches,TB8211QII-08,"TSAR BOMBA Men's Quartz Chronograph Watch | Silver Black | Stainless Steel Bezel & Case, Tonneau Luxury Design, 316L Stainless Steel, Sapphire Crystal, 5ATM Waterproof","Experience the pinnacle of bold design and engineering. The TSAR BOMBA TB8211Q-II is part of the upgraded Elemental Series, featuring a striking tonneau-shaped case that merges ergonomic comfort with a high-octane mechanical aesthetic. Inspired by luxury racing and industrial design, this timepiece is built for the man who demands a presence on his wrist.  Key Features:  Precision Timing: Equipped with a premium Japanese Seiko TMI YM92 quartz movement, ensuring split-second accuracy for all your timing needs.  Iconic Tonneau Design: Crafted from 316L surgical-grade stainless steel, the ergonomic case provides a comfortable fit while maintaining a rugged, high-end look.  Unmatched Durability: Features a colorless anti-reflective coated Sapphire Crystal—the hardest material next to diamonds—offering superior scratch resistance and clarity.  Premium FKM Strap: The high-performance Fluorine Rubber (FKM) strap is sweat-resistant, skin-friendly, and more durable than standard silicone, perfect for both sports and formal wear.  Luminous & Waterproof: A-Level Super-LumiNova allows for effortless reading in low-light conditions, while 5ATM (50m) water resistance protects against rain and daily splashes.","""Barrel-shaped quartz watch"", ""Japanese movement"", ""316L Stainless Steel case"", “316L Stainless Steel bezel”, ""Sapphire crystal"", ""50m water resistance"", ""A-grade lume"", ""Silicone strap"".",https://tsarbomba.com/products/tb8211q-ii?variant=46985984966912,https://cdn.shopify.com/s/files/1/0540/8145/4255/files/Silver_Black-1_4a71c13f-2390-440f-ab2a-8d92deea6b0e.png?v=1758594118,USD,300,new,"Silver Black","TSAR BOMBA WATCH Barrel Type",male,"Products source-US3-Men's Watch","Elemental Series",0~500,46.5mm*51.5mm*15.5mm,"316L Stainless Steel","https://cdn.shopify.com/s/files/1/0540/8145/4255/files/Silver_Black-3_4bbb82d1-8f95-4c73-a843-a90fcfd977b0.png?v=1758594118,https://cdn.shopify.com/s/files/1/0540/8145/4255/files/Silver_Black-4_6bc4bf58-6ae9-46ef-8d33-8e0fe6e568e7.png?v=1758594118","General:Movement: Japanese Movement, General: Case Material: 316L Stainless Steel, General: Bezel Material: 316L Stainless Steel, General:Crystal: Sapphire Crystal, General: Water Resistance:50m, General: Lume: A-Grade Luminous, General: Strap Material: Silicone.","Apparel & Accessories > Jewelry > Watches",in_stock,Quartz,717710039496
113495,109230,Tsarbomba,45567587644,https://www.awin1.com/pclick.php?p=45567587644&a=3002879&m=109230,https://images2.productserve.com/?w=200&h=200&bg=white&trim=5&t=letterbox&url=ssl%3Acdn.shopify.com%2Fs%2Ffiles%2F1%2F0540%2F8145%2F4255%2Ffiles%2FSilver_Blue-1_026206c6-ef49-41eb-8348-55671f13c48e.png%3Fv%3D1758594118&feedId=113495&k=9101ba3d528ace2dcf4e5670f5773f816efcdb58,https://images2.productserve.com/?w=70&h=70&bg=white&trim=5&t=letterbox&url=ssl%3Acdn.shopify.com%2Fs%2Ffiles%2F1%2F0540%2F8145%2F4255%2Ffiles%2FSilver_Blue-1_026206c6-ef49-41eb-8348-55671f13c48e.png%3Fv%3D1758594118&feedId=113495&k=9101ba3d528ace2dcf4e5670f5773f816efcdb58,544,"Men's Watches",,"TSAR BOMBA WATCH",TB8211QII-09,Watches,TB8211QII-09,"TSAR BOMBA Men's Quartz Chronograph Watch | Silver Blue | Stainless Steel Bezel & Case, Tonneau Luxury Design, 316L Stainless Steel, Sapphire Crystal, 5ATM Waterproof","Experience the pinnacle of bold design and engineering. The TSAR BOMBA TB8211Q-II is part of the upgraded Elemental Series, featuring a striking tonneau-shaped case that merges ergonomic comfort with a high-octane mechanical aesthetic. Inspired by luxury racing and industrial design, this timepiece is built for the man who demands a presence on his wrist.  Key Features:  Precision Timing: Equipped with a premium Japanese Seiko TMI YM92 quartz movement, ensuring split-second accuracy for all your timing needs.  Iconic Tonneau Design: Crafted from 316L surgical-grade stainless steel, the ergonomic case provides a comfortable fit while maintaining a rugged, high-end look.  Unmatched Durability: Features a colorless anti-reflective coated Sapphire Crystal—the hardest material next to diamonds—offering superior scratch resistance and clarity.  Premium FKM Strap: The high-performance Fluorine Rubber (FKM) strap is sweat-resistant, skin-friendly, and more durable than standard silicone, perfect for both sports and formal wear.  Luminous & Waterproof: A-Level Super-LumiNova allows for effortless reading in low-light conditions, while 5ATM (50m) water resistance protects against rain and daily splashes.","""Barrel-shaped quartz watch"", ""Japanese movement"", ""316L Stainless Steel case"", “316L Stainless Steel bezel”, ""Sapphire crystal"", ""50m water resistance"", ""A-grade lume"", ""Silicone strap"".",https://tsarbomba.com/products/tb8211q-ii?variant=46985984999680,https://cdn.shopify.com/s/files/1/0540/8145/4255/files/Silver_Blue-1_026206c6-ef49-41eb-8348-55671f13c48e.png?v=1758594118,USD,300,new,"Sliver Blue","TSAR BOMBA WATCH Barrel Type",male,"Products source-US3-Men's Watch","Elemental Series",0~500,46.5mm*51.5mm*15.5mm,"316L Stainless Steel","https://cdn.shopify.com/s/files/1/0540/8145/4255/files/Silver_Blue-3_7d3264d9-a989-44aa-9307-1f089182f638.png?v=1758594118,https://cdn.shopify.com/s/files/1/0540/8145/4255/files/Silver_Blue-4_7c055723-4b60-4778-af98-ea2844e96d6b.png?v=1758594118","General:Movement: Japanese Movement, General: Case Material: 316L Stainless Steel, General: Bezel Material: 316L Stainless Steel, General:Crystal: Sapphire Crystal, General: Water Resistance:50m, General: Lume: A-Grade Luminous, General: Strap Material: Silicone.","Apparel & Accessories > Jewelry > Watches",in_stock,Quartz,717710039502
113495,109230,Tsarbomba,45567587645,https://www.awin1.com/pclick.php?p=45567587645&a=3002879&m=109230,https://images2.productserve.com/?w=200&h=200&bg=white&trim=5&t=letterbox&url=ssl%3Acdn.shopify.com%2Fs%2Ffiles%2F1%2F0540%2F8145%2F4255%2Ffiles%2FTR_Blk.png%3Fv%3D1758594118&feedId=113495&k=4556b6de122ff6fbb42ea227dec319c97aea69b6,https://images2.productserve.com/?w=70&h=70&bg=white&trim=5&t=letterbox&url=ssl%3Acdn.shopify.com%2Fs%2Ffiles%2F1%2F0540%2F8145%2F4255%2Ffiles%2FTR_Blk.png%3Fv%3D1758594118&feedId=113495&k=4556b6de122ff6fbb42ea227dec319c97aea69b6,544,"Men's Watches",,"TSAR BOMBA WATCH",TB8211QII-07,Watches,TB8211QII-07,"TSAR BOMBA Men's Quartz Chronograph Watch | Black | Stainless Steel Bezel & Case, Tonneau Luxury Design, 316L Stainless Steel, Sapphire Crystal, 5ATM Waterproof","Experience the pinnacle of bold design and engineering. The TSAR BOMBA TB8211Q-II is part of the upgraded Elemental Series, featuring a striking tonneau-shaped case that merges ergonomic comfort with a high-octane mechanical aesthetic. Inspired by luxury racing and industrial design, this timepiece is built for the man who demands a presence on his wrist.  Key Features:  Precision Timing: Equipped with a premium Japanese Seiko TMI YM92 quartz movement, ensuring split-second accuracy for all your timing needs.  Iconic Tonneau Design: Crafted from 316L surgical-grade stainless steel, the ergonomic case provides a comfortable fit while maintaining a rugged, high-end look.  Unmatched Durability: Features a colorless anti-reflective coated Sapphire Crystal—the hardest material next to diamonds—offering superior scratch resistance and clarity.  Premium FKM Strap: The high-performance Fluorine Rubber (FKM) strap is sweat-resistant, skin-friendly, and more durable than standard silicone, perfect for both sports and formal wear.  Luminous & Waterproof: A-Level Super-LumiNova allows for effortless reading in low-light conditions, while 5ATM (50m) water resistance protects against rain and daily splashes.","""Barrel-shaped quartz watch"", ""Japanese movement"", ""316L Stainless Steel case"", “316L Stainless Steel bezel”, ""Sapphire crystal"", ""50m water resistance"", ""A-grade lume"", ""Silicone strap"".",https://tsarbomba.com/products/tb8211q-ii?variant=46985984934144,https://cdn.shopify.com/s/files/1/0540/8145/4255/files/TR_Blk.png?v=1758594118,USD,300,new,Black,"TSAR BOMBA WATCH Barrel Type",male,"Products source-US3-Men's Watch","Elemental Series",0~500,46.5mm*51.5mm*15.5mm,"316L Stainless Steel","https://cdn.shopify.com/s/files/1/0540/8145/4255/files/F_Blk.png?v=1758594118,https://cdn.shopify.com/s/files/1/0540/8145/4255/files/FR_Blk.png?v=1758594118","General:Movement: Japanese Movement, General: Case Material: 316L Stainless Steel, General: Bezel Material: 316L Stainless Steel, General:Crystal: Sapphire Crystal, General: Water Resistance:50m, General: Lume: A-Grade Luminous, General: Strap Material: Silicone.","Apparel & Accessories > Jewelry > Watches",in_stock,Quartz,717710038888
113495,109230,Tsarbomba,45567587646,https://www.awin1.com/pclick.php?p=45567587646&a=3002879&m=109230,https://images2.productserve.com/?w=200&h=200&bg=white&trim=5&t=letterbox&url=ssl%3Acdn.shopify.com%2Fs%2Ffiles%2F1%2F0540%2F8145%2F4255%2Ffiles%2FTB8228A-03-04.png%3Fv%3D1765426478&feedId=113495&k=880ce5eb0efb5caa439f10e0ed5ae5502b9e3e4c,https://images2.productserve.com/?w=70&h=70&bg=white&trim=5&t=letterbox&url=ssl%3Acdn.shopify.com%2Fs%2Ffiles%2F1%2F0540%2F8145%2F4255%2Ffiles%2FTB8228A-03-04.png%3Fv%3D1765426478&feedId=113495&k=880ce5eb0efb5caa439f10e0ed5ae5502b9e3e4c,544,"Men's Watches",,"TSAR BOMBA WATCH",TB8228A-black,Watches,TB8228A-03,"TSARBOMBA Elemental TB8228A Men’s Fashion Watch: The TB8228A is equipped with a Moyota automatic mechanical movement, featuring a skeletonized dial and an open-face design, along with a 316L stainless steel bezel and case. It comes with a silicone strap and sapphire crystal, offers a water resistance rating of 5 ATM, and features high-quality Grade A luminescent coating. Perfect for any occasion, it’s the ideal first mechanical watch for young people.","The TSARBOMBA TB8228A is a must-have fashion watch for every trendsetter. Equipped with a Miyota automatic mechanical movement, it features a skeletonized dial and an open-heart design that highlights the watch’s mechanical appeal. It also features a 316L stainless steel bezel and case; The eco-friendly, odor-free silicone strap, paired with a sapphire crystal, offers a 5ATM water resistance rating and a high-quality Grade A luminescent coating; it effortlessly adapts to any occasion, making it the ideal first mechanical watch for young people.","“Miyota automatic mechanical movement,” “skeletonized dial and visible movement design,” “silicone strap,” “sapphire crystal,” “5ATM water resistance,” “high-quality Grade A luminescent coating,” “barrel-shaped watch”",https://tsarbomba.com/products/tb8228a?variant=47440136667392,https://cdn.shopify.com/s/files/1/0540/8145/4255/files/TB8228A-03-04.png?v=1765426478,USD,400,new,Black,"TSAR BOMBA WATCH Barrel Type",male,"Products source-US3-Men's Watch","Elemental Series",0~500,44.8mm*51.5mm*14.5mm,"316L Stainless Steel","https://cdn.shopify.com/s/files/1/0540/8145/4255/files/TB8228A-03-05.png?v=1765442193,https://cdn.shopify.com/s/files/1/0540/8145/4255/files/TB8228A-03-01.png?v=1765442193","General:Movement: Japanese Movement, General: Case Material: 316L Stainless Steel, General: Bezel Material: 316L Stainless Steel, General:Dial: Double Bridge Design Hollow Dial, General:Crystal: Sapphire Crystal, General: Water Resistance:50m, General: Lume: A-Grade Luminous, General: Strap Material: Silicone.","Apparel & Accessories > Jewelry > Watches",in_stock,Automatic,769887714201
113495,109230,Tsarbomba,45567587647,https://www.awin1.com/pclick.php?p=45567587647&a=3002879&m=109230,https://images2.productserve.com/?w=200&h=200&bg=white&trim=5&t=letterbox&url=ssl%3Acdn.shopify.com%2Fs%2Ffiles%2F1%2F0540%2F8145%2F4255%2Ffiles%2FTB8228A-04-01.png%3Fv%3D1765426478&feedId=113495&k=18fa33e4f5c0beadb6fc9fc6f8407b18f7936357,https://images2.productserve.com/?w=70&h=70&bg=white&trim=5&t=letterbox&url=ssl%3Acdn.shopify.com%2Fs%2Ffiles%2F1%2F0540%2F8145%2F4255%2Ffiles%2FTB8228A-04-01.png%3Fv%3D1765426478&feedId=113495&k=18fa33e4f5c0beadb6fc9fc6f8407b18f7936357,544,"Men's Watches",,"TSAR BOMBA WATCH","TB8228A-gold black",Watches,TB8228A-04,"TSARBOMBA Elemental TB8228A Men’s Fashion Watch: The TB8228A is equipped with a Moyota automatic mechanical movement, featuring a skeletonized dial and an open-face design, along with a 316L stainless steel bezel and case. It comes with a silicone strap and sapphire crystal, offers a water resistance rating of 5 ATM, and features high-quality Grade A luminescent coating. Perfect for any occasion, it’s the ideal first mechanical watch for young people.","The TSARBOMBA TB8228A is a must-have fashion watch for every trendsetter. Equipped with a Miyota automatic mechanical movement, it features a skeletonized dial and an open-heart design that highlights the watch’s mechanical appeal. It also features a 316L stainless steel bezel and case; The eco-friendly, odor-free silicone strap, paired with a sapphire crystal, offers a 5ATM water resistance rating and a high-quality Grade A luminescent coating; it effortlessly adapts to any occasion, making it the ideal first mechanical watch for young people.","“Miyota automatic mechanical movement,” “skeletonized dial and visible movement design,” “silicone strap,” “sapphire crystal,” “5ATM water resistance,” “high-quality Grade A luminescent coating,” “barrel-shaped watch”",https://tsarbomba.com/products/tb8228a?variant=47440136634624,https://cdn.shopify.com/s/files/1/0540/8145/4255/files/TB8228A-04-01.png?v=1765426478,USD,400,new,"Rose Gold Black","TSAR BOMBA WATCH Barrel Type",male,"Products source-US3-Men's Watch","Elemental Series",0~500,44.8mm*51.5mm*14.5mm,"316L Stainless Steel","https://cdn.shopify.com/s/files/1/0540/8145/4255/files/TB8228A-04-02.png?v=1765426478,https://cdn.shopify.com/s/files/1/0540/8145/4255/files/TB8228A-04-04.png?v=1765426478","General:Movement: Japanese Movement, General: Case Material: 316L Stainless Steel, General: Bezel Material: 316L Stainless Steel, General:Dial: Double Bridge Design Hollow Dial, General:Crystal: Sapphire Crystal, General: Water Resistance:50m, General: Lume: A-Grade Luminous, General: Strap Material: Silicone.","Apparel & Accessories > Jewelry > Watches",in_stock,Automatic,769887714218
113495,109230,Tsarbomba,45567587648,https://www.awin1.com/pclick.php?p=45567587648&a=3002879&m=109230,https://images2.productserve.com/?w=200&h=200&bg=white&trim=5&t=letterbox&url=ssl%3Acdn.shopify.com%2Fs%2Ffiles%2F1%2F0540%2F8145%2F4255%2Ffiles%2FTB8228A-01-01.png%3Fv%3D1765426478&feedId=113495&k=ef914ef278900ac7151c6218b5046f305b8e544c,https://images2.productserve.com/?w=70&h=70&bg=white&trim=5&t=letterbox&url=ssl%3Acdn.shopify.com%2Fs%2Ffiles%2F1%2F0540%2F8145%2F4255%2Ffiles%2FTB8228A-01-01.png%3Fv%3D1765426478&feedId=113495&k=ef914ef278900ac7151c6218b5046f305b8e544c,544,"Men's Watches",,"TSAR BOMBA WATCH","TB8228A-silver blue",Watches,TB8228A-01,"TSARBOMBA Elemental TB8228A Men’s Fashion Watch: The TB8228A is equipped with a Moyota automatic mechanical movement, featuring a skeletonized dial and an open-face design, along with a 316L stainless steel bezel and case. It comes with a silicone strap and sapphire crystal, offers a water resistance rating of 5 ATM, and features high-quality Grade A luminescent coating. Perfect for any occasion, it’s the ideal first mechanical watch for young people.","The TSARBOMBA TB8228A is a must-have fashion watch for every trendsetter. Equipped with a Miyota automatic mechanical movement, it features a skeletonized dial and an open-heart design that highlights the watch’s mechanical appeal. It also features a 316L stainless steel bezel and case; The eco-friendly, odor-free silicone strap, paired with a sapphire crystal, offers a 5ATM water resistance rating and a high-quality Grade A luminescent coating; it effortlessly adapts to any occasion, making it the ideal first mechanical watch for young people.","“Miyota automatic mechanical movement,” “skeletonized dial and visible movement design,” “silicone strap,” “sapphire crystal,” “5ATM water resistance,” “high-quality Grade A luminescent coating,” “barrel-shaped watch”",https://tsarbomba.com/products/tb8228a?variant=47440136700160,https://cdn.shopify.com/s/files/1/0540/8145/4255/files/TB8228A-01-01.png?v=1765426478,USD,400,new,"Silver Blue","TSAR BOMBA WATCH Barrel Type",male,"Products source-US3-Men's Watch","Elemental Series",0~500,44.8mm*51.5mm*14.5mm,"316L Stainless Steel","https://cdn.shopify.com/s/files/1/0540/8145/4255/files/TB8228A-01-04.png?v=1765426478,https://cdn.shopify.com/s/files/1/0540/8145/4255/files/TB8228A-01-02.png?v=1765426478","General:Movement: Japanese Movement, General: Case Material: 316L Stainless Steel, General: Bezel Material: 316L Stainless Steel, General:Dial: Double Bridge Design Hollow Dial, General:Crystal: Sapphire Crystal, General: Water Resistance:50m, General: Lume: A-Grade Luminous, General: Strap Material: Silicone.","Apparel & Accessories > Jewelry > Watches",in_stock,Automatic,769887714188
113495,109230,Tsarbomba,45567587649,https://www.awin1.com/pclick.php?p=45567587649&a=3002879&m=109230,https://images2.productserve.com/?w=200&h=200&bg=white&trim=5&t=letterbox&url=ssl%3Acdn.shopify.com%2Fs%2Ffiles%2F1%2F0540%2F8145%2F4255%2Ffiles%2FTB8228A-02-04.png%3Fv%3D1765426478&feedId=113495&k=354509bfa7f97695333d03082d267e9b37d67dc7,https://images2.productserve.com/?w=70&h=70&bg=white&trim=5&t=letterbox&url=ssl%3Acdn.shopify.com%2Fs%2Ffiles%2F1%2F0540%2F8145%2F4255%2Ffiles%2FTB8228A-02-04.png%3Fv%3D1765426478&feedId=113495&k=354509bfa7f97695333d03082d267e9b37d67dc7,544,"Men's Watches",,"TSAR BOMBA WATCH","TB8228A-black orange",Watches,TB8228A-02,"TSARBOMBA Elemental TB8228A Men’s Fashion Watch: The TB8228A is equipped with a Moyota automatic mechanical movement, featuring a skeletonized dial and an open-face design, along with a 316L stainless steel bezel and case. It comes with a silicone strap and sapphire crystal, offers a water resistance rating of 5 ATM, and features high-quality Grade A luminescent coating. Perfect for any occasion, it’s the ideal first mechanical watch for young people.","The TSARBOMBA TB8228A is a must-have fashion watch for every trendsetter. Equipped with a Miyota automatic mechanical movement, it features a skeletonized dial and an open-heart design that highlights the watch’s mechanical appeal. It also features a 316L stainless steel bezel and case; The eco-friendly, odor-free silicone strap, paired with a sapphire crystal, offers a 5ATM water resistance rating and a high-quality Grade A luminescent coating; it effortlessly adapts to any occasion, making it the ideal first mechanical watch for young people.","“Miyota automatic mechanical movement,” “skeletonized dial and visible movement design,” “silicone strap,” “sapphire crystal,” “5ATM water resistance,” “high-quality Grade A luminescent coating,” “barrel-shaped watch”",https://tsarbomba.com/products/tb8228a?variant=47440136732928,https://cdn.shopify.com/s/files/1/0540/8145/4255/files/TB8228A-02-04.png?v=1765426478,USD,400,new,"Black Orange","TSAR BOMBA WATCH Barrel Type",male,"Products source-US3-Men's Watch","Elemental Series",0~500,44.8mm*51.5mm*14.5mm,"316L Stainless Steel","https://cdn.shopify.com/s/files/1/0540/8145/4255/files/TB8228A-02-01.png?v=1765426478,https://cdn.shopify.com/s/files/1/0540/8145/4255/files/TB8228A-02-02.png?v=1765426478","General:Movement: Japanese Movement, General: Case Material: 316L Stainless Steel, General: Bezel Material: 316L Stainless Steel, General:Dial: Double Bridge Design Hollow Dial, General:Crystal: Sapphire Crystal, General: Water Resistance:50m, General: Lume: A-Grade Luminous, General: Strap Material: Silicone.","Apparel & Accessories > Jewelry > Watches",in_stock,Automatic,769887714195
113495,109230,Tsarbomba,45567587650,https://www.awin1.com/pclick.php?p=45567587650&a=3002879&m=109230,https://images2.productserve.com/?w=200&h=200&bg=white&trim=5&t=letterbox&url=ssl%3Acdn.shopify.com%2Fs%2Ffiles%2F1%2F0540%2F8145%2F4255%2Ffiles%2FTB8228A-05-04.png%3Fv%3D1765426478&feedId=113495&k=25952074c4fa35c0895fdf6cf76a2f5d092f2d04,https://images2.productserve.com/?w=70&h=70&bg=white&trim=5&t=letterbox&url=ssl%3Acdn.shopify.com%2Fs%2Ffiles%2F1%2F0540%2F8145%2F4255%2Ffiles%2FTB8228A-05-04.png%3Fv%3D1765426478&feedId=113495&k=25952074c4fa35c0895fdf6cf76a2f5d092f2d04,544,"Men's Watches",,"TSAR BOMBA WATCH","TB8228A-black yellow",Watches,TB8228A-05,"TSARBOMBA Elemental TB8228A Men’s Fashion Watch: The TB8228A is equipped with a Moyota automatic mechanical movement, featuring a skeletonized dial and an open-face design, along with a 316L stainless steel bezel and case. It comes with a silicone strap and sapphire crystal, offers a water resistance rating of 5 ATM, and features high-quality Grade A luminescent coating. Perfect for any occasion, it’s the ideal first mechanical watch for young people.","The TSARBOMBA TB8228A is a must-have fashion watch for every trendsetter. Equipped with a Miyota automatic mechanical movement, it features a skeletonized dial and an open-heart design that highlights the watch’s mechanical appeal. It also features a 316L stainless steel bezel and case; The eco-friendly, odor-free silicone strap, paired with a sapphire crystal, offers a 5ATM water resistance rating and a high-quality Grade A luminescent coating; it effortlessly adapts to any occasion, making it the ideal first mechanical watch for young people.","“Miyota automatic mechanical movement,” “skeletonized dial and visible movement design,” “silicone strap,” “sapphire crystal,” “5ATM water resistance,” “high-quality Grade A luminescent coating,” “barrel-shaped watch”",https://tsarbomba.com/products/tb8228a?variant=47440136798464,https://cdn.shopify.com/s/files/1/0540/8145/4255/files/TB8228A-05-04.png?v=1765426478,USD,400,new,"Black Yellow","TSAR BOMBA WATCH Barrel Type",male,"Products source-US3-Men's Watch","Elemental Series",0~500,44.8mm*51.5mm*14.5mm,"316L Stainless Steel","https://cdn.shopify.com/s/files/1/0540/8145/4255/files/TB8228A-05-02.png?v=1765426478,https://cdn.shopify.com/s/files/1/0540/8145/4255/files/TB8228A-05-01.png?v=1765426478","General:Movement: Japanese Movement, General: Case Material: 316L Stainless Steel, General: Bezel Material: 316L Stainless Steel, General:Dial: Double Bridge Design Hollow Dial, General:Crystal: Sapphire Crystal, General: Water Resistance:50m, General: Lume: A-Grade Luminous, General: Strap Material: Silicone.","Apparel & Accessories > Jewelry > Watches",in_stock,Automatic,769887714225
113495,109230,Tsarbomba,45567587651,https://www.awin1.com/pclick.php?p=45567587651&a=3002879&m=109230,https://images2.productserve.com/?w=200&h=200&bg=white&trim=5&t=letterbox&url=ssl%3Acdn.shopify.com%2Fs%2Ffiles%2F1%2F0540%2F8145%2F4255%2Ffiles%2FTB8228CF-04-04_e72e6ee7-bff1-4a97-9506-25a7ea1e8a0f.png%3Fv%3D1768360100&feedId=113495&k=94dfab992e9e79042aa979afacae70accdc5e479,https://images2.productserve.com/?w=70&h=70&bg=white&trim=5&t=letterbox&url=ssl%3Acdn.shopify.com%2Fs%2Ffiles%2F1%2F0540%2F8145%2F4255%2Ffiles%2FTB8228CF-04-04_e72e6ee7-bff1-4a97-9506-25a7ea1e8a0f.png%3Fv%3D1768360100&feedId=113495&k=94dfab992e9e79042aa979afacae70accdc5e479,544,"Men's Watches",,"TSAR BOMBA WATCH","TB8228CF-Elegant White",Watches,TB8228CF-04,"TSARBOMBA elemental TB8228CF Men’s Fashion Watch: The TB8228CF is equipped with a Miyota automatic mechanical movement, featuring a skeletonized dial and an open-heart design, along with a carbon fiber bezel and a 316L stainless steel case. It comes with a silicone strap and sapphire crystal, offers a 5ATM water resistance rating, and features high-quality Grade A luminescent coating; Effortlessly suited for any occasion, it’s the ideal first mechanical watch for young people.","The TSARBOMBA TB8228CF is a must-have fashion watch for every trendsetter. Equipped with a Miyota automatic mechanical movement, it features a skeletonized dial and an open-heart design that highlights the watch’s mechanical appeal, along with a carbon fiber bezel and a 316L stainless steel case; The eco-friendly, odor-free silicone strap, paired with a sapphire crystal, offers a 5ATM water resistance rating and a high-quality Grade A luminescent coating; it effortlessly adapts to any occasion, making it the ideal first mechanical watch for young people","“Miyota automatic mechanical movement,” “skeletonized dial and visible movement design,” “silicone strap,” “sapphire crystal,” “5ATM water resistance,” “high-quality Grade A luminescent coating,” “barrel-shaped watch,” “carbon fiber bezel”",https://tsarbomba.com/products/tb8228cf?variant=47440142303488,https://cdn.shopify.com/s/files/1/0540/8145/4255/files/TB8228CF-04-04_e72e6ee7-bff1-4a97-9506-25a7ea1e8a0f.png?v=1768360100,USD,500,new,"Elegant White","TSAR BOMBA WATCH Barrel Type",male,"Products source-US3-Men's Watch","Elemental Series",0~500,44.8mm*51.5mm*14.5mm,"Carbon Fiber","https://cdn.shopify.com/s/files/1/0540/8145/4255/files/TB8228CF-04-02_ae975113-0e55-4f18-a0a1-ffb405591095.png?v=1768360100,https://cdn.shopify.com/s/files/1/0540/8145/4255/files/TB8228CF-04-01_dae65f13-fe30-444e-8671-87be5c04a318.png?v=1768360100","General:Movement: Japanese Movement, General: Case Material: 316L Stainless Steel, General: Bezel Material: Carbon Fiber, General:Dial: Double Bridge Design Hollow Dial, General:Crystal: Sapphire Crystal, General: Water Resistance:50m, General: Lume: A-Grade Luminous, General: Strap Material: Fluororubber.","Apparel & Accessories > Jewelry > Watches",in_stock,Automatic,769887714447
113495,109230,Tsarbomba,45567587652,https://www.awin1.com/pclick.php?p=45567587652&a=3002879&m=109230,https://images2.productserve.com/?w=200&h=200&bg=white&trim=5&t=letterbox&url=ssl%3Acdn.shopify.com%2Fs%2Ffiles%2F1%2F0540%2F8145%2F4255%2Ffiles%2FTB8228CF-01-04.png%3Fv%3D1765427146&feedId=113495&k=52d8b596dd019be80185c7bcb2a39193b749c3f3,https://images2.productserve.com/?w=70&h=70&bg=white&trim=5&t=letterbox&url=ssl%3Acdn.shopify.com%2Fs%2Ffiles%2F1%2F0540%2F8145%2F4255%2Ffiles%2FTB8228CF-01-04.png%3Fv%3D1765427146&feedId=113495&k=52d8b596dd019be80185c7bcb2a39193b749c3f3,544,"Men's Watches",,"TSAR BOMBA WATCH","TB8228CF-Cool Black",Watches,TB8228CF-01,"TSARBOMBA elemental TB8228CF Men’s Fashion Watch: The TB8228CF is equipped with a Miyota automatic mechanical movement, featuring a skeletonized dial and an open-heart design, along with a carbon fiber bezel and a 316L stainless steel case. It comes with a silicone strap and sapphire crystal, offers a 5ATM water resistance rating, and features high-quality Grade A luminescent coating; Effortlessly suited for any occasion, it’s the ideal first mechanical watch for young people.","The TSARBOMBA TB8228CF is a must-have fashion watch for every trendsetter. Equipped with a Miyota automatic mechanical movement, it features a skeletonized dial and an open-heart design that highlights the watch’s mechanical appeal, along with a carbon fiber bezel and a 316L stainless steel case; The eco-friendly, odor-free silicone strap, paired with a sapphire crystal, offers a 5ATM water resistance rating and a high-quality Grade A luminescent coating; it effortlessly adapts to any occasion, making it the ideal first mechanical watch for young people","“Miyota automatic mechanical movement,” “skeletonized dial and visible movement design,” “silicone strap,” “sapphire crystal,” “5ATM water resistance,” “high-quality Grade A luminescent coating,” “barrel-shaped watch,” “carbon fiber bezel”",https://tsarbomba.com/products/tb8228cf?variant=47440142205184,https://cdn.shopify.com/s/files/1/0540/8145/4255/files/TB8228CF-01-04.png?v=1765427146,USD,500,new,"Cool Black","TSAR BOMBA WATCH Barrel Type",male,"Products source-US3-Men's Watch","Elemental Series",0~500,44.8mm*51.5mm*14.5mm,"Carbon Fiber","https://cdn.shopify.com/s/files/1/0540/8145/4255/files/TB8228CF-01-01.png?v=1768360100,https://cdn.shopify.com/s/files/1/0540/8145/4255/files/TB8228CF-01-02.png?v=1768360100","General:Movement: Japanese Movement, General: Case Material: 316L Stainless Steel, General: Bezel Material: Carbon Fiber, General:Dial: Double Bridge Design Hollow Dial, General:Crystal: Sapphire Crystal, General: Water Resistance:50m, General: Lume: A-Grade Luminous, General: Strap Material: Fluororubber.","Apparel & Accessories > Jewelry > Watches",in_stock,Automatic,769887714416
113495,109230,Tsarbomba,45567587653,https://www.awin1.com/pclick.php?p=45567587653&a=3002879&m=109230,https://images2.productserve.com/?w=200&h=200&bg=white&trim=5&t=letterbox&url=ssl%3Acdn.shopify.com%2Fs%2Ffiles%2F1%2F0540%2F8145%2F4255%2Ffiles%2FTB8228CF-02-04.png%3Fv%3D1765427146&feedId=113495&k=1c9eab8f2e93055b41eb99f1fccb8563657fccbe,https://images2.productserve.com/?w=70&h=70&bg=white&trim=5&t=letterbox&url=ssl%3Acdn.shopify.com%2Fs%2Ffiles%2F1%2F0540%2F8145%2F4255%2Ffiles%2FTB8228CF-02-04.png%3Fv%3D1765427146&feedId=113495&k=1c9eab8f2e93055b41eb99f1fccb8563657fccbe,544,"Men's Watches",,"TSAR BOMBA WATCH","TB8228CF-Passion Red",Watches,TB8228CF-02,"TSARBOMBA elemental TB8228CF Men’s Fashion Watch: The TB8228CF is equipped with a Miyota automatic mechanical movement, featuring a skeletonized dial and an open-heart design, along with a carbon fiber bezel and a 316L stainless steel case. It comes with a silicone strap and sapphire crystal, offers a 5ATM water resistance rating, and features high-quality Grade A luminescent coating; Effortlessly suited for any occasion, it’s the ideal first mechanical watch for young people.","The TSARBOMBA TB8228CF is a must-have fashion watch for every trendsetter. Equipped with a Miyota automatic mechanical movement, it features a skeletonized dial and an open-heart design that highlights the watch’s mechanical appeal, along with a carbon fiber bezel and a 316L stainless steel case; The eco-friendly, odor-free silicone strap, paired with a sapphire crystal, offers a 5ATM water resistance rating and a high-quality Grade A luminescent coating; it effortlessly adapts to any occasion, making it the ideal first mechanical watch for young people","“Miyota automatic mechanical movement,” “skeletonized dial and visible movement design,” “silicone strap,” “sapphire crystal,” “5ATM water resistance,” “high-quality Grade A luminescent coating,” “barrel-shaped watch,” “carbon fiber bezel”",https://tsarbomba.com/products/tb8228cf?variant=47440142336256,https://cdn.shopify.com/s/files/1/0540/8145/4255/files/TB8228CF-02-04.png?v=1765427146,USD,500,new,"Passion Red","TSAR BOMBA WATCH Barrel Type",male,"Products source-US3-Men's Watch","Elemental Series",0~500,44.8mm*51.5mm*14.5mm,"Carbon Fiber","https://cdn.shopify.com/s/files/1/0540/8145/4255/files/TB8228CF-02-01.png?v=1768360100,https://cdn.shopify.com/s/files/1/0540/8145/4255/files/TB8228CF-02-02.png?v=1768360100","General:Movement: Japanese Movement, General: Case Material: 316L Stainless Steel, General: Bezel Material: Carbon Fiber, General:Dial: Double Bridge Design Hollow Dial, General:Crystal: Sapphire Crystal, General: Water Resistance:50m, General: Lume: A-Grade Luminous, General: Strap Material: Fluororubber.","Apparel & Accessories > Jewelry > Watches",in_stock,Automatic,769887714423
113495,109230,Tsarbomba,45567587654,https://www.awin1.com/pclick.php?p=45567587654&a=3002879&m=109230,https://images2.productserve.com/?w=200&h=200&bg=white&trim=5&t=letterbox&url=ssl%3Acdn.shopify.com%2Fs%2Ffiles%2F1%2F0540%2F8145%2F4255%2Ffiles%2FTB8228CF-03-04.png%3Fv%3D1765427146&feedId=113495&k=b6eb2cabd6a64806ed532886f78efd34a000fecd,https://images2.productserve.com/?w=70&h=70&bg=white&trim=5&t=letterbox&url=ssl%3Acdn.shopify.com%2Fs%2Ffiles%2F1%2F0540%2F8145%2F4255%2Ffiles%2FTB8228CF-03-04.png%3Fv%3D1765427146&feedId=113495&k=b6eb2cabd6a64806ed532886f78efd34a000fecd,544,"Men's Watches",,"TSAR BOMBA WATCH","TB8228CF-Elite White",Watches,TB8228CF-03,"TSARBOMBA elemental TB8228CF Men’s Fashion Watch: The TB8228CF is equipped with a Miyota automatic mechanical movement, featuring a skeletonized dial and an open-heart design, along with a carbon fiber bezel and a 316L stainless steel case. It comes with a silicone strap and sapphire crystal, offers a 5ATM water resistance rating, and features high-quality Grade A luminescent coating; Effortlessly suited for any occasion, it’s the ideal first mechanical watch for young people.","The TSARBOMBA TB8228CF is a must-have fashion watch for every trendsetter. Equipped with a Miyota automatic mechanical movement, it features a skeletonized dial and an open-heart design that highlights the watch’s mechanical appeal, along with a carbon fiber bezel and a 316L stainless steel case; The eco-friendly, odor-free silicone strap, paired with a sapphire crystal, offers a 5ATM water resistance rating and a high-quality Grade A luminescent coating; it effortlessly adapts to any occasion, making it the ideal first mechanical watch for young people","“Miyota automatic mechanical movement,” “skeletonized dial and visible movement design,” “silicone strap,” “sapphire crystal,” “5ATM water resistance,” “high-quality Grade A luminescent coating,” “barrel-shaped watch,” “carbon fiber bezel”",https://tsarbomba.com/products/tb8228cf?variant=47440142270720,https://cdn.shopify.com/s/files/1/0540/8145/4255/files/TB8228CF-03-04.png?v=1765427146,USD,500,new,"Elite White","TSAR BOMBA WATCH Barrel Type",male,"Products source-US3-Men's Watch","Elemental Series",0~500,44.8mm*51.5mm*14.5mm,"Carbon Fiber","https://cdn.shopify.com/s/files/1/0540/8145/4255/files/TB8228CF-03-01.png?v=1768360100,https://cdn.shopify.com/s/files/1/0540/8145/4255/files/TB8228CF-03-02.png?v=1768360100","General:Movement: Japanese Movement, General: Case Material: 316L Stainless Steel, General: Bezel Material: Carbon Fiber, General:Dial: Double Bridge Design Hollow Dial, General:Crystal: Sapphire Crystal, General: Water Resistance:50m, General: Lume: A-Grade Luminous, General: Strap Material: Fluororubber.","Apparel & Accessories > Jewelry > Watches",in_stock,Automatic,769887714430
113495,109230,Tsarbomba,45567587655,https://www.awin1.com/pclick.php?p=45567587655&a=3002879&m=109230,https://images2.productserve.com/?w=200&h=200&bg=white&trim=5&t=letterbox&url=ssl%3Acdn.shopify.com%2Fs%2Ffiles%2F1%2F0540%2F8145%2F4255%2Ffiles%2FTB8228T-01-04.png%3Fv%3D1765263588&feedId=113495&k=333d070fd61194cf9d9f1128ade0b7a99dc4ccbe,https://images2.productserve.com/?w=70&h=70&bg=white&trim=5&t=letterbox&url=ssl%3Acdn.shopify.com%2Fs%2Ffiles%2F1%2F0540%2F8145%2F4255%2Ffiles%2FTB8228T-01-04.png%3Fv%3D1765263588&feedId=113495&k=333d070fd61194cf9d9f1128ade0b7a99dc4ccbe,544,"Men's Watches",,"TSAR BOMBA WATCH",TB8228T-01,Watches,TB8228T-01,"TSARBOMBA elemental TB8228T Men’s Fashion Watch: The TB8228T is equipped with a Moyota automatic mechanical movement, featuring a skeletonized dial and an open-heart design, along with a titanium bezel and a 316L stainless steel case. It features a silicone strap and sapphire crystal, a 5ATM water resistance rating, and high-quality Grade A luminescent coating; it effortlessly handles any occasion, making it the ideal first mechanical watch for young people.","The TSARBOMBA TB8228T is a must-have fashion watch for every trendsetter. Equipped with a Miyota automatic mechanical movement, it features a skeletonized dial and an open-heart design that highlights the watch’s mechanical appeal. It features a titanium bezel and a 316L stainless steel case; The eco-friendly, odor-free silicone strap, paired with a sapphire crystal, offers a 5ATM water resistance rating and a high-quality Grade A luminescent coating; it effortlessly adapts to any occasion, making it the ideal first mechanical watch for young people","“Miyota automatic mechanical movement,” “skeletonized dial and visible movement design,” “silicone strap,” “sapphire crystal,” “5ATM water resistance,” “high-quality Grade A luminescent coating,”",https://tsarbomba.com/products/tb8228t,https://cdn.shopify.com/s/files/1/0540/8145/4255/files/TB8228T-01-04.png?v=1765263588,USD,500,new,Black,"TSAR BOMBA WATCH Barrel Type",male,"Products source-US3-Men's Watch","Elemental Series",0~500,44.8mm*51.5mm*14.5mm,Titanium,"https://cdn.shopify.com/s/files/1/0540/8145/4255/files/TB8228T-01-01_04653dea-2a21-4763-a704-d6bb8540526d.png?v=1785234235,https://cdn.shopify.com/s/files/1/0540/8145/4255/files/TB8228T-01-02_54a7531b-4a2a-445c-83e1-657952e0fecc.png?v=1785234235，https://cdn.shopify.com/s/files/1/0540/8145/4255/files/TB8228T-01-03_82860f3b-5d66-4da2-88c6-a5d41cdb9dcc.png?v=1785234235","General:Movement: Japanese Movement, General: Case Material: 316L Stainless Steel, General: Bezel Material: Titanium, General:Dial: Double Bridge Design Hollow Dial, General:Crystal: Sapphire Crystal, General: Water Resistance:50m, General: Lume: A-Grade Luminous, General: Strap Material: Fluororubber.","Apparel & Accessories > Jewelry > Watches",in_stock,Automatic,769887714454
113495,109230,Tsarbomba,45567587656,https://www.awin1.com/pclick.php?p=45567587656&a=3002879&m=109230,https://images2.productserve.com/?w=200&h=200&bg=white&trim=5&t=letterbox&url=ssl%3Acdn.shopify.com%2Fs%2Ffiles%2F1%2F0540%2F8145%2F4255%2Ffiles%2F8_be71e343-8e1b-40ec-a29c-637c9219501d.png%3Fv%3D1766647990&feedId=113495&k=074e998f5d227a668ad3f2b1a1bfe561bf7fd6dc,https://images2.productserve.com/?w=70&h=70&bg=white&trim=5&t=letterbox&url=ssl%3Acdn.shopify.com%2Fs%2Ffiles%2F1%2F0540%2F8145%2F4255%2Ffiles%2F8_be71e343-8e1b-40ec-a29c-637c9219501d.png%3Fv%3D1766647990&feedId=113495&k=074e998f5d227a668ad3f2b1a1bfe561bf7fd6dc,544,"Men's Watches",,"TSAR BOMBA WATCH",TB8803A-05,Watches,TB8803A-05,"TSAR BOMBA Elemental Series Orange Silver Men's Automatic Mechanical Watch – Stainless Steel Bezel & Case, Skeleton Dial, Sapphire Crystal, Fluororubber Strap, 100M Water Resistance, A+ Luminous","TSAR BOMBA Elemental Series-Luxury Automatic Watch for Business Elites & Watch Enthusiasts, Skeleton Dial, Stainless Steel Case, Stylish round automatic watch with Japanese 82S0 movement, 316L stainless steel bezel, 316L stainless steel case, sapphire crystal, 100m water resistance, A-grade lume, and fluororubber strap. Free shipping and free returns within 30 days.","""Round automatic watch"", ""Japanese movement"", ""316L stainless steel case"", “316L stainless steel bezel”, ""Mechanical dial"", ""Sapphire crystal"", ""100m water resistance"", ""A-grade lume"", ""Fluororubber strap"".",https://tsarbomba.com/products/tb8803a-us?variant=47305918513408,https://cdn.shopify.com/s/files/1/0540/8145/4255/files/8_be71e343-8e1b-40ec-a29c-637c9219501d.png?v=1766647990,USD,399.99,new,"Orange Silver","TSAR BOMBA WATCH Round Type",male,"Products source-CLE-Men's Watch","Elemental Series",0~500,45.5mm*51.7mm*14.7mm,"316L Stainless Steel",,"General:Movement: Japanese Movement, General: Case Material: 316L Stainless Steel, General: Bezel Material: 316L Stainless Steel, General:Dial: Mechanical Dial, General:Crystal: Sapphire Crystal, General: Water Resistance:100m, General: Lume: A-Grade Luminous, General: Strap Material: Fluororubber.","Apparel & Accessories > Jewelry > Watches",in_stock,Automatic,
113495,109230,Tsarbomba,45567587657,https://www.awin1.com/pclick.php?p=45567587657&a=3002879&m=109230,https://images2.productserve.com/?w=200&h=200&bg=white&trim=5&t=letterbox&url=ssl%3Acdn.shopify.com%2Fs%2Ffiles%2F1%2F0540%2F8145%2F4255%2Ffiles%2F10_75f5b009-3273-4bc4-98aa-8945b373daf4.png%3Fv%3D1763605471&feedId=113495&k=8fc0754a4eb838946f34a052e172f7f8ee9c167d,https://images2.productserve.com/?w=70&h=70&bg=white&trim=5&t=letterbox&url=ssl%3Acdn.shopify.com%2Fs%2Ffiles%2F1%2F0540%2F8145%2F4255%2Ffiles%2F10_75f5b009-3273-4bc4-98aa-8945b373daf4.png%3Fv%3D1763605471&feedId=113495&k=8fc0754a4eb838946f34a052e172f7f8ee9c167d,544,"Men's Watches",,"TSAR BOMBA WATCH",TB8803A-04,Watches,TB8803A-04,"TSAR BOMBA Elemental Series Orange Black Men's Automatic Mechanical Watch – Stainless Steel Bezel & Case, Skeleton Dial, Sapphire Crystal, Fluororubber Strap, 100M Water Resistance, A+ Luminous","TSAR BOMBA Elemental Series-Luxury Automatic Watch for Business Elites & Watch Enthusiasts, Skeleton Dial, Stainless Steel Case, Stylish round automatic watch with Japanese 82S0 movement, 316L stainless steel bezel, 316L stainless steel case, sapphire crystal, 100m water resistance, A-grade lume, and fluororubber strap. Free shipping and free returns within 30 days.","""Round automatic watch"", ""Japanese movement"", ""316L stainless steel case"", “316L stainless steel bezel”, ""Mechanical dial"", ""Sapphire crystal"", ""100m water resistance"", ""A-grade lume"", ""Fluororubber strap"".",https://tsarbomba.com/products/tb8803a-us?variant=47305918546176,https://cdn.shopify.com/s/files/1/0540/8145/4255/files/10_75f5b009-3273-4bc4-98aa-8945b373daf4.png?v=1763605471,USD,399.99,new,"Orange Black","TSAR BOMBA WATCH Round Type",male,"Products source-CLE-Men's Watch","Elemental Series",0~500,45.5mm*51.7mm*14.7mm,"316L Stainless Steel",,"General:Movement: Japanese Movement, General: Case Material: 316L Stainless Steel, General: Bezel Material: 316L Stainless Steel, General:Dial: Mechanical Dial, General:Crystal: Sapphire Crystal, General: Water Resistance:100m, General: Lume: A-Grade Luminous, General: Strap Material: Fluororubber.","Apparel & Accessories > Jewelry > Watches",in_stock,Automatic,
113495,109230,Tsarbomba,45567587658,https://www.awin1.com/pclick.php?p=45567587658&a=3002879&m=109230,https://images2.productserve.com/?w=200&h=200&bg=white&trim=5&t=letterbox&url=ssl%3Acdn.shopify.com%2Fs%2Ffiles%2F1%2F0540%2F8145%2F4255%2Ffiles%2FTB8224Q-04-01.png%3Fv%3D1769155978&feedId=113495&k=8c4a5c58f553b24c4ac8afacfb532b8d581eb876,https://images2.productserve.com/?w=70&h=70&bg=white&trim=5&t=letterbox&url=ssl%3Acdn.shopify.com%2Fs%2Ffiles%2F1%2F0540%2F8145%2F4255%2Ffiles%2FTB8224Q-04-01.png%3Fv%3D1769155978&feedId=113495&k=8c4a5c58f553b24c4ac8afacfb532b8d581eb876,544,"Men's Watches",,"TSAR BOMBA WATCH","TB8224Q-Golden Black",Watches,TB8224Q-04,"TSARBOMBA Elemental Watch TB8224Q; The TB8224Q is a must-have fashion watch for every trendsetter, featuring a Seiko quartz movement, a multi-dial design with multiple hands, and a chronograph function. It boasts a 316L stainless steel bezel and case, a fluororubber strap, and a sapphire crystal, with a water resistance rating of 5ATM and high-quality Grade A luminescent coating; Effortlessly suited for any occasion, it is the ideal first mechanical watch for young people","The TSARBOMBA Elemental TB8224Q is a must-have fashion timepiece for every trendsetter. The TB8224Q is powered by a Seiko quartz movement and features chronograph, 24-hour, and date display functions. It features a 316L stainless steel bezel and case, along with a fluororubber strap that is eco-friendly, odorless, gentle on the skin, and hypoallergenic. It features a sapphire crystal, 5ATM water resistance, and a high-quality Grade A luminescent coating; it effortlessly adapts to any occasion, making it the ideal first mechanical watch for young people","“Miyota quartz movement,” “chronograph/calendar functions,” “fluororubber strap—gentler on the skin, eco-friendly, and odor-free,” “sapphire crystal,” “5ATM water resistance,” “high-quality Grade A luminescent coating,” “barrel-shaped watch”",https://tsarbomba.com/products/tb8224q?variant=47622823149824,https://cdn.shopify.com/s/files/1/0540/8145/4255/files/TB8224Q-04-01.png?v=1769155978,USD,280,new,"Golden Black","TSAR BOMBA WATCH Barrel Type",male,"Products source-US3-Men's Watch","Elemental Series",0~500,44.8mm*51.5mm*14.5mm,"316L Stainless Steel","https://cdn.shopify.com/s/files/1/0540/8145/4255/files/TB8224Q-04-02.png?v=1769155978,https://cdn.shopify.com/s/files/1/0540/8145/4255/files/TB8224Q-04-03.png?v=1769155978,https://cdn.shopify.com/s/files/1/0540/8145/4255/files/TB8224Q-04-04.png?v=1769155978","General:Movement: Japanese Epson Quartz Movement, General: Case Material:316L Stainless Steel, General:Crystal: Sapphire Crystal, General: Water Resistance:50m, General: Lume: A-Grade Luminous, General: Strap Material: Fluororubber Strap","Apparel & Accessories > Jewelry > Watches",in_stock,Quartz,769887714980
113495,109230,Tsarbomba,45567587659,https://www.awin1.com/pclick.php?p=45567587659&a=3002879&m=109230,https://images2.productserve.com/?w=200&h=200&bg=white&trim=5&t=letterbox&url=ssl%3Acdn.shopify.com%2Fs%2Ffiles%2F1%2F0540%2F8145%2F4255%2Ffiles%2FTB8224Q-01-04.png%3Fv%3D1769155978&feedId=113495&k=cae45f584310bb7b649655f5273af47c4bba1dbb,https://images2.productserve.com/?w=70&h=70&bg=white&trim=5&t=letterbox&url=ssl%3Acdn.shopify.com%2Fs%2Ffiles%2F1%2F0540%2F8145%2F4255%2Ffiles%2FTB8224Q-01-04.png%3Fv%3D1769155978&feedId=113495&k=cae45f584310bb7b649655f5273af47c4bba1dbb,544,"Men's Watches",,"TSAR BOMBA WATCH","TB8224Q-Silver Black",Watches,TB8224Q-01,"TSARBOMBA Elemental Watch TB8224Q; The TB8224Q is a must-have fashion watch for every trendsetter, featuring a Seiko quartz movement, a multi-dial design with multiple hands, and a chronograph function. It boasts a 316L stainless steel bezel and case, a fluororubber strap, and a sapphire crystal, with a water resistance rating of 5ATM and high-quality Grade A luminescent coating; Effortlessly suited for any occasion, it is the ideal first mechanical watch for young people","The TSARBOMBA Elemental TB8224Q is a must-have fashion timepiece for every trendsetter. The TB8224Q is powered by a Seiko quartz movement and features chronograph, 24-hour, and date display functions. It features a 316L stainless steel bezel and case, along with a fluororubber strap that is eco-friendly, odorless, gentle on the skin, and hypoallergenic. It features a sapphire crystal, 5ATM water resistance, and a high-quality Grade A luminescent coating; it effortlessly adapts to any occasion, making it the ideal first mechanical watch for young people","“Miyota quartz movement,” “chronograph/calendar functions,” “fluororubber strap—gentler on the skin, eco-friendly, and odor-free,” “sapphire crystal,” “5ATM water resistance,” “high-quality Grade A luminescent coating,” “barrel-shaped watch”",https://tsarbomba.com/products/tb8224q?variant=47622823018752,https://cdn.shopify.com/s/files/1/0540/8145/4255/files/TB8224Q-01-04.png?v=1769155978,USD,280,new,"Silver Black","TSAR BOMBA WATCH Barrel Type",male,"Products source-US3-Men's Watch","Elemental Series",0~500,44.8mm*51.5mm*14.5mm,"316L Stainless Steel","https://cdn.shopify.com/s/files/1/0540/8145/4255/files/TB8224Q-01-01.png?v=1769155978,https://cdn.shopify.com/s/files/1/0540/8145/4255/files/TB8224Q-01-03.png?v=1769155978,https://cdn.shopify.com/s/files/1/0540/8145/4255/files/TB8224Q-01-05.png?v=1769155978","General:Movement: Japanese Epson Quartz Movement, General: Case Material:316L Stainless Steel, General:Crystal: Sapphire Crystal, General: Water Resistance:50m, General: Lume: A-Grade Luminous, General: Strap Material: Fluororubber Strap","Apparel & Accessories > Jewelry > Watches",in_stock,Quartz,769887714959
113495,109230,Tsarbomba,45567587660,https://www.awin1.com/pclick.php?p=45567587660&a=3002879&m=109230,https://images2.productserve.com/?w=200&h=200&bg=white&trim=5&t=letterbox&url=ssl%3Acdn.shopify.com%2Fs%2Ffiles%2F1%2F0540%2F8145%2F4255%2Ffiles%2FTB8224Q-02-04.png%3Fv%3D1769155978&feedId=113495&k=0bfc5922d841ca4e9e26b166290e760a7218a76b,https://images2.productserve.com/?w=70&h=70&bg=white&trim=5&t=letterbox&url=ssl%3Acdn.shopify.com%2Fs%2Ffiles%2F1%2F0540%2F8145%2F4255%2Ffiles%2FTB8224Q-02-04.png%3Fv%3D1769155978&feedId=113495&k=0bfc5922d841ca4e9e26b166290e760a7218a76b,544,"Men's Watches",,"TSAR BOMBA WATCH","TB8224Q-Silver Blue",Watches,TB8224Q-02,"TSARBOMBA Elemental Watch TB8224Q; The TB8224Q is a must-have fashion watch for every trendsetter, featuring a Seiko quartz movement, a multi-dial design with multiple hands, and a chronograph function. It boasts a 316L stainless steel bezel and case, a fluororubber strap, and a sapphire crystal, with a water resistance rating of 5ATM and high-quality Grade A luminescent coating; Effortlessly suited for any occasion, it is the ideal first mechanical watch for young people","The TSARBOMBA Elemental TB8224Q is a must-have fashion timepiece for every trendsetter. The TB8224Q is powered by a Seiko quartz movement and features chronograph, 24-hour, and date display functions. It features a 316L stainless steel bezel and case, along with a fluororubber strap that is eco-friendly, odorless, gentle on the skin, and hypoallergenic. It features a sapphire crystal, 5ATM water resistance, and a high-quality Grade A luminescent coating; it effortlessly adapts to any occasion, making it the ideal first mechanical watch for young people","“Miyota quartz movement,” “chronograph/calendar functions,” “fluororubber strap—gentler on the skin, eco-friendly, and odor-free,” “sapphire crystal,” “5ATM water resistance,” “high-quality Grade A luminescent coating,” “barrel-shaped watch”",https://tsarbomba.com/products/tb8224q?variant=47622823084288,https://cdn.shopify.com/s/files/1/0540/8145/4255/files/TB8224Q-02-04.png?v=1769155978,USD,280,new,"Silver Blue","TSAR BOMBA WATCH Barrel Type",male,"Products source-US3-Men's Watch","Elemental Series",0~500,44.8mm*51.5mm*14.5mm,"316L Stainless Steel","https://cdn.shopify.com/s/files/1/0540/8145/4255/files/TB8224Q-02-03.png?v=1769155978,https://cdn.shopify.com/s/files/1/0540/8145/4255/files/TB8224Q-02-02.png?v=1769155978","General:Movement: Japanese Epson Quartz Movement, General: Case Material:316L Stainless Steel, General:Crystal: Sapphire Crystal, General: Water Resistance:50m, General: Lume: A-Grade Luminous, General: Strap Material: Fluororubber Strap","Apparel & Accessories > Jewelry > Watches",in_stock,Quartz,769887714966
113495,109230,Tsarbomba,45567587661,https://www.awin1.com/pclick.php?p=45567587661&a=3002879&m=109230,https://images2.productserve.com/?w=200&h=200&bg=white&trim=5&t=letterbox&url=ssl%3Acdn.shopify.com%2Fs%2Ffiles%2F1%2F0540%2F8145%2F4255%2Ffiles%2FTB8224Q-03-04.png%3Fv%3D1769155978&feedId=113495&k=7449ceb4db88063705e9065b4aede5d4143150b4,https://images2.productserve.com/?w=70&h=70&bg=white&trim=5&t=letterbox&url=ssl%3Acdn.shopify.com%2Fs%2Ffiles%2F1%2F0540%2F8145%2F4255%2Ffiles%2FTB8224Q-03-04.png%3Fv%3D1769155978&feedId=113495&k=7449ceb4db88063705e9065b4aede5d4143150b4,544,"Men's Watches",,"TSAR BOMBA WATCH","TB8224Q-Silver Red",Watches,TB8224Q-03,"TSARBOMBA Elemental Watch TB8224Q; The TB8224Q is a must-have fashion watch for every trendsetter, featuring a Seiko quartz movement, a multi-dial design with multiple hands, and a chronograph function. It boasts a 316L stainless steel bezel and case, a fluororubber strap, and a sapphire crystal, with a water resistance rating of 5ATM and high-quality Grade A luminescent coating; Effortlessly suited for any occasion, it is the ideal first mechanical watch for young people","The TSARBOMBA Elemental TB8224Q is a must-have fashion timepiece for every trendsetter. The TB8224Q is powered by a Seiko quartz movement and features chronograph, 24-hour, and date display functions. It features a 316L stainless steel bezel and case, along with a fluororubber strap that is eco-friendly, odorless, gentle on the skin, and hypoallergenic. It features a sapphire crystal, 5ATM water resistance, and a high-quality Grade A luminescent coating; it effortlessly adapts to any occasion, making it the ideal first mechanical watch for young people","“Miyota quartz movement,” “chronograph/calendar functions,” “fluororubber strap—gentler on the skin, eco-friendly, and odor-free,” “sapphire crystal,” “5ATM water resistance,” “high-quality Grade A luminescent coating,” “barrel-shaped watch”",https://tsarbomba.com/products/tb8224q?variant=47622823117056,https://cdn.shopify.com/s/files/1/0540/8145/4255/files/TB8224Q-03-04.png?v=1769155978,USD,280,new,"Silver Red","TSAR BOMBA WATCH Barrel Type",male,"Products source-US3-Men's Watch","Elemental Series",0~500,44.8mm*51.5mm*14.5mm,"316L Stainless Steel","https://cdn.shopify.com/s/files/1/0540/8145/4255/files/TB8224Q-03-02.png?v=1769155978,https://cdn.shopify.com/s/files/1/0540/8145/4255/files/TB8224Q-03-01.png?v=1769155978,https://cdn.shopify.com/s/files/1/0540/8145/4255/files/TB8224Q-03-03.png?v=1769155978","General:Movement: Japanese Epson Quartz Movement, General: Case Material:316L Stainless Steel, General:Crystal: Sapphire Crystal, General: Water Resistance:50m, General: Lume: A-Grade Luminous, General: Strap Material: Fluororubber Strap","Apparel & Accessories > Jewelry > Watches",in_stock,Quartz,769887714973
113495,109230,Tsarbomba,45567587662,https://www.awin1.com/pclick.php?p=45567587662&a=3002879&m=109230,https://images2.productserve.com/?w=200&h=200&bg=white&trim=5&t=letterbox&url=ssl%3Acdn.shopify.com%2Fs%2Ffiles%2F1%2F0540%2F8145%2F4255%2Ffiles%2FTB8224Q-05-04.png%3Fv%3D1769155978&feedId=113495&k=6f261e1cb224b477b002b4101ae7d7d4ebcedb7e,https://images2.productserve.com/?w=70&h=70&bg=white&trim=5&t=letterbox&url=ssl%3Acdn.shopify.com%2Fs%2Ffiles%2F1%2F0540%2F8145%2F4255%2Ffiles%2FTB8224Q-05-04.png%3Fv%3D1769155978&feedId=113495&k=6f261e1cb224b477b002b4101ae7d7d4ebcedb7e,544,"Men's Watches",,"TSAR BOMBA WATCH","TB8224Q-Elite Blue",Watches,TB8224Q-05,"TSARBOMBA Elemental Watch TB8224Q; The TB8224Q is a must-have fashion watch for every trendsetter, featuring a Seiko quartz movement, a multi-dial design with multiple hands, and a chronograph function. It boasts a 316L stainless steel bezel and case, a fluororubber strap, and a sapphire crystal, with a water resistance rating of 5ATM and high-quality Grade A luminescent coating; Effortlessly suited for any occasion, it is the ideal first mechanical watch for young people","The TSARBOMBA Elemental TB8224Q is a must-have fashion timepiece for every trendsetter. The TB8224Q is powered by a Seiko quartz movement and features chronograph, 24-hour, and date display functions. It features a 316L stainless steel bezel and case, along with a fluororubber strap that is eco-friendly, odorless, gentle on the skin, and hypoallergenic. It features a sapphire crystal, 5ATM water resistance, and a high-quality Grade A luminescent coating; it effortlessly adapts to any occasion, making it the ideal first mechanical watch for young people","“Miyota quartz movement,” “chronograph/calendar functions,” “fluororubber strap—gentler on the skin, eco-friendly, and odor-free,” “sapphire crystal,” “5ATM water resistance,” “high-quality Grade A luminescent coating,” “barrel-shaped watch”",https://tsarbomba.com/products/tb8224q?variant=47622823051520,https://cdn.shopify.com/s/files/1/0540/8145/4255/files/TB8224Q-05-04.png?v=1769155978,USD,280,new,"Elite Blue","TSAR BOMBA WATCH Barrel Type",male,"Products source-US3-Men's Watch","Elemental Series",0~500,44.8mm*51.5mm*14.5mm,"316L Stainless Steel","https://cdn.shopify.com/s/files/1/0540/8145/4255/files/TB8224Q-05-01.png?v=1769155978,https://cdn.shopify.com/s/files/1/0540/8145/4255/files/TB8224Q-05-02.png?v=1769155978","General:Movement: Japanese Epson Quartz Movement, General: Case Material:316L Stainless Steel, General:Crystal: Sapphire Crystal, General: Water Resistance:50m, General: Lume: A-Grade Luminous, General: Strap Material: Fluororubber Strap","Apparel & Accessories > Jewelry > Watches",in_stock,Quartz,769887714997
113495,109230,Tsarbomba,45567587663,https://www.awin1.com/pclick.php?p=45567587663&a=3002879&m=109230,https://images2.productserve.com/?w=200&h=200&bg=white&trim=5&t=letterbox&url=ssl%3Acdn.shopify.com%2Fs%2Ffiles%2F1%2F0540%2F8145%2F4255%2Ffiles%2FTB8224Q-06-04.png%3Fv%3D1769155978&feedId=113495&k=0321181a098f6d77c7d4a0ac15adc44aa31d38cc,https://images2.productserve.com/?w=70&h=70&bg=white&trim=5&t=letterbox&url=ssl%3Acdn.shopify.com%2Fs%2Ffiles%2F1%2F0540%2F8145%2F4255%2Ffiles%2FTB8224Q-06-04.png%3Fv%3D1769155978&feedId=113495&k=0321181a098f6d77c7d4a0ac15adc44aa31d38cc,544,"Men's Watches",,"TSAR BOMBA WATCH","TB8224Q-Olive Green",Watches,TB8224Q-06,"TSARBOMBA Elemental Watch TB8224Q; The TB8224Q is a must-have fashion watch for every trendsetter, featuring a Seiko quartz movement, a multi-dial design with multiple hands, and a chronograph function. It boasts a 316L stainless steel bezel and case, a fluororubber strap, and a sapphire crystal, with a water resistance rating of 5ATM and high-quality Grade A luminescent coating; Effortlessly suited for any occasion, it is the ideal first mechanical watch for young people","The TSARBOMBA Elemental TB8224Q is a must-have fashion timepiece for every trendsetter. The TB8224Q is powered by a Seiko quartz movement and features chronograph, 24-hour, and date display functions. It features a 316L stainless steel bezel and case, along with a fluororubber strap that is eco-friendly, odorless, gentle on the skin, and hypoallergenic. It features a sapphire crystal, 5ATM water resistance, and a high-quality Grade A luminescent coating; it effortlessly adapts to any occasion, making it the ideal first mechanical watch for young people","“Miyota quartz movement,” “chronograph/calendar functions,” “fluororubber strap—gentler on the skin, eco-friendly, and odor-free,” “sapphire crystal,” “5ATM water resistance,” “high-quality Grade A luminescent coating,” “barrel-shaped watch”",https://tsarbomba.com/products/tb8224q?variant=47622823280896,https://cdn.shopify.com/s/files/1/0540/8145/4255/files/TB8224Q-06-04.png?v=1769155978,USD,280,new,"Olive Green","TSAR BOMBA WATCH Barrel Type",male,"Products source-US3-Men's Watch","Elemental Series",0~500,44.8mm*51.5mm*14.5mm,"316L Stainless Steel","https://cdn.shopify.com/s/files/1/0540/8145/4255/files/TB8224Q-06-02.png?v=1769155978,https://cdn.shopify.com/s/files/1/0540/8145/4255/files/TB8224Q-06-01.png?v=1769155978","General:Movement: Japanese Epson Quartz Movement, General: Case Material:316L Stainless Steel, General:Crystal: Sapphire Crystal, General: Water Resistance:50m, General: Lume: A-Grade Luminous, General: Strap Material: Fluororubber Strap","Apparel & Accessories > Jewelry > Watches",in_stock,Quartz,769887715000
113495,109230,Tsarbomba,45567587664,https://www.awin1.com/pclick.php?p=45567587664&a=3002879&m=109230,https://images2.productserve.com/?w=200&h=200&bg=white&trim=5&t=letterbox&url=ssl%3Acdn.shopify.com%2Fs%2Ffiles%2F1%2F0540%2F8145%2F4255%2Ffiles%2FTB8224B-01-01.png%3Fv%3D1768990352&feedId=113495&k=9db1fa4f3f9769ce3114c60b63a7b5fa954ed7be,https://images2.productserve.com/?w=70&h=70&bg=white&trim=5&t=letterbox&url=ssl%3Acdn.shopify.com%2Fs%2Ffiles%2F1%2F0540%2F8145%2F4255%2Ffiles%2FTB8224B-01-01.png%3Fv%3D1768990352&feedId=113495&k=9db1fa4f3f9769ce3114c60b63a7b5fa954ed7be,544,"Men's Watches",,"TSAR BOMBA WATCH",TB8224B-01White,Watches,TB8224B-01White,"TSARBOMBA Elemental Watch TB8224B; The TB8224B is a must-have fashion watch for every trendsetter, featuring a Seiko quartz movement, a multi-dial design with multiple hands, and a chronograph function. It features a Boi-ceramic bezel and case, a fluororubber strap, and a sapphire crystal, with a water resistance rating of 5ATM and high-quality Grade A luminescent coating; Effortlessly suited for any occasion, it is the ideal first mechanical watch for young people.","The TSARBOMBA Elemental TB8224B is a must-have fashion timepiece for every trendsetter. The TB8224Q is powered by a Seiko quartz movement and features chronograph, 24-hour, and date display functions. It features a Boi-ceramic bezel and case, along with a fluororubber strap that is eco-friendly, odorless, gentle on the skin, and less likely to cause allergies. Sapphire crystal glass, 5ATM water resistance, and high-quality Grade A luminescent coating; effortlessly suited for any occasion, making it the ideal first mechanical watch for young people","“Miyota quartz movement,” “chronograph/calendar functions,” “fluororubber strap—gentler on the skin, eco-friendly, and odor-free,” “sapphire crystal,” “5ATM water resistance,” “ high-quality Grade A luminescent coating,” “barrel-shaped watch,” “Boi-ceramic bezel and case,”",https://tsarbomba.com/products/tb8224b?variant=47618125627648,https://cdn.shopify.com/s/files/1/0540/8145/4255/files/TB8224B-01-01.png?v=1768990352,USD,280,new,White,"TSAR BOMBA WATCH Barrel Type",male,"Products source-US3-Men's Watch","Elemental Series",0~500,44.8mm*51.5mm*14.5mm,Bio-ceramic,https://cdn.shopify.com/s/files/1/0540/8145/4255/files/TB8224B-01-01.png?v=1768990352，https://cdn.shopify.com/s/files/1/0540/8145/4255/files/TB8224B-01-03.png?v=1768990352，https://cdn.shopify.com/s/files/1/0540/8145/4255/files/TB8224B-01-02.png?v=1768990352,"General:Movement: Japanese Movement, General: Case Material: 316L Stainless Steel, General: Bezel Material: Bio-ceramic, General:Crystal: Sapphire Crystal, General: Water Resistance:50m, General: Lume: A-Grade Luminous, General: Strap Material: Fluororubber.","Apparel & Accessories > Jewelry > Watches",in_stock,Quartz,769887715017
113495,109230,Tsarbomba,45567587665,https://www.awin1.com/pclick.php?p=45567587665&a=3002879&m=109230,https://images2.productserve.com/?w=200&h=200&bg=white&trim=5&t=letterbox&url=ssl%3Acdn.shopify.com%2Fs%2Ffiles%2F1%2F0540%2F8145%2F4255%2Ffiles%2FBlack-4_2e74a502-2fa6-4098-981f-d7ca833c89fc.png%3Fv%3D1769161294&feedId=113495&k=4c44f347e3f0ea1d39611c9c2c7923609b505d48,https://images2.productserve.com/?w=70&h=70&bg=white&trim=5&t=letterbox&url=ssl%3Acdn.shopify.com%2Fs%2Ffiles%2F1%2F0540%2F8145%2F4255%2Ffiles%2FBlack-4_2e74a502-2fa6-4098-981f-d7ca833c89fc.png%3Fv%3D1769161294&feedId=113495&k=4c44f347e3f0ea1d39611c9c2c7923609b505d48,544,"Men's Watches",,"TSAR BOMBA WATCH",TB8224B-01Black,Watches,TB8224B-01Black,"TSAR BOMBA Men's Luxury Quartz Watch | Black | Bioceramic Tonneau Case | Japanese Quartz Movement | 50M Waterproof Sport Wristwatch for Men | Elemental TB8224B","Discover the TSAR BOMBA TB8224B Elemental-Calendar series, where modern sports style meets precision engineering. This luxury men's watch features a distinctive tonneau-shaped 316L stainless steel case and a clear date calendar display. Powered by a reliable Japanese Epson movement, it is protected by scratch-resistant sapphire crystal for ultimate durability. With its ergonomic fluororubber strap and 50M (5ATM) water resistance, this timepiece is designed for both urban elegance and active lifestyles. A perfect fusion of bold aesthetics and everyday functionality.","""Barrel-shaped quartz watch"", ""Japanese movement"", ""316L stainless steel case"", “Bio-ceramic bezel”, ""Sapphire crystal"", ""50m water resistance"", ""A-grade lume"", ""Fluororubber strap"".",https://tsarbomba.com/products/tb8224b?variant=47622949634304,https://cdn.shopify.com/s/files/1/0540/8145/4255/files/Black-4_2e74a502-2fa6-4098-981f-d7ca833c89fc.png?v=1769161294,USD,280,new,Black,"TSAR BOMBA WATCH Barrel Type",male,"Products source-US3-Men's Watch","Elemental Series",0~500,44.8mm*51.5mm*14.5mm,Bio-ceramic,"https://cdn.shopify.com/s/files/1/0540/8145/4255/files/Black-2_f8738f69-47ba-415f-b9e0-be27b46cf1ed.png?v=1769161294,https://cdn.shopify.com/s/files/1/0540/8145/4255/files/Black-5.png?v=1769161294,https://cdn.shopify.com/s/files/1/0540/8145/4255/files/Black-3_57580ad2-39c2-4d99-99dd-bfe63eda80ec.png?v=1769161294","General:Movement: Japanese Movement, General: Case Material: 316L Stainless Steel, General: Bezel Material: Bio-ceramic, General:Crystal: Sapphire Crystal, General: Water Resistance:50m, General: Lume: A-Grade Luminous, General: Strap Material: Fluororubber.","Apparel & Accessories > Jewelry > Watches",in_stock,Quartz,
113495,109230,Tsarbomba,45567587666,https://www.awin1.com/pclick.php?p=45567587666&a=3002879&m=109230,https://images2.productserve.com/?w=200&h=200&bg=white&trim=5&t=letterbox&url=ssl%3Acdn.shopify.com%2Fs%2Ffiles%2F1%2F0540%2F8145%2F4255%2Ffiles%2FLight_Blue-4.png%3Fv%3D1769161294&feedId=113495&k=6bd38301427514b2abb099ca4e2ac49b20a33d2c,https://images2.productserve.com/?w=70&h=70&bg=white&trim=5&t=letterbox&url=ssl%3Acdn.shopify.com%2Fs%2Ffiles%2F1%2F0540%2F8145%2F4255%2Ffiles%2FLight_Blue-4.png%3Fv%3D1769161294&feedId=113495&k=6bd38301427514b2abb099ca4e2ac49b20a33d2c,544,"Men's Watches",,"TSAR BOMBA WATCH",TB8224B-01Blue,Watches,TB8224B-01Blue,"TSAR BOMBA Men's Luxury Quartz Watch | Blue | Bioceramic Tonneau Case | Japanese Quartz Movement | 50M Waterproof Sport Wristwatch for Men | Elemental TB8224B","Discover the TSAR BOMBA TB8224B Elemental-Calendar series, where modern sports style meets precision engineering. This luxury men's watch features a distinctive tonneau-shaped 316L stainless steel case and a clear date calendar display. Powered by a reliable Japanese Epson movement, it is protected by scratch-resistant sapphire crystal for ultimate durability. With its ergonomic fluororubber strap and 50M (5ATM) water resistance, this timepiece is designed for both urban elegance and active lifestyles. A perfect fusion of bold aesthetics and everyday functionality.","""Barrel-shaped quartz watch"", ""Japanese movement"", ""316L stainless steel case"", “Bio-ceramic bezel”, ""Sapphire crystal"", ""50m water resistance"", ""A-grade lume"", ""Fluororubber strap"".",https://tsarbomba.com/products/tb8224b?variant=47622949667072,https://cdn.shopify.com/s/files/1/0540/8145/4255/files/Light_Blue-4.png?v=1769161294,USD,280,new,"Light Blue","TSAR BOMBA WATCH Barrel Type",male,"Products source-US3-Men's Watch","Elemental Series",0~500,44.8mm*51.5mm*14.5mm,Bio-ceramic,"https://cdn.shopify.com/s/files/1/0540/8145/4255/files/Light_Blue-2_7713c97d-e4ec-455f-9879-6aabed1c9977.png?v=1769161294,https://cdn.shopify.com/s/files/1/0540/8145/4255/files/Light_Blue-5.png?v=1769161294","General:Movement: Japanese Movement, General: Case Material: 316L Stainless Steel, General: Bezel Material: Bio-ceramic, General:Crystal: Sapphire Crystal, General: Water Resistance:50m, General: Lume: A-Grade Luminous, General: Strap Material: Fluororubber.","Apparel & Accessories > Jewelry > Watches",in_stock,Quartz,
113495,109230,Tsarbomba,45567587667,https://www.awin1.com/pclick.php?p=45567587667&a=3002879&m=109230,https://images2.productserve.com/?w=200&h=200&bg=white&trim=5&t=letterbox&url=ssl%3Acdn.shopify.com%2Fs%2Ffiles%2F1%2F0540%2F8145%2F4255%2Ffiles%2FTB8224B-02-04.png%3Fv%3D1769161294&feedId=113495&k=54761853c0e9a64d21b0c33a4af6a5737a048028,https://images2.productserve.com/?w=70&h=70&bg=white&trim=5&t=letterbox&url=ssl%3Acdn.shopify.com%2Fs%2Ffiles%2F1%2F0540%2F8145%2F4255%2Ffiles%2FTB8224B-02-04.png%3Fv%3D1769161294&feedId=113495&k=54761853c0e9a64d21b0c33a4af6a5737a048028,544,"Men's Watches",,"TSAR BOMBA WATCH",TB8224B-green,Watches,TB8224B-02,"TSAR BOMBA Men's Luxury Quartz Watch | Olive | Bioceramic Tonneau Case | Japanese Quartz Movement | 50M Waterproof Sport Wristwatch for Men | Elemental TB8224B","Discover the TSAR BOMBA TB8224B Elemental-Calendar series, where modern sports style meets precision engineering. This luxury men's watch features a distinctive tonneau-shaped 316L stainless steel case and a clear date calendar display. Powered by a reliable Japanese Epson movement, it is protected by scratch-resistant sapphire crystal for ultimate durability. With its ergonomic fluororubber strap and 50M (5ATM) water resistance, this timepiece is designed for both urban elegance and active lifestyles. A perfect fusion of bold aesthetics and everyday functionality.","""Barrel-shaped quartz watch"", ""Japanese movement"", ""316L stainless steel case"", “Bio-ceramic bezel”, ""Sapphire crystal"", ""50m water resistance"", ""A-grade lume"", ""Fluororubber strap"".",https://tsarbomba.com/products/tb8224b?variant=47622949699840,https://cdn.shopify.com/s/files/1/0540/8145/4255/files/TB8224B-02-04.png?v=1769161294,USD,280,new,Olive,"TSAR BOMBA WATCH Barrel Type",male,"Products source-US3-Men's Watch","Elemental Series",0~500,44.8mm*51.5mm*14.5mm,Bio-ceramic,"https://cdn.shopify.com/s/files/1/0540/8145/4255/files/TB8224B-02-01.png?v=1769161294,https://cdn.shopify.com/s/files/1/0540/8145/4255/files/TB8224B-02-02.png?v=1769161294","General:Movement: Japanese Movement, General: Case Material: 316L Stainless Steel, General: Bezel Material: Bio-ceramic, General:Crystal: Sapphire Crystal, General: Water Resistance:50m, General: Lume: A-Grade Luminous, General: Strap Material: Fluororubber.","Apparel & Accessories > Jewelry > Watches",in_stock,Quartz,769887715024
113495,109230,Tsarbomba,45221769242,https://www.awin1.com/pclick.php?p=45221769242&a=3002879&m=109230,https://images2.productserve.com/?w=200&h=200&bg=white&trim=5&t=letterbox&url=ssl%3Acdn.shopify.com%2Fs%2Ffiles%2F1%2F0540%2F8145%2F4255%2Ffiles%2FGold-1_21cd2a01-ec4f-4f1b-a31d-cf9947a35fcd.png%3Fv%3D1778296332&feedId=113495&k=ab685570383a888ac229e60d1172dca8704f9808,https://images2.productserve.com/?w=70&h=70&bg=white&trim=5&t=letterbox&url=ssl%3Acdn.shopify.com%2Fs%2Ffiles%2F1%2F0540%2F8145%2F4255%2Ffiles%2FGold-1_21cd2a01-ec4f-4f1b-a31d-cf9947a35fcd.png%3Fv%3D1778296332&feedId=113495&k=ab685570383a888ac229e60d1172dca8704f9808,544,"Men's Watches",,"TSAR BOMBA WATCH",TB8227-01,Watches,TB8227-01,"TSAR BOMBA Men's Automatic Watch | Gold | Stainless Steel Case | Carbon Fiber Bezel | Japanese Mechanical Skeleton Movement | Luxury Sport Wristwatch | Reactor TB8227","Discover the perfect balance of industrial aesthetics and precision engineering with the TSAR BOMBA TB8227. Crafted from premium 316L surgical-grade stainless steel, this luxury men's watch features the iconic tonneau-shaped case and a sophisticated skeleton dial that reveals a high-performance Japanese automatic movement. The ergonomic curved design ensures a comfortable fit, while the scratch-resistant sapphire crystal protects your timepiece from daily wear. Equipped with A-level Super-Luminova for clear night reading and 5ATM (50M) water resistance, the TB8227 is built for both the boardroom and the weekend. Featuring a durable, sweat-resistant fluororubber strap, it is the ultimate statement of style and durability for the modern man.","""Barrel-shaped automatic watch"", ""Japanese movement"", ""316L stainless steel case"", “Carbon fiber bezel”, ""Skull skeleton dial"", ""Sapphire crystal"", ""50m water resistance"", ""A-grade lume"", ""Fluororubber strap"".",https://tsarbomba.com/products/tb8227?variant=48696746705152,https://cdn.shopify.com/s/files/1/0540/8145/4255/files/Gold-1_21cd2a01-ec4f-4f1b-a31d-cf9947a35fcd.png?v=1778296332,USD,1500,new,Gold,"TSAR BOMBA WATCH Barrel Type",male,"Products source-US3-Men's Watch","Reactor Series",1000~2000,42.3mm*53.0mm*14.5mm,"Carbon Fiber","https://cdn.shopify.com/s/files/1/0540/8145/4255/files/Gold-2_e9a08e9f-37c0-417e-8562-017db9c5e331.png?v=1778296333,https://cdn.shopify.com/s/files/1/0540/8145/4255/files/Gold-3_d83e18f3-6efc-42ae-9b8a-d3992a0f5cc4.png?v=1778296332","General:Movement: Japanese Movement, General: Case Material: 316L Stainless Steel, General: Bezel Material: Carbon Fiber, General:Dial: Skull Skeleton Dial, General:Crystal: Sapphire Crystal, General: Water Resistance:50m, General: Lume: A-Grade Luminous, General: Strap Material: Fluororubber.","Apparel & Accessories > Jewelry > Watches",in_stock,Automatic,
113495,109230,Tsarbomba,45221769243,https://www.awin1.com/pclick.php?p=45221769243&a=3002879&m=109230,https://images2.productserve.com/?w=200&h=200&bg=white&trim=5&t=letterbox&url=ssl%3Acdn.shopify.com%2Fs%2Ffiles%2F1%2F0540%2F8145%2F4255%2Ffiles%2FBlack-1_4a98d2ad-13c6-4950-8f62-f92677f022ce.png%3Fv%3D1778296332&feedId=113495&k=53cf07ece62d67869abbb673f5b6f77ee78d0e8e,https://images2.productserve.com/?w=70&h=70&bg=white&trim=5&t=letterbox&url=ssl%3Acdn.shopify.com%2Fs%2Ffiles%2F1%2F0540%2F8145%2F4255%2Ffiles%2FBlack-1_4a98d2ad-13c6-4950-8f62-f92677f022ce.png%3Fv%3D1778296332&feedId=113495&k=53cf07ece62d67869abbb673f5b6f77ee78d0e8e,544,"Men's Watches",,"TSAR BOMBA WATCH",TB8227-02,Watches,TB8227-02,"TSAR BOMBA Men's Automatic Watch | Gold | Stainless Steel Case | Carbon Fiber Bezel | Japanese Mechanical Skeleton Movement | Luxury Sport Wristwatch | Reactor TB8227","Discover the perfect balance of industrial aesthetics and precision engineering with the TSAR BOMBA TB8227. Crafted from premium 316L surgical-grade stainless steel, this luxury men's watch features the iconic tonneau-shaped case and a sophisticated skeleton dial that reveals a high-performance Japanese automatic movement. The ergonomic curved design ensures a comfortable fit, while the scratch-resistant sapphire crystal protects your timepiece from daily wear. Equipped with A-level Super-Luminova for clear night reading and 5ATM (50M) water resistance, the TB8227 is built for both the boardroom and the weekend. Featuring a durable, sweat-resistant fluororubber strap, it is the ultimate statement of style and durability for the modern man.","""Barrel-shaped automatic watch"", ""Japanese movement"", ""316L stainless steel case"", “Carbon fiber bezel”, ""Skull skeleton dial"", ""Sapphire crystal"", ""50m water resistance"", ""A-grade lume"", ""Fluororubber strap"".",https://tsarbomba.com/products/tb8227?variant=48696746737920,https://cdn.shopify.com/s/files/1/0540/8145/4255/files/Black-1_4a98d2ad-13c6-4950-8f62-f92677f022ce.png?v=1778296332,USD,1500,new,Black,"TSAR BOMBA WATCH Barrel Type",male,"Products source-US3-Men's Watch","Reactor Series",1000~2000,42.3mm*53.0mm*14.5mm,"Carbon Fiber","https://cdn.shopify.com/s/files/1/0540/8145/4255/files/Black-2_24211cfe-54b2-4225-bfd6-973316fed1a4.png?v=1778296332,https://cdn.shopify.com/s/files/1/0540/8145/4255/files/Black-3_92a36782-52c8-44ef-9221-9b0e101476f4.png?v=1778296333","General:Movement: Japanese Movement, General: Case Material: 316L Stainless Steel, General: Bezel Material: Carbon Fiber, General:Dial: Skull Skeleton Dial, General:Crystal: Sapphire Crystal, General: Water Resistance:50m, General: Lume: A-Grade Luminous, General: Strap Material: Fluororubber.","Apparel & Accessories > Jewelry > Watches",in_stock,Automatic,
113495,109230,Tsarbomba,45221769244,https://www.awin1.com/pclick.php?p=45221769244&a=3002879&m=109230,https://images2.productserve.com/?w=200&h=200&bg=white&trim=5&t=letterbox&url=ssl%3Acdn.shopify.com%2Fs%2Ffiles%2F1%2F0540%2F8145%2F4255%2Ffiles%2FGreen-1_d51e7936-cc54-4045-8827-256dfc607b81.png%3Fv%3D1778296333&feedId=113495&k=23e484dd78e869467c678fc5d367c6989ba53395,https://images2.productserve.com/?w=70&h=70&bg=white&trim=5&t=letterbox&url=ssl%3Acdn.shopify.com%2Fs%2Ffiles%2F1%2F0540%2F8145%2F4255%2Ffiles%2FGreen-1_d51e7936-cc54-4045-8827-256dfc607b81.png%3Fv%3D1778296333&feedId=113495&k=23e484dd78e869467c678fc5d367c6989ba53395,544,"Men's Watches",,"TSAR BOMBA WATCH",TB8227-03,Watches,TB8227-03,"TSAR BOMBA Men's Automatic Watch | Gold | Stainless Steel Case | Carbon Fiber Bezel | Japanese Mechanical Skeleton Movement | Luxury Sport Wristwatch | Reactor TB8227","Discover the perfect balance of industrial aesthetics and precision engineering with the TSAR BOMBA TB8227. Crafted from premium 316L surgical-grade stainless steel, this luxury men's watch features the iconic tonneau-shaped case and a sophisticated skeleton dial that reveals a high-performance Japanese automatic movement. The ergonomic curved design ensures a comfortable fit, while the scratch-resistant sapphire crystal protects your timepiece from daily wear. Equipped with A-level Super-Luminova for clear night reading and 5ATM (50M) water resistance, the TB8227 is built for both the boardroom and the weekend. Featuring a durable, sweat-resistant fluororubber strap, it is the ultimate statement of style and durability for the modern man.","""Barrel-shaped automatic watch"", ""Japanese movement"", ""316L stainless steel case"", “Carbon fiber bezel”, ""Skull skeleton dial"", ""Sapphire crystal"", ""50m water resistance"", ""A-grade lume"", ""Fluororubber strap"".",https://tsarbomba.com/products/tb8227?variant=48696746770688,https://cdn.shopify.com/s/files/1/0540/8145/4255/files/Green-1_d51e7936-cc54-4045-8827-256dfc607b81.png?v=1778296333,USD,1500,new,Green,"TSAR BOMBA WATCH Barrel Type",male,"Products source-US3-Men's Watch","Reactor Series",1000~2000,42.3mm*53.0mm*14.5mm,"Carbon Fiber","https://cdn.shopify.com/s/files/1/0540/8145/4255/files/Green-2_3aad5d28-951c-46ab-8c3f-3c7f16ca83e7.png?v=1778296333,https://cdn.shopify.com/s/files/1/0540/8145/4255/files/Green-3_65235719-ad26-490d-85b0-8e451b785c39.png?v=1778296333","General:Movement: Japanese Movement, General: Case Material: 316L Stainless Steel, General: Bezel Material: Carbon Fiber, General:Dial: Skull Skeleton Dial, General:Crystal: Sapphire Crystal, General: Water Resistance:50m, General: Lume: A-Grade Luminous, General: Strap Material: Fluororubber.","Apparel & Accessories > Jewelry > Watches",in_stock,Automatic,
113495,109230,Tsarbomba,45221769245,https://www.awin1.com/pclick.php?p=45221769245&a=3002879&m=109230,https://images2.productserve.com/?w=200&h=200&bg=white&trim=5&t=letterbox&url=ssl%3Acdn.shopify.com%2Fs%2Ffiles%2F1%2F0540%2F8145%2F4255%2Ffiles%2FRed-1_570ba98f-0cb3-4e8a-9aad-9f741f83d4e5.png%3Fv%3D1778296332&feedId=113495&k=0a28955f492818d6e83dcffda32d62761e226cf5,https://images2.productserve.com/?w=70&h=70&bg=white&trim=5&t=letterbox&url=ssl%3Acdn.shopify.com%2Fs%2Ffiles%2F1%2F0540%2F8145%2F4255%2Ffiles%2FRed-1_570ba98f-0cb3-4e8a-9aad-9f741f83d4e5.png%3Fv%3D1778296332&feedId=113495&k=0a28955f492818d6e83dcffda32d62761e226cf5,544,"Men's Watches",,"TSAR BOMBA WATCH",TB8227-04,Watches,TB8227-04,"TSAR BOMBA Men's Automatic Watch | Gold | Stainless Steel Case | Carbon Fiber Bezel | Japanese Mechanical Skeleton Movement | Luxury Sport Wristwatch | Reactor TB8227","Discover the perfect balance of industrial aesthetics and precision engineering with the TSAR BOMBA TB8227. Crafted from premium 316L surgical-grade stainless steel, this luxury men's watch features the iconic tonneau-shaped case and a sophisticated skeleton dial that reveals a high-performance Japanese automatic movement. The ergonomic curved design ensures a comfortable fit, while the scratch-resistant sapphire crystal protects your timepiece from daily wear. Equipped with A-level Super-Luminova for clear night reading and 5ATM (50M) water resistance, the TB8227 is built for both the boardroom and the weekend. Featuring a durable, sweat-resistant fluororubber strap, it is the ultimate statement of style and durability for the modern man.","""Barrel-shaped automatic watch"", ""Japanese movement"", ""316L stainless steel case"", “Carbon fiber bezel”, ""Skull skeleton dial"", ""Sapphire crystal"", ""50m water resistance"", ""A-grade lume"", ""Fluororubber strap"".",https://tsarbomba.com/products/tb8227?variant=48696746803456,https://cdn.shopify.com/s/files/1/0540/8145/4255/files/Red-1_570ba98f-0cb3-4e8a-9aad-9f741f83d4e5.png?v=1778296332,USD,1500,new,Red,"TSAR BOMBA WATCH Barrel Type",male,"Products source-US3-Men's Watch","Reactor Series",1000~2000,42.3mm*53.0mm*14.5mm,"Carbon Fiber","https://cdn.shopify.com/s/files/1/0540/8145/4255/files/Red-2_941ebc13-13c9-4020-a9cc-0ddcd5e72c5e.png?v=1778296333,https://cdn.shopify.com/s/files/1/0540/8145/4255/files/Red-3_0f89704c-e879-4a1c-ad58-020fca12de8c.png?v=1778296332","General:Movement: Japanese Movement, General: Case Material: 316L Stainless Steel, General: Bezel Material: Carbon Fiber, General:Dial: Skull Skeleton Dial, General:Crystal: Sapphire Crystal, General: Water Resistance:50m, General: Lume: A-Grade Luminous, General: Strap Material: Fluororubber.","Apparel & Accessories > Jewelry > Watches",in_stock,Automatic,
113495,109230,Tsarbomba,45221769246,https://www.awin1.com/pclick.php?p=45221769246&a=3002879&m=109230,https://images2.productserve.com/?w=200&h=200&bg=white&trim=5&t=letterbox&url=ssl%3Acdn.shopify.com%2Fs%2Ffiles%2F1%2F0540%2F8145%2F4255%2Ffiles%2FTB8229-02-04.png%3Fv%3D1779525081&feedId=113495&k=c2b52ec3e4ce22be6453d53f60a492dd811d0c08,https://images2.productserve.com/?w=70&h=70&bg=white&trim=5&t=letterbox&url=ssl%3Acdn.shopify.com%2Fs%2Ffiles%2F1%2F0540%2F8145%2F4255%2Ffiles%2FTB8229-02-04.png%3Fv%3D1779525081&feedId=113495&k=c2b52ec3e4ce22be6453d53f60a492dd811d0c08,544,"Men's Watches",,"TSAR BOMBA WATCH",TB8229C-02,Watches,TB8229C-02,"TSAR BOMBA Men's Automatic Watch | Lake Blue | Stainless Steel Case | Ceramic Bezel | Japanese Mechanical Skeleton Movement | Unconventional time display | Luxury Sport Wristwatch | Reactor Parallax","Discover the perfect balance of industrial aesthetics and precision engineering with the TSAR BOMBA TB8227. Crafted from premium 316L surgical-grade stainless steel, this luxury men's watch features the iconic tonneau-shaped case and a sophisticated skeleton dial that reveals a high-performance Japanese automatic movement. The ergonomic curved design ensures a comfortable fit, while the scratch-resistant sapphire crystal protects your timepiece from daily wear. Equipped with A-level Super-Luminova for clear night reading and 5ATM (50M) water resistance, the TB8227 is built for both the boardroom and the weekend. Featuring a durable, sweat-resistant fluororubber strap, it is the ultimate statement of style and durability for the modern man.","""Barrel-shaped automatic watch"", ""Japanese movement"", ""316L stainless steel case"", “Ceramic bezel”, ""Unconventional time display"", ""Sapphire crystal"", ""50m water resistance"", ""A-grade lume"", ""Fluororubber strap"".",https://tsarbomba.com/products/tb8229?variant=48756423655680,https://cdn.shopify.com/s/files/1/0540/8145/4255/files/TB8229-02-04.png?v=1779525081,USD,2500,new,"Lake Blue","TSAR BOMBA WATCH Barrel Type",male,"Products source-US3-Men's Watch","Reactor Series",2000~,43.2mm*51.3mm*14.1mm,Ceramic,"https://cdn.shopify.com/s/files/1/0540/8145/4255/files/TB8229-02-05.png?v=1779525081,https://cdn.shopify.com/s/files/1/0540/8145/4255/files/TB8229-02-01.png?v=1779525081","General:Movement: Japanese Movement, General: Case Material: 316L Stainless Steel, General: Bezel Material: Ceramic, General:Dial: Unconventional time display, General:Crystal: Sapphire Crystal, General: Water Resistance:50m, General: Lume: A-Grade Luminous, General: Strap Material: Fluororubber.","Apparel & Accessories > Jewelry > Watches",in_stock,Automatic,
113495,109230,Tsarbomba,45221769247,https://www.awin1.com/pclick.php?p=45221769247&a=3002879&m=109230,https://images2.productserve.com/?w=200&h=200&bg=white&trim=5&t=letterbox&url=ssl%3Acdn.shopify.com%2Fs%2Ffiles%2F1%2F0540%2F8145%2F4255%2Ffiles%2FTB8229-01-04.png%3Fv%3D1779525081&feedId=113495&k=883ec74b30a8cb1f284cc234f8bc4b88fd00ec0d,https://images2.productserve.com/?w=70&h=70&bg=white&trim=5&t=letterbox&url=ssl%3Acdn.shopify.com%2Fs%2Ffiles%2F1%2F0540%2F8145%2F4255%2Ffiles%2FTB8229-01-04.png%3Fv%3D1779525081&feedId=113495&k=883ec74b30a8cb1f284cc234f8bc4b88fd00ec0d,544,"Men's Watches",,"TSAR BOMBA WATCH",TB8229C-01,Watches,TB8229C-01,"TSAR BOMBA Men's Automatic Watch | Grey | Stainless Steel Case | Ceramic Bezel | Japanese Mechanical Skeleton Movement | Unconventional time display | Luxury Sport Wristwatch | Reactor Parallax","Discover the perfect balance of industrial aesthetics and precision engineering with the TSAR BOMBA TB8227. Crafted from premium 316L surgical-grade stainless steel, this luxury men's watch features the iconic tonneau-shaped case and a sophisticated skeleton dial that reveals a high-performance Japanese automatic movement. The ergonomic curved design ensures a comfortable fit, while the scratch-resistant sapphire crystal protects your timepiece from daily wear. Equipped with A-level Super-Luminova for clear night reading and 5ATM (50M) water resistance, the TB8227 is built for both the boardroom and the weekend. Featuring a durable, sweat-resistant fluororubber strap, it is the ultimate statement of style and durability for the modern man.","""Barrel-shaped automatic watch"", ""Japanese movement"", ""316L stainless steel case"", “Ceramic bezel”, ""Unconventional time display"", ""Sapphire crystal"", ""50m water resistance"", ""A-grade lume"", ""Fluororubber strap"".",https://tsarbomba.com/products/tb8229?variant=48756423688448,https://cdn.shopify.com/s/files/1/0540/8145/4255/files/TB8229-01-04.png?v=1779525081,USD,2500,new,Grey,"TSAR BOMBA WATCH Barrel Type",male,"Products source-US3-Men's Watch","Reactor Series",2000~,43.2mm*51.3mm*14.1mm,Ceramic,"https://cdn.shopify.com/s/files/1/0540/8145/4255/files/TB8229-01-05.png?v=1779525081,https://cdn.shopify.com/s/files/1/0540/8145/4255/files/TB8229-01-01.png?v=1779525081","General:Movement: Japanese Movement, General: Case Material: 316L Stainless Steel, General: Bezel Material: Ceramic, General:Dial: Unconventional time display, General:Crystal: Sapphire Crystal, General: Water Resistance:50m, General: Lume: A-Grade Luminous, General: Strap Material: Fluororubber.","Apparel & Accessories > Jewelry > Watches",in_stock,Automatic,
113495,109230,Tsarbomba,45221769248,https://www.awin1.com/pclick.php?p=45221769248&a=3002879&m=109230,https://images2.productserve.com/?w=200&h=200&bg=white&trim=5&t=letterbox&url=ssl%3Acdn.shopify.com%2Fs%2Ffiles%2F1%2F0540%2F8145%2F4255%2Ffiles%2FTB8229-03-04.png%3Fv%3D1779525081&feedId=113495&k=52865af29cb7f2d405c83f986005074e7632c696,https://images2.productserve.com/?w=70&h=70&bg=white&trim=5&t=letterbox&url=ssl%3Acdn.shopify.com%2Fs%2Ffiles%2F1%2F0540%2F8145%2F4255%2Ffiles%2FTB8229-03-04.png%3Fv%3D1779525081&feedId=113495&k=52865af29cb7f2d405c83f986005074e7632c696,544,"Men's Watches",,"TSAR BOMBA WATCH",TB8229CF-01,Watches,TB8229CF-01,"TSAR BOMBA Men's Automatic Watch | Black | Stainless Steel Case | Carbon Fiber Bezel | Japanese Mechanical Skeleton Movement | Unconventional time display | Luxury Sport Wristwatch | Reactor Parallax","Discover the perfect balance of industrial aesthetics and precision engineering with the TSAR BOMBA TB8227. Crafted from premium 316L surgical-grade stainless steel, this luxury men's watch features the iconic tonneau-shaped case and a sophisticated skeleton dial that reveals a high-performance Japanese automatic movement. The ergonomic curved design ensures a comfortable fit, while the scratch-resistant sapphire crystal protects your timepiece from daily wear. Equipped with A-level Super-Luminova for clear night reading and 5ATM (50M) water resistance, the TB8227 is built for both the boardroom and the weekend. Featuring a durable, sweat-resistant fluororubber strap, it is the ultimate statement of style and durability for the modern man.","""Barrel-shaped automatic watch"", ""Japanese movement"", ""316L stainless steel case"", “Carbon fiber bezel”, ""Unconventional time display"", ""Sapphire crystal"", ""50m water resistance"", ""A-grade lume"", ""Fluororubber strap"".",https://tsarbomba.com/products/tb8229?variant=48756423721216,https://cdn.shopify.com/s/files/1/0540/8145/4255/files/TB8229-03-04.png?v=1779525081,USD,2500,new,Black,"TSAR BOMBA WATCH Barrel Type",male,"Products source-US3-Men's Watch","Reactor Series",2000~,43.2mm*51.3mm*14.1mm,"Carbon Fiber","https://cdn.shopify.com/s/files/1/0540/8145/4255/files/TB8229-03-05.png?v=1779525081,https://cdn.shopify.com/s/files/1/0540/8145/4255/files/TB8229-03-01.png?v=1779525081","General:Movement: Japanese Movement, General: Case Material: 316L Stainless Steel, General: Bezel Material: Carbon fiber, General:Dial: Unconventional time display, General:Crystal: Sapphire Crystal, General: Water Resistance:50m, General: Lume: A-Grade Luminous, General: Strap Material: Fluororubber.","Apparel & Accessories > Jewelry > Watches",in_stock,Automatic,
113495,109230,Tsarbomba,45221769249,https://www.awin1.com/pclick.php?p=45221769249&a=3002879&m=109230,https://images2.productserve.com/?w=200&h=200&bg=white&trim=5&t=letterbox&url=ssl%3Acdn.shopify.com%2Fs%2Ffiles%2F1%2F0540%2F8145%2F4255%2Ffiles%2FTB8230-01-1.png%3Fv%3D1777275741&feedId=113495&k=a2f4f7ac44d7c4dbdf9f83cf65b1587cbb175382,https://images2.productserve.com/?w=70&h=70&bg=white&trim=5&t=letterbox&url=ssl%3Acdn.shopify.com%2Fs%2Ffiles%2F1%2F0540%2F8145%2F4255%2Ffiles%2FTB8230-01-1.png%3Fv%3D1777275741&feedId=113495&k=a2f4f7ac44d7c4dbdf9f83cf65b1587cbb175382,544,"Men's Watches",,"TSAR BOMBA WATCH",TB8230-01,Watches,TB8230-01,"TSAR BOMBA Men's Carbon Fiber Automatic Watch | Carbon Fiber Dial | Silver Black | Electron Series | Miyota Movement | 10ATM Waterproof","The TSAR BOMBA Electron Series TB8230 is a masterpiece of modern engineering, blending aerospace-grade materials with haute horlogerie. Crafted from ultra-lightweight carbon fiber and powered by a precision Japanese Miyota movement, this timepiece is designed for those who demand bold aesthetics and unmatched durability.  Key Features:  Full Carbon Fiber Construction: The case and dial are meticulously crafted from high-performance carbon fiber. Known for its distinct marbled texture, it offers an incredible strength-to-weight ratio, ensuring the watch is both virtually indestructible and exceptionally light on the wrist.  Ultra-Durable Sapphire Crystal: Protected by a synthetic sapphire glass with a Mohs hardness of 9, providing superior scratch resistance and crystal-clear visibility under any conditions.  10ATM Professional Waterproofing: Engineered for adventure, this watch is water-resistant up to 100 meters (10ATM), making it suitable for swimming, snorkeling, and high-intensity water sports.  Ergonomic Sport Design: The integrated carbon fiber bracelet and double-click butterfly clasp provide a secure, seamless fit that conforms to the wrist for all-day comfort.","""Round automatic watch"", ""Japanese movement"", ""Carbon Fiber case"", “Carbon Fiber bezel”, ""Sapphire crystal"", ""100m water resistance"", ""A-grade lume"", ""Carbon Fiber dial"".",https://tsarbomba.com/products/tb8230?variant=48649779839232,https://cdn.shopify.com/s/files/1/0540/8145/4255/files/TB8230-01-1.png?v=1777275741,USD,750,new,"Silver Black","TSAR BOMBA WATCH Round Type",male,"Products source-US3-Men's Watch","Electron Series",500~1000,45.0mm*50.7mm*14.0mm,"Carbon Fiber",",https://cdn.shopify.com/s/files/1/0540/8145/4255/files/TB8230-01-3.png?v=1777275741","General:Movement: Japanese Movement, General: Case Material: Carbon Fiber, General: Bezel Material: Carbon Fiber, General:Crystal: Sapphire, General: Water Resistance:100m, General: Lume: A-Grade Luminous.","Apparel & Accessories > Jewelry > Watches",in_stock,Automatic,
113495,109230,Tsarbomba,45221769250,https://www.awin1.com/pclick.php?p=45221769250&a=3002879&m=109230,https://images2.productserve.com/?w=200&h=200&bg=white&trim=5&t=letterbox&url=ssl%3Acdn.shopify.com%2Fs%2Ffiles%2F1%2F0540%2F8145%2F4255%2Ffiles%2FTB8230-02-1.png%3Fv%3D1777275741&feedId=113495&k=78ac7fdfbb3c1452580ad5e5fa81533a0cf4af21,https://images2.productserve.com/?w=70&h=70&bg=white&trim=5&t=letterbox&url=ssl%3Acdn.shopify.com%2Fs%2Ffiles%2F1%2F0540%2F8145%2F4255%2Ffiles%2FTB8230-02-1.png%3Fv%3D1777275741&feedId=113495&k=78ac7fdfbb3c1452580ad5e5fa81533a0cf4af21,544,"Men's Watches",,"TSAR BOMBA WATCH",TB8230-02,Watches,TB8230-02,"TSAR BOMBA Men's Carbon Fiber Automatic Watch | Carbon Fiber Dial | Black | Electron Series | Miyota Movement | 10ATM Waterproof","The TSAR BOMBA Electron Series TB8230 is a masterpiece of modern engineering, blending aerospace-grade materials with haute horlogerie. Crafted from ultra-lightweight carbon fiber and powered by a precision Japanese Miyota movement, this timepiece is designed for those who demand bold aesthetics and unmatched durability.  Key Features:  Full Carbon Fiber Construction: The case and dial are meticulously crafted from high-performance carbon fiber. Known for its distinct marbled texture, it offers an incredible strength-to-weight ratio, ensuring the watch is both virtually indestructible and exceptionally light on the wrist.  Ultra-Durable Sapphire Crystal: Protected by a synthetic sapphire glass with a Mohs hardness of 9, providing superior scratch resistance and crystal-clear visibility under any conditions.  10ATM Professional Waterproofing: Engineered for adventure, this watch is water-resistant up to 100 meters (10ATM), making it suitable for swimming, snorkeling, and high-intensity water sports.  Ergonomic Sport Design: The integrated carbon fiber bracelet and double-click butterfly clasp provide a secure, seamless fit that conforms to the wrist for all-day comfort.","""Round automatic watch"", ""Japanese movement"", ""Carbon Fiber case"", “Carbon Fiber bezel”, ""Sapphire crystal"", ""100m water resistance"", ""A-grade lume"", ""Carbon Fiber dial"".",https://tsarbomba.com/products/tb8230?variant=48649779872000,https://cdn.shopify.com/s/files/1/0540/8145/4255/files/TB8230-02-1.png?v=1777275741,USD,750,new,Black,"TSAR BOMBA WATCH Round Type",male,"Products source-US3-Men's Watch","Electron Series",500~1000,45.0mm*50.7mm*14.0mm,"Carbon Fiber","https://cdn.shopify.com/s/files/1/0540/8145/4255/files/TB8230-02-2.png?v=1777275741,https://cdn.shopify.com/s/files/1/0540/8145/4255/files/TB8230-02-3.png?v=1777275741","General:Movement: Japanese Movement, General: Case Material: Carbon Fiber, General: Bezel Material: Carbon Fiber, General:Crystal: Sapphire, General: Water Resistance:100m, General: Lume: A-Grade Luminous.","Apparel & Accessories > Jewelry > Watches",in_stock,Automatic,
113495,109230,Tsarbomba,45221769251,https://www.awin1.com/pclick.php?p=45221769251&a=3002879&m=109230,https://images2.productserve.com/?w=200&h=200&bg=white&trim=5&t=letterbox&url=ssl%3Acdn.shopify.com%2Fs%2Ffiles%2F1%2F0540%2F8145%2F4255%2Ffiles%2FTB8230-03-1.png%3Fv%3D1777275741&feedId=113495&k=fc9673a10a83ca766d45162b1c2795e3ab8523db,https://images2.productserve.com/?w=70&h=70&bg=white&trim=5&t=letterbox&url=ssl%3Acdn.shopify.com%2Fs%2Ffiles%2F1%2F0540%2F8145%2F4255%2Ffiles%2FTB8230-03-1.png%3Fv%3D1777275741&feedId=113495&k=fc9673a10a83ca766d45162b1c2795e3ab8523db,544,"Men's Watches",,"TSAR BOMBA WATCH",TB8230-03,Watches,TB8230-03,"TSAR BOMBA Men's Carbon Fiber Automatic Watch | Carbon Fiber Dial | Rose Gold Black | Electron Series | Miyota Movement | 10ATM Waterproof","The TSAR BOMBA Electron Series TB8230 is a masterpiece of modern engineering, blending aerospace-grade materials with haute horlogerie. Crafted from ultra-lightweight carbon fiber and powered by a precision Japanese Miyota movement, this timepiece is designed for those who demand bold aesthetics and unmatched durability.  Key Features:  Full Carbon Fiber Construction: The case and dial are meticulously crafted from high-performance carbon fiber. Known for its distinct marbled texture, it offers an incredible strength-to-weight ratio, ensuring the watch is both virtually indestructible and exceptionally light on the wrist.  Ultra-Durable Sapphire Crystal: Protected by a synthetic sapphire glass with a Mohs hardness of 9, providing superior scratch resistance and crystal-clear visibility under any conditions.  10ATM Professional Waterproofing: Engineered for adventure, this watch is water-resistant up to 100 meters (10ATM), making it suitable for swimming, snorkeling, and high-intensity water sports.  Ergonomic Sport Design: The integrated carbon fiber bracelet and double-click butterfly clasp provide a secure, seamless fit that conforms to the wrist for all-day comfort.","""Round automatic watch"", ""Japanese movement"", ""Carbon Fiber case"", “Carbon Fiber bezel”, ""Sapphire crystal"", ""100m water resistance"", ""A-grade lume"", ""Carbon Fiber dial"".",https://tsarbomba.com/products/tb8230?variant=48649779904768,https://cdn.shopify.com/s/files/1/0540/8145/4255/files/TB8230-03-1.png?v=1777275741,USD,750,new,"Rose Gold Black","TSAR BOMBA WATCH Round Type",male,"Products source-US3-Men's Watch","Electron Series",500~1000,45.0mm*50.7mm*14.0mm,"Carbon Fiber","https://cdn.shopify.com/s/files/1/0540/8145/4255/files/TB8230-03-2.png?v=1777275741,https://cdn.shopify.com/s/files/1/0540/8145/4255/files/TB8230-03-3.png?v=1777275741","General:Movement: Japanese Movement, General: Case Material: Carbon Fiber, General: Bezel Material: Carbon Fiber, General:Crystal: Sapphire, General: Water Resistance:100m, General: Lume: A-Grade Luminous.","Apparel & Accessories > Jewelry > Watches",in_stock,Automatic,
113495,109230,Tsarbomba,45221769252,https://www.awin1.com/pclick.php?p=45221769252&a=3002879&m=109230,https://images2.productserve.com/?w=200&h=200&bg=white&trim=5&t=letterbox&url=ssl%3Acdn.shopify.com%2Fs%2Ffiles%2F1%2F0540%2F8145%2F4255%2Ffiles%2FTB8230-04-1.png%3Fv%3D1777275741&feedId=113495&k=60e30652b7f9e6ca25fc188393f2717267737bf5,https://images2.productserve.com/?w=70&h=70&bg=white&trim=5&t=letterbox&url=ssl%3Acdn.shopify.com%2Fs%2Ffiles%2F1%2F0540%2F8145%2F4255%2Ffiles%2FTB8230-04-1.png%3Fv%3D1777275741&feedId=113495&k=60e30652b7f9e6ca25fc188393f2717267737bf5,544,"Men's Watches",,"TSAR BOMBA WATCH",TB8230-04,Watches,TB8230-04,"TSAR BOMBA Men's Carbon Fiber Automatic Watch | Carbon Fiber Dial | Gold Black | Electron Series | Miyota Movement | 10ATM Waterproof","The TSAR BOMBA Electron Series TB8230 is a masterpiece of modern engineering, blending aerospace-grade materials with haute horlogerie. Crafted from ultra-lightweight carbon fiber and powered by a precision Japanese Miyota movement, this timepiece is designed for those who demand bold aesthetics and unmatched durability.  Key Features:  Full Carbon Fiber Construction: The case and dial are meticulously crafted from high-performance carbon fiber. Known for its distinct marbled texture, it offers an incredible strength-to-weight ratio, ensuring the watch is both virtually indestructible and exceptionally light on the wrist.  Ultra-Durable Sapphire Crystal: Protected by a synthetic sapphire glass with a Mohs hardness of 9, providing superior scratch resistance and crystal-clear visibility under any conditions.  10ATM Professional Waterproofing: Engineered for adventure, this watch is water-resistant up to 100 meters (10ATM), making it suitable for swimming, snorkeling, and high-intensity water sports.  Ergonomic Sport Design: The integrated carbon fiber bracelet and double-click butterfly clasp provide a secure, seamless fit that conforms to the wrist for all-day comfort.","""Round automatic watch"", ""Japanese movement"", ""Carbon Fiber case"", “Carbon Fiber bezel”, ""Sapphire crystal"", ""100m water resistance"", ""A-grade lume"", ""Carbon Fiber dial"".",https://tsarbomba.com/products/tb8230?variant=48649779937536,https://cdn.shopify.com/s/files/1/0540/8145/4255/files/TB8230-04-1.png?v=1777275741,USD,750,new,"Gold Black","TSAR BOMBA WATCH Round Type",male,"Products source-US3-Men's Watch","Electron Series",500~1000,45.0mm*50.7mm*14.0mm,"Carbon Fiber","https://cdn.shopify.com/s/files/1/0540/8145/4255/files/TB8230-04-2.png?v=1777275741,https://cdn.shopify.com/s/files/1/0540/8145/4255/files/TB8230-04-3.png?v=1777275741","General:Movement: Japanese Movement, General: Case Material: Carbon Fiber, General: Bezel Material: Carbon Fiber, General:Crystal: Sapphire, General: Water Resistance:100m, General: Lume: A-Grade Luminous.","Apparel & Accessories > Jewelry > Watches",in_stock,Automatic,
113495,109230,Tsarbomba,45221769253,https://www.awin1.com/pclick.php?p=45221769253&a=3002879&m=109230,https://images2.productserve.com/?w=200&h=200&bg=white&trim=5&t=letterbox&url=ssl%3Acdn.shopify.com%2Fs%2Ffiles%2F1%2F0540%2F8145%2F4255%2Ffiles%2FTB8230-05-1.png%3Fv%3D1777275742&feedId=113495&k=760331c3215f42e942723410c5426066d8a42c15,https://images2.productserve.com/?w=70&h=70&bg=white&trim=5&t=letterbox&url=ssl%3Acdn.shopify.com%2Fs%2Ffiles%2F1%2F0540%2F8145%2F4255%2Ffiles%2FTB8230-05-1.png%3Fv%3D1777275742&feedId=113495&k=760331c3215f42e942723410c5426066d8a42c15,544,"Men's Watches",,"TSAR BOMBA WATCH",TB8230-05,Watches,TB8230-05,"TSAR BOMBA Men's Carbon Fiber Automatic Watch | Carbon Fiber Dial | Green | Electron Series | Miyota Movement | 10ATM Waterproof","The TSAR BOMBA Electron Series TB8230 is a masterpiece of modern engineering, blending aerospace-grade materials with haute horlogerie. Crafted from ultra-lightweight carbon fiber and powered by a precision Japanese Miyota movement, this timepiece is designed for those who demand bold aesthetics and unmatched durability.  Key Features:  Full Carbon Fiber Construction: The case and dial are meticulously crafted from high-performance carbon fiber. Known for its distinct marbled texture, it offers an incredible strength-to-weight ratio, ensuring the watch is both virtually indestructible and exceptionally light on the wrist.  Ultra-Durable Sapphire Crystal: Protected by a synthetic sapphire glass with a Mohs hardness of 9, providing superior scratch resistance and crystal-clear visibility under any conditions.  10ATM Professional Waterproofing: Engineered for adventure, this watch is water-resistant up to 100 meters (10ATM), making it suitable for swimming, snorkeling, and high-intensity water sports.  Ergonomic Sport Design: The integrated carbon fiber bracelet and double-click butterfly clasp provide a secure, seamless fit that conforms to the wrist for all-day comfort.","""Round automatic watch"", ""Japanese movement"", ""Carbon Fiber case"", “Carbon Fiber bezel”, ""Sapphire crystal"", ""100m water resistance"", ""A-grade lume"", ""Carbon Fiber dial"".",https://tsarbomba.com/products/tb8230?variant=48649779970304,https://cdn.shopify.com/s/files/1/0540/8145/4255/files/TB8230-05-1.png?v=1777275742,USD,750,new,Green,"TSAR BOMBA WATCH Round Type",male,"Products source-US3-Men's Watch","Electron Series",500~1000,45.0mm*50.7mm*14.0mm,"Carbon Fiber","https://cdn.shopify.com/s/files/1/0540/8145/4255/files/TB8230-05-2.png?v=1777275741,https://cdn.shopify.com/s/files/1/0540/8145/4255/files/TB8230-05-3.png?v=1777275741","General:Movement: Japanese Movement, General: Case Material: Carbon Fiber, General: Bezel Material: Carbon Fiber, General:Crystal: Sapphire, General: Water Resistance:100m, General: Lume: A-Grade Luminous.","Apparel & Accessories > Jewelry > Watches",in_stock,Automatic,
113495,109230,Tsarbomba,45567587668,https://www.awin1.com/pclick.php?p=45567587668&a=3002879&m=109230,https://images2.productserve.com/?w=200&h=200&bg=white&trim=5&t=letterbox&url=ssl%3Acdn.shopify.com%2Fs%2Ffiles%2F1%2F0540%2F8145%2F4255%2Ffiles%2FGreen-1_00251e33-2e56-438b-869d-39d3116c5c34.png%3Fv%3D1780383952&feedId=113495&k=526c9f502c8ee701ce0e929f88f196585c6df928,https://images2.productserve.com/?w=70&h=70&bg=white&trim=5&t=letterbox&url=ssl%3Acdn.shopify.com%2Fs%2Ffiles%2F1%2F0540%2F8145%2F4255%2Ffiles%2FGreen-1_00251e33-2e56-438b-869d-39d3116c5c34.png%3Fv%3D1780383952&feedId=113495&k=526c9f502c8ee701ce0e929f88f196585c6df928,544,"Men's Watches",,"TSAR BOMBA WATCH",TB8231L-green,Watches,TB8231L-01,"The Tsar Bomba Women's Luxury Watch Nucleus Femme 04-TB8231 is more than just a women’s watch—it’s a must-have fashion accessory for women. The 316L stainless steel bezel and case highlight the watch’s durability and elegant style, while the silicone strap is odor-free and eco-friendly; 5ATM water resistance; high-quality Grade A luminescent coating; TSARBOMBA watches are not just timekeeping tools, but also fashion accessories.","The TSARBOMBA luxury women’s watch Nucleus Femme 03-TB82310 is a trendy timepiece for women, equipped with a Swiss Ronda quartz movement that ensures stable timekeeping and requires minimal maintenance, a 316L stainless steel bezel and case, and a dial featuring zirconia (diamonds) arranged in a butterfly shape,","""Barrel-shaped women's quartz watch"", ""Swiss movement"", ""316L stainless steel bezel"", ""316L stainless steel case"", ""Sapphire crystal"", ""50m water resistance"", ""A-grade lume"", ""Fluoro rubber strap"".",https://tsarbomba.com/products/tb8231?variant=48787335643392,https://cdn.shopify.com/s/files/1/0540/8145/4255/files/Green-1_00251e33-2e56-438b-869d-39d3116c5c34.png?v=1780383952,USD,500,new,Green,"TSAR BOMBA WATCH Barrel Type",female,"Products source-US3-Women's Watch","Nucleus Femme Series",500~1000,35.0mm*42.5mm*10.8mm,"316L Stainless Steel","https://cdn.shopify.com/s/files/1/0540/8145/4255/files/Green-3_8de6731c-758d-4469-a984-fc9a701f37af.png?v=1780383952,https://cdn.shopify.com/s/files/1/0540/8145/4255/files/Green-4_0f53ddd4-d29e-4bff-b3b9-54d583a93962.png?v=1780383952","General: Movement: Swiss Movement, General: Case Material: 316L Stainless Steel, General: Bezel Material: 316L Stainless Steel, General: Crystal: Sapphire Crystal, General: Water Resistance: 50m, General: Lume: A-Grade Luminous, General: Strap Material: Fluoro Rubber Strap.","Apparel & Accessories > Jewelry > Watches",in_stock,Quartz,
113495,109230,Tsarbomba,45567587669,https://www.awin1.com/pclick.php?p=45567587669&a=3002879&m=109230,https://images2.productserve.com/?w=200&h=200&bg=white&trim=5&t=letterbox&url=ssl%3Acdn.shopify.com%2Fs%2Ffiles%2F1%2F0540%2F8145%2F4255%2Ffiles%2FWhiteGold-1.png%3Fv%3D1780383952&feedId=113495&k=b76b45816382bf3e2f8f994703dd149020277e5c,https://images2.productserve.com/?w=70&h=70&bg=white&trim=5&t=letterbox&url=ssl%3Acdn.shopify.com%2Fs%2Ffiles%2F1%2F0540%2F8145%2F4255%2Ffiles%2FWhiteGold-1.png%3Fv%3D1780383952&feedId=113495&k=b76b45816382bf3e2f8f994703dd149020277e5c,544,"Men's Watches",,"TSAR BOMBA WATCH","TB8231L-Or blanc",Watches,TB8231L-02,"The Tsar Bomba Women's Luxury Watch Nucleus Femme 04-TB8231 is more than just a women’s watch—it’s a must-have fashion accessory for women. The 316L stainless steel bezel and case highlight the watch’s durability and elegant style, while the silicone strap is odor-free and eco-friendly; 5ATM water resistance; high-quality Grade A luminescent coating; TSARBOMBA watches are not just timekeeping tools, but also fashion accessories.","The TSARBOMBA luxury women’s watch Nucleus Femme 03-TB82310 is a trendy timepiece for women, equipped with a Swiss Ronda quartz movement that ensures stable timekeeping and requires minimal maintenance, a 316L stainless steel bezel and case, and a dial featuring zirconia (diamonds) arranged in a butterfly shape,","""Barrel-shaped women's quartz watch"", ""Swiss movement"", ""316L stainless steel bezel"", ""316L stainless steel case"", ""Sapphire crystal"", ""50m water resistance"", ""A-grade lume"", ""Fluoro rubber strap"".",https://tsarbomba.com/products/tb8231?variant=48787335676160,https://cdn.shopify.com/s/files/1/0540/8145/4255/files/WhiteGold-1.png?v=1780383952,USD,500,new,"White Gold","TSAR BOMBA WATCH Barrel Type",female,"Products source-US3-Women's Watch","Nucleus Femme Series",500~1000,35.0mm*42.5mm*10.8mm,"316L Stainless Steel","https://cdn.shopify.com/s/files/1/0540/8145/4255/files/WhiteGold-3.png?v=1780383952,https://cdn.shopify.com/s/files/1/0540/8145/4255/files/WhiteGold-4.png?v=1780383952","General: Movement: Swiss Movement, General: Case Material: 316L Stainless Steel, General: Bezel Material: 316L Stainless Steel, General: Crystal: Sapphire Crystal, General: Water Resistance: 50m, General: Lume: A-Grade Luminous, General: Strap Material: Fluoro Rubber Strap.","Apparel & Accessories > Jewelry > Watches",in_stock,Quartz,
113495,109230,Tsarbomba,45221769256,https://www.awin1.com/pclick.php?p=45221769256&a=3002879&m=109230,https://images2.productserve.com/?w=200&h=200&bg=white&trim=5&t=letterbox&url=ssl%3Acdn.shopify.com%2Fs%2Ffiles%2F1%2F0540%2F8145%2F4255%2Ffiles%2FWhiteSilver-1.png%3Fv%3D1780383952&feedId=113495&k=39a8022d2bc11731b212c91a524c5f3387a41a2a,https://images2.productserve.com/?w=70&h=70&bg=white&trim=5&t=letterbox&url=ssl%3Acdn.shopify.com%2Fs%2Ffiles%2F1%2F0540%2F8145%2F4255%2Ffiles%2FWhiteSilver-1.png%3Fv%3D1780383952&feedId=113495&k=39a8022d2bc11731b212c91a524c5f3387a41a2a,544,"Men's Watches",,"TSAR BOMBA WATCH",TB8231L-03,Watches,TB8231L-03,"The Tsar Bomba Women's Luxury Watch Nucleus Femme 04-TB8231 is more than just a women’s watch—it’s a must-have fashion accessory for women. The 316L stainless steel bezel and case highlight the watch’s durability and elegant style, while the silicone strap is odor-free and eco-friendly; 5ATM water resistance; high-quality Grade A luminescent coating; TSARBOMBA watches are not just timekeeping tools, but also fashion accessories.","The TSARBOMBA luxury women’s watch Nucleus Femme 03-TB82310 is a trendy timepiece for women, equipped with a Swiss Ronda quartz movement that ensures stable timekeeping and requires minimal maintenance, a 316L stainless steel bezel and case, and a dial featuring zirconia (diamonds) arranged in a butterfly shape,","""Barrel-shaped women's quartz watch"", ""Swiss movement"", ""316L stainless steel bezel"", ""316L stainless steel case"", ""Sapphire crystal"", ""50m water resistance"", ""A-grade lume"", ""Fluoro rubber strap"".",https://tsarbomba.com/products/tb8231?variant=48787335708928,https://cdn.shopify.com/s/files/1/0540/8145/4255/files/WhiteSilver-1.png?v=1780383952,USD,500,new,"White Silver","TSAR BOMBA WATCH Barrel Type",female,"Products source-US3-Women's Watch","Nucleus Femme Series",500~1000,35.0mm*42.5mm*10.8mm,"316L Stainless Steel","https://cdn.shopify.com/s/files/1/0540/8145/4255/files/WhiteSilver-3.png?v=1780383952,https://cdn.shopify.com/s/files/1/0540/8145/4255/files/WhiteSilver-4.png?v=1780383952","General: Movement: Swiss Movement, General: Case Material: 316L Stainless Steel, General: Bezel Material: 316L Stainless Steel, General: Crystal: Sapphire Crystal, General: Water Resistance: 50m, General: Lume: A-Grade Luminous, General: Strap Material: Fluoro Rubber Strap.","Apparel & Accessories > Jewelry > Watches",in_stock,Quartz,
113495,109230,Tsarbomba,45221769257,https://www.awin1.com/pclick.php?p=45221769257&a=3002879&m=109230,https://images2.productserve.com/?w=200&h=200&bg=white&trim=5&t=letterbox&url=ssl%3Acdn.shopify.com%2Fs%2Ffiles%2F1%2F0540%2F8145%2F4255%2Ffiles%2FWhiteSilver-1_15d8fcf1-618b-46fd-826c-81d3fd2f3107.png%3Fv%3D1780384715&feedId=113495&k=bb70286cf86914508a0915e263f0990dad059f32,https://images2.productserve.com/?w=70&h=70&bg=white&trim=5&t=letterbox&url=ssl%3Acdn.shopify.com%2Fs%2Ffiles%2F1%2F0540%2F8145%2F4255%2Ffiles%2FWhiteSilver-1_15d8fcf1-618b-46fd-826c-81d3fd2f3107.png%3Fv%3D1780384715&feedId=113495&k=bb70286cf86914508a0915e263f0990dad059f32,544,"Men's Watches",,"TSAR BOMBA WATCH",TB8233L-01,Watches,TB8233L-01,"Tsar Bomba Women's Automatic Watch | White Silver | 35mm | Sapphire Crystal | Japanese Movement | 5ATM Water-Resistant | TB8233L","Elevate your everyday style with the TSAR BOMBA TB8233 Lumina. Specifically designed for women who value both elegance and modern engineering, this luxury timepiece combines high-end materials with Japanese precision.  **Key Features:**  **Japanese Precision Movement:** Powered by a reliable Japanese automatic movement, ensuring accurate timekeeping with the captivating charm of mechanical craftsmanship.  **Premium 316L Stainless Steel Construction:** Housed in a high-grade 316L stainless steel case with a matching 316L stainless steel bezel. This medical-grade material offers exceptional corrosion resistance, superior durability, and a brilliant, polished finish that maintains its luster over time.  **Scratch-Resistant Sapphire Crystal:** The watch is protected by a premium Sapphire Crystal, ensuring high transparency and ultimate scratch resistance for daily wear.  **Supreme Comfort:** Equipped with a high-quality FKM Fluoro-rubber strap, which is skin-friendly, anti-oxidant, and perfect for all-day wear.  **Visibility & Enhanced Durability:** Features AlphaLuminex (A-level Lume) for exceptional nighttime visibility and 5 ATM (50 meters) water resistance, making it suitable for swimming and everyday splash protection.  Whether you are looking for a sophisticated accessory for business meetings or a stylish companion for daily life, the TSAR BOMBA TB8233 is the perfect blend of luxury, durability, and feminine aesthetics. Ideal as a premium gift for her.","""Barrel-shaped women's automatic watch"", ""Japanese movement"", ""316L stainless steel bezel"", ""316L stainless steel case"", ""Sapphire crystal"", ""50m water resistance"", ""A-grade lume"", ""Fluoro rubber strap"".",https://tsarbomba.com/products/tb8233?variant=48787343343872,https://cdn.shopify.com/s/files/1/0540/8145/4255/files/WhiteSilver-1_15d8fcf1-618b-46fd-826c-81d3fd2f3107.png?v=1780384715,USD,1400,new,"White Silver","TSAR BOMBA WATCH Barrel Type",female,"Products source-US3-Women's Watch","Nucleus Femme Series",1000~2000,35.0mm*42.5mm*11.3mm,"316L Stainless Steel","https://cdn.shopify.com/s/files/1/0540/8145/4255/files/WhiteSilver-2_76a572a7-7cdd-404f-baf2-f69694e1cc37.png?v=1780384715,WhiteSilver-3_8086e021-fbdd-493a-9bf7-5d1b41aa00c6","General: Movement: Japanese Movement, General: Case Material: 316L Stainless Steel, General: Bezel Material: 316L Stainless Steel, General: Crystal: Sapphire Crystal, General: Water Resistance: 50m, General: Lume: A-Grade Luminous, General: Strap Material: Fluoro Rubber Strap.","Apparel & Accessories > Jewelry > Watches",preorder,Automatic,
113495,109230,Tsarbomba,45221769258,https://www.awin1.com/pclick.php?p=45221769258&a=3002879&m=109230,https://images2.productserve.com/?w=200&h=200&bg=white&trim=5&t=letterbox&url=ssl%3Acdn.shopify.com%2Fs%2Ffiles%2F1%2F0540%2F8145%2F4255%2Ffiles%2FBlue-1_e595098d-87c6-4674-8400-af09ff7c4a07.png%3Fv%3D1780384715&feedId=113495&k=22dc377744468dcb478e3738a87a64c928b52f38,https://images2.productserve.com/?w=70&h=70&bg=white&trim=5&t=letterbox&url=ssl%3Acdn.shopify.com%2Fs%2Ffiles%2F1%2F0540%2F8145%2F4255%2Ffiles%2FBlue-1_e595098d-87c6-4674-8400-af09ff7c4a07.png%3Fv%3D1780384715&feedId=113495&k=22dc377744468dcb478e3738a87a64c928b52f38,544,"Men's Watches",,"TSAR BOMBA WATCH",TB8233L-02,Watches,TB8233L-02,"Tsar Bomba Women's Automatic Watch | Blue | 35mm | Sapphire Crystal | Japanese Movement | 5ATM Water-Resistant | TB8233L","Elevate your everyday style with the TSAR BOMBA TB8233 Lumina. Specifically designed for women who value both elegance and modern engineering, this luxury timepiece combines high-end materials with Japanese precision.  **Key Features:**  **Japanese Precision Movement:** Powered by a reliable Japanese automatic movement, ensuring accurate timekeeping with the captivating charm of mechanical craftsmanship.  **Premium 316L Stainless Steel Construction:** Housed in a high-grade 316L stainless steel case with a matching 316L stainless steel bezel. This medical-grade material offers exceptional corrosion resistance, superior durability, and a brilliant, polished finish that maintains its luster over time.  **Scratch-Resistant Sapphire Crystal:** The watch is protected by a premium Sapphire Crystal, ensuring high transparency and ultimate scratch resistance for daily wear.  **Supreme Comfort:** Equipped with a high-quality FKM Fluoro-rubber strap, which is skin-friendly, anti-oxidant, and perfect for all-day wear.  **Visibility & Enhanced Durability:** Features AlphaLuminex (A-level Lume) for exceptional nighttime visibility and 5 ATM (50 meters) water resistance, making it suitable for swimming and everyday splash protection.  Whether you are looking for a sophisticated accessory for business meetings or a stylish companion for daily life, the TSAR BOMBA TB8233 is the perfect blend of luxury, durability, and feminine aesthetics. Ideal as a premium gift for her.","""Barrel-shaped women's automatic watch"", ""Japanese movement"", ""316L stainless steel bezel"", ""316L stainless steel case"", ""Sapphire crystal"", ""50m water resistance"", ""A-grade lume"", ""Fluoro rubber strap"".",https://tsarbomba.com/products/tb8233?variant=48787367592192,https://cdn.shopify.com/s/files/1/0540/8145/4255/files/Blue-1_e595098d-87c6-4674-8400-af09ff7c4a07.png?v=1780384715,USD,1400,new,Blue,"TSAR BOMBA WATCH Barrel Type",female,"Products source-US3-Women's Watch","Nucleus Femme Series",1000~2000,35.0mm*42.5mm*11.3mm,"316L Stainless Steel","https://cdn.shopify.com/s/files/1/0540/8145/4255/files/Blue-2_f80a8543-2da9-42e9-953e-fda61e9fbe4a.png?v=1780384715,https://cdn.shopify.com/s/files/1/0540/8145/4255/files/Blue-3_3a1a1a09-16ee-48ac-bd41-c14daecf8555.png?v=1780384715","General: Movement: Japanese Movement, General: Case Material: 316L Stainless Steel, General: Bezel Material: 316L Stainless Steel, General: Crystal: Sapphire Crystal, General: Water Resistance: 50m, General: Lume: A-Grade Luminous, General: Strap Material: Fluoro Rubber Strap.","Apparel & Accessories > Jewelry > Watches",preorder,Automatic,
113495,109230,Tsarbomba,45221769259,https://www.awin1.com/pclick.php?p=45221769259&a=3002879&m=109230,https://images2.productserve.com/?w=200&h=200&bg=white&trim=5&t=letterbox&url=ssl%3Acdn.shopify.com%2Fs%2Ffiles%2F1%2F0540%2F8145%2F4255%2Ffiles%2FWhiteGold-1_3fa4214c-9327-4d21-8180-425aa29796f2.png%3Fv%3D1780384715&feedId=113495&k=f9a14f6567a5061f3ddfae5b7bfeec5705d78e08,https://images2.productserve.com/?w=70&h=70&bg=white&trim=5&t=letterbox&url=ssl%3Acdn.shopify.com%2Fs%2Ffiles%2F1%2F0540%2F8145%2F4255%2Ffiles%2FWhiteGold-1_3fa4214c-9327-4d21-8180-425aa29796f2.png%3Fv%3D1780384715&feedId=113495&k=f9a14f6567a5061f3ddfae5b7bfeec5705d78e08,544,"Men's Watches",,"TSAR BOMBA WATCH",TB8233L-03,Watches,TB8233L-03,"Tsar Bomba Women's Automatic Watch | White Gold | 35mm | Sapphire Crystal | Japanese Movement | 5ATM Water-Resistant | TB8233L","Elevate your everyday style with the TSAR BOMBA TB8233 Lumina. Specifically designed for women who value both elegance and modern engineering, this luxury timepiece combines high-end materials with Japanese precision.  **Key Features:**  **Japanese Precision Movement:** Powered by a reliable Japanese automatic movement, ensuring accurate timekeeping with the captivating charm of mechanical craftsmanship.  **Premium 316L Stainless Steel Construction:** Housed in a high-grade 316L stainless steel case with a matching 316L stainless steel bezel. This medical-grade material offers exceptional corrosion resistance, superior durability, and a brilliant, polished finish that maintains its luster over time.  **Scratch-Resistant Sapphire Crystal:** The watch is protected by a premium Sapphire Crystal, ensuring high transparency and ultimate scratch resistance for daily wear.  **Supreme Comfort:** Equipped with a high-quality FKM Fluoro-rubber strap, which is skin-friendly, anti-oxidant, and perfect for all-day wear.  **Visibility & Enhanced Durability:** Features AlphaLuminex (A-level Lume) for exceptional nighttime visibility and 5 ATM (50 meters) water resistance, making it suitable for swimming and everyday splash protection.  Whether you are looking for a sophisticated accessory for business meetings or a stylish companion for daily life, the TSAR BOMBA TB8233 is the perfect blend of luxury, durability, and feminine aesthetics. Ideal as a premium gift for her.","""Barrel-shaped women's automatic watch"", ""Japanese movement"", ""316L stainless steel bezel"", ""316L stainless steel case"", ""Sapphire crystal"", ""50m water resistance"", ""A-grade lume"", ""Fluoro rubber strap"".",https://tsarbomba.com/products/tb8233?variant=48787343311104,https://cdn.shopify.com/s/files/1/0540/8145/4255/files/WhiteGold-1_3fa4214c-9327-4d21-8180-425aa29796f2.png?v=1780384715,USD,1400,new,"White Gold","TSAR BOMBA WATCH Barrel Type",female,"Products source-US3-Women's Watch","Nucleus Femme Series",1000~2000,35.0mm*42.5mm*11.3mm,"316L Stainless Steel","https://cdn.shopify.com/s/files/1/0540/8145/4255/files/WhiteGold-2_939d922c-69f7-4e78-a523-61722382e86c.png?v=1780384715,https://cdn.shopify.com/s/files/1/0540/8145/4255/files/WhiteGold-3_c0eb2c8b-c24f-487c-be1d-6d9ffe0a9da1.png?v=1780384715","General: Movement: Japanese Movement, General: Case Material: 316L Stainless Steel, General: Bezel Material: 316L Stainless Steel, General: Crystal: Sapphire Crystal, General: Water Resistance: 50m, General: Lume: A-Grade Luminous, General: Strap Material: Fluoro Rubber Strap.","Apparel & Accessories > Jewelry > Watches",preorder,Automatic,
113495,109230,Tsarbomba,45221769260,https://www.awin1.com/pclick.php?p=45221769260&a=3002879&m=109230,https://images2.productserve.com/?w=200&h=200&bg=white&trim=5&t=letterbox&url=ssl%3Acdn.shopify.com%2Fs%2Ffiles%2F1%2F0540%2F8145%2F4255%2Ffiles%2FGreen-1_11345fd4-8778-4552-afa7-6e8d4e7469a5.png%3Fv%3D1780384715&feedId=113495&k=59f2434467c7f20be918b386a3539621916c34fe,https://images2.productserve.com/?w=70&h=70&bg=white&trim=5&t=letterbox&url=ssl%3Acdn.shopify.com%2Fs%2Ffiles%2F1%2F0540%2F8145%2F4255%2Ffiles%2FGreen-1_11345fd4-8778-4552-afa7-6e8d4e7469a5.png%3Fv%3D1780384715&feedId=113495&k=59f2434467c7f20be918b386a3539621916c34fe,544,"Men's Watches",,"TSAR BOMBA WATCH",TB8233L-04,Watches,TB8233L-04,"Tsar Bomba Women's Automatic Watch | Green | 35mm | Sapphire Crystal | Japanese Movement | 5ATM Water-Resistant | TB8233L","Elevate your everyday style with the TSAR BOMBA TB8233 Lumina. Specifically designed for women who value both elegance and modern engineering, this luxury timepiece combines high-end materials with Japanese precision.  **Key Features:**  **Japanese Precision Movement:** Powered by a reliable Japanese automatic movement, ensuring accurate timekeeping with the captivating charm of mechanical craftsmanship.  **Premium 316L Stainless Steel Construction:** Housed in a high-grade 316L stainless steel case with a matching 316L stainless steel bezel. This medical-grade material offers exceptional corrosion resistance, superior durability, and a brilliant, polished finish that maintains its luster over time.  **Scratch-Resistant Sapphire Crystal:** The watch is protected by a premium Sapphire Crystal, ensuring high transparency and ultimate scratch resistance for daily wear.  **Supreme Comfort:** Equipped with a high-quality FKM Fluoro-rubber strap, which is skin-friendly, anti-oxidant, and perfect for all-day wear.  **Visibility & Enhanced Durability:** Features AlphaLuminex (A-level Lume) for exceptional nighttime visibility and 5 ATM (50 meters) water resistance, making it suitable for swimming and everyday splash protection.  Whether you are looking for a sophisticated accessory for business meetings or a stylish companion for daily life, the TSAR BOMBA TB8233 is the perfect blend of luxury, durability, and feminine aesthetics. Ideal as a premium gift for her.","""Barrel-shaped women's automatic watch"", ""Japanese movement"", ""316L stainless steel bezel"", ""316L stainless steel case"", ""Sapphire crystal"", ""50m water resistance"", ""A-grade lume"", ""Fluoro rubber strap"".",https://tsarbomba.com/products/tb8233?variant=48787343278336,https://cdn.shopify.com/s/files/1/0540/8145/4255/files/Green-1_11345fd4-8778-4552-afa7-6e8d4e7469a5.png?v=1780384715,USD,1400,new,Green,"TSAR BOMBA WATCH Barrel Type",female,"Products source-US3-Women's Watch","Nucleus Femme Series",1000~2000,35.0mm*42.5mm*11.3mm,"316L Stainless Steel","https://cdn.shopify.com/s/files/1/0540/8145/4255/files/Green-2_b4579169-126b-46c1-9dcc-6098b98b0b2b.png?v=1780384715,https://cdn.shopify.com/s/files/1/0540/8145/4255/files/Green-3_61c03664-9db6-4d28-900f-266266827373.png?v=1780384715","General: Movement: Japanese Movement, General: Case Material: 316L Stainless Steel, General: Bezel Material: 316L Stainless Steel, General: Crystal: Sapphire Crystal, General: Water Resistance: 50m, General: Lume: A-Grade Luminous, General: Strap Material: Fluoro Rubber Strap.","Apparel & Accessories > Jewelry > Watches",preorder,Automatic,
113495,109230,Tsarbomba,45221769261,https://www.awin1.com/pclick.php?p=45221769261&a=3002879&m=109230,https://images2.productserve.com/?w=200&h=200&bg=white&trim=5&t=letterbox&url=ssl%3Acdn.shopify.com%2Fs%2Ffiles%2F1%2F0540%2F8145%2F4255%2Ffiles%2FSKT1-11.png%3Fv%3D1780110869&feedId=113495&k=0b8e2e0e5ba741b24a063a15c48ba6142c14687e,https://images2.productserve.com/?w=70&h=70&bg=white&trim=5&t=letterbox&url=ssl%3Acdn.shopify.com%2Fs%2Ffiles%2F1%2F0540%2F8145%2F4255%2Ffiles%2FSKT1-11.png%3Fv%3D1780110869&feedId=113495&k=0b8e2e0e5ba741b24a063a15c48ba6142c14687e,544,"Men's Watches",,"TSAR BOMBA WATCH",SWT1-01,Watches,SWT1-01,"TSAR BOMBA Skunk Works Collection — A men's automatic mechanical watch that fuses trendy aesthetics with luxurious elegance. Featuring a round dial with a bold skeleton design, it is elevated by a domed sapphire crystal and equipped with a fluoroelastomer strap, all completed by perfect water resistance.","Luxury automatic mechanical watch for men. Domed sapphire crystal, Japanese movement, 316L stainless steel case. 50m (5 ATM) water resistance, Grade-A luminescent coating, and fluoroelastomer strap.","""Round automatic watch"", ""Japanese movement"", ""316L stainless steel case"", ""Domed sapphire crystal"", ""50m water resistance"", ""Grade-A Luminova"", ""Fluororubber strap""",https://tsarbomba.com/products/t1?variant=48777355395328,https://cdn.shopify.com/s/files/1/0540/8145/4255/files/SKT1-11.png?v=1780110869,USD,3000,new,White,"TSAR BOMBA WATCH Round Type",male,"Products source-US3-Men's Watch","Skunk Works Collection",2000~,44.0mm*51.5mm*14.5mm,"316L Stainless Steel","https://cdn.shopify.com/s/files/1/0540/8145/4255/files/SKT1-12.png?v=1780110868,https://cdn.shopify.com/s/files/1/0540/8145/4255/files/SKT1-13.png?v=1780110868","General: Movement: Japanese movement, General: Case material: 316L stainless steel, General: Bezel material: 316L stainless steel, General: Crystal: Domed sapphire, General: Water resistance: 50m, General: Luminescence: Premium luminescence, General: Strap material: Fluororubber.","Apparel & Accessories > Jewelry > Watches",preorder,Automatic,
113495,109230,Tsarbomba,45221769262,https://www.awin1.com/pclick.php?p=45221769262&a=3002879&m=109230,https://images2.productserve.com/?w=200&h=200&bg=white&trim=5&t=letterbox&url=ssl%3Acdn.shopify.com%2Fs%2Ffiles%2F1%2F0540%2F8145%2F4255%2Ffiles%2FSKT1-21.png%3Fv%3D1780110868&feedId=113495&k=4f817b3df663eaca83c5007e9d84870408a28b1b,https://images2.productserve.com/?w=70&h=70&bg=white&trim=5&t=letterbox&url=ssl%3Acdn.shopify.com%2Fs%2Ffiles%2F1%2F0540%2F8145%2F4255%2Ffiles%2FSKT1-21.png%3Fv%3D1780110868&feedId=113495&k=4f817b3df663eaca83c5007e9d84870408a28b1b,544,"Men's Watches",,"TSAR BOMBA WATCH",SWT1-02,Watches,SWT1-02,"TSAR BOMBA Skunk Works Collection — A men's automatic mechanical watch that fuses trendy aesthetics with luxurious elegance. Featuring a round dial with a bold skeleton design, it is elevated by a domed sapphire crystal and equipped with a fluoroelastomer strap, all completed by perfect water resistance.","Luxury automatic mechanical watch for men. Domed sapphire crystal, Japanese movement, 316L stainless steel case. 50m (5 ATM) water resistance, Grade-A luminescent coating, and fluoroelastomer strap.","""Round automatic watch"", ""Japanese movement"", ""316L stainless steel case"", ""Domed sapphire crystal"", ""50m water resistance"", ""Grade-A Luminova"", ""Fluororubber strap""",https://tsarbomba.com/products/t1?variant=48777355428096,https://cdn.shopify.com/s/files/1/0540/8145/4255/files/SKT1-21.png?v=1780110868,USD,3000,new,"Black Silver","TSAR BOMBA WATCH Round Type",male,"Products source-US3-Men's Watch","Skunk Works Collection",2000~,44.0mm*51.5mm*14.5mm,"316L Stainless Steel","https://cdn.shopify.com/s/files/1/0540/8145/4255/files/SKT1-22.png?v=1780110869,https://cdn.shopify.com/s/files/1/0540/8145/4255/files/SKT1-23.png?v=1780110868","General: Movement: Japanese movement, General: Case material: 316L stainless steel, General: Bezel material: 316L stainless steel, General: Crystal: Domed sapphire, General: Water resistance: 50m, General: Luminescence: Premium luminescence, General: Strap material: Fluororubber.","Apparel & Accessories > Jewelry > Watches",preorder,Automatic,
113495,109230,Tsarbomba,45221769263,https://www.awin1.com/pclick.php?p=45221769263&a=3002879&m=109230,https://images2.productserve.com/?w=200&h=200&bg=white&trim=5&t=letterbox&url=ssl%3Acdn.shopify.com%2Fs%2Ffiles%2F1%2F0540%2F8145%2F4255%2Ffiles%2FSKT1-31.png%3Fv%3D1780110869&feedId=113495&k=63668683db144a535134cfdc7dc8ef1ea61613e7,https://images2.productserve.com/?w=70&h=70&bg=white&trim=5&t=letterbox&url=ssl%3Acdn.shopify.com%2Fs%2Ffiles%2F1%2F0540%2F8145%2F4255%2Ffiles%2FSKT1-31.png%3Fv%3D1780110869&feedId=113495&k=63668683db144a535134cfdc7dc8ef1ea61613e7,544,"Men's Watches",,"TSAR BOMBA WATCH",SWT1-03,Watches,SWT1-03,"TSAR BOMBA Skunk Works Collection — A men's automatic mechanical watch that fuses trendy aesthetics with luxurious elegance. Featuring a round dial with a bold skeleton design, it is elevated by a domed sapphire crystal and equipped with a fluoroelastomer strap, all completed by perfect water resistance.","Luxury automatic mechanical watch for men. Domed sapphire crystal, Japanese movement, 316L stainless steel case. 50m (5 ATM) water resistance, Grade-A luminescent coating, and fluoroelastomer strap.","""Round automatic watch"", ""Japanese movement"", ""316L stainless steel case"", ""Domed sapphire crystal"", ""50m water resistance"", ""Grade-A Luminova"", ""Fluororubber strap""",https://tsarbomba.com/products/t1?variant=48777355460864,https://cdn.shopify.com/s/files/1/0540/8145/4255/files/SKT1-31.png?v=1780110869,USD,3000,new,"Lonized Blue","TSAR BOMBA WATCH Round Type",male,"Products source-US3-Men's Watch","Skunk Works Collection",2000~,44.0mm*51.5mm*14.5mm,"316L Stainless Steel","https://cdn.shopify.com/s/files/1/0540/8145/4255/files/SKT1-32.png?v=1780110869,https://cdn.shopify.com/s/files/1/0540/8145/4255/files/SKT1-33.png?v=1780110868","General: Movement: Japanese movement, General: Case material: 316L stainless steel, General: Bezel material: 316L stainless steel, General: Crystal: Domed sapphire, General: Water resistance: 50m, General: Luminescence: Premium luminescence, General: Strap material: Fluororubber.","Apparel & Accessories > Jewelry > Watches",preorder,Automatic,
113495,109230,Tsarbomba,45221769264,https://www.awin1.com/pclick.php?p=45221769264&a=3002879&m=109230,https://images2.productserve.com/?w=200&h=200&bg=white&trim=5&t=letterbox&url=ssl%3Acdn.shopify.com%2Fs%2Ffiles%2F1%2F0540%2F8145%2F4255%2Ffiles%2FSKT1-41.png%3Fv%3D1780110868&feedId=113495&k=5374c81019bff626f7cf6cd4ceb5d2de34d34f50,https://images2.productserve.com/?w=70&h=70&bg=white&trim=5&t=letterbox&url=ssl%3Acdn.shopify.com%2Fs%2Ffiles%2F1%2F0540%2F8145%2F4255%2Ffiles%2FSKT1-41.png%3Fv%3D1780110868&feedId=113495&k=5374c81019bff626f7cf6cd4ceb5d2de34d34f50,544,"Men's Watches",,"TSAR BOMBA WATCH",SWT1-04,Watches,SWT1-04,"TSAR BOMBA Skunk Works Collection — A men's automatic mechanical watch that fuses trendy aesthetics with luxurious elegance. Featuring a round dial with a bold skeleton design, it is elevated by a domed sapphire crystal and equipped with a fluoroelastomer strap, all completed by perfect water resistance.","Luxury automatic mechanical watch for men. Domed sapphire crystal, Japanese movement, 316L stainless steel case. 50m (5 ATM) water resistance, Grade-A luminescent coating, and fluoroelastomer strap.","""Round automatic watch"", ""Japanese movement"", ""316L stainless steel case"", ""Domed sapphire crystal"", ""50m water resistance"", ""Grade-A Luminova"", ""Fluororubber strap""",https://tsarbomba.com/products/t1?variant=48777355493632,https://cdn.shopify.com/s/files/1/0540/8145/4255/files/SKT1-41.png?v=1780110868,USD,3000,new,Black,"TSAR BOMBA WATCH Round Type",male,"Products source-US3-Men's Watch","Skunk Works Collection",2000~,44.0mm*51.5mm*14.5mm,"316L Stainless Steel","https://cdn.shopify.com/s/files/1/0540/8145/4255/files/SKT1-42.png?v=1780110869,https://cdn.shopify.com/s/files/1/0540/8145/4255/files/SKT1-43.png?v=1780110869","General: Movement: Japanese movement, General: Case material: 316L stainless steel, General: Bezel material: 316L stainless steel, General: Crystal: Domed sapphire, General: Water resistance: 50m, General: Luminescence: Premium luminescence, General: Strap material: Fluororubber.","Apparel & Accessories > Jewelry > Watches",preorder,Automatic,
113495,109230,Tsarbomba,45567587670,https://www.awin1.com/pclick.php?p=45567587670&a=3002879&m=109230,https://images2.productserve.com/?w=200&h=200&bg=white&trim=5&t=letterbox&url=ssl%3Acdn.shopify.com%2Fs%2Ffiles%2F1%2F0540%2F8145%2F4255%2Ffiles%2Ftsarbomba-elemental-watches-TB8207A--silver-gold-1.webp%3Fv%3D1785383299&feedId=113495&k=2699ca611e3defeb5f9ec80ba2a943c7278e4967,https://images2.productserve.com/?w=70&h=70&bg=white&trim=5&t=letterbox&url=ssl%3Acdn.shopify.com%2Fs%2Ffiles%2F1%2F0540%2F8145%2F4255%2Ffiles%2Ftsarbomba-elemental-watches-TB8207A--silver-gold-1.webp%3Fv%3D1785383299&feedId=113495&k=2699ca611e3defeb5f9ec80ba2a943c7278e4967,544,"Men's Watches",,"TSAR BOMBA WATCH",TB8207A-02,Watches,TB8207A-01,"TSARBOMBA elementl TB8207A Men’s Fashion Watch—featuring a Miyota automatic mechanical movement, a tonneau-shaped case, a stainless steel case paired with a silicone strap, 5ATM water resistance, and a luminescent sporty design that embodies youthful style.","Continuously Express Yourself","“Miyota automatic mechanical movement” “316L stainless steel case” “High-tech silicone strap” “5ATM water resistance” “Grade A luminescent coating” “Unique dial design” “Trendy watch”",https://tsarbomba.com/products/tb8207a-us?variant=47275345215744,https://cdn.shopify.com/s/files/1/0540/8145/4255/files/tsarbomba-elemental-watches-TB8207A--silver-gold-1.webp?v=1785383299,USD,389.99,new,"Silver Blue","TSAR BOMBA WATCH tonneau",male,"Products source-US3-Men's Watch","Elemental Series",0~500,43mm*50.5mm*15mm,"316L Stainless Steel",https://cdn.shopify.com/s/files/1/0540/8145/4255/files/tsarbomba-elemental-watches-TB8207A--silver-gold-2.webp?v=1785383299,"General:Movement: Japanese Movement, General: Case Material: 316L Stainless Steel, General: Bezel Material: 316L Stainless steel, General:Crystal: Sapphire Crystal, General: Water Resistance:50m, General: Lume: A-Grade Luminous, General: Strap Material: Fluoro Rubber.","Apparel & Accessories > Jewelry > Watches",in_stock,Automatic,
113495,109230,Tsarbomba,45567587671,https://www.awin1.com/pclick.php?p=45567587671&a=3002879&m=109230,https://images2.productserve.com/?w=200&h=200&bg=white&trim=5&t=letterbox&url=ssl%3Acdn.shopify.com%2Fs%2Ffiles%2F1%2F0540%2F8145%2F4255%2Ffiles%2F8207CF_d93b5c58-77bf-4736-a3f0-613c8f33ba43.png%3Fv%3D1749117005&feedId=113495&k=2310843a9ddac888725bc0ab33e2810f34c0f68a,https://images2.productserve.com/?w=70&h=70&bg=white&trim=5&t=letterbox&url=ssl%3Acdn.shopify.com%2Fs%2Ffiles%2F1%2F0540%2F8145%2F4255%2Ffiles%2F8207CF_d93b5c58-77bf-4736-a3f0-613c8f33ba43.png%3Fv%3D1749117005&feedId=113495&k=2310843a9ddac888725bc0ab33e2810f34c0f68a,544,"Men's Watches",,"TSAR BOMBA WATCH",TB8207CF-01,Watches,TB8207CF-01,"TSARBOMBA elementl TB8207A Men’s Fashion Watch—featuring a Miyota automatic mechanical movement, a tonneau-shaped case, and a carbon fiber bezel that highlights the aesthetic of mechanical power. The stainless steel case is paired with a silicone strap, offering 5ATM water resistance and a luminescent sporty design that embodies youthful style.","The TSARBOMBA watches TB8207CF is an automatic mechanical watch designed for trendsetters. Equipped with a Miyota mechanical movement, its carbon fiber bezel and unique dial design exude the charm of a luxury timepiece. Featuring a 316L stainless steel case paired with a high-tech silicone strap, it offers a 5ATM water resistance rating and a premium Grade A luminescent coating, making it suitable for any occasion and the perfect first mechanical watch for young people.","“Miyota automatic mechanical movement” “316L stainless steel case” “High-tech silicone strap” “5ATM water resistance” “Grade A luminescent coating” “Carbon fiber bezel” “Trendy watch”",https://tsarbomba.com/products/tb8207cf-mc-us?_pos=2&_psq=8207&_psid=bc6b509c5&_ss=e,https://cdn.shopify.com/s/files/1/0540/8145/4255/files/8207CF_d93b5c58-77bf-4736-a3f0-613c8f33ba43.png?v=1749117005,USD,489.99,new,Black,"TSAR BOMBA WATCH tonneau",male,"Products source-US3-Men's Watch","Elemental Series",0~500,43mm*50.5mm*15mm,"316L Stainless Steel","https://cdn.shopify.com/s/files/1/0540/8145/4255/files/tsarbomba-elemental-watches-TB8207CF-balck-1.webp?v=1785383888,https://cdn.shopify.com/s/files/1/0540/8145/4255/files/tsarbomba-elemental-watches-TB8207CF-balck-2.webp?v=1785383888","General:Movement: Japanese Movement, General: Case Material: 316L Stainless Steel, General: Bezel Material: 316L Stainless steel, General:Crystal: Sapphire Crystal, General: Water Resistance:50m, General: Lume: A-Grade Luminous, General: Strap Material: Fluoro Rubber.","Apparel & Accessories > Jewelry > Watches",in_stock,Automatic,
113495,109230,Tsarbomba,45567587672,https://www.awin1.com/pclick.php?p=45567587672&a=3002879&m=109230,https://images2.productserve.com/?w=200&h=200&bg=white&trim=5&t=letterbox&url=ssl%3Acdn.shopify.com%2Fs%2Ffiles%2F1%2F0540%2F8145%2F4255%2Ffiles%2F8806.png%3Fv%3D1749873073&feedId=113495&k=ff47fc5bbcf7feb0606069e53474cc52ffff8f6e,https://images2.productserve.com/?w=70&h=70&bg=white&trim=5&t=letterbox&url=ssl%3Acdn.shopify.com%2Fs%2Ffiles%2F1%2F0540%2F8145%2F4255%2Ffiles%2F8806.png%3Fv%3D1749873073&feedId=113495&k=ff47fc5bbcf7feb0606069e53474cc52ffff8f6e,544,"Men's Watches",,"TSAR BOMBA WATCH",TB8806Q,Watches,TB8806A-01,"TSARBOMBA elementl TB8806Q Men’s Fashion Watch—A quartz chronograph with stable timekeeping and low maintenance costs, featuring a stainless steel case paired with a silicone strap, 5ATM water resistance, and a luminescent sporty design that exudes a youthful style.","The TSARBOMBA TB8806Q watch is a quartz timepiece designed specifically for trendsetters. Powered by a Seiko quartz movement, its unique dial design exudes the charm of a luxury watch. Featuring a 316L stainless steel case paired with a high-tech silicone strap, it offers 5ATM water resistance and a premium Grade A luminescent coating, making it suitable for any occasion and the ideal first mechanical watch for young people.","“316L stainless steel case” “Fluororubber strap” “5ATM water resistance” “Grade A luminescent coating” “316L Stainless steel bezel” “Trendy watch”“Multi-dial watch hands”“A-Grade Luminous”“japanese movement”",https://cdn.shopify.com/s/files/1/0540/8145/4255/files/8806.png?v=1749873073,https://cdn.shopify.com/s/files/1/0540/8145/4255/files/8806.png?v=1749873073,USD,250,new,"Silver Black","TSAR BOMBA WATCH Round Type",male,"Products source-US3-Men's Watch","Elemental Series",0~500,46mm*52.0mm*15mm,"316L Stainless Steel","https://cdn.shopify.com/s/files/1/0540/8145/4255/files/8806-1.png?v=1749873073,https://cdn.shopify.com/s/files/1/0540/8145/4255/files/8806-2.png?v=1749873073","General:movement:japanese movement,General:case material:316L stainless steel,General bezel material:316L stainless steel,General:Dial design:Multi-dial watch hands,General:Crystal: Sapphire Crystal, General: Water Resistance:50m, General: Lume: A-Grade Luminous, General: Strap Material: Fluororubber.","Apparel & Accessories > Jewelry > Watches",in_stock,Quartz,
113495,109230,Tsarbomba,45567587673,https://www.awin1.com/pclick.php?p=45567587673&a=3002879&m=109230,https://images2.productserve.com/?w=200&h=200&bg=white&trim=5&t=letterbox&url=ssl%3Acdn.shopify.com%2Fs%2Ffiles%2F1%2F0540%2F8145%2F4255%2Ffiles%2FB4.png%3Fv%3D1764225327&feedId=113495&k=5b897f0a575b5f0aa01c0808772ba416ba4880e3,https://images2.productserve.com/?w=70&h=70&bg=white&trim=5&t=letterbox&url=ssl%3Acdn.shopify.com%2Fs%2Ffiles%2F1%2F0540%2F8145%2F4255%2Ffiles%2FB4.png%3Fv%3D1764225327&feedId=113495&k=5b897f0a575b5f0aa01c0808772ba416ba4880e3,544,"Men's Watches",,"TSAR BOMBA WATCH","TB8220L-Lake Blue",Watches,TB8220L-05,"The TSARBOMBA luxury women’s watch Nucleus Femme 03-TB8220 is a trendy timepiece for women, powered by a Swiss Ronda quartz movement that ensures stable timekeeping and requires minimal maintenance. Featuring a ceramic bezel and case, along with a diamond-accented dial, it combines durability with lightweight design. The fluororubber strap is skin-friendly and comfortable, causing no allergic reactions even with prolonged wear; it is odor-free and eco-friendly. It offers 3ATM water resistance and a high-quality Grade A luminescent coating. TSARBOMBA watches are not only timekeeping tools but also fashion accessories.","TSARBOMBA Watches Nuclrus Femme 03-TB8220 Women’s Watch: The TB8220 is more than just a watch—it’s a fashion accessory for every trendsetting woman. Equipped with a Swiss Ronda quartz movement, it offers stable timekeeping and is easy to maintain. The ceramic bezel and case, along with the diamond-accented dial, exude an overall sense of elegance and sophistication. The silicone strap is skin-friendly, comfortable, odor-free, and eco-friendly; 5ATM water resistance; high-quality Grade A luminescent coating; TSARBOMBA watches are not just timekeeping tools, but also fashion accessories.","“Swiss Ronda movement,” “Zirconia (diamond),” “ceramic bezel and case,” “Women’s Watch,” “50m water resistance,” “high-quality Grade A luminescent coating,” “The TSARBOMBA watch is not just a timekeeping tool, but also a fashion accessory.”",https://tsarbomba.com/products/tb8220l?variant=47331565076736,https://cdn.shopify.com/s/files/1/0540/8145/4255/files/B4.png?v=1764225327,USD,1200,new,"Lake Blue","TSAR BOMBA WATCH Barrel Type",female,"Products source-US3-Women's Watch","Nucleus Femme Series",1000~2000,35mm*39.5mm*10.3mm,Ceramic,"https://cdn.shopify.com/s/files/1/0540/8145/4255/files/B1.png?v=1764225327,https://cdn.shopify.com/s/files/1/0540/8145/4255/files/B2.png?v=1764225327","General:Movement: Swiss Movement, General: Case Material: Ceramic, General: Bezel Material: Ceramic, General:Crystal: Sapphire Crystal, General: Water Resistance:50m, General: Lume: A-Grade Luminous, General: Strap Material: Fluoro Rubber.","Apparel & Accessories > Jewelry > Watches",in_stock,Quartz,
