advertiser_id,advertiser_name,id,title,description,link,image_link,additional_image_link,mobile_link,virtual_model_link,aw_deep_link,aw_mobile_link,google_product_category,product_type,gtin,mpn,brand,identifier_exists,availability,availability_date,expiration_date,price,sale_price,sale_price_effective_date,unit_pricing_measure,unit_pricing_base_measure,installment,subscription_cost,loyalty_program,condition,adult,multipack,is_bundle,energy_efficiency_class,min_energy_efficiency_class,max_energy_efficiency_class,age_group,color,gender,material,pattern,size,size_type,size_system,item_group_id,product_weight,product_height,product_width,product_length,product_detail,product_highlight,certification,lifestyle_image_link,shipping,shipping_weight,shipping_height,shipping_width,shipping_length,min_handling_time,max_handling_time,ships_from_country,tax
67740,EVDANCE,50145148731714,"EVDANCE J1772 EV Extension Cord  40A 21/30/40 FT - 21FT","Extend Your Charging Reach: The J1772 EV Charger Extension Cord is the perfect accessory for expanding the range of your EV charging. It's compatible with Level 1 and Level 2 chargers featuring J1772 connectors, providing flexibility for various charging setups. Please note that a J1772 adapter (not included) is required for Tesla vehicles. Powerful 40 Amps with 21FT Cable: This extension cord supports up to 40 amps of charging power. It comes with a heavy-duty 21FT outdoor cable, offering both ample power and reach to efficiently charge your electric vehicle. Extend Your Charging Reach: The J1772 EV Charger Extension Cord is the perfect accessory for extending your EV charging range. It is compatible with Level 1 and Level 2 chargers featuring J1772 connectors, providing flexibility for various charging setups. Please note that a J1772 adapter (not included) is required for Tesla vehicles. Enhanced Conductivity: The inlet of this extension cord features silver plating, ensuring excellent conductivity and preventing overheating during charging sessions. Built to Last: Crafted from high-strength Polycarbonate PC Material, this extension cord is designed for longevity. It offers exceptional durability for long-term use, and its waterproof design (IP66 rated) provides peace of mind, allowing you to use it confidently in any weather condition. EVDANCE 12 Months Warranty: EVDANCE provides a 12-month warranty from the date of purchase. If you encounter any issues with your charger that are due to manufacturing defects or workmanship during this period, our dedicated team will assist you in resolving the matter promptly.",https://evdances.com/products/evdance-j1772-extension-cord-40a-21ft?variant=50145148731714,https://cdn.shopify.com/s/files/1/0809/1975/7122/files/21FT-40A-9.6KW_95ffc284-ba2e-4ee4-b478-294a5c6dd355.jpg?v=1733972864,,,,https://www.awin1.com/cread.php?awinmid=67740&awinaffid=3002879&ued=https%3A%2F%2Fevdances.com%2Fproducts%2Fevdance-j1772-extension-cord-40a-21ft%3Fvariant%3D50145148731714,,"Vehicles & Parts > Vehicle Parts & Accessories",,673393483622,EV-100-0036,EVDANCE,1,in_stock,,,"199.95 USD",,,,,,,,new,,,,,,,,,,,,,,,,,,,,,,,,,,,,,,,,
67740,EVDANCE,50145148764482,"EVDANCE J1772 EV Extension Cord  40A 21/30/40 FT - 30FT","Extend Your Charging Reach: The J1772 EV Charger Extension Cord is the perfect accessory for expanding the range of your EV charging. It's compatible with Level 1 and Level 2 chargers featuring J1772 connectors, providing flexibility for various charging setups. Please note that a J1772 adapter (not included) is required for Tesla vehicles. Powerful 40 Amps with 21FT Cable: This extension cord supports up to 40 amps of charging power. It comes with a heavy-duty 21FT outdoor cable, offering both ample power and reach to efficiently charge your electric vehicle. Extend Your Charging Reach: The J1772 EV Charger Extension Cord is the perfect accessory for extending your EV charging range. It is compatible with Level 1 and Level 2 chargers featuring J1772 connectors, providing flexibility for various charging setups. Please note that a J1772 adapter (not included) is required for Tesla vehicles. Enhanced Conductivity: The inlet of this extension cord features silver plating, ensuring excellent conductivity and preventing overheating during charging sessions. Built to Last: Crafted from high-strength Polycarbonate PC Material, this extension cord is designed for longevity. It offers exceptional durability for long-term use, and its waterproof design (IP66 rated) provides peace of mind, allowing you to use it confidently in any weather condition. EVDANCE 12 Months Warranty: EVDANCE provides a 12-month warranty from the date of purchase. If you encounter any issues with your charger that are due to manufacturing defects or workmanship during this period, our dedicated team will assist you in resolving the matter promptly.",https://evdances.com/products/evdance-j1772-extension-cord-40a-21ft?variant=50145148764482,https://cdn.shopify.com/s/files/1/0809/1975/7122/files/30FT-40A-9.6KW_c948cc76-9445-44a0-b571-998fe64e76de.jpg?v=1733972864,,,,https://www.awin1.com/cread.php?awinmid=67740&awinaffid=3002879&ued=https%3A%2F%2Fevdances.com%2Fproducts%2Fevdance-j1772-extension-cord-40a-21ft%3Fvariant%3D50145148764482,,"Vehicles & Parts > Vehicle Parts & Accessories",,,EV-100-0016,EVDANCE,1,in_stock,,,"279.95 USD",,,,,,,,new,,,,,,,,,,,,,,,,,,,,,,,,,,,,,,,,
67740,EVDANCE,50145148797250,"EVDANCE J1772 EV Extension Cord  40A 21/30/40 FT - 40FT","Extend Your Charging Reach: The J1772 EV Charger Extension Cord is the perfect accessory for expanding the range of your EV charging. It's compatible with Level 1 and Level 2 chargers featuring J1772 connectors, providing flexibility for various charging setups. Please note that a J1772 adapter (not included) is required for Tesla vehicles. Powerful 40 Amps with 21FT Cable: This extension cord supports up to 40 amps of charging power. It comes with a heavy-duty 21FT outdoor cable, offering both ample power and reach to efficiently charge your electric vehicle. Extend Your Charging Reach: The J1772 EV Charger Extension Cord is the perfect accessory for extending your EV charging range. It is compatible with Level 1 and Level 2 chargers featuring J1772 connectors, providing flexibility for various charging setups. Please note that a J1772 adapter (not included) is required for Tesla vehicles. Enhanced Conductivity: The inlet of this extension cord features silver plating, ensuring excellent conductivity and preventing overheating during charging sessions. Built to Last: Crafted from high-strength Polycarbonate PC Material, this extension cord is designed for longevity. It offers exceptional durability for long-term use, and its waterproof design (IP66 rated) provides peace of mind, allowing you to use it confidently in any weather condition. EVDANCE 12 Months Warranty: EVDANCE provides a 12-month warranty from the date of purchase. If you encounter any issues with your charger that are due to manufacturing defects or workmanship during this period, our dedicated team will assist you in resolving the matter promptly.",https://evdances.com/products/evdance-j1772-extension-cord-40a-21ft?variant=50145148797250,https://cdn.shopify.com/s/files/1/0809/1975/7122/files/40FT-40A-9.6KW_188e6e82-b41b-40f5-848a-9fba9eb2fb44.jpg?v=1733972864,,,,https://www.awin1.com/cread.php?awinmid=67740&awinaffid=3002879&ued=https%3A%2F%2Fevdances.com%2Fproducts%2Fevdance-j1772-extension-cord-40a-21ft%3Fvariant%3D50145148797250,,"Vehicles & Parts > Vehicle Parts & Accessories",,842193115389,EV-200-0010,EVDANCE,1,in_stock,,,"289.95 USD",,,,,,,,new,,,,,,,,,,,,,,,,,,,,,,,,,,,,,,,,
67740,EVDANCE,47609521111362,"EVDANCE J1772 EV Extension Cord 32A-50A 21/40 FT - 32A / 21FT","*SHIPS WITHIN 1 - 2 WORKING DAYS Extend Your Charging Reach: The J1772 EV Charger Extension Cord is the perfect EV charging accessory for extending your charging range. Compatible with Level 1 and Level 2 chargers featuring J1772 connectors, it provides flexibility for various charging setups. Reminder: Tesla Vehicle requires a J1772 adapter(not included). Powerful 32&40&50 Amp with 21&40 ft Cable: With support for up to 32&40&50 amps charging, this extension cord comes with a heavy-duty 21&40ft / 12m outdoor cable, offering both power and reach to efficiently charge your electric vehicle. Enhanced Conductivity: The inlet of this extension cord features silver plating, ensuring excellent conductivity and preventing overheating during charging sessions. Built to Last: Crafted from high-strength Polycarbonate PC Material, this extension cord is designed for longevity, offering exceptional durability for long-term use. Its waterproof design (IP 66 rated) provides peace of mind, allowing you to use it confidently in any weather condition. EVDANCE 12 Months Warranty: EVDANCE covers a period of 12 months from the date of purchase. During this time, if you encounter any issues with your charger that are due to manufacturing defects or workmanship, Our dedicated team will assist you in resolving the matter promptly.",https://evdances.com/products/evdance-j1772-ev-extension-cable?variant=47609521111362,https://cdn.shopify.com/s/files/1/0809/1975/7122/files/21FT-32A-7.68KW_943ff19d-f3c3-45a5-be69-5ea6afffb301.jpg?v=1733972791,,,,https://www.awin1.com/cread.php?awinmid=67740&awinaffid=3002879&ued=https%3A%2F%2Fevdances.com%2Fproducts%2Fevdance-j1772-ev-extension-cable%3Fvariant%3D47609521111362,,"Vehicles & Parts > Vehicle Parts & Accessories",,662762447785,EV-100-0017,EVDANCE,1,in_stock,,,"199.95 USD",,,,,,,,new,,,,,,,,,,,,,,,,,,,,,,,,,,,,,,,,
67740,EVDANCE,50125661274434,"EVDANCE J1772 EV Extension Cord 32A-50A 21/40 FT - 32A / 40FT","*SHIPS WITHIN 1 - 2 WORKING DAYS Extend Your Charging Reach: The J1772 EV Charger Extension Cord is the perfect EV charging accessory for extending your charging range. Compatible with Level 1 and Level 2 chargers featuring J1772 connectors, it provides flexibility for various charging setups. Reminder: Tesla Vehicle requires a J1772 adapter(not included). Powerful 32&40&50 Amp with 21&40 ft Cable: With support for up to 32&40&50 amps charging, this extension cord comes with a heavy-duty 21&40ft / 12m outdoor cable, offering both power and reach to efficiently charge your electric vehicle. Enhanced Conductivity: The inlet of this extension cord features silver plating, ensuring excellent conductivity and preventing overheating during charging sessions. Built to Last: Crafted from high-strength Polycarbonate PC Material, this extension cord is designed for longevity, offering exceptional durability for long-term use. Its waterproof design (IP 66 rated) provides peace of mind, allowing you to use it confidently in any weather condition. EVDANCE 12 Months Warranty: EVDANCE covers a period of 12 months from the date of purchase. During this time, if you encounter any issues with your charger that are due to manufacturing defects or workmanship, Our dedicated team will assist you in resolving the matter promptly.",https://evdances.com/products/evdance-j1772-ev-extension-cable?variant=50125661274434,https://cdn.shopify.com/s/files/1/0809/1975/7122/files/40FT-32A-7.68KW_77183ead-374b-46d0-947d-c8e21fc0b0c7.jpg?v=1733972791,,,,https://www.awin1.com/cread.php?awinmid=67740&awinaffid=3002879&ued=https%3A%2F%2Fevdances.com%2Fproducts%2Fevdance-j1772-ev-extension-cable%3Fvariant%3D50125661274434,,"Vehicles & Parts > Vehicle Parts & Accessories",,842193115372,EV-100-0018,EVDANCE,1,in_stock,,,"279.95 USD",,,,,,,,new,,,,,,,,,,,,,,,,,,,,,,,,,,,,,,,,
67740,EVDANCE,46072726618434,"EVDANCE J1772 EV Extension Cord 32A-50A 21/40 FT - 40A / 21FT","*SHIPS WITHIN 1 - 2 WORKING DAYS Extend Your Charging Reach: The J1772 EV Charger Extension Cord is the perfect EV charging accessory for extending your charging range. Compatible with Level 1 and Level 2 chargers featuring J1772 connectors, it provides flexibility for various charging setups. Reminder: Tesla Vehicle requires a J1772 adapter(not included). Powerful 32&40&50 Amp with 21&40 ft Cable: With support for up to 32&40&50 amps charging, this extension cord comes with a heavy-duty 21&40ft / 12m outdoor cable, offering both power and reach to efficiently charge your electric vehicle. Enhanced Conductivity: The inlet of this extension cord features silver plating, ensuring excellent conductivity and preventing overheating during charging sessions. Built to Last: Crafted from high-strength Polycarbonate PC Material, this extension cord is designed for longevity, offering exceptional durability for long-term use. Its waterproof design (IP 66 rated) provides peace of mind, allowing you to use it confidently in any weather condition. EVDANCE 12 Months Warranty: EVDANCE covers a period of 12 months from the date of purchase. During this time, if you encounter any issues with your charger that are due to manufacturing defects or workmanship, Our dedicated team will assist you in resolving the matter promptly.",https://evdances.com/products/evdance-j1772-ev-extension-cable?variant=46072726618434,https://cdn.shopify.com/s/files/1/0809/1975/7122/files/21FT-40A-9.6KW_60ec5651-f9ce-4bc3-a31a-dca360f8b14d.jpg?v=1733972791,,,,https://www.awin1.com/cread.php?awinmid=67740&awinaffid=3002879&ued=https%3A%2F%2Fevdances.com%2Fproducts%2Fevdance-j1772-ev-extension-cable%3Fvariant%3D46072726618434,,"Vehicles & Parts > Vehicle Parts & Accessories",,635812595002,EV-100-0036,EVDANCE,1,in_stock,,,"199.95 USD",,,,,,,,new,,,,,,,,,,,,,,,,,,,,,,,,,,,,,,,,
67740,EVDANCE,50125661307202,"EVDANCE J1772 EV Extension Cord 32A-50A 21/40 FT - 40A / 40FT","*SHIPS WITHIN 1 - 2 WORKING DAYS Extend Your Charging Reach: The J1772 EV Charger Extension Cord is the perfect EV charging accessory for extending your charging range. Compatible with Level 1 and Level 2 chargers featuring J1772 connectors, it provides flexibility for various charging setups. Reminder: Tesla Vehicle requires a J1772 adapter(not included). Powerful 32&40&50 Amp with 21&40 ft Cable: With support for up to 32&40&50 amps charging, this extension cord comes with a heavy-duty 21&40ft / 12m outdoor cable, offering both power and reach to efficiently charge your electric vehicle. Enhanced Conductivity: The inlet of this extension cord features silver plating, ensuring excellent conductivity and preventing overheating during charging sessions. Built to Last: Crafted from high-strength Polycarbonate PC Material, this extension cord is designed for longevity, offering exceptional durability for long-term use. Its waterproof design (IP 66 rated) provides peace of mind, allowing you to use it confidently in any weather condition. EVDANCE 12 Months Warranty: EVDANCE covers a period of 12 months from the date of purchase. During this time, if you encounter any issues with your charger that are due to manufacturing defects or workmanship, Our dedicated team will assist you in resolving the matter promptly.",https://evdances.com/products/evdance-j1772-ev-extension-cable?variant=50125661307202,https://cdn.shopify.com/s/files/1/0809/1975/7122/files/40FT-40A-9.6KW_6e048415-3f35-41b2-a06a-a0e7c24058b5.jpg?v=1733972791,,,,https://www.awin1.com/cread.php?awinmid=67740&awinaffid=3002879&ued=https%3A%2F%2Fevdances.com%2Fproducts%2Fevdance-j1772-ev-extension-cable%3Fvariant%3D50125661307202,,"Vehicles & Parts > Vehicle Parts & Accessories",,842193115389,EV-200-0010,EVDANCE,1,in_stock,,,"289.95 USD",,,,,,,,new,,,,,,,,,,,,,,,,,,,,,,,,,,,,,,,,
67740,EVDANCE,52925704732994,"EVDANCE J1772 EV Extension Cord 32A-50A 21/40 FT - 40A / 30FT","*SHIPS WITHIN 1 - 2 WORKING DAYS Extend Your Charging Reach: The J1772 EV Charger Extension Cord is the perfect EV charging accessory for extending your charging range. Compatible with Level 1 and Level 2 chargers featuring J1772 connectors, it provides flexibility for various charging setups. Reminder: Tesla Vehicle requires a J1772 adapter(not included). Powerful 32&40&50 Amp with 21&40 ft Cable: With support for up to 32&40&50 amps charging, this extension cord comes with a heavy-duty 21&40ft / 12m outdoor cable, offering both power and reach to efficiently charge your electric vehicle. Enhanced Conductivity: The inlet of this extension cord features silver plating, ensuring excellent conductivity and preventing overheating during charging sessions. Built to Last: Crafted from high-strength Polycarbonate PC Material, this extension cord is designed for longevity, offering exceptional durability for long-term use. Its waterproof design (IP 66 rated) provides peace of mind, allowing you to use it confidently in any weather condition. EVDANCE 12 Months Warranty: EVDANCE covers a period of 12 months from the date of purchase. During this time, if you encounter any issues with your charger that are due to manufacturing defects or workmanship, Our dedicated team will assist you in resolving the matter promptly.",https://evdances.com/products/evdance-j1772-ev-extension-cable?variant=52925704732994,https://cdn.shopify.com/s/files/1/0809/1975/7122/files/40FT-50A-12kW_9eac22b4-fc6c-4d50-a1f4-9de375a9cc37.jpg?v=1733972791,,,,https://www.awin1.com/cread.php?awinmid=67740&awinaffid=3002879&ued=https%3A%2F%2Fevdances.com%2Fproducts%2Fevdance-j1772-ev-extension-cable%3Fvariant%3D52925704732994,,"Vehicles & Parts > Vehicle Parts & Accessories",,,EV-100-0016,EVDANCE,1,in_stock,,,"279.95 USD",,,,,,,,new,,,,,,,,,,,,,,,,,,,,,,,,,,,,,,,,
67740,EVDANCE,47609521176898,"EVDANCE J1772 EV Extension Cord 32A-50A 21/40 FT - 50A / 21FT","*SHIPS WITHIN 1 - 2 WORKING DAYS Extend Your Charging Reach: The J1772 EV Charger Extension Cord is the perfect EV charging accessory for extending your charging range. Compatible with Level 1 and Level 2 chargers featuring J1772 connectors, it provides flexibility for various charging setups. Reminder: Tesla Vehicle requires a J1772 adapter(not included). Powerful 32&40&50 Amp with 21&40 ft Cable: With support for up to 32&40&50 amps charging, this extension cord comes with a heavy-duty 21&40ft / 12m outdoor cable, offering both power and reach to efficiently charge your electric vehicle. Enhanced Conductivity: The inlet of this extension cord features silver plating, ensuring excellent conductivity and preventing overheating during charging sessions. Built to Last: Crafted from high-strength Polycarbonate PC Material, this extension cord is designed for longevity, offering exceptional durability for long-term use. Its waterproof design (IP 66 rated) provides peace of mind, allowing you to use it confidently in any weather condition. EVDANCE 12 Months Warranty: EVDANCE covers a period of 12 months from the date of purchase. During this time, if you encounter any issues with your charger that are due to manufacturing defects or workmanship, Our dedicated team will assist you in resolving the matter promptly.",https://evdances.com/products/evdance-j1772-ev-extension-cable?variant=47609521176898,https://cdn.shopify.com/s/files/1/0809/1975/7122/files/21FT-50A-12kW_1fd11f44-aef2-4e82-a71a-7b061383d915.jpg?v=1733972791,,,,https://www.awin1.com/cread.php?awinmid=67740&awinaffid=3002879&ued=https%3A%2F%2Fevdances.com%2Fproducts%2Fevdance-j1772-ev-extension-cable%3Fvariant%3D47609521176898,,"Vehicles & Parts > Vehicle Parts & Accessories",,623191965561,EV-100-0042,EVDANCE,1,in_stock,,,"209.95 USD",,,,,,,,new,,,,,,,,,,,,,,,,,,,,,,,,,,,,,,,,
67740,EVDANCE,50125661339970,"EVDANCE J1772 EV Extension Cord 32A-50A 21/40 FT - 50A / 40FT","*SHIPS WITHIN 1 - 2 WORKING DAYS Extend Your Charging Reach: The J1772 EV Charger Extension Cord is the perfect EV charging accessory for extending your charging range. Compatible with Level 1 and Level 2 chargers featuring J1772 connectors, it provides flexibility for various charging setups. Reminder: Tesla Vehicle requires a J1772 adapter(not included). Powerful 32&40&50 Amp with 21&40 ft Cable: With support for up to 32&40&50 amps charging, this extension cord comes with a heavy-duty 21&40ft / 12m outdoor cable, offering both power and reach to efficiently charge your electric vehicle. Enhanced Conductivity: The inlet of this extension cord features silver plating, ensuring excellent conductivity and preventing overheating during charging sessions. Built to Last: Crafted from high-strength Polycarbonate PC Material, this extension cord is designed for longevity, offering exceptional durability for long-term use. Its waterproof design (IP 66 rated) provides peace of mind, allowing you to use it confidently in any weather condition. EVDANCE 12 Months Warranty: EVDANCE covers a period of 12 months from the date of purchase. During this time, if you encounter any issues with your charger that are due to manufacturing defects or workmanship, Our dedicated team will assist you in resolving the matter promptly.",https://evdances.com/products/evdance-j1772-ev-extension-cable?variant=50125661339970,https://cdn.shopify.com/s/files/1/0809/1975/7122/files/40FT-50A-12kW_7ef54d25-eb73-483b-9582-59d5ff397c23.jpg?v=1733972791,,,,https://www.awin1.com/cread.php?awinmid=67740&awinaffid=3002879&ued=https%3A%2F%2Fevdances.com%2Fproducts%2Fevdance-j1772-ev-extension-cable%3Fvariant%3D50125661339970,,"Vehicles & Parts > Vehicle Parts & Accessories",,842193115396,EV-100-0047,EVDANCE,1,in_stock,,,"299.95 USD",,,,,,,,new,,,,,,,,,,,,,,,,,,,,,,,,,,,,,,,,
67740,EVDANCE,47635654934850,"EVDANCE 50A Tesla EV Charging Extension Cable/Cord - 21FT","*SHIPS WITHIN 1 - 2 WORKING DAYS Extend Your Tesla Charger - This Tesla extension cord is designed to safely and conveniently extend the distance between your charger and your Tesla by 21 FT&40 FT. It makes charging your Tesla simple and hassle-free. Suitable for High Power Chargers - Our Tesla extension cord can handle a maximum of 50A at 240V, allowing for high-power charging of up to 12KW. Please note that the button on the cable does not control the door on the Tesla charge port. Rugged Reliability - Built with heavy-duty construction and a weatherproof design, this charging cable is perfect for outdoor use. It provides a durable and reliable solution for charging your Tesla wherever you go. Compatible with Tesla - Charge your Tesla effortlessly with this extension cord charging cable. It is specifically designed for use with Tesla High Powered Wall Connectors, all generations of Destination Chargers, and Mobile Connectors. Not Supercharger Compatible - Please be aware that this extension cord is not compatible with Tesla Supercharging stations. It is intended for use with other Tesla charging options. Safe and Durable Material - Our extension cord is made from high-quality PC material that meets UL 94 V-0 standards. The outer insulation of the cable is crafted from TPE material, and it features 5-micron silver-plated copper for added durability. Package Included - This EV charging cable extension cord comes with a convenient carrying case to help you keep your cable organized and safely stored.",https://evdances.com/products/tesla-ev-extension-cable-cord?variant=47635654934850,https://cdn.shopify.com/s/files/1/0809/1975/7122/files/Tesla-EV-Charging-Extension-Cable-Cord_2.jpg?v=1785391225,,,,https://www.awin1.com/cread.php?awinmid=67740&awinaffid=3002879&ued=https%3A%2F%2Fevdances.com%2Fproducts%2Ftesla-ev-extension-cable-cord%3Fvariant%3D47635654934850,,"Vehicles & Parts > Vehicle Parts & Accessories",,671351262241,EV-100-0026,EVDANCE,1,in_stock,,,"219.95 USD",,,,,,,,new,,,,,,,,,,,,,,,,,,,,,,,,,,,,,,,,
67740,EVDANCE,48041290367298,"EVDANCE 50A Tesla EV Charging Extension Cable/Cord - 40FT","*SHIPS WITHIN 1 - 2 WORKING DAYS Extend Your Tesla Charger - This Tesla extension cord is designed to safely and conveniently extend the distance between your charger and your Tesla by 21 FT&40 FT. It makes charging your Tesla simple and hassle-free. Suitable for High Power Chargers - Our Tesla extension cord can handle a maximum of 50A at 240V, allowing for high-power charging of up to 12KW. Please note that the button on the cable does not control the door on the Tesla charge port. Rugged Reliability - Built with heavy-duty construction and a weatherproof design, this charging cable is perfect for outdoor use. It provides a durable and reliable solution for charging your Tesla wherever you go. Compatible with Tesla - Charge your Tesla effortlessly with this extension cord charging cable. It is specifically designed for use with Tesla High Powered Wall Connectors, all generations of Destination Chargers, and Mobile Connectors. Not Supercharger Compatible - Please be aware that this extension cord is not compatible with Tesla Supercharging stations. It is intended for use with other Tesla charging options. Safe and Durable Material - Our extension cord is made from high-quality PC material that meets UL 94 V-0 standards. The outer insulation of the cable is crafted from TPE material, and it features 5-micron silver-plated copper for added durability. Package Included - This EV charging cable extension cord comes with a convenient carrying case to help you keep your cable organized and safely stored.",https://evdances.com/products/tesla-ev-extension-cable-cord?variant=48041290367298,https://cdn.shopify.com/s/files/1/0809/1975/7122/files/Tesla-EV-Charging-Extension-Cable-Cord_1.jpg?v=1785391226,,,,https://www.awin1.com/cread.php?awinmid=67740&awinaffid=3002879&ued=https%3A%2F%2Fevdances.com%2Fproducts%2Ftesla-ev-extension-cable-cord%3Fvariant%3D48041290367298,,"Vehicles & Parts > Vehicle Parts & Accessories",,685589455436,EV-100-0051,EVDANCE,1,in_stock,,,"299.95 USD",,,,,,,,new,,,,,,,,,,,,,,,,,,,,,,,,,,,,,,,,
67740,EVDANCE,47312706765122,"EVDANCE Mini Tesla(NACS) to J1772 Charging Adapter Max 80 Amp & 250V - Black","*SHIPS WITHIN 1 - 2 WORKING DAYS More Charging Options: The Tesla to J1772 adapter is designed to plug J1772 EVs into Tesla charging stations. With a portable J1772 Adapter, users can increase charge points by 15,000 more charging stations in North America Compatible to all J1772 EVs: This Tesla charger to J1772 Adapter is compatible with all J1772 BEVs and PHEVs. Charge your EV on Tesla destination charger, Tesla wall charger, Tesla home charger, or Tesla mobile charger.(except Tesla Super Charger) PORTABLE & COMPACT: The J1772 Adapter Tesla is mini in size and lightweight, easy to store and carry on the go charging, essential EV accessory for road trips. Fast Charging: Our level 2 J1772 adapter supports max 80 Amps current and 250V voltage. You can fully charge in a few hours. Charging power rates up to 20kW, provides 4-7 times faster speed than level 1 charger, you can fully charge your J1772 vehicles in a matter of hours. Spend more time enjoying the drive and less time worrying about charging. Easy to Use & Secure: More than 20k times of plug in/out test, stable and reliable. The J1772 Adapter Tesla comes anti-drop lock. Waterproof – IP rating 65, Tesla charger to J1772 adapter can be used for outdoors.",https://evdances.com/products/tesla-to-j1772-charging-adapter-by-evdance?variant=47312706765122,https://cdn.shopify.com/s/files/1/0809/1975/7122/files/08_87ab9561-1f16-467c-911b-9d0b0002fd14.jpg?v=1733966025,,,,https://www.awin1.com/cread.php?awinmid=67740&awinaffid=3002879&ued=https%3A%2F%2Fevdances.com%2Fproducts%2Ftesla-to-j1772-charging-adapter-by-evdance%3Fvariant%3D47312706765122,,"Vehicles & Parts > Vehicle Parts & Accessories",,624500593475,EV-200-0041,EVDANCE,1,in_stock,,,"88.95 USD",,,,,,,,new,,,,,,,,,,,,,,,,,,,,,,,,,,,,,,,,
67740,EVDANCE,47312706830658,"EVDANCE Mini Tesla(NACS) to J1772 Charging Adapter Max 80 Amp & 250V - White","*SHIPS WITHIN 1 - 2 WORKING DAYS More Charging Options: The Tesla to J1772 adapter is designed to plug J1772 EVs into Tesla charging stations. With a portable J1772 Adapter, users can increase charge points by 15,000 more charging stations in North America Compatible to all J1772 EVs: This Tesla charger to J1772 Adapter is compatible with all J1772 BEVs and PHEVs. Charge your EV on Tesla destination charger, Tesla wall charger, Tesla home charger, or Tesla mobile charger.(except Tesla Super Charger) PORTABLE & COMPACT: The J1772 Adapter Tesla is mini in size and lightweight, easy to store and carry on the go charging, essential EV accessory for road trips. Fast Charging: Our level 2 J1772 adapter supports max 80 Amps current and 250V voltage. You can fully charge in a few hours. Charging power rates up to 20kW, provides 4-7 times faster speed than level 1 charger, you can fully charge your J1772 vehicles in a matter of hours. Spend more time enjoying the drive and less time worrying about charging. Easy to Use & Secure: More than 20k times of plug in/out test, stable and reliable. The J1772 Adapter Tesla comes anti-drop lock. Waterproof – IP rating 65, Tesla charger to J1772 adapter can be used for outdoors.",https://evdances.com/products/tesla-to-j1772-charging-adapter-by-evdance?variant=47312706830658,https://cdn.shopify.com/s/files/1/0809/1975/7122/files/07_4c961c1f-70e2-40db-95ec-2c3c9850d05a.jpg?v=1733966025,,,,https://www.awin1.com/cread.php?awinmid=67740&awinaffid=3002879&ued=https%3A%2F%2Fevdances.com%2Fproducts%2Ftesla-to-j1772-charging-adapter-by-evdance%3Fvariant%3D47312706830658,,"Vehicles & Parts > Vehicle Parts & Accessories",,624500593451,EV-200-0042,EVDANCE,1,in_stock,,,"88.95 USD",,,,,,,,new,,,,,,,,,,,,,,,,,,,,,,,,,,,,,,,,
67740,EVDANCE,46079825019202,"EVDANCE CCS1 To NACS Adapter 250KW","*SHIPS WITHIN 1 - 2 WORKING DAYS Fast Charging: The 250KW adapter allows you to quickly charge at more than 5,000 CCS charging stations nationwide and fully charge your car in just a few hours. Compatibility: Compatible with Tesla Model S, X, Y, and 3, compatible with all CCS chargers, and Compatible with Tesla cars with CCS enabled, please upgrade CCS before use. Premium materials: With an IP65 rating, the CCS adapter protects against water mist, is perfect for outdoor use, is small in size, is easy to fit in the car, and is fast and easy to charge your electric car. Specifications: This adapter has a maximum rating of 500A and DC 200-1000V, a maximum power tail of 250KW, and an ambient temperature tail of -30℃(-22℉) to 50℃(122℉). Warranty & Quality Assurance: We guarantee that our CCS 1 Tesla Charger Adapter for Tesla Model Y/3/X/S has undergone full testing and certification by the FCC&CE. If you encounter any quality problems within 1 year of purchase, we will replace the product for you free of charge.",https://evdances.com/products/ccs-combo-1-to-tesla-adapter-by-evdance?variant=46079825019202,https://cdn.shopify.com/s/files/1/0809/1975/7122/files/06-1.jpg?v=1733966203,,,,https://www.awin1.com/cread.php?awinmid=67740&awinaffid=3002879&ued=https%3A%2F%2Fevdances.com%2Fproducts%2Fccs-combo-1-to-tesla-adapter-by-evdance%3Fvariant%3D46079825019202,,"Vehicles & Parts > Vehicle Parts & Accessories",,624500593437,EV-200-0008,EVDANCE,1,in_stock,,,"79.99 USD",,,,,,,,new,,,,,,,,,,,,,,,,,,,,,,,,,,,,,,,,
67740,EVDANCE,51628270911810,"EVDANCE Level 1&2 EV Charger NEMA 6-20 NACS Portable Dual Plug In - 12/16A | ETL Certification","*SHIPS WITHIN 1 - 2 WORKING DAYS Enhanced Performance: The EV Portable Charger accelerates charging speeds by 4 times compared to standard 8A L1 EV chargers, offering Level 1 & Level 2 charging capabilities for J1772 electric vehicles and plug-in hybrid vehicles. (Note: SAE NACS adapter required for Tesla vehicles) Informative Indicators: The integrated LED display provides real-time updates on charging progress and quickly identifies any potential errors during the charging process. Durability and Safety: Crafted from premium robust materials, this charger prioritizes durability. It holds FCC and CE certifications, ensuring high safety standards. The intelligent chip design constantly monitors the charging status, while the charger's housing features IP66 protection. User-Friendly Convenience: With its portable design, the EV Portable Charger offers convenience and flexibility for charging your electric vehicle anytime, anywhere. Reliable After-Sales Service: We provide excellent customer support and a reliable after-sales service to ensure a satisfying experience with the EV Portable Charger.",https://evdances.com/products/evdance-level-1-2-portable-ev-charger-12-16a-110-240v-25ft?variant=51628270911810,https://cdn.shopify.com/s/files/1/0809/1975/7122/files/1601T.jpg?v=1776236573,,,,https://www.awin1.com/cread.php?awinmid=67740&awinaffid=3002879&ued=https%3A%2F%2Fevdances.com%2Fproducts%2Fevdance-level-1-2-portable-ev-charger-12-16a-110-240v-25ft%3Fvariant%3D51628270911810,,"Vehicles & Parts > Vehicle Parts & Accessories",,842193122905,EV-100-0158,EVDANCE,1,in_stock,,,"149.95 USD",,,,,,,,new,,,,,,,,,,,,,,,,,,,,,,,,,,,,,,,,
67740,EVDANCE,50145166885186,"EVDANCE J1772 EV Extension Cord  32A 21/40FT - 21FT","【EVDANCE 32A J1772 EV Extension Cord 40FT】The EVDANCE 32A J1772 EV extension cord 40FT is specifically designed to connect to Level 1 or Level 2 chargers with J1772 connectors, providing the perfect solution for extending the charging reach of your J1772 EVs/PHEVs. Whether you're charging at home or on the go, this extension cord offers both power and reach to meet all of your EV charging needs. 【Powerful and Reliable Charging】With a maximum charging capacity of 32 amps, this J1772 extension cord delivers powerful and reliable charging for your EV/PHEV in a short amount of time. Say goodbye to power loss and enjoy the ability to quickly and efficiently charge your EV, getting you back on the road in no time. 【Superior Conductivity for Safe Charging】Ensuring safety is our top priority, which is why the inlet of this J1772 extension cord features silver plating for superior conductivity and to prevent overheating. This provides efficient and safe charging, offering you peace of mind while you charge your EV. 【Durable and Weatherproof Design】Crafted with high-quality 100% copper TPE cable and solid J1772 connectors and sockets, our EV charging cord is built to last. It is stronger and more durable than other cables on the market, capable of withstanding everyday use. Additionally, with an IP66 waterproof rating, you can confidently use it in any weather conditions. 【1-Year Warranty and 24/7 Support】To ensure your satisfaction, EVDANCE offers a 1-year warranty on our EV charger extension cord, covering any quality issues that may arise. Furthermore, our dedicated 24/7 support team is always available to assist you with any questions or concerns you may have.",https://evdances.com/products/evdance-j1772-extension-cord-32a-40ft?variant=50145166885186,https://cdn.shopify.com/s/files/1/0809/1975/7122/files/21FT-32A-7.68KW_6bbe1f8f-321e-45d5-a85e-54c75642ac1f.jpg?v=1733972833,,,,https://www.awin1.com/cread.php?awinmid=67740&awinaffid=3002879&ued=https%3A%2F%2Fevdances.com%2Fproducts%2Fevdance-j1772-extension-cord-32a-40ft%3Fvariant%3D50145166885186,,"Vehicles & Parts > Vehicle Parts & Accessories",,678714447888,EV-100-0017,EVDANCE,1,in_stock,,,"199.95 USD",,,,,,,,new,,,,,,,,,,,,,,,,,,,,,,,,,,,,,,,,
67740,EVDANCE,50145166917954,"EVDANCE J1772 EV Extension Cord  32A 21/40FT - 40FT","【EVDANCE 32A J1772 EV Extension Cord 40FT】The EVDANCE 32A J1772 EV extension cord 40FT is specifically designed to connect to Level 1 or Level 2 chargers with J1772 connectors, providing the perfect solution for extending the charging reach of your J1772 EVs/PHEVs. Whether you're charging at home or on the go, this extension cord offers both power and reach to meet all of your EV charging needs. 【Powerful and Reliable Charging】With a maximum charging capacity of 32 amps, this J1772 extension cord delivers powerful and reliable charging for your EV/PHEV in a short amount of time. Say goodbye to power loss and enjoy the ability to quickly and efficiently charge your EV, getting you back on the road in no time. 【Superior Conductivity for Safe Charging】Ensuring safety is our top priority, which is why the inlet of this J1772 extension cord features silver plating for superior conductivity and to prevent overheating. This provides efficient and safe charging, offering you peace of mind while you charge your EV. 【Durable and Weatherproof Design】Crafted with high-quality 100% copper TPE cable and solid J1772 connectors and sockets, our EV charging cord is built to last. It is stronger and more durable than other cables on the market, capable of withstanding everyday use. Additionally, with an IP66 waterproof rating, you can confidently use it in any weather conditions. 【1-Year Warranty and 24/7 Support】To ensure your satisfaction, EVDANCE offers a 1-year warranty on our EV charger extension cord, covering any quality issues that may arise. Furthermore, our dedicated 24/7 support team is always available to assist you with any questions or concerns you may have.",https://evdances.com/products/evdance-j1772-extension-cord-32a-40ft?variant=50145166917954,https://cdn.shopify.com/s/files/1/0809/1975/7122/files/40FT-32A-7.68KW_5fed6852-8a1f-48b6-8b5e-74a70e0b5cdd.jpg?v=1733972833,,,,https://www.awin1.com/cread.php?awinmid=67740&awinaffid=3002879&ued=https%3A%2F%2Fevdances.com%2Fproducts%2Fevdance-j1772-extension-cord-32a-40ft%3Fvariant%3D50145166917954,,"Vehicles & Parts > Vehicle Parts & Accessories",,842193115372,EV-100-0018,EVDANCE,1,in_stock,,,"279.95 USD",,,,,,,,new,,,,,,,,,,,,,,,,,,,,,,,,,,,,,,,,
67740,EVDANCE,46179838722370,"EVDANCE Tesla(NACS) to J1772 Charging Adapter with Security Lock - White","*SHIPS WITHIN 1 - 2 WORKING DAYS COMPATIBILITY： Our level 2 J1772 adapter perfectly syncs with ALL EVs sporting a J1772 charge port. This includes the trendy Ford Mach-E, Ford Lightning, Hyundai, KIA, Volkswagen, Nissan, Polestar, Toyota, Lucid, etc, and other selective vehicles. It ensures seamless compatibility,FAST CHARGING： The compatibility of this adapter with chargers with a maximum current of 60A and a voltage of 240V AC ensures efficient and safe car charging, meeting all of your ultra-fast charging requirements. Its high current load capacity ensures reliable and fast charging every time.SECURE AND WATERPROOF: Our Tesla to J1772 Adapter features a security lock for added safety during charging. It is also IP65 waterproof certified, protecting the adapter and your EV charging experience. DURABLE MATERIAL: Crafted with high-quality materials, this adapter is built to last. Enjoy reliable and long-lasting performance for all your charging needs. More Charging Options: TExpand your EV charging options with the Tesla to J1772 adapter. Connect J1772 EVs, including popular brands like Ford, Lexus, and Toyota, to Tesla charging stations, providing access to over 15,000 additional charging stations across North America.",https://evdances.com/products/tesla-to-j1772-charging-adapter-with-security-lock?variant=46179838722370,https://cdn.shopify.com/s/files/1/0809/1975/7122/files/02_c21f8d2d-f469-46b2-9642-dc7a99213181.jpg?v=1733966140,,,,https://www.awin1.com/cread.php?awinmid=67740&awinaffid=3002879&ued=https%3A%2F%2Fevdances.com%2Fproducts%2Ftesla-to-j1772-charging-adapter-with-security-lock%3Fvariant%3D46179838722370,,"Vehicles & Parts > Vehicle Parts & Accessories",,684572374488,EV-200-0037,EVDANCE,1,in_stock,,,"99.95 USD",,,,,,,,new,,,,,,,,,,,,,,,,,,,,,,,,,,,,,,,,
67740,EVDANCE,46179838689602,"EVDANCE Tesla(NACS) to J1772 Charging Adapter with Security Lock - Black","*SHIPS WITHIN 1 - 2 WORKING DAYS COMPATIBILITY： Our level 2 J1772 adapter perfectly syncs with ALL EVs sporting a J1772 charge port. This includes the trendy Ford Mach-E, Ford Lightning, Hyundai, KIA, Volkswagen, Nissan, Polestar, Toyota, Lucid, etc, and other selective vehicles. It ensures seamless compatibility,FAST CHARGING： The compatibility of this adapter with chargers with a maximum current of 60A and a voltage of 240V AC ensures efficient and safe car charging, meeting all of your ultra-fast charging requirements. Its high current load capacity ensures reliable and fast charging every time.SECURE AND WATERPROOF: Our Tesla to J1772 Adapter features a security lock for added safety during charging. It is also IP65 waterproof certified, protecting the adapter and your EV charging experience. DURABLE MATERIAL: Crafted with high-quality materials, this adapter is built to last. Enjoy reliable and long-lasting performance for all your charging needs. More Charging Options: TExpand your EV charging options with the Tesla to J1772 adapter. Connect J1772 EVs, including popular brands like Ford, Lexus, and Toyota, to Tesla charging stations, providing access to over 15,000 additional charging stations across North America.",https://evdances.com/products/tesla-to-j1772-charging-adapter-with-security-lock?variant=46179838689602,https://cdn.shopify.com/s/files/1/0809/1975/7122/files/04_a639403a-596f-4672-9e6b-fe010efb86d8.jpg?v=1733966140,,,,https://www.awin1.com/cread.php?awinmid=67740&awinaffid=3002879&ued=https%3A%2F%2Fevdances.com%2Fproducts%2Ftesla-to-j1772-charging-adapter-with-security-lock%3Fvariant%3D46179838689602,,"Vehicles & Parts > Vehicle Parts & Accessories",,624500593444,EV-200-0044,EVDANCE,1,in_stock,,,"99.95 USD",,,,,,,,new,,,,,,,,,,,,,,,,,,,,,,,,,,,,,,,,
67740,EVDANCE,47073487159618,"EVDANCE V2L Adapter for Hyundai Ioniq 5 & Ioniq 6,Kia EV6 15 Amp","*SHIPS WITHIN 1 - 2 WORKING DAYS AC OUTLET CONVERSION - Transform your Hyundai Ioniq 5 & Ioniq 6 and Kia EV6 charging ports into a standard US AC outlet with the V2L adapter. It's perfect for road trips, camping, tailgating, barbecues, and more! POWERFUL PERFORMANCE - The EVDANCE V2L adapter packs a punch with a maximum 15 amp output. It provides ample power for all your devices, appliances, and anything else that needs an AC connection. USER-FRIENDLY OPERATION - Using the V2L adapter is a breeze. Just insert it into your Hyundai Ioniq 5 & Ioniq 6 and Kia EV6 charger port, then connect your AC cable to the NEMA 5-15 outlet located at the rear of the adapter. COMPATIBILITY - The EVDANCE V2L adapter is specifically designed for use with the Hyundai Ioniq 5 & 6, and Kia EV6. Please note that it is not compatible with other EV models. PORTABLE AND COMPACT - This lightweight and compact accessory is designed to be easily stowed away in your glove box. That way, you'll always have it within reach whenever you need it. WARRANTY - Rest easy with our inclusive 1-year warranty that comes with every EVDANCE product purchase. Our dedicated customer service team is ready to assist you at every stage.",https://evdances.com/products/evdance-v2l-adapter-for-hyundai-ioniq-5-ioniq-6-kia-ev6-15-amp?variant=47073487159618,https://cdn.shopify.com/s/files/1/0809/1975/7122/files/01_b5bf2c14-8847-46f3-a8e6-a5e042d798b6.jpg?v=1733966251,,,,https://www.awin1.com/cread.php?awinmid=67740&awinaffid=3002879&ued=https%3A%2F%2Fevdances.com%2Fproducts%2Fevdance-v2l-adapter-for-hyundai-ioniq-5-ioniq-6-kia-ev6-15-amp%3Fvariant%3D47073487159618,,"Electronics > Electronics Accessories > Power > Power Adaptors & Chargers",,694034397344,EV-200-0045,EVDANCE,1,in_stock,,,"79.95 USD",,,,,,,,new,,,,,,,,,,,,,,,,,,,,,,,,,,,,,,,,
67740,EVDANCE,47075451240770,"EVDANCE Level 2 NEMA 14-50 32A Tesla/NACS Portable EV Charger | ETL Certification","The EVDANCE Tesla Charger is designed for Tesla vehicles and NACS-compatible EVs, including Model S, Model 3, Model X, and Model Y. With a SAE J3400 / NACS connector and NEMA 14-50 plug, it delivers reliable Level 2 home charging for daily driving, overnight charging, garage use, and travel backup. Powered by a 240V NEMA 14-50 outlet, this portable Level 2 EV charger provides up to 32A output and 7.68kW charging power, helping you charge faster than standard Level 1 charging. The 25FT cable offers flexible reach for garages, driveways, and different parking positions. Built for dependable performance, the charger features ETL / Intertek certification, FCC compliance, and safety protections against overvoltage, overcurrent, short circuit, leakage, and grounding faults. The LED indicator light keeps you informed with real-time charging status, including charging, fully charged, EV connected, standby, and fault alerts. Compact, portable, and easy to store, the EVDANCE Tesla / NACS EV charger is a smart charging solution for home and on-the-go use.",https://evdances.com/products/evdance-portable-wall-mount-level-2-tesla-ev-charger-32a-240v-25ft?variant=47075451240770,https://cdn.shopify.com/s/files/1/0809/1975/7122/files/NACS-Portable-EV-Charger0.webp?v=1786426602,,,,https://www.awin1.com/cread.php?awinmid=67740&awinaffid=3002879&ued=https%3A%2F%2Fevdances.com%2Fproducts%2Fevdance-portable-wall-mount-level-2-tesla-ev-charger-32a-240v-25ft%3Fvariant%3D47075451240770,,"Vehicles & Parts > Vehicle Parts & Accessories",,656330193235,EV-100-0151,EVDANCE,1,in_stock,,,"259.95 USD",,,,,,,,new,,,,,,,,,,,,,,,,,,,,,,,,,,,,,,,,
67740,EVDANCE,47337554772290,"EVDANCE Tire Inflator Portable Air Compressor 150PSI Dual Power","*SHIPS WITHIN 1 - 2 WORKING DAYS 【Dual-Power Supply Tire Inflator】EVDANCE car tire air pump comes with two power options: a 9000mAh Rechargeable Li-ion battery and a 12v car DC. The air pump can be quickly inflated by the built-in rechargeable battery, and can also be plugged into the car's cigarette lighter to inflate when the battery is depleted. Easy to inflate all tires and inflatables at home and outdoors. 【22mm Diameter Cylinder Fast Inflation】This portable air compressor is equipped with 22mm diameter cylinder, and can pump up your car's tires with 35L/Min. It can inflate a 195/65R15 car tire from 0 to 35psi within 5 min. Professionally calibrated to always return a reading within 0.5psi of the pressure of your tire, which allows it to handle a broad range of tires, from SUVs, Sedan, Motorcycle, and Bicycle. 【LCD Display and Auto Shut Off】The 12V portable car tire air pump comes with a large easy-to-read back light LCD display for the tire pressure values, units, modes, and battery power. The bike bump can measure the tire pressure automatically when inserted into the tire (Tire pressure above 5 psi). The preset function allows you to preset the desired pressure, and the electric air pump will auto shut off once reaches the target tire pressure. No need to worry about over-inflating your tire. 【More Than Just a Tire inflator】This cordless electric car air pump is constructed with bright, multi-function LED lights to meet various emergency scenarios: normal lighting mode, SOS strobe mode (with RED light), warning light (blue&red light ) mode. The car tire pump with built-in 9000mAh rechargeable battery and you can also used as a power bank to charge your smart devices, tablets, or phones anytime 【Multipurpose Air Pump】EVDANCEtire air pump comes with 5 nozzles (1x air inflation tube, 2x air nozzles, 1x needle adapter, 1x Presta valve adapter ) to inflate your car, bike, motor, air mattress, inflatable boat, balls, and other inflatables. 【NOTE】When receive the inflator pump, pls charge it first, and then use it after it is fully charged",https://evdances.com/products/tire-inflator-portable-air-compressor-150psi-dual-power-with-9000mah-rechargeable-battery?variant=47337554772290,https://cdn.shopify.com/s/files/1/0809/1975/7122/files/PortableAirCompressor.jpg?v=1699595422,,,,https://www.awin1.com/cread.php?awinmid=67740&awinaffid=3002879&ued=https%3A%2F%2Fevdances.com%2Fproducts%2Ftire-inflator-portable-air-compressor-150psi-dual-power-with-9000mah-rechargeable-battery%3Fvariant%3D47337554772290,,"Vehicles & Parts > Vehicle Parts & Accessories",,624500593512,EV-200-0018,EVDANCE,1,in_stock,,,"59.99 USD",,,,,,,,new,,,,,,,,,,,,,,,,,,,,,,,,,,,,,,,,
67740,EVDANCE,50145126580546,"EVDANCE J1772 EV Extension Cord  50A 21/40 FT - 21FT","*SHIPS WITHIN 1 - 2 WORKING DAYS 【Extend Your Charging Range】- The EVDANCE J1772 EV Charger Extension Cord is the perfect accessory for electric vehicle owners who want to extend their charging range. It's designed to be compatible with Level 1 and Level 2 chargers that have J1772 connectors, providing flexibility for different charging setups. Please note that Tesla vehicles require a J1772 adapter (not included) to be compatible. 【Powerful 50Amp Charging with 21FT Cable】- This extension cord supports up to 50 amps charging, offering a powerful charging solution for your electric vehicle. It comes with a heavy-duty 40FT outdoor cable, giving you both the power and reach to efficiently charge your EV. 【Enhanced Conductivity for Optimal Performance】- The inlet of this extension cord features silver plating, ensuring excellent conductivity during charging sessions. This enhanced conductivity not only improves charging efficiency but also prevents overheating, guaranteeing a safe and reliable charging experience. 【Built to Last with High-Strength Polycarbonate PC Material】- Made from high-strength Polycarbonate PC Material, this extension cord is built to last. Its durable construction offers exceptional longevity for long-term use. Additionally, its waterproof design (IP66 rated) provides peace of mind, allowing you to confidently use it in any weather condition. 【EVDANCE 12 Months Warranty: Your Trusted Partner】- At EVDANCE, we stand behind the quality of our products. That's why we offer a 12-month warranty from the date of purchase. If you encounter any issues with your charger due to manufacturing defects or workmanship during this period, our dedicated team will promptly assist you in resolving the matter.",https://evdances.com/products/evdance-j1772-extension-cord-50a-21ft-1?variant=50145126580546,https://cdn.shopify.com/s/files/1/0809/1975/7122/files/21FT-50A-12kW_5f9f2ccf-8391-43f4-a871-dcaea5d00626.jpg?v=1733972890,,,,https://www.awin1.com/cread.php?awinmid=67740&awinaffid=3002879&ued=https%3A%2F%2Fevdances.com%2Fproducts%2Fevdance-j1772-extension-cord-50a-21ft-1%3Fvariant%3D50145126580546,,"Vehicles & Parts > Vehicle Parts & Accessories",,665936479803,EV-100-0042,EVDANCE,1,in_stock,,,"209.95 USD",,,,,,,,new,,,,,,,,,,,,,,,,,,,,,,,,,,,,,,,,
67740,EVDANCE,50145126613314,"EVDANCE J1772 EV Extension Cord  50A 21/40 FT - 40FT","*SHIPS WITHIN 1 - 2 WORKING DAYS 【Extend Your Charging Range】- The EVDANCE J1772 EV Charger Extension Cord is the perfect accessory for electric vehicle owners who want to extend their charging range. It's designed to be compatible with Level 1 and Level 2 chargers that have J1772 connectors, providing flexibility for different charging setups. Please note that Tesla vehicles require a J1772 adapter (not included) to be compatible. 【Powerful 50Amp Charging with 21FT Cable】- This extension cord supports up to 50 amps charging, offering a powerful charging solution for your electric vehicle. It comes with a heavy-duty 40FT outdoor cable, giving you both the power and reach to efficiently charge your EV. 【Enhanced Conductivity for Optimal Performance】- The inlet of this extension cord features silver plating, ensuring excellent conductivity during charging sessions. This enhanced conductivity not only improves charging efficiency but also prevents overheating, guaranteeing a safe and reliable charging experience. 【Built to Last with High-Strength Polycarbonate PC Material】- Made from high-strength Polycarbonate PC Material, this extension cord is built to last. Its durable construction offers exceptional longevity for long-term use. Additionally, its waterproof design (IP66 rated) provides peace of mind, allowing you to confidently use it in any weather condition. 【EVDANCE 12 Months Warranty: Your Trusted Partner】- At EVDANCE, we stand behind the quality of our products. That's why we offer a 12-month warranty from the date of purchase. If you encounter any issues with your charger due to manufacturing defects or workmanship during this period, our dedicated team will promptly assist you in resolving the matter.",https://evdances.com/products/evdance-j1772-extension-cord-50a-21ft-1?variant=50145126613314,https://cdn.shopify.com/s/files/1/0809/1975/7122/files/40FT-50A-12kW_61f8f600-642b-4367-a9fe-44d9ee634b36.jpg?v=1733972890,,,,https://www.awin1.com/cread.php?awinmid=67740&awinaffid=3002879&ued=https%3A%2F%2Fevdances.com%2Fproducts%2Fevdance-j1772-extension-cord-50a-21ft-1%3Fvariant%3D50145126613314,,"Vehicles & Parts > Vehicle Parts & Accessories",,842193116652,EV-100-0047,EVDANCE,1,in_stock,,,"299.95 USD",,,,,,,,new,,,,,,,,,,,,,,,,,,,,,,,,,,,,,,,,
67740,EVDANCE,52928086835522,"EVDANCE Level 1&2 EV Charger NEMA 6-20 J1772 Portable Dual Plug In - 12/16A | ETL Certification","*SHIPS WITHIN 1 - 2 WORKING DAYS Enhanced Performance: The EV Portable Charger accelerates charging speeds by 4 times compared to standard 8A L1 EV chargers, offering Level 1 & Level 2 charging capabilities for J1772 electric vehicles and plug-in hybrid vehicles. (Note: SAE J1772 adapter required for Tesla vehicles) Informative Indicators: The integrated LED display provides real-time updates on charging progress and quickly identifies any potential errors during the charging process. Durability and Safety: Crafted from premium robust materials, this charger prioritizes durability. It holds FCC and CE certifications, ensuring high safety standards. The intelligent chip design constantly monitors the charging status, while the charger's housing features IP66 protection. User-Friendly Convenience: With its portable design, the EV Portable Charger offers convenience and flexibility for charging your electric vehicle anytime, anywhere. Reliable After-Sales Service: We provide excellent customer support and a reliable after-sales service to ensure a satisfying experience with the EV Portable Charger.",https://evdances.com/products/evdance-portable-tesla-level-1-ev-charger-110v-240v-16-amp-nema-5-15-6-20?variant=52928086835522,https://cdn.shopify.com/s/files/1/0809/1975/7122/files/1601U.jpg?v=1776236573,,,,https://www.awin1.com/cread.php?awinmid=67740&awinaffid=3002879&ued=https%3A%2F%2Fevdances.com%2Fproducts%2Fevdance-portable-tesla-level-1-ev-charger-110v-240v-16-amp-nema-5-15-6-20%3Fvariant%3D52928086835522,,"Vehicles & Parts > Vehicle Parts & Accessories",,665893572661,EV-100-0156,EVDANCE,1,out_of_stock,,,"149.95 USD",,,,,,,,new,,,,,,,,,,,,,,,,,,,,,,,,,,,,,,,,
67740,EVDANCE,50464361742658,"EVDANCE Level 2 NEMA 14-50 40A J1772 Portable EV Charger - Plug & Play","NOTE: It is necessary to use a J1772 to Tesla adapter to use Tesla vehicles. Faster Charging: EVDANCE Level 2 EV Charger delivers a reliable 40A current combined with 240V high-voltage power, providing a 9.6KW output to ensure fast charging for your electric vehicle. Save time and get back on the road quicker. Flexible Charging Options: Equipped with a 25ft charging cable, this charger offers greater flexibility and convenience, enabling you to connect to your electric vehicle from various parking positions easily. SMART CHARGING: Adjust the current limit (10A/16A/20A/24A/32A/40A) to match your home's circuit and with delay start, you can stagger the peak period of use to save electricity and reduce load. Portable Design: Designed for portability, this charger is lightweight and easy to carry, allowing you to charge your vehicle anytime, anywhere – whether at home, the office, or on the go. Waterproof: Crafted to endure various weather conditions, our Level 2 EV Charger is equipped with an IP66 waterproof rating, guaranteeing dependable performance whether it's raining or sunny. Smart 2.4"" Display: The intelligent large screen on our NEMA 14-50 Level 2 EV charger offers clear, real-time updates on crucial charging information such as current, voltage, power consumption (kWh), charging duration, and operational status. Universal Compatibility: With its NEMA 14-50P plug design, this charger is compatible with a wide range of electric vehicles, ensuring broad usability. No matter your vehicle model, you can easily plug in and start charging (Tesla needs a J1772 to Tesla adapter).",https://evdances.com/products/evdance-240v-40a-portable-home-2-in-1-electric-vehicle-ev-charger?variant=50464361742658,https://cdn.shopify.com/s/files/1/0809/1975/7122/files/4002U.jpg?v=1733904823,,,,https://www.awin1.com/cread.php?awinmid=67740&awinaffid=3002879&ued=https%3A%2F%2Fevdances.com%2Fproducts%2Fevdance-240v-40a-portable-home-2-in-1-electric-vehicle-ev-charger%3Fvariant%3D50464361742658,,"Vehicles & Parts > Vehicle Parts & Accessories",,665936479797,EV-100-0097,EVDANCE,1,in_stock,,,"259.95 USD",,,,,,,,new,,,,,,,,,,,,,,,,,,,,,,,,,,,,,,,,
67740,EVDANCE,50464361775426,"EVDANCE Level 2 NEMA 14-50 40A J1772 Portable EV Charger - WIFI-Enabled","NOTE: It is necessary to use a J1772 to Tesla adapter to use Tesla vehicles. Faster Charging: EVDANCE Level 2 EV Charger delivers a reliable 40A current combined with 240V high-voltage power, providing a 9.6KW output to ensure fast charging for your electric vehicle. Save time and get back on the road quicker. Flexible Charging Options: Equipped with a 25ft charging cable, this charger offers greater flexibility and convenience, enabling you to connect to your electric vehicle from various parking positions easily. SMART CHARGING: Adjust the current limit (10A/16A/20A/24A/32A/40A) to match your home's circuit and with delay start, you can stagger the peak period of use to save electricity and reduce load. Portable Design: Designed for portability, this charger is lightweight and easy to carry, allowing you to charge your vehicle anytime, anywhere – whether at home, the office, or on the go. Waterproof: Crafted to endure various weather conditions, our Level 2 EV Charger is equipped with an IP66 waterproof rating, guaranteeing dependable performance whether it's raining or sunny. Smart 2.4"" Display: The intelligent large screen on our NEMA 14-50 Level 2 EV charger offers clear, real-time updates on crucial charging information such as current, voltage, power consumption (kWh), charging duration, and operational status. Universal Compatibility: With its NEMA 14-50P plug design, this charger is compatible with a wide range of electric vehicles, ensuring broad usability. No matter your vehicle model, you can easily plug in and start charging (Tesla needs a J1772 to Tesla adapter).",https://evdances.com/products/evdance-240v-40a-portable-home-2-in-1-electric-vehicle-ev-charger?variant=50464361775426,https://cdn.shopify.com/s/files/1/0809/1975/7122/files/4002U.jpg?v=1733904823,,,,https://www.awin1.com/cread.php?awinmid=67740&awinaffid=3002879&ued=https%3A%2F%2Fevdances.com%2Fproducts%2Fevdance-240v-40a-portable-home-2-in-1-electric-vehicle-ev-charger%3Fvariant%3D50464361775426,,"Vehicles & Parts > Vehicle Parts & Accessories",,842193116638,EV-100-0118,EVDANCE,1,in_stock,,,"279.95 USD",,,,,,,,new,,,,,,,,,,,,,,,,,,,,,,,,,,,,,,,,
67740,EVDANCE,52927423840578,"EVDANCE Level 2 NEMA 14-50 32A J1772 Portable EV Charger | ETL Certification","Fast 7.68 kW Level 2 Charging Charge your EV at up to 32A / 240V and 7.68 kW with this portable Level 2 EV charger. Five adjustable current settings — 10A, 16A, 20A, 24A, and 32A — let you match charging power to your vehicle and home circuit. Designed for a NEMA 14-50 outlet; 32A charging requires a properly rated 40A circuit. J1772 EV Charger Compatibility The standard SAE J1772 connector works with most North American EVs and plug-in hybrids from Ford, Chevrolet, Hyundai, Kia, Nissan, BMW, and more. Tesla vehicles can charge with a compatible J1772-to-NACS adapter. LED Display & Delayed Charging The built-in LED screen shows real-time current, voltage, charging status, and delay settings at a glance. Schedule delayed charging to take advantage of off-peak electricity rates where available. IP66 Protection for Everyday Charging Built for dependable daily use, the charger features IP66 protection against water and dust. Multiple current settings also make it easy to reduce electrical load and heat when maximum charging speed is not needed. 25FT Cable for Home & Travel The 25-foot charging cable gives you extra reach across garages, driveways, and parking spaces. A carrying case and wall-mount bracket are included, making this portable EV charger easy to store at home or keep in your vehicle for travel.",https://evdances.com/products/evdance-240v-32a-j1772-portable-home-2-in-1-ev-charger?variant=52927423840578,https://cdn.shopify.com/s/files/1/0809/1975/7122/files/EVDANCE-Level-2-NEMA-14-50-32A-J1772-Portable-EV-Charger0.webp?v=1786436189,,,,https://www.awin1.com/cread.php?awinmid=67740&awinaffid=3002879&ued=https%3A%2F%2Fevdances.com%2Fproducts%2Fevdance-240v-32a-j1772-portable-home-2-in-1-ev-charger%3Fvariant%3D52927423840578,,"Vehicles & Parts > Vehicle Parts & Accessories",,842193116591,EV-100-0150,EVDANCE,1,in_stock,,,"266.95 USD",,,,,,,,new,,,,,,,,,,,,,,,,,,,,,,,,,,,,,,,,
67740,EVDANCE,50167253631298,"EVDANCE Nexus Reach Tesla EV Charging Extension Cords 40A 21FT","Extended Reach The 21ft NACS extension cord extends the distance from the charger to your Model 3/Y/X/S and Cybertruck, making charging more convenient. High Power Capacity Supports up to 40A at 240V, delivering up to 9.6KW of power, suitable for high-power chargers. Durable & Safe Waterproof (IP66 rated) and made with high-strength TPE and silver-plated copper, ensuring exceptional durability for indoor and outdoor use. Compatibility & Warranty Compatible with Model 3/Y/X/S and various high-powered chargers. Comes with a 1-year warranty and a carrying case for easy storage.",https://evdances.com/products/evdance-40a-tesla-ev-charging-extension-cable-cord?variant=50167253631298,https://cdn.shopify.com/s/files/1/0809/1975/7122/files/Tesla-EV-Charging-Extension-Cable-Cord_3.jpg?v=1784109020,,,,https://www.awin1.com/cread.php?awinmid=67740&awinaffid=3002879&ued=https%3A%2F%2Fevdances.com%2Fproducts%2Fevdance-40a-tesla-ev-charging-extension-cable-cord%3Fvariant%3D50167253631298,,"Vehicles & Parts > Vehicle Parts & Accessories",,842193116584,EV-100-0065,EVDANCE,1,in_stock,,,"209.95 USD",,,,,,,,new,,,,,,,,,,,,,,,,,,,,,,,,,,,,,,,,
67740,EVDANCE,50516585447746,"EVDANCE Tesla EV Charging Extension Cords 32A 21FT","Extended Reach The 21ft NACS extension cord extends the distance from the charger to your Model 3/Y/X/S and Cybertruck, making charging more convenient. High Power Capacity Supports up to 32A at 240V, delivering up to 7.68KW of power, suitable for high-power chargers. Durable & Safe Waterproof (IP66 rated) and made with high-strength TPE and silver-plated copper, ensuring exceptional durability for indoor and outdoor use. Compatibility & Warranty Compatible with Model 3/Y/X/S and various high-powered chargers. Comes with a 1-year warranty and a carrying case for easy storage.",https://evdances.com/products/evdance-32a-21ft-tesla-ev-charging-extension-cable-cord?variant=50516585447746,https://cdn.shopify.com/s/files/1/0809/1975/7122/files/Tesla-EV-Charging-Extension-Cable-Cord_4.jpg?v=1784108964,,,,https://www.awin1.com/cread.php?awinmid=67740&awinaffid=3002879&ued=https%3A%2F%2Fevdances.com%2Fproducts%2Fevdance-32a-21ft-tesla-ev-charging-extension-cable-cord%3Fvariant%3D50516585447746,,"Vehicles & Parts > Vehicle Parts & Accessories",,842193116577,EV-100-0064,EVDANCE,1,in_stock,,,"199.95 USD",,,,,,,,new,,,,,,,,,,,,,,,,,,,,,,,,,,,,,,,,
67740,EVDANCE,50394122813762,"EVDANCE NACS to CCS Pulse Fusion Adapter with Interlock | 500A |Compatible with Tesla Superchargers","ACCESS TESLA SUPERCHARGERS NATIONWIDE - Unlock 30,000+ V3 and V4 Tesla Superchargers. This NACS to CCS adapter enables non-Tesla EVs with Supercharger access to easily connect to the Tesla fast charging network SECURE INTERLOCK DESIGN - Features a built-in interlock mechanism to help ensure a secure connection during high-voltage DC fast charging. Our SAE J3400 (NACS/Tesla) to CCS adapter is built to last for safe high-speed charging UP TO 200 MILES IN 15 MINUTES – 500A / 1000V RATED - Lightning-fast charging performance. Charge up to 200 miles in as little as 15 minutes with the EVDANCE Super Adapter. Charging rates vary based on the Tesla Supercharger generation and your vehicle’s specifications COMPATIBLE WITH SUPPORTED CCS1 EVs - Our NACS to CCS Adapter is designed exclusively for CCS1 EVs that have Supercharger access through their automaker. Not compatible with Tesla vehicles or AC charging stations",https://evdances.com/products/nacs-dc-chargers-to-ccs1-adapter?variant=50394122813762,https://cdn.shopify.com/s/files/1/0809/1975/7122/files/EVDANCE-NACS-to-CCS-Adapter-with-Interlock6.jpg?v=1784685871,,,,https://www.awin1.com/cread.php?awinmid=67740&awinaffid=3002879&ued=https%3A%2F%2Fevdances.com%2Fproducts%2Fnacs-dc-chargers-to-ccs1-adapter%3Fvariant%3D50394122813762,,"Electronics > Electronics Accessories > Power > Power Adaptors & Chargers",,842193116553,EV-200-0055,EVDANCE,1,in_stock,,,"159.99 USD",,,,,,,,new,,,,,,,,,,,,,,,,,,,,,,,,,,,,,,,,
67740,EVDANCE,51589498470722,"EVDANCE Flux Level 2 NEMA 14-50 40A NACS Portable EV Charger Wifi Enabled | ETL Certification - ETL Listed / Wifi-Enabled","Faster ChargingDelivers 9.6KW output with a 40A current and 240V power, ensuring quick and efficient charging for your electric vehicle. Flexible Charging OptionsIncludes a 25ft cable for greater flexibility and convenience, allowing easy connection from various parking positions. App-Controlled Smart ChargingControl and monitor your charger remotely via a dedicated mobile app—set schedules, track energy usage, and customize settings anytime, anywhere. Portable & WaterproofLightweight and easy to carry for charging at home, the office, or on the go. IP66 waterproof rating ensures reliable performance in all weather conditions.",https://evdances.com/products/evdance-flux-level-2-nema-14-50-40a-tesla-portable-ev-charger-wifi-enabled?variant=51589498470722,https://cdn.shopify.com/s/files/1/0809/1975/7122/files/EVDANCE-Flux-Level-2-NEMA-14-50-40A-NACS-Portable-EV-Charger.jpg?v=1786343395,,,,https://www.awin1.com/cread.php?awinmid=67740&awinaffid=3002879&ued=https%3A%2F%2Fevdances.com%2Fproducts%2Fevdance-flux-level-2-nema-14-50-40a-tesla-portable-ev-charger-wifi-enabled%3Fvariant%3D51589498470722,,"Vehicles & Parts > Vehicle Parts & Accessories",,842193116546,EV-100-0146,EVDANCE,1,out_of_stock,,,"249.95 USD",,,,,,,,new,,,,,,,,,,,,,,,,,,,,,,,,,,,,,,,,
67740,EVDANCE,54507771691330,"EVDANCE Flux Level 2 NEMA 14-50 40A NACS Portable EV Charger Wifi Enabled | ETL Certification - ETL Listed / Plug & Play","Faster ChargingDelivers 9.6KW output with a 40A current and 240V power, ensuring quick and efficient charging for your electric vehicle. Flexible Charging OptionsIncludes a 25ft cable for greater flexibility and convenience, allowing easy connection from various parking positions. App-Controlled Smart ChargingControl and monitor your charger remotely via a dedicated mobile app—set schedules, track energy usage, and customize settings anytime, anywhere. Portable & WaterproofLightweight and easy to carry for charging at home, the office, or on the go. IP66 waterproof rating ensures reliable performance in all weather conditions.",https://evdances.com/products/evdance-flux-level-2-nema-14-50-40a-tesla-portable-ev-charger-wifi-enabled?variant=54507771691330,https://cdn.shopify.com/s/files/1/0809/1975/7122/files/EVDANCE-Flux-Level-2-NEMA-14-50-40A-NACS-Portable-EV-Charger.jpg?v=1786343395,,,,https://www.awin1.com/cread.php?awinmid=67740&awinaffid=3002879&ued=https%3A%2F%2Fevdances.com%2Fproducts%2Fevdance-flux-level-2-nema-14-50-40a-tesla-portable-ev-charger-wifi-enabled%3Fvariant%3D54507771691330,,"Vehicles & Parts > Vehicle Parts & Accessories",,842193116706,EV-100-0162,EVDANCE,1,in_stock,,,"239.95 USD",,,,,,,,new,,,,,,,,,,,,,,,,,,,,,,,,,,,,,,,,
67740,EVDANCE,50541602570562,"EVDANCE Flux Level 2 NEMA 14-50 40A J1772 Portable EV Charger | ETL Certification - ETL Listed / Wifi-Enabled","Faster ChargingDelivers 9.6KW output with a 40A current and 240V power, ensuring quick and efficient charging for your electric vehicle. Flexible Charging OptionsIncludes a 25ft cable for greater flexibility and convenience, allowing easy connection from various parking positions. App-Controlled Smart ChargingControl and monitor your charger remotely via a dedicated mobile app—set schedules, track energy usage, and customize settings anytime, anywhere. Portable & WaterproofLightweight and easy to carry for charging at home, the office, or on the go. IP66 waterproof rating ensures reliable performance in all weather conditions.",https://evdances.com/products/evdance-flux-level-2-nema-14-50-40a-j1772-portable-ev-charger-wifi-enabled?variant=50541602570562,https://cdn.shopify.com/s/files/1/0809/1975/7122/files/EVDANCE-Flux-Level-2-NEMA-14-50-40A-J1772-Portable-EV-Charger.jpg?v=1786343321,,,,https://www.awin1.com/cread.php?awinmid=67740&awinaffid=3002879&ued=https%3A%2F%2Fevdances.com%2Fproducts%2Fevdance-flux-level-2-nema-14-50-40a-j1772-portable-ev-charger-wifi-enabled%3Fvariant%3D50541602570562,,"Vehicles & Parts > Vehicle Parts & Accessories",,842193116508,EV-100-0145,EVDANCE,1,in_stock,,,"249.95 USD",,,,,,,,new,,,,,,,,,,,,,,,,,,,,,,,,,,,,,,,,
67740,EVDANCE,54968351392066,"EVDANCE Flux Level 2 NEMA 14-50 40A J1772 Portable EV Charger | ETL Certification - ETL Listed / Plug & Play","Faster ChargingDelivers 9.6KW output with a 40A current and 240V power, ensuring quick and efficient charging for your electric vehicle. Flexible Charging OptionsIncludes a 25ft cable for greater flexibility and convenience, allowing easy connection from various parking positions. App-Controlled Smart ChargingControl and monitor your charger remotely via a dedicated mobile app—set schedules, track energy usage, and customize settings anytime, anywhere. Portable & WaterproofLightweight and easy to carry for charging at home, the office, or on the go. IP66 waterproof rating ensures reliable performance in all weather conditions.",https://evdances.com/products/evdance-flux-level-2-nema-14-50-40a-j1772-portable-ev-charger-wifi-enabled?variant=54968351392066,https://cdn.shopify.com/s/files/1/0809/1975/7122/files/EVDANCE-Flux-Level-2-NEMA-14-50-40A-J1772-Portable-EV-Charger.jpg?v=1786343321,,,,https://www.awin1.com/cread.php?awinmid=67740&awinaffid=3002879&ued=https%3A%2F%2Fevdances.com%2Fproducts%2Fevdance-flux-level-2-nema-14-50-40a-j1772-portable-ev-charger-wifi-enabled%3Fvariant%3D54968351392066,,"Vehicles & Parts > Vehicle Parts & Accessories",,842193122899,EV-100-0163,EVDANCE,1,in_stock,,,"239.95 USD",,,,,,,,new,,,,,,,,,,,,,,,,,,,,,,,,,,,,,,,,
67740,EVDANCE,51597869449538,"EVDANCE Level 2 NEMA 14-30 24A J1772 Portable EV Charger | ETL Certification - ETL Listed / Wifi-Enabled","Faster Charging: EVDANCE Level 2 EV Charger delivers a reliable 24A current combined with 240V high-voltage power, providing a 5.76KW output to ensure fast charging for your electric vehicle. Save time and get back on the road quicker. Flexible Charging Options: Equipped with a 25ft charging cable, this charger offers greater flexibility and convenience, enabling you to connect to your electric vehicle from various parking positions easily. SMART CHARGING: Adjust the current limit (10A/16A/20A/24A) to match your home's circuit and with delay start, you can stagger the peak period of use to save electricity and reduce load. Portable Design: Designed for portability, this charger is lightweight and easy to carry, allowing you to charge your vehicle anytime, anywhere – whether at home, the office, or on the go. Waterproof: Crafted to endure various weather conditions, our Level 2 EV Charger is equipped with an IP66 waterproof rating, guaranteeing dependable performance whether it's raining or sunny. Smart 2.4"" Display: The intelligent large screen on our NEMA 14-30 Level 2 EV charger offers clear, real-time updates on crucial charging information such as current, voltage, power consumption (kWh), charging duration, and operational status. Universal Compatibility: With its NEMA 14-30 plug design, this charger is compatible with a wide range of electric vehicles, ensuring broad usability. No matter your vehicle model, you can easily plug in and start charging.",https://evdances.com/products/evdance-level-2-nema-14-30-24a-j1772-portable-ev-charger?variant=51597869449538,https://cdn.shopify.com/s/files/1/0809/1975/7122/files/24A-U-14-30.jpg?v=1764751765,,,,https://www.awin1.com/cread.php?awinmid=67740&awinaffid=3002879&ued=https%3A%2F%2Fevdances.com%2Fproducts%2Fevdance-level-2-nema-14-30-24a-j1772-portable-ev-charger%3Fvariant%3D51597869449538,,"Vehicles & Parts > Vehicle Parts & Accessories",,842193116461,EV-100-0144,EVDANCE,1,in_stock,,,"239.95 USD",,,,,,,,new,,,,,,,,,,,,,,,,,,,,,,,,,,,,,,,,
67740,EVDANCE,51597869482306,"EVDANCE Level 2 NEMA 14-30 24A J1772 Portable EV Charger | ETL Certification - ETL Listed / Plug & Play","Faster Charging: EVDANCE Level 2 EV Charger delivers a reliable 24A current combined with 240V high-voltage power, providing a 5.76KW output to ensure fast charging for your electric vehicle. Save time and get back on the road quicker. Flexible Charging Options: Equipped with a 25ft charging cable, this charger offers greater flexibility and convenience, enabling you to connect to your electric vehicle from various parking positions easily. SMART CHARGING: Adjust the current limit (10A/16A/20A/24A) to match your home's circuit and with delay start, you can stagger the peak period of use to save electricity and reduce load. Portable Design: Designed for portability, this charger is lightweight and easy to carry, allowing you to charge your vehicle anytime, anywhere – whether at home, the office, or on the go. Waterproof: Crafted to endure various weather conditions, our Level 2 EV Charger is equipped with an IP66 waterproof rating, guaranteeing dependable performance whether it's raining or sunny. Smart 2.4"" Display: The intelligent large screen on our NEMA 14-30 Level 2 EV charger offers clear, real-time updates on crucial charging information such as current, voltage, power consumption (kWh), charging duration, and operational status. Universal Compatibility: With its NEMA 14-30 plug design, this charger is compatible with a wide range of electric vehicles, ensuring broad usability. No matter your vehicle model, you can easily plug in and start charging.",https://evdances.com/products/evdance-level-2-nema-14-30-24a-j1772-portable-ev-charger?variant=51597869482306,https://cdn.shopify.com/s/files/1/0809/1975/7122/files/EVDANCE-Level-2-NEMA-14-30-24A-J1772-Portable-EV-Charger8.jpg?v=1782975894,,,,https://www.awin1.com/cread.php?awinmid=67740&awinaffid=3002879&ued=https%3A%2F%2Fevdances.com%2Fproducts%2Fevdance-level-2-nema-14-30-24a-j1772-portable-ev-charger%3Fvariant%3D51597869482306,,"Vehicles & Parts > Vehicle Parts & Accessories",,842193116478,EV-100-0205,EVDANCE,1,in_stock,,,"229.95 USD",,,,,,,,new,,,,,,,,,,,,,,,,,,,,,,,,,,,,,,,,
67740,EVDANCE,51350701506882,"EVDANCE Level 2 NEMA 14-30 24A NACS Portable EV Charger | ETL Certification - ETL Listed / Wifi-Enabled","Faster Charging: EVDANCE Level 2 EV Charger delivers a reliable 24A current combined with 240V high-voltage power, providing a 5.76KW output to ensure fast charging for your electric vehicle. Save time and get back on the road quicker. Flexible Charging Options: Equipped with a 25ft charging cable, this charger offers greater flexibility and convenience, enabling you to connect to your electric vehicle from various parking positions easily. SMART CHARGING: Adjust the current limit (10A/16A/20A/24A) to match your home's circuit and with delay start, you can stagger the peak period of use to save electricity and reduce load. Portable Design: Designed for portability, this charger is lightweight and easy to carry, allowing you to charge your vehicle anytime, anywhere – whether at home, the office, or on the go. Waterproof: Crafted to endure various weather conditions, our Level 2 EV Charger is equipped with an IP66 waterproof rating, guaranteeing dependable performance whether it's raining or sunny. Smart 2.4"" Display: The intelligent large screen on our NEMA 14-30 Level 2 EV charger offers clear, real-time updates on crucial charging information such as current, voltage, power consumption (kWh), charging duration, and operational status. Universal Compatibility: With its NEMA 14-30P plug design, this charger is compatible with a wide range of electric vehicles, ensuring broad usability. No matter your vehicle model, you can easily plug in and start charging (Tesla needs a J1772 to Tesla adapter).",https://evdances.com/products/evdance-level-2-nema-14-30-24a-tesla-portable-ev-charger?variant=51350701506882,https://cdn.shopify.com/s/files/1/0809/1975/7122/files/24A-T-14-30.jpg?v=1764751696,,,,https://www.awin1.com/cread.php?awinmid=67740&awinaffid=3002879&ued=https%3A%2F%2Fevdances.com%2Fproducts%2Fevdance-level-2-nema-14-30-24a-tesla-portable-ev-charger%3Fvariant%3D51350701506882,,"Vehicles & Parts > Vehicle Parts & Accessories",,842193116423,EV-100-0143,EVDANCE,1,in_stock,,,"239.95 USD",,,,,,,,new,,,,,,,,,,,,,,,,,,,,,,,,,,,,,,,,
67740,EVDANCE,50913494663490,"EVDANCE Level 2 NEMA 14-30 24A NACS Portable EV Charger | ETL Certification - ETL Listed / Plug & Play","Faster Charging: EVDANCE Level 2 EV Charger delivers a reliable 24A current combined with 240V high-voltage power, providing a 5.76KW output to ensure fast charging for your electric vehicle. Save time and get back on the road quicker. Flexible Charging Options: Equipped with a 25ft charging cable, this charger offers greater flexibility and convenience, enabling you to connect to your electric vehicle from various parking positions easily. SMART CHARGING: Adjust the current limit (10A/16A/20A/24A) to match your home's circuit and with delay start, you can stagger the peak period of use to save electricity and reduce load. Portable Design: Designed for portability, this charger is lightweight and easy to carry, allowing you to charge your vehicle anytime, anywhere – whether at home, the office, or on the go. Waterproof: Crafted to endure various weather conditions, our Level 2 EV Charger is equipped with an IP66 waterproof rating, guaranteeing dependable performance whether it's raining or sunny. Smart 2.4"" Display: The intelligent large screen on our NEMA 14-30 Level 2 EV charger offers clear, real-time updates on crucial charging information such as current, voltage, power consumption (kWh), charging duration, and operational status. Universal Compatibility: With its NEMA 14-30P plug design, this charger is compatible with a wide range of electric vehicles, ensuring broad usability. No matter your vehicle model, you can easily plug in and start charging (Tesla needs a J1772 to Tesla adapter).",https://evdances.com/products/evdance-level-2-nema-14-30-24a-tesla-portable-ev-charger?variant=50913494663490,https://cdn.shopify.com/s/files/1/0809/1975/7122/files/EVDANCE-Level-2-NEMA-14-30-24A-NACS-Portable-EV-Charger0.jpg?v=1784779147,,,,https://www.awin1.com/cread.php?awinmid=67740&awinaffid=3002879&ued=https%3A%2F%2Fevdances.com%2Fproducts%2Fevdance-level-2-nema-14-30-24a-tesla-portable-ev-charger%3Fvariant%3D50913494663490,,"Vehicles & Parts > Vehicle Parts & Accessories",,842193116430,EV-100-0203,EVDANCE,1,in_stock,,,"229.95 USD",,,,,,,,new,,,,,,,,,,,,,,,,,,,,,,,,,,,,,,,,
67740,EVDANCE,51589517672770,"EVDANCE Level 2 NEMA 10-30 24A J1772 Portable EV Charger | ETL Certification - ETL Listed / Wifi-Enabled","Faster Level 2 Charging Charge faster with up to 40A output and 9.6kW power on a 240V NEMA 14-50 outlet. A reliable Level 2 EV charger for daily home charging and overnight charging. Adjustable Smart Charging Easily adjust the current limit from 10A / 16A / 20A / 24A / 32A / 40A to match your home circuit. Use delayed start charging to schedule charging around your routine. 25FT Flexible Charging Cable The 25FT EV charging cable gives you more reach for garages, driveways, and different parking positions, making home EV charging more convenient. Portable & Travel Ready Lightweight and easy to carry, this portable EV charger is suitable for home, office, road trips, and backup charging when you need power away from your regular setup. IP66 Weatherproof Design Built for indoor and outdoor use, the IP66-rated enclosure helps protect against rain, dust, and daily weather conditions. 2.4"" Smart Display The large display shows real-time charging data, including current, voltage, power, energy consumption, charging duration, and working status. SAE J1772 Compatibility The J1772 connector works with most North American electric vehicles and plug-in hybrids. Tesla vehicles may require a J1772 to Tesla adapter.",https://evdances.com/products/evdance-level-2-nema-10-30-24a-j1772-portable-ev-charger?variant=51589517672770,https://cdn.shopify.com/s/files/1/0809/1975/7122/files/24A-U-1030.jpg?v=1764666598,,,,https://www.awin1.com/cread.php?awinmid=67740&awinaffid=3002879&ued=https%3A%2F%2Fevdances.com%2Fproducts%2Fevdance-level-2-nema-10-30-24a-j1772-portable-ev-charger%3Fvariant%3D51589517672770,,"Vehicles & Parts > Vehicle Parts & Accessories",,842193116386,EV-100-0147,EVDANCE,1,in_stock,,,"249.95 USD",,,,,,,,new,,,,,,,,,,,,,,,,,,,,,,,,,,,,,,,,
67740,EVDANCE,51589517705538,"EVDANCE Level 2 NEMA 10-30 24A J1772 Portable EV Charger | ETL Certification - ETL Listed / Plug & Play","Faster Level 2 Charging Charge faster with up to 40A output and 9.6kW power on a 240V NEMA 14-50 outlet. A reliable Level 2 EV charger for daily home charging and overnight charging. Adjustable Smart Charging Easily adjust the current limit from 10A / 16A / 20A / 24A / 32A / 40A to match your home circuit. Use delayed start charging to schedule charging around your routine. 25FT Flexible Charging Cable The 25FT EV charging cable gives you more reach for garages, driveways, and different parking positions, making home EV charging more convenient. Portable & Travel Ready Lightweight and easy to carry, this portable EV charger is suitable for home, office, road trips, and backup charging when you need power away from your regular setup. IP66 Weatherproof Design Built for indoor and outdoor use, the IP66-rated enclosure helps protect against rain, dust, and daily weather conditions. 2.4"" Smart Display The large display shows real-time charging data, including current, voltage, power, energy consumption, charging duration, and working status. SAE J1772 Compatibility The J1772 connector works with most North American electric vehicles and plug-in hybrids. Tesla vehicles may require a J1772 to Tesla adapter.",https://evdances.com/products/evdance-level-2-nema-10-30-24a-j1772-portable-ev-charger?variant=51589517705538,https://cdn.shopify.com/s/files/1/0809/1975/7122/files/EVDANCE-Level-2-Portable-EV-Charger-24A-image8.jpg?v=1780552826,,,,https://www.awin1.com/cread.php?awinmid=67740&awinaffid=3002879&ued=https%3A%2F%2Fevdances.com%2Fproducts%2Fevdance-level-2-nema-10-30-24a-j1772-portable-ev-charger%3Fvariant%3D51589517705538,,"Vehicles & Parts > Vehicle Parts & Accessories",,842193116393,EV-100-0204,EVDANCE,1,in_stock,,,"239.95 USD",,,,,,,,new,,,,,,,,,,,,,,,,,,,,,,,,,,,,,,,,
67740,EVDANCE,51344794976578,"EVDANCE Level 2 NEMA 10-30 24A NACS Portable EV Charger | ETL Certification - ETL Listed / Wifi-Enabled","Faster Charging: EVDANCE Level 2 EV Charger delivers a reliable 24A current combined with 240V high-voltage power, providing a 5.76KW output to ensure fast charging for your electric vehicle. Save time and get back on the road quicker. Flexible Charging Options: Equipped with a 25ft charging cable, this charger offers greater flexibility and convenience, enabling you to connect to your electric vehicle from various parking positions easily. SMART CHARGING: Adjust the current limit (10A/16A/20A/24A) to match your home's circuit and with delay start, you can stagger the peak period of use to save electricity and reduce load. Portable Design: Designed for portability, this charger is lightweight and easy to carry, allowing you to charge your vehicle anytime, anywhere – whether at home, the office, or on the go. Waterproof: Crafted to endure various weather conditions, our Level 2 EV Charger is equipped with an IP66 waterproof rating, guaranteeing dependable performance whether it's raining or sunny. Smart 2.4"" Display: The intelligent large screen on our NEMA 10-30 Level 2 EV charger offers clear, real-time updates on crucial charging information such as current, voltage, power consumption (kWh), charging duration, and operational status. Universal Compatibility: With its NEMA 10-30P plug design, this charger is compatible with a wide range of electric vehicles, ensuring broad usability. No matter your vehicle model, you can easily plug in and start charging (Tesla needs a J1772 to Tesla adapter).",https://evdances.com/products/evdance-level-2-nema-10-30-24a-tesla-portable-ev-charger?variant=51344794976578,https://cdn.shopify.com/s/files/1/0809/1975/7122/files/24A-T-1030.jpg?v=1764666268,,,,https://www.awin1.com/cread.php?awinmid=67740&awinaffid=3002879&ued=https%3A%2F%2Fevdances.com%2Fproducts%2Fevdance-level-2-nema-10-30-24a-tesla-portable-ev-charger%3Fvariant%3D51344794976578,,"Vehicles & Parts > Vehicle Parts & Accessories",,842193116348,EV-100-0148,EVDANCE,1,in_stock,,,"249.95 USD",,,,,,,,new,,,,,,,,,,,,,,,,,,,,,,,,,,,,,,,,
67740,EVDANCE,50913580024130,"EVDANCE Level 2 NEMA 10-30 24A NACS Portable EV Charger | ETL Certification - ETL Listed / Plug & Play","Faster Charging: EVDANCE Level 2 EV Charger delivers a reliable 24A current combined with 240V high-voltage power, providing a 5.76KW output to ensure fast charging for your electric vehicle. Save time and get back on the road quicker. Flexible Charging Options: Equipped with a 25ft charging cable, this charger offers greater flexibility and convenience, enabling you to connect to your electric vehicle from various parking positions easily. SMART CHARGING: Adjust the current limit (10A/16A/20A/24A) to match your home's circuit and with delay start, you can stagger the peak period of use to save electricity and reduce load. Portable Design: Designed for portability, this charger is lightweight and easy to carry, allowing you to charge your vehicle anytime, anywhere – whether at home, the office, or on the go. Waterproof: Crafted to endure various weather conditions, our Level 2 EV Charger is equipped with an IP66 waterproof rating, guaranteeing dependable performance whether it's raining or sunny. Smart 2.4"" Display: The intelligent large screen on our NEMA 10-30 Level 2 EV charger offers clear, real-time updates on crucial charging information such as current, voltage, power consumption (kWh), charging duration, and operational status. Universal Compatibility: With its NEMA 10-30P plug design, this charger is compatible with a wide range of electric vehicles, ensuring broad usability. No matter your vehicle model, you can easily plug in and start charging (Tesla needs a J1772 to Tesla adapter).",https://evdances.com/products/evdance-level-2-nema-10-30-24a-tesla-portable-ev-charger?variant=50913580024130,https://cdn.shopify.com/s/files/1/0809/1975/7122/files/EVDANCE-Level-2-NEMA-10-30-24A-NACS-Portable-EV-Charger2.jpg?v=1784771283,,,,https://www.awin1.com/cread.php?awinmid=67740&awinaffid=3002879&ued=https%3A%2F%2Fevdances.com%2Fproducts%2Fevdance-level-2-nema-10-30-24a-tesla-portable-ev-charger%3Fvariant%3D50913580024130,,"Vehicles & Parts > Vehicle Parts & Accessories",,842193116355,EV-100-0202,EVDANCE,1,in_stock,,,"239.95 USD",,,,,,,,new,,,,,,,,,,,,,,,,,,,,,,,,,,,,,,,,
67740,EVDANCE,51589507187010,"EVDANCE Flux Level 1 & 2 NEMA 5-15 Plug J1772 Portable EV Charger 12A/16A | ETL Certification - ETL Listed / Wifi-Enabled","*SHIPS WITHIN 1 - 2 WORKING DAYS Enhanced Performance: The EV Portable Charger accelerates charging speeds by 4 times compared to standard 12A L1 EV chargers, offering Level 1 & Level 2 charging capabilities for J1772 electric vehicles and plug-in hybrid vehicles. (Note: SAE J1772 adapter required for Tesla vehicles) Informative Indicators: The integrated LED display provides real-time updates on charging progress and quickly identifies any potential errors during the charging process. Durability and Safety: Crafted from premium robust materials, this charger prioritizes durability. It holds ETL and CE certifications, ensuring high safety standards. The intelligent chip design constantly monitors the charging status, while the charger's housing features IP66 protection. User-Friendly Convenience: With its portable design, the EV Portable Charger offers convenience and flexibility for charging your electric vehicle anytime, anywhere.",https://evdances.com/products/evdance-flux-level-1-nema-5-15-plug-12a-j1772-nacs-portable-ev-charger?variant=51589507187010,https://cdn.shopify.com/s/files/1/0809/1975/7122/files/61Bm2IFULtL._AC_SL1500.jpg?v=1784947359,,,,https://www.awin1.com/cread.php?awinmid=67740&awinaffid=3002879&ued=https%3A%2F%2Fevdances.com%2Fproducts%2Fevdance-flux-level-1-nema-5-15-plug-12a-j1772-nacs-portable-ev-charger%3Fvariant%3D51589507187010,,"Vehicles & Parts > Vehicle Parts & Accessories",,842193116300,EV-100-0141,EVDANCE,1,out_of_stock,,,"139.95 USD",,,,,,,,new,,,,,,,,,,,,,,,,,,,,,,,,,,,,,,,,
67740,EVDANCE,51209046589762,"EVDANCE Flux Level 1 & 2 NEMA 5-15 Plug J1772 Portable EV Charger 12A/16A | ETL Certification - Standard Safety / Wifi-Enabled","*SHIPS WITHIN 1 - 2 WORKING DAYS Enhanced Performance: The EV Portable Charger accelerates charging speeds by 4 times compared to standard 12A L1 EV chargers, offering Level 1 & Level 2 charging capabilities for J1772 electric vehicles and plug-in hybrid vehicles. (Note: SAE J1772 adapter required for Tesla vehicles) Informative Indicators: The integrated LED display provides real-time updates on charging progress and quickly identifies any potential errors during the charging process. Durability and Safety: Crafted from premium robust materials, this charger prioritizes durability. It holds ETL and CE certifications, ensuring high safety standards. The intelligent chip design constantly monitors the charging status, while the charger's housing features IP66 protection. User-Friendly Convenience: With its portable design, the EV Portable Charger offers convenience and flexibility for charging your electric vehicle anytime, anywhere.",https://evdances.com/products/evdance-flux-level-1-nema-5-15-plug-12a-j1772-nacs-portable-ev-charger?variant=51209046589762,https://cdn.shopify.com/s/files/1/0809/1975/7122/files/61Bm2IFULtL._AC_SL1500.jpg?v=1784947359,,,,https://www.awin1.com/cread.php?awinmid=67740&awinaffid=3002879&ued=https%3A%2F%2Fevdances.com%2Fproducts%2Fevdance-flux-level-1-nema-5-15-plug-12a-j1772-nacs-portable-ev-charger%3Fvariant%3D51209046589762,,"Vehicles & Parts > Vehicle Parts & Accessories",,842193116324,EV-100-0125,EVDANCE,1,in_stock,,,"129.95 USD",,,,,,,,new,,,,,,,,,,,,,,,,,,,,,,,,,,,,,,,,
67740,EVDANCE,51257938084162,"EVDANCE Flux Level 1 & 2 NEMA 5-15 Plug J1772 Portable EV Charger 12A/16A | ETL Certification - Standard Safety / Plug & Play","*SHIPS WITHIN 1 - 2 WORKING DAYS Enhanced Performance: The EV Portable Charger accelerates charging speeds by 4 times compared to standard 12A L1 EV chargers, offering Level 1 & Level 2 charging capabilities for J1772 electric vehicles and plug-in hybrid vehicles. (Note: SAE J1772 adapter required for Tesla vehicles) Informative Indicators: The integrated LED display provides real-time updates on charging progress and quickly identifies any potential errors during the charging process. Durability and Safety: Crafted from premium robust materials, this charger prioritizes durability. It holds ETL and CE certifications, ensuring high safety standards. The intelligent chip design constantly monitors the charging status, while the charger's housing features IP66 protection. User-Friendly Convenience: With its portable design, the EV Portable Charger offers convenience and flexibility for charging your electric vehicle anytime, anywhere.",https://evdances.com/products/evdance-flux-level-1-nema-5-15-plug-12a-j1772-nacs-portable-ev-charger?variant=51257938084162,https://cdn.shopify.com/s/files/1/0809/1975/7122/files/61Bm2IFULtL._AC_SL1500.jpg?v=1784947359,,,,https://www.awin1.com/cread.php?awinmid=67740&awinaffid=3002879&ued=https%3A%2F%2Fevdances.com%2Fproducts%2Fevdance-flux-level-1-nema-5-15-plug-12a-j1772-nacs-portable-ev-charger%3Fvariant%3D51257938084162,,"Vehicles & Parts > Vehicle Parts & Accessories",,842193116331,EV-100-0123,EVDANCE,1,in_stock,,,"119.95 USD",,,,,,,,new,,,,,,,,,,,,,,,,,,,,,,,,,,,,,,,,
67740,EVDANCE,51589500830018,"EVDANCE Flux Level 1 & 2NEMA 5-15 Plug NACS Portable EV Charger 12A/16A | ETL Certification - ETL Listed / Wifi-Enabled","*SHIPS WITHIN 1 - 2 WORKING DAYS Enhanced Performance: The EV Portable Charger accelerates charging speeds by 4 times compared to standard 12A L1 EV chargers, offering Level 1 & Level 2 charging capabilities for NACS electric vehicles and plug-in hybrid vehicles. (Note: SAE NACS adapter required for J1772/CCS vehicles) Informative Indicators: The integrated LED display provides real-time updates on charging progress and quickly identifies any potential errors during the charging process. Durability and Safety: Crafted from premium robust materials, this charger prioritizes durability. It holds FCC and CE certifications, ensuring high safety standards. The intelligent chip design constantly monitors the charging status, while the charger's housing features IP66 protection. User-Friendly Convenience: With its portable design, the EV Portable Charger offers convenience and flexibility for charging your electric vehicle anytime, anywhere. Reliable After-Sales Service: We provide excellent customer support and a reliable after-sales service to ensure a satisfying experience with the EV Portable Charger.",https://evdances.com/products/evdance-flux-level-1-nema-5-15-plug-12a-nacs-portable-ev-charger?variant=51589500830018,https://cdn.shopify.com/s/files/1/0809/1975/7122/files/EVDANCE-Flux-Level-1_2-NEMA-5-15-Plug-NACS-Portable-EV-Charger1.jpg?v=1784963894,,,,https://www.awin1.com/cread.php?awinmid=67740&awinaffid=3002879&ued=https%3A%2F%2Fevdances.com%2Fproducts%2Fevdance-flux-level-1-nema-5-15-plug-12a-nacs-portable-ev-charger%3Fvariant%3D51589500830018,,"Vehicles & Parts > Vehicle Parts & Accessories",,842193116263,EV-100-0142,EVDANCE,1,in_stock,,,"139.95 USD",,,,,,,,new,,,,,,,,,,,,,,,,,,,,,,,,,,,,,,,,
67740,EVDANCE,51344770990402,"EVDANCE Flux Level 1 & 2NEMA 5-15 Plug NACS Portable EV Charger 12A/16A | ETL Certification - Standard Safety / Wifi-Enabled","*SHIPS WITHIN 1 - 2 WORKING DAYS Enhanced Performance: The EV Portable Charger accelerates charging speeds by 4 times compared to standard 12A L1 EV chargers, offering Level 1 & Level 2 charging capabilities for NACS electric vehicles and plug-in hybrid vehicles. (Note: SAE NACS adapter required for J1772/CCS vehicles) Informative Indicators: The integrated LED display provides real-time updates on charging progress and quickly identifies any potential errors during the charging process. Durability and Safety: Crafted from premium robust materials, this charger prioritizes durability. It holds FCC and CE certifications, ensuring high safety standards. The intelligent chip design constantly monitors the charging status, while the charger's housing features IP66 protection. User-Friendly Convenience: With its portable design, the EV Portable Charger offers convenience and flexibility for charging your electric vehicle anytime, anywhere. Reliable After-Sales Service: We provide excellent customer support and a reliable after-sales service to ensure a satisfying experience with the EV Portable Charger.",https://evdances.com/products/evdance-flux-level-1-nema-5-15-plug-12a-nacs-portable-ev-charger?variant=51344770990402,https://cdn.shopify.com/s/files/1/0809/1975/7122/files/EVDANCE-Flux-Level-1_2-NEMA-5-15-Plug-NACS-Portable-EV-Charger1.jpg?v=1784963894,,,,https://www.awin1.com/cread.php?awinmid=67740&awinaffid=3002879&ued=https%3A%2F%2Fevdances.com%2Fproducts%2Fevdance-flux-level-1-nema-5-15-plug-12a-nacs-portable-ev-charger%3Fvariant%3D51344770990402,,"Vehicles & Parts > Vehicle Parts & Accessories",,842193116287,EV-100-0126,EVDANCE,1,in_stock,,,"129.95 USD",,,,,,,,new,,,,,,,,,,,,,,,,,,,,,,,,,,,,,,,,
67740,EVDANCE,51344771023170,"EVDANCE Flux Level 1 & 2NEMA 5-15 Plug NACS Portable EV Charger 12A/16A | ETL Certification - Standard Safety / Plug & Play","*SHIPS WITHIN 1 - 2 WORKING DAYS Enhanced Performance: The EV Portable Charger accelerates charging speeds by 4 times compared to standard 12A L1 EV chargers, offering Level 1 & Level 2 charging capabilities for NACS electric vehicles and plug-in hybrid vehicles. (Note: SAE NACS adapter required for J1772/CCS vehicles) Informative Indicators: The integrated LED display provides real-time updates on charging progress and quickly identifies any potential errors during the charging process. Durability and Safety: Crafted from premium robust materials, this charger prioritizes durability. It holds FCC and CE certifications, ensuring high safety standards. The intelligent chip design constantly monitors the charging status, while the charger's housing features IP66 protection. User-Friendly Convenience: With its portable design, the EV Portable Charger offers convenience and flexibility for charging your electric vehicle anytime, anywhere. Reliable After-Sales Service: We provide excellent customer support and a reliable after-sales service to ensure a satisfying experience with the EV Portable Charger.",https://evdances.com/products/evdance-flux-level-1-nema-5-15-plug-12a-nacs-portable-ev-charger?variant=51344771023170,https://cdn.shopify.com/s/files/1/0809/1975/7122/files/EVDANCE-Flux-Level-1_2-NEMA-5-15-Plug-NACS-Portable-EV-Charger1.jpg?v=1784963894,,,,https://www.awin1.com/cread.php?awinmid=67740&awinaffid=3002879&ued=https%3A%2F%2Fevdances.com%2Fproducts%2Fevdance-flux-level-1-nema-5-15-plug-12a-nacs-portable-ev-charger%3Fvariant%3D51344771023170,,"Vehicles & Parts > Vehicle Parts & Accessories",,842193116294,EV-100-0124,EVDANCE,1,in_stock,,,"119.95 USD",,,,,,,,new,,,,,,,,,,,,,,,,,,,,,,,,,,,,,,,,
67740,EVDANCE,52824059445570,"EVDANCE  Home Level 2 EV Charger NEMA 14-50 J1772 Wall-mounted Plug In - 40A | ETL Certification","40A Level 2 J1772 EV ChargingFast home charging for most non-Tesla EVs in North America, with a J1772 connector and adjustable 6–40A output. NEMA 14-50 Plug-In InstallationDesigned for 120/208–240V power with a NEMA 14-50 plug and 40A circuit breaker requirement. 25ft Cable for Flexible ParkingReach your EV more easily in the garage, driveway, or home parking space. Wi-Fi, Bluetooth & Smart DisplayMonitor charging with 2.4GHz Wi-Fi, Bluetooth 5.2, 3.5"" TFT display, delayed start timer, and LED status indicators. Built-In Safety ProtectionsIncludes overcurrent, overvoltage, undervoltage, overheating, surge, leakage current, ground fault, and control pilot fault protection. ETL/FCC Compliant DesignBuilt to support reliable Level 2 home EV charging with ETL/FCC compliance and Type 4 enclosure protection.",https://evdances.com/products/evdance-flux-pro-home-level-2-nema-14-50-40a-j1772-ev-charger-wifi-enabled-etl-certified?variant=52824059445570,https://cdn.shopify.com/s/files/1/0809/1975/7122/files/EVDANCE-Home-Level-2-EV-Charger-NEMA-14-50_J1772-Wall-mounted-Plug-In-40A-image.jpg?v=1784267272,,,,https://www.awin1.com/cread.php?awinmid=67740&awinaffid=3002879&ued=https%3A%2F%2Fevdances.com%2Fproducts%2Fevdance-flux-pro-home-level-2-nema-14-50-40a-j1772-ev-charger-wifi-enabled-etl-certified%3Fvariant%3D52824059445570,,"Vehicles & Parts > Vehicle Parts & Accessories",,842193116256,EV-100-0022,EVDANCE,1,in_stock,,,"339.95 USD",,,,,,,,new,,,,,,,,,,,,,,,,,,,,,,,,,,,,,,,,
67740,EVDANCE,52828468805954,"EVDANCE Level 2 EV Charger NEMA 14-50 NACS Wall-mounted Plug In - 40A | ETL Certification","Faster ChargingDelivers 9.6KW output with a 40A current and 240V power, ensuring quick and efficient charging for your electric vehicle. Flexible Charging OptionsIncludes a 25ft cable for greater flexibility and convenience, allowing easy connection from various parking positions. App-Controlled Smart ChargingControl and monitor your charger remotely via a dedicated mobile app—set schedules, track energy usage, and customize settings anytime, anywhere. Portable & WaterproofLightweight and easy to carry for charging at home, the office, or on the go. IP66 waterproof rating ensures reliable performance in all weather conditions. Push-button lid openingThe wireless Tesla port door control is a small but welcome feature. Press the button on the charger and the Tesla charge port opens automatically. No need to fumble with the Tesla app or press the port door manually in the rain.",https://evdances.com/products/evdance-flux-pro-home-level-2-nacs-tesla-ev-charging-station-wifi-enabled-etl-certified?variant=52828468805954,https://cdn.shopify.com/s/files/1/0809/1975/7122/files/EVDANCE-Level-2-EV-Charger-NEMA-14-50-NACS-Wall-mounted-Plug-In-40A.jpg?v=1784267199,,,,https://www.awin1.com/cread.php?awinmid=67740&awinaffid=3002879&ued=https%3A%2F%2Fevdances.com%2Fproducts%2Fevdance-flux-pro-home-level-2-nacs-tesla-ev-charging-station-wifi-enabled-etl-certified%3Fvariant%3D52828468805954,,"Vehicles & Parts > Vehicle Parts & Accessories",,842193116249,EV-100-0229,EVDANCE,1,in_stock,,,"339.95 USD",,,,,,,,new,,,,,,,,,,,,,,,,,,,,,,,,,,,,,,,,
67740,EVDANCE,52927214551362,"EVDANCE  Home Level 2 EV Charger J1772 Wall-mounted Hardwired In - 50A | ETL Certification","Fast Level 2 Home ChargingThe EVDANCE ACT5002U 50A Hardwired Level 2 EV Charger delivers up to 12kW max output at 240V, helping EV owners charge faster at home compared with standard Level 1 charging. With flexible amperage up to 50A, it provides efficient daily charging for garages, driveways, and residential parking setups. Built for J1772 & CCS-Compatible EVsEquipped with a SAE J1772 connector and a 25 ft charging cable, this hardwired home EV charger is designed for a wide range of North American electric vehicles. The extended cable makes it easier to reach your EV charging port without repositioning your car. Smart App ControlConnect through 2.4GHz Wi-Fi and Bluetooth 5.2 to monitor charging status, adjust current settings, and manage charging sessions from your phone. The built-in 3.5"" TFT display shows real-time charging information, while the LED indicator lets you check charging status at a glance. Safe & Outdoor ReadyBuilt with CCID20 leakage protection, surge protection, over/under-voltage protection, over-current protection, over-temperature protection, ground fault protection, and control pilot fault protection, the ACT5002U supports reliable daily charging. Its Type 4 enclosure is suitable for indoor and outdoor use, with an operating range from -22°F to 122°F.",https://evdances.com/products/evdance-home-level-2-ev-charger-j1772-wall-mounted-hardwired-in-50a?variant=52927214551362,https://cdn.shopify.com/s/files/1/0809/1975/7122/files/EVDANCE_-Home-Level-2-EV-Charger-J1772-Wall-mounted-Hardwired-In-50A.jpg?v=1784276725,,,,https://www.awin1.com/cread.php?awinmid=67740&awinaffid=3002879&ued=https%3A%2F%2Fevdances.com%2Fproducts%2Fevdance-home-level-2-ev-charger-j1772-wall-mounted-hardwired-in-50a%3Fvariant%3D52927214551362,,"Vehicles & Parts > Vehicle Parts & Accessories",,842193116232,EV-100-0023,EVDANCE,1,in_stock,,,"389.95 USD",,,,,,,,new,,,,,,,,,,,,,,,,,,,,,,,,,,,,,,,,
67740,EVDANCE,52927489376578,"EVDANCE  Home Level 2 EV Charger NACS Wall-mounted Hardwired In - 50A | ETL Certification","Fast Level 2 Home ChargingThe EVDANCE 50A Hardwired Level 2 EV Charger delivers up to 12kW max output at 240V, helping EV owners charge faster at home compared with standard Level 1 charging. With flexible amperage up to 50A, it provides efficient daily charging for garages, driveways, and residential parking setups. Built for NACS & Tesla -Compatible EVsEquipped with a SAE NACS connector and a 25 ft charging cable, this hardwired home EV charger is designed for a wide range of North American electric vehicles. The extended cable makes it easier to reach your EV charging port without repositioning your car. Smart App ControlConnect through 2.4GHz Wi-Fi and Bluetooth 5.2 to monitor charging status, adjust current settings, and manage charging sessions from your phone. The built-in 3.5"" TFT display shows real-time charging information, while the LED indicator lets you check charging status at a glance. Safe & Outdoor ReadyBuilt with CCID20 leakage protection, surge protection, over/under-voltage protection, over-current protection, over-temperature protection, ground fault protection, and control pilot fault protection, the ACT5002T supports reliable daily charging. Its Type 4 enclosure is suitable for indoor and outdoor use, with an operating range from -22°F to 122°F. Push-button lid openingThe wireless Tesla port door control is a small but welcome feature. Press the button on the charger and the Tesla charge port opens automatically. No need to fumble with the Tesla app or press the port door manually in the rain.",https://evdances.com/products/evdance-level-2-ev-charger-nema-14-50-nacs-wall-mounted-plug-in-50a?variant=52927489376578,https://cdn.shopify.com/s/files/1/0809/1975/7122/files/EVDANCE-Home-Level-2-EV-Charger-NACS-Wall-mounted-Hardwired-In-50A_4048f82a-0222-4313-b900-930d3e75edfb.jpg?v=1784276670,,,,https://www.awin1.com/cread.php?awinmid=67740&awinaffid=3002879&ued=https%3A%2F%2Fevdances.com%2Fproducts%2Fevdance-level-2-ev-charger-nema-14-50-nacs-wall-mounted-plug-in-50a%3Fvariant%3D52927489376578,,"Vehicles & Parts > Vehicle Parts & Accessories",,842193116225,EV-100-0230,EVDANCE,1,in_stock,,,"389.95 USD",,,,,,,,new,,,,,,,,,,,,,,,,,,,,,,,,,,,,,,,,
67740,EVDANCE,52927580668226,"EVDANCE Level 2 EV Charger NEMA 14-50 J1772 Portable Plug In - 40A","*SHIPS WITHIN 1 - 2 WORKING DAYS Enhanced Performance: The EV Portable Charger accelerates charging speeds by 4 times compared to standard 8A L1 EV chargers, Level 2 charging capabilities for J1772 electric vehicles and plug-in hybrid vehicles. (Note: SAE J1772 adapter required for Tesla vehicles) Informative Indicators: The integrated LED display provides real-time updates on charging progress and quickly identifies any potential errors during the charging process. Durability and Safety: Crafted from premium robust materials, this charger prioritizes durability. It holds FCC and CE certifications, ensuring high safety standards. The intelligent chip design constantly monitors the charging status, while the charger's housing features IP66 protection. User-Friendly Convenience: With its portable design, the EV Portable Charger offers convenience and flexibility for charging your electric vehicle anytime, anywhere. Reliable After-Sales Service: We provide excellent customer support and a reliable after-sales service to ensure a satisfying experience with the EV Portable Charger.",https://evdances.com/products/evdance-level-2-ev-charger-nema-14-50-j1772-portable-plug-in-40a?variant=52927580668226,https://cdn.shopify.com/s/files/1/0809/1975/7122/files/1_64d06082-1f46-4603-8f4d-7509f5c03cb4.jpg?v=1776246156,,,,https://www.awin1.com/cread.php?awinmid=67740&awinaffid=3002879&ued=https%3A%2F%2Fevdances.com%2Fproducts%2Fevdance-level-2-ev-charger-nema-14-50-j1772-portable-plug-in-40a%3Fvariant%3D52927580668226,,"Vehicles & Parts > Vehicle Parts & Accessories",,842193116218,EV-100-0012,EVDANCE,1,in_stock,,,"259.99 USD",,,,,,,,new,,,,,,,,,,,,,,,,,,,,,,,,,,,,,,,,
67740,EVDANCE,53474195702082,"EVDANCE Home Level 2 EV Charger NEMA 14-50 NACS Tesla Wall-mounted Plug In-32A | ETL Certification","32A Level 2 Tesla/NACS ChargingFast home EV charging for Tesla and NACS-compatible vehicles with adjustable 6–32A output. NEMA 14-50 Plug-In InstallationDesigned for 120/208–240V power with a NEMA 14-50 plug and 40A circuit breaker requirement. 25ft Cable for Flexible ParkingReach your EV more easily in the garage, driveway, or home parking space. Wi-Fi, Bluetooth & Smart DisplayMonitor charging with 2.4GHz Wi-Fi, Bluetooth 5.2, 3.5"" TFT display, delayed start timer, and LED status indicators. Built-In Safety ProtectionsIncludes overcurrent, overvoltage, undervoltage, overheating, surge, leakage current, ground fault, and control pilot fault protection. ETL/FCC Compliant DesignBuilt to support reliable Level 2 home EV charging with ETL/FCC compliance and Type 4 enclosure protection. Push-button lid openingThe wireless Tesla port door control is a small but welcome feature. Press the button on the charger and the Tesla charge port opens automatically. No need to fumble with the Tesla app or press the port door manually in the rain.",https://evdances.com/products/evdance-home-level-2-ev-charger-nema-14-50-nacs-tesla-wall-mounted-plug-in-32a?variant=53474195702082,https://cdn.shopify.com/s/files/1/0809/1975/7122/files/EVDANCE-Home-Level-2-EV-Charging-NACS-Tesla-ETL-Certified-32A-240V-Main-image.jpg?v=1784267026,,,,https://www.awin1.com/cread.php?awinmid=67740&awinaffid=3002879&ued=https%3A%2F%2Fevdances.com%2Fproducts%2Fevdance-home-level-2-ev-charger-nema-14-50-nacs-tesla-wall-mounted-plug-in-32a%3Fvariant%3D53474195702082,,"Vehicles & Parts > Vehicle Parts & Accessories",,842193116683,EV-100-0021,EVDANCE,1,in_stock,,,"339.95 USD",,,,,,,,new,,,,,,,,,,,,,,,,,,,,,,,,,,,,,,,,
67740,EVDANCE,54504352907586,"EVDANCE Home Level 2 EV Charger NEMA 14-50 J1772 Wall-mounted Plug In-32A | ETL Certification","32A Level 2 J1772/CCS ChargingFast home EV charging for J1772-compatible and CCS-equipped vehicles with adjustable 6–32A output. NEMA 14-50 Plug-In InstallationDesigned for 120/208–240V power with a NEMA 14-50 plug and 40A circuit breaker requirement. 25ft Cable for Flexible ParkingReach your EV more easily in the garage, driveway, or home parking space. Wi-Fi, Bluetooth & Smart DisplayMonitor charging with 2.4GHz Wi-Fi, Bluetooth 5.2, 3.5"" TFT display, delayed start timer, and LED status indicators. Built-In Safety ProtectionsIncludes overcurrent, overvoltage, undervoltage, overheating, surge, leakage current, ground fault, and control pilot fault protection. ETL/FCC Compliant DesignBuilt to support reliable Level 2 home EV charging with ETL/FCC compliance and Type 4 enclosure protection.",https://evdances.com/products/evdance-home-level-2-ev-charger-nema-14-50-j1772-wall-mounted-plug-in-32a?variant=54504352907586,https://cdn.shopify.com/s/files/1/0809/1975/7122/files/EVDANCE-Home-Level-2-EV-Charging-J1772-ETL-Certified-Main-image.jpg?v=1784266946,,,,https://www.awin1.com/cread.php?awinmid=67740&awinaffid=3002879&ued=https%3A%2F%2Fevdances.com%2Fproducts%2Fevdance-home-level-2-ev-charger-nema-14-50-j1772-wall-mounted-plug-in-32a%3Fvariant%3D54504352907586,,"Vehicles & Parts > Vehicle Parts & Accessories",,842193116690,EV-100-0220,EVDANCE,1,in_stock,,,"339.95 USD",,,,,,,,new,,,,,,,,,,,,,,,,,,,,,,,,,,,,,,,,
67740,EVDANCE,55358637015362,"EVDANCE Level 1-2 NACS Portable EV Charger | 16A–24A - 16A (6-20) / Wifi-Enabled","NACS Portable EV Charger for Home and Travel Charge your Tesla or NACS-equipped electric vehicle with the power, plug type, and charging speed that match your home electrical setup. The EVDANCE NACS Portable EV Charger series is available in multiple 240V Level 2 configurations, ranging from 16A to 40A, with NEMA 5-15, NEMA 10-30, NEMA 14-30, and NEMA 14-50 plug options. Multiple Power and Plug Options Choose the model that matches your available outlet and charging needs: 16A / NEMA 5-15: Up to 3.84kW 24A / NEMA 10-30: Up to 5.76kW 24A / NEMA 14-30: Up to 5.76kW 32A / NEMA 14-50: Up to 7.68kW 40A / NEMA 14-50: Up to 9.6kW Whether you need a compact charger for occasional travel or a more powerful Level 2 EV charger for daily home charging, the EVDANCE series gives you the flexibility to select the right configuration. Faster 240V Level 2 Charging Enjoy reliable Level 2 EV charging with output up to 40A and 9.6kW, depending on the selected model. Compared with charging from a standard household outlet, a 240V portable EV charger provides more power for overnight charging, daily commuting, and longer-distance driving. Actual charging speed depends on the selected charger, vehicle model, onboard charger capacity, battery condition, and available electrical circuit. Adjustable Current and Delayed Charging Select the available current setting on your chosen model to better match the capacity of your home circuit. The delayed-start function allows you to schedule charging around your routine and take advantage of off-peak electricity hours where time-of-use rates are available. Available current settings and control functions may vary by model. 25FT Charging Cable for Flexible Parking The 25-foot charging cable provides convenient reach across garages, driveways, parking spaces, and outdoor charging areas. It makes it easier to connect your vehicle even when the outlet and charging port are positioned on opposite sides. Clear Real-Time Charging Display The built-in smart display shows essential charging information at a glance, including current, voltage, charging power, energy consumption, charging time, and operating status. You can quickly monitor each charging session without relying on the vehicle display. Display size and interface may vary by selected model. Portable and Easy to Store Designed as a portable Tesla and NACS EV charger, the compact control box and flexible cable are convenient to carry between home, work, vacation properties, and road-trip destinations. Keep it in your vehicle as an everyday charger or as a dependable backup charging solution. IP66 Weather-Resistant Design The IP66-rated construction helps protect the charger from rain, dust, and changing outdoor conditions. It is suitable for use in garages, driveways, carports, and other appropriate indoor or outdoor charging locations. Keep the outlet and plug connection properly protected from water and follow all installation and operating instructions. Native NACS Compatibility The native NACS connector plugs directly into compatible Tesla vehicles, including Model 3, Model Y, Model S, Model X, and Cybertruck, without requiring a J1772-to-Tesla adapter. It can also support other NACS-equipped electric vehicles that accept AC Level 2 charging. Vehicle compatibility and maximum charging speed depend on the vehicle’s charging inlet and onboard charger. Use the charger only with a properly installed, dedicated circuit that supports the selected charging current. Have the outlet and electrical system inspected by a licensed electrician when necessary.",https://evdances.com/products/evdance-level-2-nacs-portable-ev-charger-16a-40a?variant=55358637015362,https://cdn.shopify.com/s/files/1/0809/1975/7122/files/EVDANCE-Level-2-NACS-Portable-EV-Charger-16A_40A5.jpg?v=1785209308,,,,https://www.awin1.com/cread.php?awinmid=67740&awinaffid=3002879&ued=https%3A%2F%2Fevdances.com%2Fproducts%2Fevdance-level-2-nacs-portable-ev-charger-16a-40a%3Fvariant%3D55358637015362,,"Vehicles & Parts > Vehicle Parts & Accessories",,842193116287,EV-100-0126,EVDANCE,1,in_stock,,,"129.95 USD",,,,,,,,new,,,,,,,,,,,,,,,,,,,,,,,,,,,,,,,,
67740,EVDANCE,55358637048130,"EVDANCE Level 1-2 NACS Portable EV Charger | 16A–24A - 16A (6-20) / Plug & Play","NACS Portable EV Charger for Home and Travel Charge your Tesla or NACS-equipped electric vehicle with the power, plug type, and charging speed that match your home electrical setup. The EVDANCE NACS Portable EV Charger series is available in multiple 240V Level 2 configurations, ranging from 16A to 40A, with NEMA 5-15, NEMA 10-30, NEMA 14-30, and NEMA 14-50 plug options. Multiple Power and Plug Options Choose the model that matches your available outlet and charging needs: 16A / NEMA 5-15: Up to 3.84kW 24A / NEMA 10-30: Up to 5.76kW 24A / NEMA 14-30: Up to 5.76kW 32A / NEMA 14-50: Up to 7.68kW 40A / NEMA 14-50: Up to 9.6kW Whether you need a compact charger for occasional travel or a more powerful Level 2 EV charger for daily home charging, the EVDANCE series gives you the flexibility to select the right configuration. Faster 240V Level 2 Charging Enjoy reliable Level 2 EV charging with output up to 40A and 9.6kW, depending on the selected model. Compared with charging from a standard household outlet, a 240V portable EV charger provides more power for overnight charging, daily commuting, and longer-distance driving. Actual charging speed depends on the selected charger, vehicle model, onboard charger capacity, battery condition, and available electrical circuit. Adjustable Current and Delayed Charging Select the available current setting on your chosen model to better match the capacity of your home circuit. The delayed-start function allows you to schedule charging around your routine and take advantage of off-peak electricity hours where time-of-use rates are available. Available current settings and control functions may vary by model. 25FT Charging Cable for Flexible Parking The 25-foot charging cable provides convenient reach across garages, driveways, parking spaces, and outdoor charging areas. It makes it easier to connect your vehicle even when the outlet and charging port are positioned on opposite sides. Clear Real-Time Charging Display The built-in smart display shows essential charging information at a glance, including current, voltage, charging power, energy consumption, charging time, and operating status. You can quickly monitor each charging session without relying on the vehicle display. Display size and interface may vary by selected model. Portable and Easy to Store Designed as a portable Tesla and NACS EV charger, the compact control box and flexible cable are convenient to carry between home, work, vacation properties, and road-trip destinations. Keep it in your vehicle as an everyday charger or as a dependable backup charging solution. IP66 Weather-Resistant Design The IP66-rated construction helps protect the charger from rain, dust, and changing outdoor conditions. It is suitable for use in garages, driveways, carports, and other appropriate indoor or outdoor charging locations. Keep the outlet and plug connection properly protected from water and follow all installation and operating instructions. Native NACS Compatibility The native NACS connector plugs directly into compatible Tesla vehicles, including Model 3, Model Y, Model S, Model X, and Cybertruck, without requiring a J1772-to-Tesla adapter. It can also support other NACS-equipped electric vehicles that accept AC Level 2 charging. Vehicle compatibility and maximum charging speed depend on the vehicle’s charging inlet and onboard charger. Use the charger only with a properly installed, dedicated circuit that supports the selected charging current. Have the outlet and electrical system inspected by a licensed electrician when necessary.",https://evdances.com/products/evdance-level-2-nacs-portable-ev-charger-16a-40a?variant=55358637048130,https://cdn.shopify.com/s/files/1/0809/1975/7122/files/EVDANCE-Level-2-NACS-Portable-EV-Charger-16A_40A5.jpg?v=1785209308,,,,https://www.awin1.com/cread.php?awinmid=67740&awinaffid=3002879&ued=https%3A%2F%2Fevdances.com%2Fproducts%2Fevdance-level-2-nacs-portable-ev-charger-16a-40a%3Fvariant%3D55358637048130,,"Vehicles & Parts > Vehicle Parts & Accessories",,842193116294,EV-100-0124,EVDANCE,1,in_stock,,,"119.95 USD",,,,,,,,new,,,,,,,,,,,,,,,,,,,,,,,,,,,,,,,,
67740,EVDANCE,55358637080898,"EVDANCE Level 1-2 NACS Portable EV Charger | 16A–24A - 24A (10-30) / Wifi-Enabled","NACS Portable EV Charger for Home and Travel Charge your Tesla or NACS-equipped electric vehicle with the power, plug type, and charging speed that match your home electrical setup. The EVDANCE NACS Portable EV Charger series is available in multiple 240V Level 2 configurations, ranging from 16A to 40A, with NEMA 5-15, NEMA 10-30, NEMA 14-30, and NEMA 14-50 plug options. Multiple Power and Plug Options Choose the model that matches your available outlet and charging needs: 16A / NEMA 5-15: Up to 3.84kW 24A / NEMA 10-30: Up to 5.76kW 24A / NEMA 14-30: Up to 5.76kW 32A / NEMA 14-50: Up to 7.68kW 40A / NEMA 14-50: Up to 9.6kW Whether you need a compact charger for occasional travel or a more powerful Level 2 EV charger for daily home charging, the EVDANCE series gives you the flexibility to select the right configuration. Faster 240V Level 2 Charging Enjoy reliable Level 2 EV charging with output up to 40A and 9.6kW, depending on the selected model. Compared with charging from a standard household outlet, a 240V portable EV charger provides more power for overnight charging, daily commuting, and longer-distance driving. Actual charging speed depends on the selected charger, vehicle model, onboard charger capacity, battery condition, and available electrical circuit. Adjustable Current and Delayed Charging Select the available current setting on your chosen model to better match the capacity of your home circuit. The delayed-start function allows you to schedule charging around your routine and take advantage of off-peak electricity hours where time-of-use rates are available. Available current settings and control functions may vary by model. 25FT Charging Cable for Flexible Parking The 25-foot charging cable provides convenient reach across garages, driveways, parking spaces, and outdoor charging areas. It makes it easier to connect your vehicle even when the outlet and charging port are positioned on opposite sides. Clear Real-Time Charging Display The built-in smart display shows essential charging information at a glance, including current, voltage, charging power, energy consumption, charging time, and operating status. You can quickly monitor each charging session without relying on the vehicle display. Display size and interface may vary by selected model. Portable and Easy to Store Designed as a portable Tesla and NACS EV charger, the compact control box and flexible cable are convenient to carry between home, work, vacation properties, and road-trip destinations. Keep it in your vehicle as an everyday charger or as a dependable backup charging solution. IP66 Weather-Resistant Design The IP66-rated construction helps protect the charger from rain, dust, and changing outdoor conditions. It is suitable for use in garages, driveways, carports, and other appropriate indoor or outdoor charging locations. Keep the outlet and plug connection properly protected from water and follow all installation and operating instructions. Native NACS Compatibility The native NACS connector plugs directly into compatible Tesla vehicles, including Model 3, Model Y, Model S, Model X, and Cybertruck, without requiring a J1772-to-Tesla adapter. It can also support other NACS-equipped electric vehicles that accept AC Level 2 charging. Vehicle compatibility and maximum charging speed depend on the vehicle’s charging inlet and onboard charger. Use the charger only with a properly installed, dedicated circuit that supports the selected charging current. Have the outlet and electrical system inspected by a licensed electrician when necessary.",https://evdances.com/products/evdance-level-2-nacs-portable-ev-charger-16a-40a?variant=55358637080898,https://cdn.shopify.com/s/files/1/0809/1975/7122/files/EVDANCE-Level-2-NACS-Portable-EV-Charger-16A_40A3.jpg?v=1785209308,,,,https://www.awin1.com/cread.php?awinmid=67740&awinaffid=3002879&ued=https%3A%2F%2Fevdances.com%2Fproducts%2Fevdance-level-2-nacs-portable-ev-charger-16a-40a%3Fvariant%3D55358637080898,,"Vehicles & Parts > Vehicle Parts & Accessories",,842193116362,EV-100-0115,EVDANCE,1,in_stock,,,"229.95 USD",,,,,,,,new,,,,,,,,,,,,,,,,,,,,,,,,,,,,,,,,
67740,EVDANCE,55358637113666,"EVDANCE Level 1-2 NACS Portable EV Charger | 16A–24A - 24A (10-30) / Plug & Play","NACS Portable EV Charger for Home and Travel Charge your Tesla or NACS-equipped electric vehicle with the power, plug type, and charging speed that match your home electrical setup. The EVDANCE NACS Portable EV Charger series is available in multiple 240V Level 2 configurations, ranging from 16A to 40A, with NEMA 5-15, NEMA 10-30, NEMA 14-30, and NEMA 14-50 plug options. Multiple Power and Plug Options Choose the model that matches your available outlet and charging needs: 16A / NEMA 5-15: Up to 3.84kW 24A / NEMA 10-30: Up to 5.76kW 24A / NEMA 14-30: Up to 5.76kW 32A / NEMA 14-50: Up to 7.68kW 40A / NEMA 14-50: Up to 9.6kW Whether you need a compact charger for occasional travel or a more powerful Level 2 EV charger for daily home charging, the EVDANCE series gives you the flexibility to select the right configuration. Faster 240V Level 2 Charging Enjoy reliable Level 2 EV charging with output up to 40A and 9.6kW, depending on the selected model. Compared with charging from a standard household outlet, a 240V portable EV charger provides more power for overnight charging, daily commuting, and longer-distance driving. Actual charging speed depends on the selected charger, vehicle model, onboard charger capacity, battery condition, and available electrical circuit. Adjustable Current and Delayed Charging Select the available current setting on your chosen model to better match the capacity of your home circuit. The delayed-start function allows you to schedule charging around your routine and take advantage of off-peak electricity hours where time-of-use rates are available. Available current settings and control functions may vary by model. 25FT Charging Cable for Flexible Parking The 25-foot charging cable provides convenient reach across garages, driveways, parking spaces, and outdoor charging areas. It makes it easier to connect your vehicle even when the outlet and charging port are positioned on opposite sides. Clear Real-Time Charging Display The built-in smart display shows essential charging information at a glance, including current, voltage, charging power, energy consumption, charging time, and operating status. You can quickly monitor each charging session without relying on the vehicle display. Display size and interface may vary by selected model. Portable and Easy to Store Designed as a portable Tesla and NACS EV charger, the compact control box and flexible cable are convenient to carry between home, work, vacation properties, and road-trip destinations. Keep it in your vehicle as an everyday charger or as a dependable backup charging solution. IP66 Weather-Resistant Design The IP66-rated construction helps protect the charger from rain, dust, and changing outdoor conditions. It is suitable for use in garages, driveways, carports, and other appropriate indoor or outdoor charging locations. Keep the outlet and plug connection properly protected from water and follow all installation and operating instructions. Native NACS Compatibility The native NACS connector plugs directly into compatible Tesla vehicles, including Model 3, Model Y, Model S, Model X, and Cybertruck, without requiring a J1772-to-Tesla adapter. It can also support other NACS-equipped electric vehicles that accept AC Level 2 charging. Vehicle compatibility and maximum charging speed depend on the vehicle’s charging inlet and onboard charger. Use the charger only with a properly installed, dedicated circuit that supports the selected charging current. Have the outlet and electrical system inspected by a licensed electrician when necessary.",https://evdances.com/products/evdance-level-2-nacs-portable-ev-charger-16a-40a?variant=55358637113666,https://cdn.shopify.com/s/files/1/0809/1975/7122/files/EVDANCE-Level-2-NACS-Portable-EV-Charger-16A_40A8.jpg?v=1785209308,,,,https://www.awin1.com/cread.php?awinmid=67740&awinaffid=3002879&ued=https%3A%2F%2Fevdances.com%2Fproducts%2Fevdance-level-2-nacs-portable-ev-charger-16a-40a%3Fvariant%3D55358637113666,,"Vehicles & Parts > Vehicle Parts & Accessories",,842193116379,EV-100-0092,EVDANCE,1,in_stock,,,"219.95 USD",,,,,,,,new,,,,,,,,,,,,,,,,,,,,,,,,,,,,,,,,
67740,EVDANCE,55358892802370,"EVDANCE Level 1-2 NACS Portable EV Charger | 16A–24A - 24A (14-30) / Wifi-Enabled","NACS Portable EV Charger for Home and Travel Charge your Tesla or NACS-equipped electric vehicle with the power, plug type, and charging speed that match your home electrical setup. The EVDANCE NACS Portable EV Charger series is available in multiple 240V Level 2 configurations, ranging from 16A to 40A, with NEMA 5-15, NEMA 10-30, NEMA 14-30, and NEMA 14-50 plug options. Multiple Power and Plug Options Choose the model that matches your available outlet and charging needs: 16A / NEMA 5-15: Up to 3.84kW 24A / NEMA 10-30: Up to 5.76kW 24A / NEMA 14-30: Up to 5.76kW 32A / NEMA 14-50: Up to 7.68kW 40A / NEMA 14-50: Up to 9.6kW Whether you need a compact charger for occasional travel or a more powerful Level 2 EV charger for daily home charging, the EVDANCE series gives you the flexibility to select the right configuration. Faster 240V Level 2 Charging Enjoy reliable Level 2 EV charging with output up to 40A and 9.6kW, depending on the selected model. Compared with charging from a standard household outlet, a 240V portable EV charger provides more power for overnight charging, daily commuting, and longer-distance driving. Actual charging speed depends on the selected charger, vehicle model, onboard charger capacity, battery condition, and available electrical circuit. Adjustable Current and Delayed Charging Select the available current setting on your chosen model to better match the capacity of your home circuit. The delayed-start function allows you to schedule charging around your routine and take advantage of off-peak electricity hours where time-of-use rates are available. Available current settings and control functions may vary by model. 25FT Charging Cable for Flexible Parking The 25-foot charging cable provides convenient reach across garages, driveways, parking spaces, and outdoor charging areas. It makes it easier to connect your vehicle even when the outlet and charging port are positioned on opposite sides. Clear Real-Time Charging Display The built-in smart display shows essential charging information at a glance, including current, voltage, charging power, energy consumption, charging time, and operating status. You can quickly monitor each charging session without relying on the vehicle display. Display size and interface may vary by selected model. Portable and Easy to Store Designed as a portable Tesla and NACS EV charger, the compact control box and flexible cable are convenient to carry between home, work, vacation properties, and road-trip destinations. Keep it in your vehicle as an everyday charger or as a dependable backup charging solution. IP66 Weather-Resistant Design The IP66-rated construction helps protect the charger from rain, dust, and changing outdoor conditions. It is suitable for use in garages, driveways, carports, and other appropriate indoor or outdoor charging locations. Keep the outlet and plug connection properly protected from water and follow all installation and operating instructions. Native NACS Compatibility The native NACS connector plugs directly into compatible Tesla vehicles, including Model 3, Model Y, Model S, Model X, and Cybertruck, without requiring a J1772-to-Tesla adapter. It can also support other NACS-equipped electric vehicles that accept AC Level 2 charging. Vehicle compatibility and maximum charging speed depend on the vehicle’s charging inlet and onboard charger. Use the charger only with a properly installed, dedicated circuit that supports the selected charging current. Have the outlet and electrical system inspected by a licensed electrician when necessary.",https://evdances.com/products/evdance-level-2-nacs-portable-ev-charger-16a-40a?variant=55358892802370,https://cdn.shopify.com/s/files/1/0809/1975/7122/files/EVDANCE-Level-2-NACS-Portable-EV-Charger-16A_40A2.jpg?v=1785209308,,,,https://www.awin1.com/cread.php?awinmid=67740&awinaffid=3002879&ued=https%3A%2F%2Fevdances.com%2Fproducts%2Fevdance-level-2-nacs-portable-ev-charger-16a-40a%3Fvariant%3D55358892802370,,"Vehicles & Parts > Vehicle Parts & Accessories",,842193116447,EV-100-0116,EVDANCE,1,in_stock,,,"229.95 USD",,,,,,,,new,,,,,,,,,,,,,,,,,,,,,,,,,,,,,,,,
67740,EVDANCE,55358892835138,"EVDANCE Level 1-2 NACS Portable EV Charger | 16A–24A - 24A (14-30) / Plug & Play","NACS Portable EV Charger for Home and Travel Charge your Tesla or NACS-equipped electric vehicle with the power, plug type, and charging speed that match your home electrical setup. The EVDANCE NACS Portable EV Charger series is available in multiple 240V Level 2 configurations, ranging from 16A to 40A, with NEMA 5-15, NEMA 10-30, NEMA 14-30, and NEMA 14-50 plug options. Multiple Power and Plug Options Choose the model that matches your available outlet and charging needs: 16A / NEMA 5-15: Up to 3.84kW 24A / NEMA 10-30: Up to 5.76kW 24A / NEMA 14-30: Up to 5.76kW 32A / NEMA 14-50: Up to 7.68kW 40A / NEMA 14-50: Up to 9.6kW Whether you need a compact charger for occasional travel or a more powerful Level 2 EV charger for daily home charging, the EVDANCE series gives you the flexibility to select the right configuration. Faster 240V Level 2 Charging Enjoy reliable Level 2 EV charging with output up to 40A and 9.6kW, depending on the selected model. Compared with charging from a standard household outlet, a 240V portable EV charger provides more power for overnight charging, daily commuting, and longer-distance driving. Actual charging speed depends on the selected charger, vehicle model, onboard charger capacity, battery condition, and available electrical circuit. Adjustable Current and Delayed Charging Select the available current setting on your chosen model to better match the capacity of your home circuit. The delayed-start function allows you to schedule charging around your routine and take advantage of off-peak electricity hours where time-of-use rates are available. Available current settings and control functions may vary by model. 25FT Charging Cable for Flexible Parking The 25-foot charging cable provides convenient reach across garages, driveways, parking spaces, and outdoor charging areas. It makes it easier to connect your vehicle even when the outlet and charging port are positioned on opposite sides. Clear Real-Time Charging Display The built-in smart display shows essential charging information at a glance, including current, voltage, charging power, energy consumption, charging time, and operating status. You can quickly monitor each charging session without relying on the vehicle display. Display size and interface may vary by selected model. Portable and Easy to Store Designed as a portable Tesla and NACS EV charger, the compact control box and flexible cable are convenient to carry between home, work, vacation properties, and road-trip destinations. Keep it in your vehicle as an everyday charger or as a dependable backup charging solution. IP66 Weather-Resistant Design The IP66-rated construction helps protect the charger from rain, dust, and changing outdoor conditions. It is suitable for use in garages, driveways, carports, and other appropriate indoor or outdoor charging locations. Keep the outlet and plug connection properly protected from water and follow all installation and operating instructions. Native NACS Compatibility The native NACS connector plugs directly into compatible Tesla vehicles, including Model 3, Model Y, Model S, Model X, and Cybertruck, without requiring a J1772-to-Tesla adapter. It can also support other NACS-equipped electric vehicles that accept AC Level 2 charging. Vehicle compatibility and maximum charging speed depend on the vehicle’s charging inlet and onboard charger. Use the charger only with a properly installed, dedicated circuit that supports the selected charging current. Have the outlet and electrical system inspected by a licensed electrician when necessary.",https://evdances.com/products/evdance-level-2-nacs-portable-ev-charger-16a-40a?variant=55358892835138,https://cdn.shopify.com/s/files/1/0809/1975/7122/files/EVDANCE-Level-2-NACS-Portable-EV-Charger-16A_40A5.jpg?v=1785209308,,,,https://www.awin1.com/cread.php?awinmid=67740&awinaffid=3002879&ued=https%3A%2F%2Fevdances.com%2Fproducts%2Fevdance-level-2-nacs-portable-ev-charger-16a-40a%3Fvariant%3D55358892835138,,"Vehicles & Parts > Vehicle Parts & Accessories",,842193116454,EV-100-0091,EVDANCE,1,in_stock,,,"219.95 USD",,,,,,,,new,,,,,,,,,,,,,,,,,,,,,,,,,,,,,,,,
67740,EVDANCE,55473129881922,"EVDANCE Level 1-2 J1772 Portable EV Charger | 16A–40A - 16A (6-20) / Wifi-Enabled","J1772 Portable EV Charger for Home and Travel Charge your J1772-equipped electric vehicle or plug-in hybrid with the power, plug type, and charging speed that match your home electrical setup. The EVDANCE J1772 Portable EV Charger series is available in multiple Level 1 and Level 2 configurations, with output ranging from 16A to 40A and plug options including NEMA 5-15, NEMA 10-30, NEMA 14-30, and NEMA 14-50. Multiple Power and Plug Options Choose the model that matches your available outlet and charging needs: 16A dual-voltage model: Up to 1.44kW at 120V or 3.84kW at 240V 24A / NEMA 10-30: Up to 5.76kW 24A / NEMA 14-30: Up to 5.76kW 32A / NEMA 14-50: Up to 7.68kW 40A / NEMA 14-50: Up to 9.6kW Whether you need a compact portable EV charger for occasional travel or a higher-powered Level 2 charger for daily home use, the EVDANCE series lets you select the configuration that fits your vehicle and electrical system. Faster 240V Level 2 Charging Enjoy dependable Level 2 EV charging with output up to 40A and 9.6kW, depending on the selected model. Compared with charging from a standard 120V household outlet, a 240V portable EV charger delivers more power for overnight charging, daily commuting, and higher-mileage driving. Actual charging speed depends on the selected charger, vehicle model, onboard charger capacity, battery condition, temperature, and available electrical circuit. Adjustable Current and Delayed Charging Select the available current setting on your chosen model to better match the capacity of your home circuit. The delayed-start function lets you schedule charging around your routine and take advantage of off-peak electricity rates where time-of-use pricing is available. Available current settings, delay options, and control functions may vary by model. 25FT Charging Cable for Flexible Parking The 25-foot charging cable provides convenient reach across garages, driveways, parking spaces, and appropriate outdoor charging areas. It makes connecting your EV easier when the outlet and charging port are positioned farther apart or on opposite sides of the vehicle. Clear Real-Time Charging Display The built-in display shows essential charging information at a glance, including current, voltage, charging power, energy delivered, charging time, temperature, and operating status. Monitor each charging session directly from the charger without relying solely on the vehicle display. Display size, interface, and available information may vary by model. Portable and Easy to Store Designed for home charging and travel backup, the compact control box and flexible cable are easy to carry between your home, workplace, vacation property, and road-trip destinations. Store it in your vehicle as a dependable backup or use it as your everyday portable charging solution. IP66 Weather-Resistant Design The IP66-rated control box helps protect against rain, dust, and changing outdoor conditions. The charger is suitable for garages, driveways, carports, and other appropriate indoor or outdoor charging locations. The wall outlet, input plug, and plug-to-socket connection are not waterproof. Keep all electrical connections dry and follow the installation, storage, and operating instructions for the selected model. Native SAE J1772 Compatibility The native SAE J1772 connector plugs directly into compatible electric vehicles and plug-in hybrids from manufacturers such as Chevrolet, Ford, Hyundai, Kia, Volkswagen, BMW, Mercedes-Benz, Audi, Porsche, and others. Tesla and other NACS-equipped vehicles require a compatible J1772-to-NACS adapter, sold separately. Vehicle compatibility and maximum charging speed depend on the charging inlet, onboard charger, adapter rating, and selected charger model. Use the charger only with a properly installed, grounded, and dedicated circuit that supports the selected charging current. Have the outlet and electrical system inspected by a licensed electrician when necessary.",https://evdances.com/products/evdance-level-1-2-j1772-portable-ev-charger-16a-40a?variant=55473129881922,https://cdn.shopify.com/s/files/1/0809/1975/7122/files/EVDANCE-Level-1_2-J1772-Portable-EV-Charger-16A_40A3.jpg?v=1785486804,,,,https://www.awin1.com/cread.php?awinmid=67740&awinaffid=3002879&ued=https%3A%2F%2Fevdances.com%2Fproducts%2Fevdance-level-1-2-j1772-portable-ev-charger-16a-40a%3Fvariant%3D55473129881922,,"Vehicles & Parts > Vehicle Parts & Accessories",,842193116324,EV-100-0125,EVDANCE,1,in_stock,,,"129.95 USD",,,,,,,,new,,,,,,,,,,,,,,,,,,,,,,,,,,,,,,,,
67740,EVDANCE,55473129914690,"EVDANCE Level 1-2 J1772 Portable EV Charger | 16A–40A - 16A (6-20) / Plug & Play","J1772 Portable EV Charger for Home and Travel Charge your J1772-equipped electric vehicle or plug-in hybrid with the power, plug type, and charging speed that match your home electrical setup. The EVDANCE J1772 Portable EV Charger series is available in multiple Level 1 and Level 2 configurations, with output ranging from 16A to 40A and plug options including NEMA 5-15, NEMA 10-30, NEMA 14-30, and NEMA 14-50. Multiple Power and Plug Options Choose the model that matches your available outlet and charging needs: 16A dual-voltage model: Up to 1.44kW at 120V or 3.84kW at 240V 24A / NEMA 10-30: Up to 5.76kW 24A / NEMA 14-30: Up to 5.76kW 32A / NEMA 14-50: Up to 7.68kW 40A / NEMA 14-50: Up to 9.6kW Whether you need a compact portable EV charger for occasional travel or a higher-powered Level 2 charger for daily home use, the EVDANCE series lets you select the configuration that fits your vehicle and electrical system. Faster 240V Level 2 Charging Enjoy dependable Level 2 EV charging with output up to 40A and 9.6kW, depending on the selected model. Compared with charging from a standard 120V household outlet, a 240V portable EV charger delivers more power for overnight charging, daily commuting, and higher-mileage driving. Actual charging speed depends on the selected charger, vehicle model, onboard charger capacity, battery condition, temperature, and available electrical circuit. Adjustable Current and Delayed Charging Select the available current setting on your chosen model to better match the capacity of your home circuit. The delayed-start function lets you schedule charging around your routine and take advantage of off-peak electricity rates where time-of-use pricing is available. Available current settings, delay options, and control functions may vary by model. 25FT Charging Cable for Flexible Parking The 25-foot charging cable provides convenient reach across garages, driveways, parking spaces, and appropriate outdoor charging areas. It makes connecting your EV easier when the outlet and charging port are positioned farther apart or on opposite sides of the vehicle. Clear Real-Time Charging Display The built-in display shows essential charging information at a glance, including current, voltage, charging power, energy delivered, charging time, temperature, and operating status. Monitor each charging session directly from the charger without relying solely on the vehicle display. Display size, interface, and available information may vary by model. Portable and Easy to Store Designed for home charging and travel backup, the compact control box and flexible cable are easy to carry between your home, workplace, vacation property, and road-trip destinations. Store it in your vehicle as a dependable backup or use it as your everyday portable charging solution. IP66 Weather-Resistant Design The IP66-rated control box helps protect against rain, dust, and changing outdoor conditions. The charger is suitable for garages, driveways, carports, and other appropriate indoor or outdoor charging locations. The wall outlet, input plug, and plug-to-socket connection are not waterproof. Keep all electrical connections dry and follow the installation, storage, and operating instructions for the selected model. Native SAE J1772 Compatibility The native SAE J1772 connector plugs directly into compatible electric vehicles and plug-in hybrids from manufacturers such as Chevrolet, Ford, Hyundai, Kia, Volkswagen, BMW, Mercedes-Benz, Audi, Porsche, and others. Tesla and other NACS-equipped vehicles require a compatible J1772-to-NACS adapter, sold separately. Vehicle compatibility and maximum charging speed depend on the charging inlet, onboard charger, adapter rating, and selected charger model. Use the charger only with a properly installed, grounded, and dedicated circuit that supports the selected charging current. Have the outlet and electrical system inspected by a licensed electrician when necessary.",https://evdances.com/products/evdance-level-1-2-j1772-portable-ev-charger-16a-40a?variant=55473129914690,https://cdn.shopify.com/s/files/1/0809/1975/7122/files/EVDANCE-Level-1_2-J1772-Portable-EV-Charger-16A_40A3.jpg?v=1785486804,,,,https://www.awin1.com/cread.php?awinmid=67740&awinaffid=3002879&ued=https%3A%2F%2Fevdances.com%2Fproducts%2Fevdance-level-1-2-j1772-portable-ev-charger-16a-40a%3Fvariant%3D55473129914690,,"Vehicles & Parts > Vehicle Parts & Accessories",,842193116331,EV-100-0123,EVDANCE,1,in_stock,,,"119.95 USD",,,,,,,,new,,,,,,,,,,,,,,,,,,,,,,,,,,,,,,,,
67740,EVDANCE,55473129947458,"EVDANCE Level 1-2 J1772 Portable EV Charger | 16A–40A - 24A (10-30) / Wifi-Enabled","J1772 Portable EV Charger for Home and Travel Charge your J1772-equipped electric vehicle or plug-in hybrid with the power, plug type, and charging speed that match your home electrical setup. The EVDANCE J1772 Portable EV Charger series is available in multiple Level 1 and Level 2 configurations, with output ranging from 16A to 40A and plug options including NEMA 5-15, NEMA 10-30, NEMA 14-30, and NEMA 14-50. Multiple Power and Plug Options Choose the model that matches your available outlet and charging needs: 16A dual-voltage model: Up to 1.44kW at 120V or 3.84kW at 240V 24A / NEMA 10-30: Up to 5.76kW 24A / NEMA 14-30: Up to 5.76kW 32A / NEMA 14-50: Up to 7.68kW 40A / NEMA 14-50: Up to 9.6kW Whether you need a compact portable EV charger for occasional travel or a higher-powered Level 2 charger for daily home use, the EVDANCE series lets you select the configuration that fits your vehicle and electrical system. Faster 240V Level 2 Charging Enjoy dependable Level 2 EV charging with output up to 40A and 9.6kW, depending on the selected model. Compared with charging from a standard 120V household outlet, a 240V portable EV charger delivers more power for overnight charging, daily commuting, and higher-mileage driving. Actual charging speed depends on the selected charger, vehicle model, onboard charger capacity, battery condition, temperature, and available electrical circuit. Adjustable Current and Delayed Charging Select the available current setting on your chosen model to better match the capacity of your home circuit. The delayed-start function lets you schedule charging around your routine and take advantage of off-peak electricity rates where time-of-use pricing is available. Available current settings, delay options, and control functions may vary by model. 25FT Charging Cable for Flexible Parking The 25-foot charging cable provides convenient reach across garages, driveways, parking spaces, and appropriate outdoor charging areas. It makes connecting your EV easier when the outlet and charging port are positioned farther apart or on opposite sides of the vehicle. Clear Real-Time Charging Display The built-in display shows essential charging information at a glance, including current, voltage, charging power, energy delivered, charging time, temperature, and operating status. Monitor each charging session directly from the charger without relying solely on the vehicle display. Display size, interface, and available information may vary by model. Portable and Easy to Store Designed for home charging and travel backup, the compact control box and flexible cable are easy to carry between your home, workplace, vacation property, and road-trip destinations. Store it in your vehicle as a dependable backup or use it as your everyday portable charging solution. IP66 Weather-Resistant Design The IP66-rated control box helps protect against rain, dust, and changing outdoor conditions. The charger is suitable for garages, driveways, carports, and other appropriate indoor or outdoor charging locations. The wall outlet, input plug, and plug-to-socket connection are not waterproof. Keep all electrical connections dry and follow the installation, storage, and operating instructions for the selected model. Native SAE J1772 Compatibility The native SAE J1772 connector plugs directly into compatible electric vehicles and plug-in hybrids from manufacturers such as Chevrolet, Ford, Hyundai, Kia, Volkswagen, BMW, Mercedes-Benz, Audi, Porsche, and others. Tesla and other NACS-equipped vehicles require a compatible J1772-to-NACS adapter, sold separately. Vehicle compatibility and maximum charging speed depend on the charging inlet, onboard charger, adapter rating, and selected charger model. Use the charger only with a properly installed, grounded, and dedicated circuit that supports the selected charging current. Have the outlet and electrical system inspected by a licensed electrician when necessary.",https://evdances.com/products/evdance-level-1-2-j1772-portable-ev-charger-16a-40a?variant=55473129947458,https://cdn.shopify.com/s/files/1/0809/1975/7122/files/EVDANCE-Level-1_2-J1772-Portable-EV-Charger-16A_40A2.jpg?v=1785486804,,,,https://www.awin1.com/cread.php?awinmid=67740&awinaffid=3002879&ued=https%3A%2F%2Fevdances.com%2Fproducts%2Fevdance-level-1-2-j1772-portable-ev-charger-16a-40a%3Fvariant%3D55473129947458,,"Vehicles & Parts > Vehicle Parts & Accessories",,842193116409,EV-100-0111,EVDANCE,1,in_stock,,,"249.95 USD",,,,,,,,new,,,,,,,,,,,,,,,,,,,,,,,,,,,,,,,,
67740,EVDANCE,55473130012994,"EVDANCE Level 1-2 J1772 Portable EV Charger | 16A–40A - 24A (14-30) / Wifi-Enabled","J1772 Portable EV Charger for Home and Travel Charge your J1772-equipped electric vehicle or plug-in hybrid with the power, plug type, and charging speed that match your home electrical setup. The EVDANCE J1772 Portable EV Charger series is available in multiple Level 1 and Level 2 configurations, with output ranging from 16A to 40A and plug options including NEMA 5-15, NEMA 10-30, NEMA 14-30, and NEMA 14-50. Multiple Power and Plug Options Choose the model that matches your available outlet and charging needs: 16A dual-voltage model: Up to 1.44kW at 120V or 3.84kW at 240V 24A / NEMA 10-30: Up to 5.76kW 24A / NEMA 14-30: Up to 5.76kW 32A / NEMA 14-50: Up to 7.68kW 40A / NEMA 14-50: Up to 9.6kW Whether you need a compact portable EV charger for occasional travel or a higher-powered Level 2 charger for daily home use, the EVDANCE series lets you select the configuration that fits your vehicle and electrical system. Faster 240V Level 2 Charging Enjoy dependable Level 2 EV charging with output up to 40A and 9.6kW, depending on the selected model. Compared with charging from a standard 120V household outlet, a 240V portable EV charger delivers more power for overnight charging, daily commuting, and higher-mileage driving. Actual charging speed depends on the selected charger, vehicle model, onboard charger capacity, battery condition, temperature, and available electrical circuit. Adjustable Current and Delayed Charging Select the available current setting on your chosen model to better match the capacity of your home circuit. The delayed-start function lets you schedule charging around your routine and take advantage of off-peak electricity rates where time-of-use pricing is available. Available current settings, delay options, and control functions may vary by model. 25FT Charging Cable for Flexible Parking The 25-foot charging cable provides convenient reach across garages, driveways, parking spaces, and appropriate outdoor charging areas. It makes connecting your EV easier when the outlet and charging port are positioned farther apart or on opposite sides of the vehicle. Clear Real-Time Charging Display The built-in display shows essential charging information at a glance, including current, voltage, charging power, energy delivered, charging time, temperature, and operating status. Monitor each charging session directly from the charger without relying solely on the vehicle display. Display size, interface, and available information may vary by model. Portable and Easy to Store Designed for home charging and travel backup, the compact control box and flexible cable are easy to carry between your home, workplace, vacation property, and road-trip destinations. Store it in your vehicle as a dependable backup or use it as your everyday portable charging solution. IP66 Weather-Resistant Design The IP66-rated control box helps protect against rain, dust, and changing outdoor conditions. The charger is suitable for garages, driveways, carports, and other appropriate indoor or outdoor charging locations. The wall outlet, input plug, and plug-to-socket connection are not waterproof. Keep all electrical connections dry and follow the installation, storage, and operating instructions for the selected model. Native SAE J1772 Compatibility The native SAE J1772 connector plugs directly into compatible electric vehicles and plug-in hybrids from manufacturers such as Chevrolet, Ford, Hyundai, Kia, Volkswagen, BMW, Mercedes-Benz, Audi, Porsche, and others. Tesla and other NACS-equipped vehicles require a compatible J1772-to-NACS adapter, sold separately. Vehicle compatibility and maximum charging speed depend on the charging inlet, onboard charger, adapter rating, and selected charger model. Use the charger only with a properly installed, grounded, and dedicated circuit that supports the selected charging current. Have the outlet and electrical system inspected by a licensed electrician when necessary.",https://evdances.com/products/evdance-level-1-2-j1772-portable-ev-charger-16a-40a?variant=55473130012994,https://cdn.shopify.com/s/files/1/0809/1975/7122/files/EVDANCE-Level-1_2-J1772-Portable-EV-Charger-16A_40A1.jpg?v=1785486804,,,,https://www.awin1.com/cread.php?awinmid=67740&awinaffid=3002879&ued=https%3A%2F%2Fevdances.com%2Fproducts%2Fevdance-level-1-2-j1772-portable-ev-charger-16a-40a%3Fvariant%3D55473130012994,,"Vehicles & Parts > Vehicle Parts & Accessories",,842193116485,EV-100-0112,EVDANCE,1,in_stock,,,"229.95 USD",,,,,,,,new,,,,,,,,,,,,,,,,,,,,,,,,,,,,,,,,
67740,EVDANCE,55473130078530,"EVDANCE Level 1-2 J1772 Portable EV Charger | 16A–40A - Silver 32A (14-50) / Plug & Play","J1772 Portable EV Charger for Home and Travel Charge your J1772-equipped electric vehicle or plug-in hybrid with the power, plug type, and charging speed that match your home electrical setup. The EVDANCE J1772 Portable EV Charger series is available in multiple Level 1 and Level 2 configurations, with output ranging from 16A to 40A and plug options including NEMA 5-15, NEMA 10-30, NEMA 14-30, and NEMA 14-50. Multiple Power and Plug Options Choose the model that matches your available outlet and charging needs: 16A dual-voltage model: Up to 1.44kW at 120V or 3.84kW at 240V 24A / NEMA 10-30: Up to 5.76kW 24A / NEMA 14-30: Up to 5.76kW 32A / NEMA 14-50: Up to 7.68kW 40A / NEMA 14-50: Up to 9.6kW Whether you need a compact portable EV charger for occasional travel or a higher-powered Level 2 charger for daily home use, the EVDANCE series lets you select the configuration that fits your vehicle and electrical system. Faster 240V Level 2 Charging Enjoy dependable Level 2 EV charging with output up to 40A and 9.6kW, depending on the selected model. Compared with charging from a standard 120V household outlet, a 240V portable EV charger delivers more power for overnight charging, daily commuting, and higher-mileage driving. Actual charging speed depends on the selected charger, vehicle model, onboard charger capacity, battery condition, temperature, and available electrical circuit. Adjustable Current and Delayed Charging Select the available current setting on your chosen model to better match the capacity of your home circuit. The delayed-start function lets you schedule charging around your routine and take advantage of off-peak electricity rates where time-of-use pricing is available. Available current settings, delay options, and control functions may vary by model. 25FT Charging Cable for Flexible Parking The 25-foot charging cable provides convenient reach across garages, driveways, parking spaces, and appropriate outdoor charging areas. It makes connecting your EV easier when the outlet and charging port are positioned farther apart or on opposite sides of the vehicle. Clear Real-Time Charging Display The built-in display shows essential charging information at a glance, including current, voltage, charging power, energy delivered, charging time, temperature, and operating status. Monitor each charging session directly from the charger without relying solely on the vehicle display. Display size, interface, and available information may vary by model. Portable and Easy to Store Designed for home charging and travel backup, the compact control box and flexible cable are easy to carry between your home, workplace, vacation property, and road-trip destinations. Store it in your vehicle as a dependable backup or use it as your everyday portable charging solution. IP66 Weather-Resistant Design The IP66-rated control box helps protect against rain, dust, and changing outdoor conditions. The charger is suitable for garages, driveways, carports, and other appropriate indoor or outdoor charging locations. The wall outlet, input plug, and plug-to-socket connection are not waterproof. Keep all electrical connections dry and follow the installation, storage, and operating instructions for the selected model. Native SAE J1772 Compatibility The native SAE J1772 connector plugs directly into compatible electric vehicles and plug-in hybrids from manufacturers such as Chevrolet, Ford, Hyundai, Kia, Volkswagen, BMW, Mercedes-Benz, Audi, Porsche, and others. Tesla and other NACS-equipped vehicles require a compatible J1772-to-NACS adapter, sold separately. Vehicle compatibility and maximum charging speed depend on the charging inlet, onboard charger, adapter rating, and selected charger model. Use the charger only with a properly installed, grounded, and dedicated circuit that supports the selected charging current. Have the outlet and electrical system inspected by a licensed electrician when necessary.",https://evdances.com/products/evdance-level-1-2-j1772-portable-ev-charger-16a-40a?variant=55473130078530,https://cdn.shopify.com/s/files/1/0809/1975/7122/files/EVDANCE-Level-1_2-J1772-Portable-EV-Charger-16A_40A5.jpg?v=1785486804,,,,https://www.awin1.com/cread.php?awinmid=67740&awinaffid=3002879&ued=https%3A%2F%2Fevdances.com%2Fproducts%2Fevdance-level-1-2-j1772-portable-ev-charger-16a-40a%3Fvariant%3D55473130078530,,"Vehicles & Parts > Vehicle Parts & Accessories",,842193116614,EV-100-0081,EVDANCE,1,in_stock,,,"259.95 USD",,,,,,,,new,,,,,,,,,,,,,,,,,,,,,,,,,,,,,,,,
67740,EVDANCE,55473130111298,"EVDANCE Level 1-2 J1772 Portable EV Charger | 16A–40A - 40A (14-50) / Plug & Play","J1772 Portable EV Charger for Home and Travel Charge your J1772-equipped electric vehicle or plug-in hybrid with the power, plug type, and charging speed that match your home electrical setup. The EVDANCE J1772 Portable EV Charger series is available in multiple Level 1 and Level 2 configurations, with output ranging from 16A to 40A and plug options including NEMA 5-15, NEMA 10-30, NEMA 14-30, and NEMA 14-50. Multiple Power and Plug Options Choose the model that matches your available outlet and charging needs: 16A dual-voltage model: Up to 1.44kW at 120V or 3.84kW at 240V 24A / NEMA 10-30: Up to 5.76kW 24A / NEMA 14-30: Up to 5.76kW 32A / NEMA 14-50: Up to 7.68kW 40A / NEMA 14-50: Up to 9.6kW Whether you need a compact portable EV charger for occasional travel or a higher-powered Level 2 charger for daily home use, the EVDANCE series lets you select the configuration that fits your vehicle and electrical system. Faster 240V Level 2 Charging Enjoy dependable Level 2 EV charging with output up to 40A and 9.6kW, depending on the selected model. Compared with charging from a standard 120V household outlet, a 240V portable EV charger delivers more power for overnight charging, daily commuting, and higher-mileage driving. Actual charging speed depends on the selected charger, vehicle model, onboard charger capacity, battery condition, temperature, and available electrical circuit. Adjustable Current and Delayed Charging Select the available current setting on your chosen model to better match the capacity of your home circuit. The delayed-start function lets you schedule charging around your routine and take advantage of off-peak electricity rates where time-of-use pricing is available. Available current settings, delay options, and control functions may vary by model. 25FT Charging Cable for Flexible Parking The 25-foot charging cable provides convenient reach across garages, driveways, parking spaces, and appropriate outdoor charging areas. It makes connecting your EV easier when the outlet and charging port are positioned farther apart or on opposite sides of the vehicle. Clear Real-Time Charging Display The built-in display shows essential charging information at a glance, including current, voltage, charging power, energy delivered, charging time, temperature, and operating status. Monitor each charging session directly from the charger without relying solely on the vehicle display. Display size, interface, and available information may vary by model. Portable and Easy to Store Designed for home charging and travel backup, the compact control box and flexible cable are easy to carry between your home, workplace, vacation property, and road-trip destinations. Store it in your vehicle as a dependable backup or use it as your everyday portable charging solution. IP66 Weather-Resistant Design The IP66-rated control box helps protect against rain, dust, and changing outdoor conditions. The charger is suitable for garages, driveways, carports, and other appropriate indoor or outdoor charging locations. The wall outlet, input plug, and plug-to-socket connection are not waterproof. Keep all electrical connections dry and follow the installation, storage, and operating instructions for the selected model. Native SAE J1772 Compatibility The native SAE J1772 connector plugs directly into compatible electric vehicles and plug-in hybrids from manufacturers such as Chevrolet, Ford, Hyundai, Kia, Volkswagen, BMW, Mercedes-Benz, Audi, Porsche, and others. Tesla and other NACS-equipped vehicles require a compatible J1772-to-NACS adapter, sold separately. Vehicle compatibility and maximum charging speed depend on the charging inlet, onboard charger, adapter rating, and selected charger model. Use the charger only with a properly installed, grounded, and dedicated circuit that supports the selected charging current. Have the outlet and electrical system inspected by a licensed electrician when necessary.",https://evdances.com/products/evdance-level-1-2-j1772-portable-ev-charger-16a-40a?variant=55473130111298,https://cdn.shopify.com/s/files/1/0809/1975/7122/files/EVDANCE-Level-1_2-J1772-Portable-EV-Charger-16A_40A0.jpg?v=1785486804,,,,https://www.awin1.com/cread.php?awinmid=67740&awinaffid=3002879&ued=https%3A%2F%2Fevdances.com%2Fproducts%2Fevdance-level-1-2-j1772-portable-ev-charger-16a-40a%3Fvariant%3D55473130111298,,"Vehicles & Parts > Vehicle Parts & Accessories",,842193116218,EV-100-0012,EVDANCE,1,in_stock,,,"259.99 USD",,,,,,,,new,,,,,,,,,,,,,,,,,,,,,,,,,,,,,,,,
67740,EVDANCE,55473219797314,"EVDANCE Level 1-2 J1772 Portable EV Charger | 16A–40A - 40A (14-50) Pro / Wifi-Enabled","J1772 Portable EV Charger for Home and Travel Charge your J1772-equipped electric vehicle or plug-in hybrid with the power, plug type, and charging speed that match your home electrical setup. The EVDANCE J1772 Portable EV Charger series is available in multiple Level 1 and Level 2 configurations, with output ranging from 16A to 40A and plug options including NEMA 5-15, NEMA 10-30, NEMA 14-30, and NEMA 14-50. Multiple Power and Plug Options Choose the model that matches your available outlet and charging needs: 16A dual-voltage model: Up to 1.44kW at 120V or 3.84kW at 240V 24A / NEMA 10-30: Up to 5.76kW 24A / NEMA 14-30: Up to 5.76kW 32A / NEMA 14-50: Up to 7.68kW 40A / NEMA 14-50: Up to 9.6kW Whether you need a compact portable EV charger for occasional travel or a higher-powered Level 2 charger for daily home use, the EVDANCE series lets you select the configuration that fits your vehicle and electrical system. Faster 240V Level 2 Charging Enjoy dependable Level 2 EV charging with output up to 40A and 9.6kW, depending on the selected model. Compared with charging from a standard 120V household outlet, a 240V portable EV charger delivers more power for overnight charging, daily commuting, and higher-mileage driving. Actual charging speed depends on the selected charger, vehicle model, onboard charger capacity, battery condition, temperature, and available electrical circuit. Adjustable Current and Delayed Charging Select the available current setting on your chosen model to better match the capacity of your home circuit. The delayed-start function lets you schedule charging around your routine and take advantage of off-peak electricity rates where time-of-use pricing is available. Available current settings, delay options, and control functions may vary by model. 25FT Charging Cable for Flexible Parking The 25-foot charging cable provides convenient reach across garages, driveways, parking spaces, and appropriate outdoor charging areas. It makes connecting your EV easier when the outlet and charging port are positioned farther apart or on opposite sides of the vehicle. Clear Real-Time Charging Display The built-in display shows essential charging information at a glance, including current, voltage, charging power, energy delivered, charging time, temperature, and operating status. Monitor each charging session directly from the charger without relying solely on the vehicle display. Display size, interface, and available information may vary by model. Portable and Easy to Store Designed for home charging and travel backup, the compact control box and flexible cable are easy to carry between your home, workplace, vacation property, and road-trip destinations. Store it in your vehicle as a dependable backup or use it as your everyday portable charging solution. IP66 Weather-Resistant Design The IP66-rated control box helps protect against rain, dust, and changing outdoor conditions. The charger is suitable for garages, driveways, carports, and other appropriate indoor or outdoor charging locations. The wall outlet, input plug, and plug-to-socket connection are not waterproof. Keep all electrical connections dry and follow the installation, storage, and operating instructions for the selected model. Native SAE J1772 Compatibility The native SAE J1772 connector plugs directly into compatible electric vehicles and plug-in hybrids from manufacturers such as Chevrolet, Ford, Hyundai, Kia, Volkswagen, BMW, Mercedes-Benz, Audi, Porsche, and others. Tesla and other NACS-equipped vehicles require a compatible J1772-to-NACS adapter, sold separately. Vehicle compatibility and maximum charging speed depend on the charging inlet, onboard charger, adapter rating, and selected charger model. Use the charger only with a properly installed, grounded, and dedicated circuit that supports the selected charging current. Have the outlet and electrical system inspected by a licensed electrician when necessary.",https://evdances.com/products/evdance-level-1-2-j1772-portable-ev-charger-16a-40a?variant=55473219797314,https://cdn.shopify.com/s/files/1/0809/1975/7122/files/EVDANCE-Level-1_2-J1772-Portable-EV-Charger-16A_40A12.jpg?v=1785486804,,,,https://www.awin1.com/cread.php?awinmid=67740&awinaffid=3002879&ued=https%3A%2F%2Fevdances.com%2Fproducts%2Fevdance-level-1-2-j1772-portable-ev-charger-16a-40a%3Fvariant%3D55473219797314,,"Vehicles & Parts > Vehicle Parts & Accessories",,842193116522,EV-100-0128,EVDANCE,1,in_stock,,,"239.95 USD",,,,,,,,new,,,,,,,,,,,,,,,,,,,,,,,,,,,,,,,,
67740,EVDANCE,55473219830082,"EVDANCE Level 1-2 J1772 Portable EV Charger | 16A–40A - 40A (14-50) Pro / Plug & Play","J1772 Portable EV Charger for Home and Travel Charge your J1772-equipped electric vehicle or plug-in hybrid with the power, plug type, and charging speed that match your home electrical setup. The EVDANCE J1772 Portable EV Charger series is available in multiple Level 1 and Level 2 configurations, with output ranging from 16A to 40A and plug options including NEMA 5-15, NEMA 10-30, NEMA 14-30, and NEMA 14-50. Multiple Power and Plug Options Choose the model that matches your available outlet and charging needs: 16A dual-voltage model: Up to 1.44kW at 120V or 3.84kW at 240V 24A / NEMA 10-30: Up to 5.76kW 24A / NEMA 14-30: Up to 5.76kW 32A / NEMA 14-50: Up to 7.68kW 40A / NEMA 14-50: Up to 9.6kW Whether you need a compact portable EV charger for occasional travel or a higher-powered Level 2 charger for daily home use, the EVDANCE series lets you select the configuration that fits your vehicle and electrical system. Faster 240V Level 2 Charging Enjoy dependable Level 2 EV charging with output up to 40A and 9.6kW, depending on the selected model. Compared with charging from a standard 120V household outlet, a 240V portable EV charger delivers more power for overnight charging, daily commuting, and higher-mileage driving. Actual charging speed depends on the selected charger, vehicle model, onboard charger capacity, battery condition, temperature, and available electrical circuit. Adjustable Current and Delayed Charging Select the available current setting on your chosen model to better match the capacity of your home circuit. The delayed-start function lets you schedule charging around your routine and take advantage of off-peak electricity rates where time-of-use pricing is available. Available current settings, delay options, and control functions may vary by model. 25FT Charging Cable for Flexible Parking The 25-foot charging cable provides convenient reach across garages, driveways, parking spaces, and appropriate outdoor charging areas. It makes connecting your EV easier when the outlet and charging port are positioned farther apart or on opposite sides of the vehicle. Clear Real-Time Charging Display The built-in display shows essential charging information at a glance, including current, voltage, charging power, energy delivered, charging time, temperature, and operating status. Monitor each charging session directly from the charger without relying solely on the vehicle display. Display size, interface, and available information may vary by model. Portable and Easy to Store Designed for home charging and travel backup, the compact control box and flexible cable are easy to carry between your home, workplace, vacation property, and road-trip destinations. Store it in your vehicle as a dependable backup or use it as your everyday portable charging solution. IP66 Weather-Resistant Design The IP66-rated control box helps protect against rain, dust, and changing outdoor conditions. The charger is suitable for garages, driveways, carports, and other appropriate indoor or outdoor charging locations. The wall outlet, input plug, and plug-to-socket connection are not waterproof. Keep all electrical connections dry and follow the installation, storage, and operating instructions for the selected model. Native SAE J1772 Compatibility The native SAE J1772 connector plugs directly into compatible electric vehicles and plug-in hybrids from manufacturers such as Chevrolet, Ford, Hyundai, Kia, Volkswagen, BMW, Mercedes-Benz, Audi, Porsche, and others. Tesla and other NACS-equipped vehicles require a compatible J1772-to-NACS adapter, sold separately. Vehicle compatibility and maximum charging speed depend on the charging inlet, onboard charger, adapter rating, and selected charger model. Use the charger only with a properly installed, grounded, and dedicated circuit that supports the selected charging current. Have the outlet and electrical system inspected by a licensed electrician when necessary.",https://evdances.com/products/evdance-level-1-2-j1772-portable-ev-charger-16a-40a?variant=55473219830082,https://cdn.shopify.com/s/files/1/0809/1975/7122/files/EVDANCE-Level-1_2-J1772-Portable-EV-Charger-16A_40A12.jpg?v=1785486804,,,,https://www.awin1.com/cread.php?awinmid=67740&awinaffid=3002879&ued=https%3A%2F%2Fevdances.com%2Fproducts%2Fevdance-level-1-2-j1772-portable-ev-charger-16a-40a%3Fvariant%3D55473219830082,,"Vehicles & Parts > Vehicle Parts & Accessories",,842193122905,EV-100-0127,EVDANCE,1,in_stock,,,"229.95 USD",,,,,,,,new,,,,,,,,,,,,,,,,,,,,,,,,,,,,,,,,
