advertiser_id,advertiser_name,id,title,description,link,image_link,additional_image_link,mobile_link,virtual_model_link,aw_deep_link,aw_mobile_link,google_product_category,product_type,gtin,mpn,brand,identifier_exists,availability,availability_date,expiration_date,price,sale_price,sale_price_effective_date,unit_pricing_measure,unit_pricing_base_measure,installment,subscription_cost,loyalty_program,condition,adult,multipack,is_bundle,energy_efficiency_class,min_energy_efficiency_class,max_energy_efficiency_class,age_group,color,gender,material,pattern,size,size_type,size_system,item_group_id,product_weight,product_height,product_width,product_length,product_detail,product_highlight,certification,lifestyle_image_link,shipping,shipping_weight,shipping_height,shipping_width,shipping_length,min_handling_time,max_handling_time,ships_from_country,tax
124092,"Golden Maple",42524072378592,"6pcs Sable Hair Round Point Watercolor Brushes","🎨 All-Media Versatility – One Set for Every ProjectThis set works seamlessly with acrylic, oil, watercolor, gouache, pottery, ceramic, and craft painting. Whether you're a hobbyist, student, or professional, this set is the perfect companion for every creative journey. 🖌️ Premium Sable Hair – Smooth, Controlled StrokesEach brush features high-quality sable hair that offers excellent liquid retention and consistent color flow. No shedding or fraying—just clean lines and reliable performance every time you paint. 📏 6 Essential Sizes – Ready for Every DetailIncludes brush sizes: 2, 4, 6, 8, 10, and 12, giving you full control from delicate details to broad coverage. An ideal range for layering, blending, outlining, and finishing. 🪵 Durable Handles – Built for Long-Term UseCrafted with comfort and durability in mind, the handles resist chipping and cracking, even with regular use.",https://artgoldenmaple.com/products/paint-brush-set?variant=42524072378592,https://cdn.shopify.com/s/files/1/0631/8053/8080/files/6pcsSableHairRoundPointWatercolorBrushes_2.webp?v=1783672316,,,,https://www.awin1.com/cread.php?awinmid=124092&awinaffid=3002879&ued=https%3A%2F%2Fartgoldenmaple.com%2Fproducts%2Fpaint-brush-set%3Fvariant%3D42524072378592,,"Arts & Entertainment > Hobbies & Creative Arts > Arts & Crafts > Arts & Crafts Kits > Drawing & Painting Kits",,,PBN-W-RW-168GM-T6-my-zuhe,artgoldenmaple,1,out_of_stock,,,"18.99 USD",,,,,,,,new,,,,,,,,,,,,,,,,,,,,,,,,,,,,,,,,
124092,"Golden Maple",45318469255392,"Nylon Detail Paint Brush - 10pcs/set(5/0, 3/0, 2/0, 0, 1, 2, 3, 4, 6, 8) - Black","Round, Size(5/0, 3/0, 2/0, 0, 1, 2, 3, 4, 6, 8), Japanese Nylon Professional Fine Detail Mini Paint Brush Set-Unleash Your Unlimited Painting PotentialThis set of detailing brushes comes in a variety of sizes(5/0, 3/0, 2/0, 0, 1, 2, 3, 4, 6, 8), offering the perfect small paint brush for each phase of all your artistic painting projects, ensuring that you always have just the right miniature paint brush set for the job. No Shedding, No Splitting, Long LastingSecured with rust-resistant unibody aluminum crimped ferrules firmly to the handle. The brush tip is soft and flexible, sturdy enough not easy to split with pressure, trimmed and shaped neatly, no strands stick out. Ergonomic TriangularDesigned for Comfort and Precision in Long Painting Sessions. Suitable for Art students, Amateur, Artists, Beginners, kids, and black- a classic color, always fashion and don't be outdate，suitable for men and women at any stage. Don’t hesitate—give it a try!",https://artgoldenmaple.com/products/10pcs-micro-professional-small-fine-painting-brushes-for-watercolor-acrylic-face-nail-scale-craft-model-detailing?variant=45318469255392,https://cdn.shopify.com/s/files/1/0631/8053/8080/files/2_56955622-426d-471d-8270-d75cbe402381.jpg?v=1758533491,,,,https://www.awin1.com/cread.php?awinmid=124092&awinaffid=3002879&ued=https%3A%2F%2Fartgoldenmaple.com%2Fproducts%2F10pcs-micro-professional-small-fine-painting-brushes-for-watercolor-acrylic-face-nail-scale-craft-model-detailing%3Fvariant%3D45318469255392,,"Arts & Entertainment > Hobbies & Creative Arts > Arts & Crafts > Arts & Crafts Kits > Drawing & Painting Kits",,,PBN-W-BK-H58-T10-my-zuhe,artgoldenmaple,1,in_stock,,,"16.99 USD",,,,,,,,new,,,,,,,,,,,,,,,,,,,,,,,,,,,,,,,,
124092,"Golden Maple",48581254709472,"Nylon Detail Paint Brush - 10pcs/set(5/0, 3/0, 2/0, 0, 1, 2, 3, 4, 6, 8) - Yellow","Round, Size(5/0, 3/0, 2/0, 0, 1, 2, 3, 4, 6, 8), Japanese Nylon Professional Fine Detail Mini Paint Brush Set-Unleash Your Unlimited Painting PotentialThis set of detailing brushes comes in a variety of sizes(5/0, 3/0, 2/0, 0, 1, 2, 3, 4, 6, 8), offering the perfect small paint brush for each phase of all your artistic painting projects, ensuring that you always have just the right miniature paint brush set for the job. No Shedding, No Splitting, Long LastingSecured with rust-resistant unibody aluminum crimped ferrules firmly to the handle. The brush tip is soft and flexible, sturdy enough not easy to split with pressure, trimmed and shaped neatly, no strands stick out. Ergonomic TriangularDesigned for Comfort and Precision in Long Painting Sessions. Suitable for Art students, Amateur, Artists, Beginners, kids, and black- a classic color, always fashion and don't be outdate，suitable for men and women at any stage. Don’t hesitate—give it a try!",https://artgoldenmaple.com/products/10pcs-micro-professional-small-fine-painting-brushes-for-watercolor-acrylic-face-nail-scale-craft-model-detailing?variant=48581254709472,https://cdn.shopify.com/s/files/1/0631/8053/8080/files/1_e9ae9654-64f5-4f3f-a2e1-0ca0436dfb70.jpg?v=1769154156,,,,https://www.awin1.com/cread.php?awinmid=124092&awinaffid=3002879&ued=https%3A%2F%2Fartgoldenmaple.com%2Fproducts%2F10pcs-micro-professional-small-fine-painting-brushes-for-watercolor-acrylic-face-nail-scale-craft-model-detailing%3Fvariant%3D48581254709472,,"Arts & Entertainment > Hobbies & Creative Arts > Arts & Crafts > Arts & Crafts Kits > Drawing & Painting Kits",,,PBN-W-YB-T10-lyp-zuhe,artgoldenmaple,1,in_stock,,,"16.99 USD",,,,,,,,new,,,,,,,,,,,,,,,,,,,,,,,,,,,,,,,,
124092,"Golden Maple",43764631011552,"Master I: Kolinsky Sable Round Brushes - Master I Size 000","Master I Series to enhance your artistry - finely crafted for superior performance 🍁Premium Handcrafted - Made from the finest Kolinsky sable hair with rust-resistant, seamless nickel-plated ferrules and polished birch handles. 🍁Various Size Ranges - Round brushes are ideal for fine details, miniatures, models, washes and expressive brushstrokes. 🍁100% Handcrafted - Carefully crafted by skilled artisans for exceptional precision and durability. 🍁Superior Kolinsky Bristles - soft, highly absorbent, with excellent paint holding capacity for smooth, controlled brushstrokes. 🍁Long-Lasting and Easy to Maintain - Stays in shape, easy to clean, and easy to reshape.",https://artgoldenmaple.com/products/master-i-series-finest-kolinsky-sable-brushes?variant=43764631011552,https://cdn.shopify.com/s/files/1/0631/8053/8080/files/MasterIKolinskySableRoundBrushes_1.webp?v=1783751567,,,,https://www.awin1.com/cread.php?awinmid=124092&awinaffid=3002879&ued=https%3A%2F%2Fartgoldenmaple.com%2Fproducts%2Fmaster-i-series-finest-kolinsky-sable-brushes%3Fvariant%3D43764631011552,,"Arts & Entertainment > Hobbies & Creative Arts > Arts & Crafts > Arts & Crafts Kits > Drawing & Painting Kits",,,GM-master-000-ws,artgoldenmaple,1,in_stock,,,"11.99 USD",,,,,,,,new,,,,,,,,,,,,,,,,,,,,,,,,,,,,,,,,
124092,"Golden Maple",42860309446880,"Master I: Kolinsky Sable Round Brushes - Master I Size 00","Master I Series to enhance your artistry - finely crafted for superior performance 🍁Premium Handcrafted - Made from the finest Kolinsky sable hair with rust-resistant, seamless nickel-plated ferrules and polished birch handles. 🍁Various Size Ranges - Round brushes are ideal for fine details, miniatures, models, washes and expressive brushstrokes. 🍁100% Handcrafted - Carefully crafted by skilled artisans for exceptional precision and durability. 🍁Superior Kolinsky Bristles - soft, highly absorbent, with excellent paint holding capacity for smooth, controlled brushstrokes. 🍁Long-Lasting and Easy to Maintain - Stays in shape, easy to clean, and easy to reshape.",https://artgoldenmaple.com/products/master-i-series-finest-kolinsky-sable-brushes?variant=42860309446880,https://cdn.shopify.com/s/files/1/0631/8053/8080/files/MasterIKolinskySableRoundBrushes_1.webp?v=1783751567,,,,https://www.awin1.com/cread.php?awinmid=124092&awinaffid=3002879&ued=https%3A%2F%2Fartgoldenmaple.com%2Fproducts%2Fmaster-i-series-finest-kolinsky-sable-brushes%3Fvariant%3D42860309446880,,"Arts & Entertainment > Hobbies & Creative Arts > Arts & Crafts > Arts & Crafts Kits > Drawing & Painting Kits",,,GM-master-00-ws,artgoldenmaple,1,in_stock,,,"12.99 USD",,,,,,,,new,,,,,,,,,,,,,,,,,,,,,,,,,,,,,,,,
124092,"Golden Maple",42860309479648,"Master I: Kolinsky Sable Round Brushes - Master I Size 0","Master I Series to enhance your artistry - finely crafted for superior performance 🍁Premium Handcrafted - Made from the finest Kolinsky sable hair with rust-resistant, seamless nickel-plated ferrules and polished birch handles. 🍁Various Size Ranges - Round brushes are ideal for fine details, miniatures, models, washes and expressive brushstrokes. 🍁100% Handcrafted - Carefully crafted by skilled artisans for exceptional precision and durability. 🍁Superior Kolinsky Bristles - soft, highly absorbent, with excellent paint holding capacity for smooth, controlled brushstrokes. 🍁Long-Lasting and Easy to Maintain - Stays in shape, easy to clean, and easy to reshape.",https://artgoldenmaple.com/products/master-i-series-finest-kolinsky-sable-brushes?variant=42860309479648,https://cdn.shopify.com/s/files/1/0631/8053/8080/files/MasterIKolinskySableRoundBrushes_1.webp?v=1783751567,,,,https://www.awin1.com/cread.php?awinmid=124092&awinaffid=3002879&ued=https%3A%2F%2Fartgoldenmaple.com%2Fproducts%2Fmaster-i-series-finest-kolinsky-sable-brushes%3Fvariant%3D42860309479648,,"Arts & Entertainment > Hobbies & Creative Arts > Arts & Crafts > Arts & Crafts Kits > Drawing & Painting Kits",,,GM-master-0,artgoldenmaple,1,in_stock,,,"13.99 USD",,,,,,,,new,,,,,,,,,,,,,,,,,,,,,,,,,,,,,,,,
124092,"Golden Maple",42860309512416,"Master I: Kolinsky Sable Round Brushes - Master I Size 1","Master I Series to enhance your artistry - finely crafted for superior performance 🍁Premium Handcrafted - Made from the finest Kolinsky sable hair with rust-resistant, seamless nickel-plated ferrules and polished birch handles. 🍁Various Size Ranges - Round brushes are ideal for fine details, miniatures, models, washes and expressive brushstrokes. 🍁100% Handcrafted - Carefully crafted by skilled artisans for exceptional precision and durability. 🍁Superior Kolinsky Bristles - soft, highly absorbent, with excellent paint holding capacity for smooth, controlled brushstrokes. 🍁Long-Lasting and Easy to Maintain - Stays in shape, easy to clean, and easy to reshape.",https://artgoldenmaple.com/products/master-i-series-finest-kolinsky-sable-brushes?variant=42860309512416,https://cdn.shopify.com/s/files/1/0631/8053/8080/files/MasterIKolinskySableRoundBrushes_1.webp?v=1783751567,,,,https://www.awin1.com/cread.php?awinmid=124092&awinaffid=3002879&ued=https%3A%2F%2Fartgoldenmaple.com%2Fproducts%2Fmaster-i-series-finest-kolinsky-sable-brushes%3Fvariant%3D42860309512416,,"Arts & Entertainment > Hobbies & Creative Arts > Arts & Crafts > Arts & Crafts Kits > Drawing & Painting Kits",,,GM-master-1,artgoldenmaple,1,in_stock,,,"14.99 USD",,,,,,,,new,,,,,,,,,,,,,,,,,,,,,,,,,,,,,,,,
124092,"Golden Maple",42860309545184,"Master I: Kolinsky Sable Round Brushes - Master I Size 2","Master I Series to enhance your artistry - finely crafted for superior performance 🍁Premium Handcrafted - Made from the finest Kolinsky sable hair with rust-resistant, seamless nickel-plated ferrules and polished birch handles. 🍁Various Size Ranges - Round brushes are ideal for fine details, miniatures, models, washes and expressive brushstrokes. 🍁100% Handcrafted - Carefully crafted by skilled artisans for exceptional precision and durability. 🍁Superior Kolinsky Bristles - soft, highly absorbent, with excellent paint holding capacity for smooth, controlled brushstrokes. 🍁Long-Lasting and Easy to Maintain - Stays in shape, easy to clean, and easy to reshape.",https://artgoldenmaple.com/products/master-i-series-finest-kolinsky-sable-brushes?variant=42860309545184,https://cdn.shopify.com/s/files/1/0631/8053/8080/files/MasterIKolinskySableRoundBrushes_1.webp?v=1783751567,,,,https://www.awin1.com/cread.php?awinmid=124092&awinaffid=3002879&ued=https%3A%2F%2Fartgoldenmaple.com%2Fproducts%2Fmaster-i-series-finest-kolinsky-sable-brushes%3Fvariant%3D42860309545184,,"Arts & Entertainment > Hobbies & Creative Arts > Arts & Crafts > Arts & Crafts Kits > Drawing & Painting Kits",,,GM-master-2,artgoldenmaple,1,in_stock,,,"15.99 USD",,,,,,,,new,,,,,,,,,,,,,,,,,,,,,,,,,,,,,,,,
124092,"Golden Maple",42860309577952,"Master I: Kolinsky Sable Round Brushes - Master I Size 3","Master I Series to enhance your artistry - finely crafted for superior performance 🍁Premium Handcrafted - Made from the finest Kolinsky sable hair with rust-resistant, seamless nickel-plated ferrules and polished birch handles. 🍁Various Size Ranges - Round brushes are ideal for fine details, miniatures, models, washes and expressive brushstrokes. 🍁100% Handcrafted - Carefully crafted by skilled artisans for exceptional precision and durability. 🍁Superior Kolinsky Bristles - soft, highly absorbent, with excellent paint holding capacity for smooth, controlled brushstrokes. 🍁Long-Lasting and Easy to Maintain - Stays in shape, easy to clean, and easy to reshape.",https://artgoldenmaple.com/products/master-i-series-finest-kolinsky-sable-brushes?variant=42860309577952,https://cdn.shopify.com/s/files/1/0631/8053/8080/files/MasterIKolinskySableRoundBrushes_1.webp?v=1783751567,,,,https://www.awin1.com/cread.php?awinmid=124092&awinaffid=3002879&ued=https%3A%2F%2Fartgoldenmaple.com%2Fproducts%2Fmaster-i-series-finest-kolinsky-sable-brushes%3Fvariant%3D42860309577952,,"Arts & Entertainment > Hobbies & Creative Arts > Arts & Crafts > Arts & Crafts Kits > Drawing & Painting Kits",,,GM-master-3,artgoldenmaple,1,out_of_stock,,,"20.99 USD",,,,,,,,new,,,,,,,,,,,,,,,,,,,,,,,,,,,,,,,,
124092,"Golden Maple",42860309610720,"Master I: Kolinsky Sable Round Brushes - Master I Size 4","Master I Series to enhance your artistry - finely crafted for superior performance 🍁Premium Handcrafted - Made from the finest Kolinsky sable hair with rust-resistant, seamless nickel-plated ferrules and polished birch handles. 🍁Various Size Ranges - Round brushes are ideal for fine details, miniatures, models, washes and expressive brushstrokes. 🍁100% Handcrafted - Carefully crafted by skilled artisans for exceptional precision and durability. 🍁Superior Kolinsky Bristles - soft, highly absorbent, with excellent paint holding capacity for smooth, controlled brushstrokes. 🍁Long-Lasting and Easy to Maintain - Stays in shape, easy to clean, and easy to reshape.",https://artgoldenmaple.com/products/master-i-series-finest-kolinsky-sable-brushes?variant=42860309610720,https://cdn.shopify.com/s/files/1/0631/8053/8080/files/MasterIKolinskySableRoundBrushes_1.webp?v=1783751567,,,,https://www.awin1.com/cread.php?awinmid=124092&awinaffid=3002879&ued=https%3A%2F%2Fartgoldenmaple.com%2Fproducts%2Fmaster-i-series-finest-kolinsky-sable-brushes%3Fvariant%3D42860309610720,,"Arts & Entertainment > Hobbies & Creative Arts > Arts & Crafts > Arts & Crafts Kits > Drawing & Painting Kits",,,GM-master-4,artgoldenmaple,1,in_stock,,,"20.99 USD",,,,,,,,new,,,,,,,,,,,,,,,,,,,,,,,,,,,,,,,,
124092,"Golden Maple",42899438371040,"Nylon Round, Flat Detail Paint Brush - 15pcs/set","Detailed Description 🍁BEST MINIATURE BRUSHES are perfect for ultra fine detail painting, army figures. You can use detail brush set as paint by number brushes, hobby paint brushes, plastic model paint brushes. 🍁BEST VARIETY of fine detail paint brushes - all in 1 set of 10 tiny miniature brushes and 2 fan brush for acrylic painting. 🍁BEST CREATION WITH LOVE BY ARTISTS - we know what you really desire when painting mini micro detailing. Scale model paint brush set includes plastic zip holder organizer to keep the dry fine brushes in one place. Fine tip paint brushes are the perfect gift for kids, adults, toddlers. 🍁BEST PROFESSIONAL QUALITY detail brushes for painting miniatures - anti-shedding hair technology and high quality crimped ferrule. Ergonomic handles of these mini paint brushes bring the finest control to your hand. 🍁BEST 1OO% SATISFACTION GUARANTEE - we offer a no-hassle guarantee on our acrylic miniature painting brushes set, risk nothing. Order now fine paint brush set!",https://artgoldenmaple.com/products/15pc-miniature-brushes-micro-detail-paint-brush-set-fine-detailing-for-acrylics-oils-watercolors?variant=42899438371040,https://cdn.shopify.com/s/files/1/0631/8053/8080/files/Nylon_Detail_Paint_Brush_Set_1.jpg?v=1774333022,,,,https://www.awin1.com/cread.php?awinmid=124092&awinaffid=3002879&ued=https%3A%2F%2Fartgoldenmaple.com%2Fproducts%2F15pc-miniature-brushes-micro-detail-paint-brush-set-fine-detailing-for-acrylics-oils-watercolors%3Fvariant%3D42899438371040,,"Arts & Entertainment > Hobbies & Creative Arts > Arts & Crafts > Arts & Crafts Kits > Drawing & Painting Kits",,,PBN-W-BK-GM-T15-my-zuhe,artgoldenmaple,1,in_stock,,,"20.99 USD",,,,,,,,new,,,,,,,,,,,,,,,,,,,,,,,,,,,,,,,,
124092,"Golden Maple",42923560337632,"9PCS Angled Paint Brush Set with Oblique Tips","UNLEASH YOUR CREATIVITY WITH THE EXCELLENT QUALITY ART BRUSH SET Brush Care Tips: ·If you are using Non-oily pigments, the brush should be washed immediately with water. ·If you are using oil-based pigments,the brush need to be cleaned with turpentine or a lighter detergent and then washed with water. ·After cleaning the brush, you need to put the bristles in the vertical direction, do not touch other objects when drying to prevent deformation. ·If the brush is deformed,you can run brushes under warm water and gently use your fingers to reshape. 9PC Angled Paint Brushes Great for fills,and thin to thick lines. -9 Angled Brushes #0 #2 #4 #6 #8 #10 #12 #14 #16 For Face Body Nail Art, Crafts, Canvas, Rock, Shoes, Paint by Number For All Kinds Of People- From artists to beginners, adults to children, anyone interested in art can use this set of brushes to release their artistic inspiration Super Multi-Use Acrylic Watercolor Oil Painting Shoe & Fabic painting Model painting 9Pcs Watercolor Paint Brushes Care: Clean your brushes immediately afterusing it, avoid scrubbing while cleaning. Between painting sessions, gently cleanyour brushes with brush cleaner or soapy water. Avoid scrubbing while cleaning. Never leave your brushes resting on theirheads in water, solvent, or when drying. Store clean brushes vertically,head-side-up or horizontall",https://artgoldenmaple.com/products/angular-paint-brush-9pc-oblique-tip-nylon-hair-long-handle-angled-paint-brushes-set-art-artist-professional-painting-supplies-for-acrylic-watercolor-gouache-and-oil-painting?variant=42923560337632,https://cdn.shopify.com/s/files/1/0631/8053/8080/files/Golden-Maple-9PcsSet-Oblique-Tip-Nylon-Hair-Long-Handle-Angled-Paint-Brushes-Set-artsit-painting-brush-artgoldenmaple.webp?v=1783672482,,,,https://www.awin1.com/cread.php?awinmid=124092&awinaffid=3002879&ued=https%3A%2F%2Fartgoldenmaple.com%2Fproducts%2Fangular-paint-brush-9pc-oblique-tip-nylon-hair-long-handle-angled-paint-brushes-set-art-artist-professional-painting-supplies-for-acrylic-watercolor-gouache-and-oil-painting%3Fvariant%3D42923560337632,,"Arts & Entertainment > Hobbies & Creative Arts > Arts & Crafts > Arts & Crafts Kits > Drawing & Painting Kits",,,PBN-W-BK-XTGM-T9-my-NEW-zuhe,artgoldenmaple,1,out_of_stock,,,"15.99 USD",,,,,,,,new,,,,,,,,,,,,,,,,,,,,,,,,,,,,,,,,
124092,"Golden Maple",42923576787168,"3PCS Artist Fan Paint Brush Set: Hog Bristle Long Handle for Oil & Acrylic","Traditional natural hair, pure hog bristle,ideal for oil color painting but can also be used with acrylics size:#4,#8,#12. 3 different brush size expand the creative versatility of these brushes Solid wood handle,olid wood birch handle are multi-coated with lacquer,durable and long lasting Extra-secure triple crimpling,chrome-plated brass seamless ferrule Traditional handicraft,hand-shaped by skilled brush makers,not shed,not curly,no deformation",https://artgoldenmaple.com/products/oil-acrylic-paint-brushes-artist-fan-paint-brush-set-hog-bristle-long-handle-painting-brush3pcs?variant=42923576787168,https://cdn.shopify.com/s/files/1/0631/8053/8080/files/3PCSArtistFanPaintBrushSetHogBristleLongHandleforOil_Acrylic_2_1474f942-7f11-425f-b765-df551dc0651d.webp?v=1783590270,,,,https://www.awin1.com/cread.php?awinmid=124092&awinaffid=3002879&ued=https%3A%2F%2Fartgoldenmaple.com%2Fproducts%2Foil-acrylic-paint-brushes-artist-fan-paint-brush-set-hog-bristle-long-handle-painting-brush3pcs%3Fvariant%3D42923576787168,,"Arts & Entertainment > Hobbies & Creative Arts > Arts & Crafts > Arts & Crafts Kits > Drawing & Painting Kits",,,PBB-W-WC-GM-T3-zq,artgoldenmaple,1,in_stock,,,"15.99 USD",,,,,,,,new,,,,,,,,,,,,,,,,,,,,,,,,,,,,,,,,
124092,"Golden Maple",42923586912480,"Sable Filbert Paint Brush Set - 6pcs","When you are creating a painting, your brushes are your working tools. The final results depend completely on your brushwork, so it is very important to use good quality brushes and top quality paint, but also to choose the best type of brush that suits the task. Golden maple art at the forefront of recreational and art supplies, dedicated to providing to its customer's products of unmatched quality that will be cherished for years to come. Profession Filbert Paint Brush Apply to oil, acrylic, watercolor, art painting, face painting, miniatures, detailing, craft art painting, model, etc. Works for All Paint Types This Professional Set of paint brushes is suitable for acrylic painting, oil, watercolors, pottery, gouache, and craft painting. No matter your level of artistic experience or ability, Artist Painting Set is a perfect beginning or complement to your existing set of tools Balanced Handle and Comfortable Grip Well balanced anti-skid wood handles, glossy and odorless, comfortable to hold, with seamless nickel-plated brass ferrules, ensuring the sable hairs don’t fall out or wobble while painting. A great art tool stimulating your inspiration and always paint with ease. Professional Quality Brushes Sturdy Ferrule Durable Balanced Handle and Comfortable Grip Works for All Paint Types Unleash Your Unlimited Painting Potential",https://artgoldenmaple.com/products/artist-paint-brushes-red-sable-weasel-hair-long-handle-filbert-paint-brush-set-for-acrylic-oil-gouache-and-watercolor-painting-offering-excellent-paint-holding-and-easy-flow-of-paint?variant=42923586912480,https://cdn.shopify.com/s/files/1/0631/8053/8080/files/SableFilbertPaintBrushSet-6pcs_1.webp?v=1784786480,,,,https://www.awin1.com/cread.php?awinmid=124092&awinaffid=3002879&ued=https%3A%2F%2Fartgoldenmaple.com%2Fproducts%2Fartist-paint-brushes-red-sable-weasel-hair-long-handle-filbert-paint-brush-set-for-acrylic-oil-gouache-and-watercolor-painting-offering-excellent-paint-holding-and-easy-flow-of-paint%3Fvariant%3D42923586912480,,"Arts & Entertainment > Hobbies & Creative Arts > Arts & Crafts > Arts & Crafts Kits > Drawing & Painting Kits",,,PBN-W-RW-128-T6-my,artgoldenmaple,1,out_of_stock,,,"18.99 USD",,,,,,,,new,,,,,,,,,,,,,,,,,,,,,,,,,,,,,,,,
124092,"Golden Maple",43665235738848,"3pcs Watercolor Travel Paint Brushes: Round Pointed Tips with Leatherette Carry Case - Travel Brush(Nylon4-8-12)","TRAVEL BRUSHES FOR PAINTING ON THE GOThe reversible Travel brush is a convenient addition to your brush collection for those who like to paint on the move.The reversible handle allows for a convenient storage and prevents damage to the brush.1. Travel Brush set contains a range of 3 synthetic nylon（premium kolinsky is also available） brushes, sizes 4# 8# &12# in a high quality carry case.2. These travel art painting brushes have a soft and fine texture which are made of high quality hair with chrome plated penholder and wooden materials, beautiful in appearance.3. These top quality multi-purpose travel artist brushes are suitable for use with acrylics, watercolor, oils, gouache, inks, water, mixable oils and all water base medias.4. These beautifully made artist watercolour brushes are ideal for artists who prefer the convenience of a portable brush.5. These high quality 3 piece portable brushes are the choice of beginners to professionals, those who loves to create art on the go.Inside Package1 x Travel Art Paint Brush Set (3pcs)1 X Lather Carry Case",https://artgoldenmaple.com/products/watercolour-travel-paint-brushes-3pcs-round-pointed-tip-nylon-hair-with-leatherette-carry-case-for-painting?variant=43665235738848,https://cdn.shopify.com/s/files/1/0631/8053/8080/files/3pcsWatercolorTravelPaintBrushesRoundPointedTipswithLeatheretteCarryCase_1.webp?v=1783664335,,,,https://www.awin1.com/cread.php?awinmid=124092&awinaffid=3002879&ued=https%3A%2F%2Fartgoldenmaple.com%2Fproducts%2Fwatercolour-travel-paint-brushes-3pcs-round-pointed-tip-nylon-hair-with-leatherette-carry-case-for-painting%3Fvariant%3D43665235738848,,"Arts & Entertainment > Hobbies & Creative Arts > Arts & Crafts > Arts & Crafts Kits > Drawing & Painting Kits",,,PBN-MT-SL-T3-my-zuhe,artgoldenmaple,1,out_of_stock,,,"25.99 USD",,,,,,,,new,,,,,,,,,,,,,,,,,,,,,,,,,,,,,,,,
124092,"Golden Maple",43665235771616,"3pcs Watercolor Travel Paint Brushes: Round Pointed Tips with Leatherette Carry - 🔥Travel Brush(Nylon) + 18 Colors Travel Watercolor (Get 10% off)","TRAVEL BRUSHES FOR PAINTING ON THE GOThe reversible Travel brush is a convenient addition to your brush collection for those who like to paint on the move.The reversible handle allows for a convenient storage and prevents damage to the brush.1. Travel Brush set contains a range of 3 synthetic nylon（premium kolinsky is also available） brushes, sizes 4# 8# &12# in a high quality carry case.2. These travel art painting brushes have a soft and fine texture which are made of high quality hair with chrome plated penholder and wooden materials, beautiful in appearance.3. These top quality multi-purpose travel artist brushes are suitable for use with acrylics, watercolor, oils, gouache, inks, water, mixable oils and all water base medias.4. These beautifully made artist watercolour brushes are ideal for artists who prefer the convenience of a portable brush.5. These high quality 3 piece portable brushes are the choice of beginners to professionals, those who loves to create art on the go.Inside Package1 x Travel Art Paint Brush Set (3pcs)1 X Lather Carry Case",https://artgoldenmaple.com/products/watercolour-travel-paint-brushes-3pcs-round-pointed-tip-nylon-hair-with-leatherette-carry-case-for-painting?variant=43665235771616,https://cdn.shopify.com/s/files/1/0631/8053/8080/files/3pcsWatercolorTravelPaintBrushesRoundPointedTipswithLeatheretteCarryCase_1.webp?v=1783664335,,,,https://www.awin1.com/cread.php?awinmid=124092&awinaffid=3002879&ued=https%3A%2F%2Fartgoldenmaple.com%2Fproducts%2Fwatercolour-travel-paint-brushes-3pcs-round-pointed-tip-nylon-hair-with-leatherette-carry-case-for-painting%3Fvariant%3D43665235771616,,"Arts & Entertainment > Hobbies & Creative Arts > Arts & Crafts > Arts & Crafts Kits > Drawing & Painting Kits",,,SCYL-18S+GM-travel-nylon,artgoldenmaple,1,out_of_stock,,,"34.99 USD",,,,,,,,new,,,,,,,,,,,,,,,,,,,,,,,,,,,,,,,,
124092,"Golden Maple",43665235804384,"3pcs Watercolor Travel Paint Brushes: Round Pointed Tips with Leatherette Carry - 🔥Travel Brush(Nylon)+ 25 Colors Travel Watercolor (Get 10% off)","TRAVEL BRUSHES FOR PAINTING ON THE GOThe reversible Travel brush is a convenient addition to your brush collection for those who like to paint on the move.The reversible handle allows for a convenient storage and prevents damage to the brush.1. Travel Brush set contains a range of 3 synthetic nylon（premium kolinsky is also available） brushes, sizes 4# 8# &12# in a high quality carry case.2. These travel art painting brushes have a soft and fine texture which are made of high quality hair with chrome plated penholder and wooden materials, beautiful in appearance.3. These top quality multi-purpose travel artist brushes are suitable for use with acrylics, watercolor, oils, gouache, inks, water, mixable oils and all water base medias.4. These beautifully made artist watercolour brushes are ideal for artists who prefer the convenience of a portable brush.5. These high quality 3 piece portable brushes are the choice of beginners to professionals, those who loves to create art on the go.Inside Package1 x Travel Art Paint Brush Set (3pcs)1 X Lather Carry Case",https://artgoldenmaple.com/products/watercolour-travel-paint-brushes-3pcs-round-pointed-tip-nylon-hair-with-leatherette-carry-case-for-painting?variant=43665235804384,https://cdn.shopify.com/s/files/1/0631/8053/8080/files/3pcsWatercolorTravelPaintBrushesRoundPointedTipswithLeatheretteCarryCase_1.webp?v=1783664335,,,,https://www.awin1.com/cread.php?awinmid=124092&awinaffid=3002879&ued=https%3A%2F%2Fartgoldenmaple.com%2Fproducts%2Fwatercolour-travel-paint-brushes-3pcs-round-pointed-tip-nylon-hair-with-leatherette-carry-case-for-painting%3Fvariant%3D43665235804384,,"Arts & Entertainment > Hobbies & Creative Arts > Arts & Crafts > Arts & Crafts Kits > Drawing & Painting Kits",,,SCYL-25S+GM-travel-nylon,artgoldenmaple,1,out_of_stock,,,"35.99 USD",,,,,,,,new,,,,,,,,,,,,,,,,,,,,,,,,,,,,,,,,
124092,"Golden Maple",43665235837152,"3pcs Watercolor Travel Paint Brushes: Round Pointed Tips with Leatherette Carry - 🔥Travel Brush(Nylon) + 33 Colors Travel Watercolor (Get 10% off)","TRAVEL BRUSHES FOR PAINTING ON THE GOThe reversible Travel brush is a convenient addition to your brush collection for those who like to paint on the move.The reversible handle allows for a convenient storage and prevents damage to the brush.1. Travel Brush set contains a range of 3 synthetic nylon（premium kolinsky is also available） brushes, sizes 4# 8# &12# in a high quality carry case.2. These travel art painting brushes have a soft and fine texture which are made of high quality hair with chrome plated penholder and wooden materials, beautiful in appearance.3. These top quality multi-purpose travel artist brushes are suitable for use with acrylics, watercolor, oils, gouache, inks, water, mixable oils and all water base medias.4. These beautifully made artist watercolour brushes are ideal for artists who prefer the convenience of a portable brush.5. These high quality 3 piece portable brushes are the choice of beginners to professionals, those who loves to create art on the go.Inside Package1 x Travel Art Paint Brush Set (3pcs)1 X Lather Carry Case",https://artgoldenmaple.com/products/watercolour-travel-paint-brushes-3pcs-round-pointed-tip-nylon-hair-with-leatherette-carry-case-for-painting?variant=43665235837152,https://cdn.shopify.com/s/files/1/0631/8053/8080/files/3pcsWatercolorTravelPaintBrushesRoundPointedTipswithLeatheretteCarryCase_1.webp?v=1783664335,,,,https://www.awin1.com/cread.php?awinmid=124092&awinaffid=3002879&ued=https%3A%2F%2Fartgoldenmaple.com%2Fproducts%2Fwatercolour-travel-paint-brushes-3pcs-round-pointed-tip-nylon-hair-with-leatherette-carry-case-for-painting%3Fvariant%3D43665235837152,,"Arts & Entertainment > Hobbies & Creative Arts > Arts & Crafts > Arts & Crafts Kits > Drawing & Painting Kits",,,SCYL-33S+GM-travel-nylon,artgoldenmaple,1,in_stock,,,"36.99 USD",,,,,,,,new,,,,,,,,,,,,,,,,,,,,,,,,,,,,,,,,
124092,"Golden Maple",44675342303456,"3pcs Watercolor Travel Paint Brushes: Round Pointed Tips with Leatherette Carry Case - Travel Brush(Nylon6-8-12)","TRAVEL BRUSHES FOR PAINTING ON THE GOThe reversible Travel brush is a convenient addition to your brush collection for those who like to paint on the move.The reversible handle allows for a convenient storage and prevents damage to the brush.1. Travel Brush set contains a range of 3 synthetic nylon（premium kolinsky is also available） brushes, sizes 4# 8# &12# in a high quality carry case.2. These travel art painting brushes have a soft and fine texture which are made of high quality hair with chrome plated penholder and wooden materials, beautiful in appearance.3. These top quality multi-purpose travel artist brushes are suitable for use with acrylics, watercolor, oils, gouache, inks, water, mixable oils and all water base medias.4. These beautifully made artist watercolour brushes are ideal for artists who prefer the convenience of a portable brush.5. These high quality 3 piece portable brushes are the choice of beginners to professionals, those who loves to create art on the go.Inside Package1 x Travel Art Paint Brush Set (3pcs)1 X Lather Carry Case",https://artgoldenmaple.com/products/watercolour-travel-paint-brushes-3pcs-round-pointed-tip-nylon-hair-with-leatherette-carry-case-for-painting?variant=44675342303456,https://cdn.shopify.com/s/files/1/0631/8053/8080/files/3pcsWatercolorTravelPaintBrushesRoundPointedTipswithLeatheretteCarryCase_1.webp?v=1783664335,,,,https://www.awin1.com/cread.php?awinmid=124092&awinaffid=3002879&ued=https%3A%2F%2Fartgoldenmaple.com%2Fproducts%2Fwatercolour-travel-paint-brushes-3pcs-round-pointed-tip-nylon-hair-with-leatherette-carry-case-for-painting%3Fvariant%3D44675342303456,,"Arts & Entertainment > Hobbies & Creative Arts > Arts & Crafts > Arts & Crafts Kits > Drawing & Painting Kits",,,YGHTMBM6812,artgoldenmaple,1,out_of_stock,,,"25.99 USD",,,,,,,,new,,,,,,,,,,,,,,,,,,,,,,,,,,,,,,,,
124092,"Golden Maple",42923596284128,"15pcs Nylon Brush Set: Flat, Filbert, Round, Cat Tongue, Petal, and Fan Brushes (P00015)","ARE YOU TIRED OF SUBSTANDARD DISPOSABLE BRUSHES THAT BREAK UP INTO SEPARATE PARTS JUST AFTER ONE USE, like a building kit? We tried to create THE BEST PROFFESIONAL BRUSHES OF HIGH QUALITY NYLON considering all your needs for the realization of your creative ideas and imagination. Our professional paint brush set consists of 15 DIFFERENT BRUSHES: Filbert - Sizes 9, 4 Angle - Sizes 12, 10, 5, 2 Round(Sable) - Sizes 8, 7, 3, 1, 2/0 Flat - Sizes 11, 6 Fan - Size 0 Rigger - Size 3/0",https://artgoldenmaple.com/products/artist-paint-brushes-15-pieces-for-acrylic-oil-watercolor-gouache-and-face-painting-for-artists-beginners-and-kids?variant=42923596284128,https://cdn.shopify.com/s/files/1/0631/8053/8080/files/Golden-Maple-15PCS-Nylon-Brush-Set-Flat-brush-filbert-brush-Round-brush-Cat-tongue-petal-brush-Fan-brush-artsit-painti_1.webp?v=1783587559,,,,https://www.awin1.com/cread.php?awinmid=124092&awinaffid=3002879&ued=https%3A%2F%2Fartgoldenmaple.com%2Fproducts%2Fartist-paint-brushes-15-pieces-for-acrylic-oil-watercolor-gouache-and-face-painting-for-artists-beginners-and-kids%3Fvariant%3D42923596284128,,"Arts & Entertainment > Hobbies & Creative Arts > Arts & Crafts > Arts & Crafts Kits > Drawing & Painting Kits",,,PBN-W2-BK-T15-my,artgoldenmaple,1,out_of_stock,,,"22.99 USD",,,,,,,,new,,,,,,,,,,,,,,,,,,,,,,,,,,,,,,,,
124092,"Golden Maple",42955353456864,"Portable Travel Watercolor Set - Pocket Field Sketch Kit - 33 Assorted Colors","Capturing the moment just got easier with Goldenmaple water color field sketch kits.This portable watercolor set is perfect to bring along whether you're going to the countryside, relaxing at the beach or walking urban landscapes.Goldenmaple Watercolor Set Features:1.The travel watercolor set is lightweight and affordable, formulated to blend easily and create and endless range of colors.2.A refillable water brush to transport and store water.3.A small, sleek pocket design fits into shirt or jacket pockets, perfect for painting on the go.4.A great gift for professional artists and crafters or anyone who have fun in painting.NOTE: Please keep cap and plug away from small children.",https://artgoldenmaple.com/products/travel-portable-watercolor-set-pocket-field-sketch-kit?variant=42955353456864,https://cdn.shopify.com/s/files/1/0631/8053/8080/files/PortableTravelWatercolorSet-PocketFieldSketchKit_2.webp?v=1784785454,,,,https://www.awin1.com/cread.php?awinmid=124092&awinaffid=3002879&ued=https%3A%2F%2Fartgoldenmaple.com%2Fproducts%2Ftravel-portable-watercolor-set-pocket-field-sketch-kit%3Fvariant%3D42955353456864,,"Arts & Entertainment > Hobbies & Creative Arts > Arts & Crafts > Arts & Crafts Kits > Drawing & Painting Kits",,,PM-YL-GC-T33-my,artgoldenmaple,1,out_of_stock,,,"21.99 USD",,,,,,,,new,,,,,,,,,,,,,,,,,,,,,,,,,,,,,,,,
124092,"Golden Maple",43668131152096,"Portable Travel Watercolor Set - Pocket Field Sketch Kit - 🔥33 Assorted Colors + Nylon Travel Brush (get 10% off)","Capturing the moment just got easier with Goldenmaple water color field sketch kits.This portable watercolor set is perfect to bring along whether you're going to the countryside, relaxing at the beach or walking urban landscapes.Goldenmaple Watercolor Set Features:1.The travel watercolor set is lightweight and affordable, formulated to blend easily and create and endless range of colors.2.A refillable water brush to transport and store water.3.A small, sleek pocket design fits into shirt or jacket pockets, perfect for painting on the go.4.A great gift for professional artists and crafters or anyone who have fun in painting.NOTE: Please keep cap and plug away from small children.",https://artgoldenmaple.com/products/travel-portable-watercolor-set-pocket-field-sketch-kit?variant=43668131152096,https://cdn.shopify.com/s/files/1/0631/8053/8080/files/PortableTravelWatercolorSet-PocketFieldSketchKit_1.webp?v=1784785454,,,,https://www.awin1.com/cread.php?awinmid=124092&awinaffid=3002879&ued=https%3A%2F%2Fartgoldenmaple.com%2Fproducts%2Ftravel-portable-watercolor-set-pocket-field-sketch-kit%3Fvariant%3D43668131152096,,"Arts & Entertainment > Hobbies & Creative Arts > Arts & Crafts > Arts & Crafts Kits > Drawing & Painting Kits",,,PM-YL-GC-T33-my,artgoldenmaple,1,out_of_stock,,,"36.99 USD",,,,,,,,new,,,,,,,,,,,,,,,,,,,,,,,,,,,,,,,,
124092,"Golden Maple",42976966476000,"6pcs Flat Sable Artist Paint Brush Set","Golden Maple Professional Quality Set of 6 Flat Artist Paint Brushes will give you years of Creative Joy! Paint brushes are the most important tool for painters. These Flat Artist Paint Brushes offer the best liquid holding capacity and spring back. The smooth birch handles provide a luxurious look and feel. This Professional Set of paint brushes is suitable for acrylic painting, oil media, watercolors, pottery, gouache, and craft, hobby and face painting. No matter your level of artistic experience or ability, Golden Maple Artist Painting Set is a perfect beginning or complement to your existing set of tools. The long handles are perfect for easel and plein-air painting. Our bristles don't shed being held securely with strong ferrules, making them extremely durable as well as easy to clean. The Complete Set of brushes include 6 sizes - 2, 4, 6, 8, 10 and 12. With their ergonomic long handles, the brushes measure from 10 1/2"""" to 12"""" in length,perfect for all creative painting or craft projects. The bristles retain their shape and glide easily on the canvas or any medium, making it easier for you the artists to paint and bring out your creative expression. We aim to help artists express their creativity by providing Premium Quality and Outstanding Value. 100% Satisfaction Guarantee!""",https://artgoldenmaple.com/products/artist-paint-brush-for-acrylic-gouache-watercolor-painting-102flat?variant=42976966476000,https://cdn.shopify.com/s/files/1/0631/8053/8080/files/Golden-Maple-6PCS-Flat-Sable-Artist-Paint-Brush-Set-artsit-painting-brush-artgoldenmaple.webp?v=1783671849,,,,https://www.awin1.com/cread.php?awinmid=124092&awinaffid=3002879&ued=https%3A%2F%2Fartgoldenmaple.com%2Fproducts%2Fartist-paint-brush-for-acrylic-gouache-watercolor-painting-102flat%3Fvariant%3D42976966476000,,"Arts & Entertainment > Hobbies & Creative Arts > Arts & Crafts > Arts & Crafts Kits > Drawing & Painting Kits",,,PBM-W-BK-102PT-T6-llx-zuhe,artgoldenmaple,1,out_of_stock,,,"18.99 USD",,,,,,,,new,,,,,,,,,,,,,,,,,,,,,,,,,,,,,,,,
124092,"Golden Maple",45311150162144,"Premium Watercolor Squirrel Mop Brushes - #2","Detailed Description 🎨 Designed for Water-Based Paints – This set includes three versatile watercolor brushes, featuring fine-tipped round quills in sizes #2, #4, and #6. Whether you're creating broad washes or delicate details, these brushes deliver precision and ease. 💧 Exceptional Absorption & Smooth Flow – Crafted with soft squirrel bristles, these brushes hold ample liquid and ensure a consistent, effortless paint flow. Provide enhanced control for a seamless painting experience. 🖌 Versatile for Various Techniques – Ideal for loose abstract watercolor painting, mop and wash techniques, wet-into-wet blending, broad strokes, fine details, and wide swatches—offering endless creative possibilities. ✔ Durable, No Shedding or Flaking – Expertly handcrafted with premium materials, these well-balanced, lightweight brushes feature firmly crimped ferrules for enhanced durability. Enjoy a comfortable grip and long-lasting performance, wash after wash. Unlock your creativity with Golden Maple professional squirrel mop brush—where precision meets effortless artistry! 🎨✨",https://artgoldenmaple.com/products/watercolor-squirrel-hair-paint-brush-professional-artist-mop-round-pointed-fine-tip-painting-brush-size-2-artist-quality-supplies-paintbrush-for-water-color-inks-gouache-tempera-craft-paints?variant=45311150162144,https://cdn.shopify.com/s/files/1/0631/8053/8080/files/PremiumWatercolorSquirrelMopBrushes_1.webp?v=1784786053,,,,https://www.awin1.com/cread.php?awinmid=124092&awinaffid=3002879&ued=https%3A%2F%2Fartgoldenmaple.com%2Fproducts%2Fwatercolor-squirrel-hair-paint-brush-professional-artist-mop-round-pointed-fine-tip-painting-brush-size-2-artist-quality-supplies-paintbrush-for-water-color-inks-gouache-tempera-craft-paints%3Fvariant%3D45311150162144,,,,,Squirrel-2,artgoldenmaple,1,in_stock,,,"20.99 USD",,,,,,,,new,,,,,,,,,,,,,,,,,,,,,,,,,,,,,,,,
124092,"Golden Maple",45311150194912,"Premium Watercolor Squirrel Mop Brushes - #4","Detailed Description 🎨 Designed for Water-Based Paints – This set includes three versatile watercolor brushes, featuring fine-tipped round quills in sizes #2, #4, and #6. Whether you're creating broad washes or delicate details, these brushes deliver precision and ease. 💧 Exceptional Absorption & Smooth Flow – Crafted with soft squirrel bristles, these brushes hold ample liquid and ensure a consistent, effortless paint flow. Provide enhanced control for a seamless painting experience. 🖌 Versatile for Various Techniques – Ideal for loose abstract watercolor painting, mop and wash techniques, wet-into-wet blending, broad strokes, fine details, and wide swatches—offering endless creative possibilities. ✔ Durable, No Shedding or Flaking – Expertly handcrafted with premium materials, these well-balanced, lightweight brushes feature firmly crimped ferrules for enhanced durability. Enjoy a comfortable grip and long-lasting performance, wash after wash. Unlock your creativity with Golden Maple professional squirrel mop brush—where precision meets effortless artistry! 🎨✨",https://artgoldenmaple.com/products/watercolor-squirrel-hair-paint-brush-professional-artist-mop-round-pointed-fine-tip-painting-brush-size-2-artist-quality-supplies-paintbrush-for-water-color-inks-gouache-tempera-craft-paints?variant=45311150194912,https://cdn.shopify.com/s/files/1/0631/8053/8080/files/PremiumWatercolorSquirrelMopBrushes_4.webp?v=1784786053,,,,https://www.awin1.com/cread.php?awinmid=124092&awinaffid=3002879&ued=https%3A%2F%2Fartgoldenmaple.com%2Fproducts%2Fwatercolor-squirrel-hair-paint-brush-professional-artist-mop-round-pointed-fine-tip-painting-brush-size-2-artist-quality-supplies-paintbrush-for-water-color-inks-gouache-tempera-craft-paints%3Fvariant%3D45311150194912,,,,,Squirrel-4,artgoldenmaple,1,in_stock,,,"21.99 USD",,,,,,,,new,,,,,,,,,,,,,,,,,,,,,,,,,,,,,,,,
124092,"Golden Maple",45311150227680,"Premium Watercolor Squirrel Mop Brushes - #6","Detailed Description 🎨 Designed for Water-Based Paints – This set includes three versatile watercolor brushes, featuring fine-tipped round quills in sizes #2, #4, and #6. Whether you're creating broad washes or delicate details, these brushes deliver precision and ease. 💧 Exceptional Absorption & Smooth Flow – Crafted with soft squirrel bristles, these brushes hold ample liquid and ensure a consistent, effortless paint flow. Provide enhanced control for a seamless painting experience. 🖌 Versatile for Various Techniques – Ideal for loose abstract watercolor painting, mop and wash techniques, wet-into-wet blending, broad strokes, fine details, and wide swatches—offering endless creative possibilities. ✔ Durable, No Shedding or Flaking – Expertly handcrafted with premium materials, these well-balanced, lightweight brushes feature firmly crimped ferrules for enhanced durability. Enjoy a comfortable grip and long-lasting performance, wash after wash. Unlock your creativity with Golden Maple professional squirrel mop brush—where precision meets effortless artistry! 🎨✨",https://artgoldenmaple.com/products/watercolor-squirrel-hair-paint-brush-professional-artist-mop-round-pointed-fine-tip-painting-brush-size-2-artist-quality-supplies-paintbrush-for-water-color-inks-gouache-tempera-craft-paints?variant=45311150227680,https://cdn.shopify.com/s/files/1/0631/8053/8080/files/PremiumWatercolorSquirrelMopBrushes_6.webp?v=1784786053,,,,https://www.awin1.com/cread.php?awinmid=124092&awinaffid=3002879&ued=https%3A%2F%2Fartgoldenmaple.com%2Fproducts%2Fwatercolor-squirrel-hair-paint-brush-professional-artist-mop-round-pointed-fine-tip-painting-brush-size-2-artist-quality-supplies-paintbrush-for-water-color-inks-gouache-tempera-craft-paints%3Fvariant%3D45311150227680,,,,,Squirrel-6,artgoldenmaple,1,in_stock,,,"22.99 USD",,,,,,,,new,,,,,,,,,,,,,,,,,,,,,,,,,,,,,,,,
124092,"Golden Maple",47086998487264,"Premium Watercolor Squirrel Mop Brushes - 3PCS/SET （❤️‍🔥SAVE 25%❤️‍🔥）","Detailed Description 🎨 Designed for Water-Based Paints – This set includes three versatile watercolor brushes, featuring fine-tipped round quills in sizes #2, #4, and #6. Whether you're creating broad washes or delicate details, these brushes deliver precision and ease. 💧 Exceptional Absorption & Smooth Flow – Crafted with soft squirrel bristles, these brushes hold ample liquid and ensure a consistent, effortless paint flow. Provide enhanced control for a seamless painting experience. 🖌 Versatile for Various Techniques – Ideal for loose abstract watercolor painting, mop and wash techniques, wet-into-wet blending, broad strokes, fine details, and wide swatches—offering endless creative possibilities. ✔ Durable, No Shedding or Flaking – Expertly handcrafted with premium materials, these well-balanced, lightweight brushes feature firmly crimped ferrules for enhanced durability. Enjoy a comfortable grip and long-lasting performance, wash after wash. Unlock your creativity with Golden Maple professional squirrel mop brush—where precision meets effortless artistry! 🎨✨",https://artgoldenmaple.com/products/watercolor-squirrel-hair-paint-brush-professional-artist-mop-round-pointed-fine-tip-painting-brush-size-2-artist-quality-supplies-paintbrush-for-water-color-inks-gouache-tempera-craft-paints?variant=47086998487264,https://cdn.shopify.com/s/files/1/0631/8053/8080/files/PremiumWatercolorSquirrelMopBrushes_10.webp?v=1784786053,,,,https://www.awin1.com/cread.php?awinmid=124092&awinaffid=3002879&ued=https%3A%2F%2Fartgoldenmaple.com%2Fproducts%2Fwatercolor-squirrel-hair-paint-brush-professional-artist-mop-round-pointed-fine-tip-painting-brush-size-2-artist-quality-supplies-paintbrush-for-water-color-inks-gouache-tempera-craft-paints%3Fvariant%3D47086998487264,,,,,,artgoldenmaple,,in_stock,,,"49.99 USD",,,,,,,,new,,,,,,,,,,,,,,,,,,,,,,,,,,,,,,,,
124092,"Golden Maple",43668474396896,"Nylon Flat, Liner, Round Detail Paint Brush - 15pcs/set","Thin Lines(#20/0, 10/0, 5/0, 3/0), Flat(#2/0, 0, 1), Liner(#2/0, 0, 1), Round(#5/0, 4/0, 3/0 ,0 ,1), Nylon Imported Japanese Nylon — Superior Spring & FlowCrafted from imported Japanese nylon bristles — known for excellent spring, superior paint-holding capacity, and consistent performance. Tips stay sharp for precise details and hold their shape wash after wash. 3 Essential Shapes — All Techniques CoveredIncludes Flat for basecoating and drybrushing, Liner for fine lines and runes, and Round for detail work and layering. Every brush you need for miniature painting, all in one set. Double-Crimped Copper Ferrule — No SheddingEquipped with double-crimped copper ferrules that lock bristles securely in place. No shedding, no loosening — just reliable performance brush after brush. Wooden Handle — Comfortable GripErgonomically designed wooden handles offer a comfortable, natural grip — reducing hand fatigue during long painting sessions. A classic feel you'll appreciate with every brushstroke. Oil Acrylic Gouache Watercolor Miniature Paint Brushes are suitable for: Paint By Numbers Miniature Figurines, Scale Models Bullet Journaling, Greeting Cards Egg, Cookie, Cake Decorating Face, Body, Nail Art Illustrations, Brush Lettering, Ornaments Ceramics-, Pottery Painting Mini Canvas and more.",https://artgoldenmaple.com/products/golden-maple-15pcs-micro-detail-paint-brush-set-flat-brush-liner-brush-round-brush?variant=43668474396896,https://cdn.shopify.com/s/files/1/0631/8053/8080/files/NylonFlat_Liner_RoundDetailPaintBrush-15pcsset_1.webp?v=1783762176,,,,https://www.awin1.com/cread.php?awinmid=124092&awinaffid=3002879&ued=https%3A%2F%2Fartgoldenmaple.com%2Fproducts%2Fgolden-maple-15pcs-micro-detail-paint-brush-set-flat-brush-liner-brush-round-brush%3Fvariant%3D43668474396896,,,,,PBN-W-LC-T15-llx-zuhe,artgoldenmaple,1,in_stock,,,"20.99 USD",,,,,,,,new,,,,,,,,,,,,,,,,,,,,,,,,,,,,,,,,
124092,"Golden Maple",43780784259296,"Master Ⅰ: 5/0, 4/0, 3/0, 2/0 Kolinsky Sable Miniature Detail Brushes - Size 2/0","Detailed Description 🍁Ideal for Miniature Painting - This set contains four smallest brush sizes, perfect for ultra-fine details, miniatures, and precision work. 🍁Premium Kolinsky - Soft and flexible bristles provide excellent paint retention, smooth flow, and precise control. 🍁Carefully Handcrafted for Perfection - Each brush is carefully handcrafted with premium sable, seamless nickel-plated ferrules, and polished birch handles. 🍁Versatile and Precise - Designed for watercolor, acrylic, and gouache, it's perfect for artists, model painters, and fine detail work. 🍁Durable and Easy to Maintain - The brushes retain their shape, are easy to clean, and can last longer with proper care.",https://artgoldenmaple.com/products/golden-maple-1pcs-kolinsky-miniature-paint-brushes?variant=43780784259296,https://cdn.shopify.com/s/files/1/0631/8053/8080/files/MiniatureDetailBrushes_1.webp?v=1783755486,,,,https://www.awin1.com/cread.php?awinmid=124092&awinaffid=3002879&ued=https%3A%2F%2Fartgoldenmaple.com%2Fproducts%2Fgolden-maple-1pcs-kolinsky-miniature-paint-brushes%3Fvariant%3D43780784259296,,"Arts & Entertainment",,,GM-master-00-ws,artgoldenmaple,1,out_of_stock,,,"18.99 USD",,,,,,,,new,,,,,,,,,,,,,,,,,,,,,,,,,,,,,,,,
124092,"Golden Maple",43780784292064,"Master Ⅰ: 5/0, 4/0, 3/0, 2/0 Kolinsky Sable Miniature Detail Brushes - Size 3/0","Detailed Description 🍁Ideal for Miniature Painting - This set contains four smallest brush sizes, perfect for ultra-fine details, miniatures, and precision work. 🍁Premium Kolinsky - Soft and flexible bristles provide excellent paint retention, smooth flow, and precise control. 🍁Carefully Handcrafted for Perfection - Each brush is carefully handcrafted with premium sable, seamless nickel-plated ferrules, and polished birch handles. 🍁Versatile and Precise - Designed for watercolor, acrylic, and gouache, it's perfect for artists, model painters, and fine detail work. 🍁Durable and Easy to Maintain - The brushes retain their shape, are easy to clean, and can last longer with proper care.",https://artgoldenmaple.com/products/golden-maple-1pcs-kolinsky-miniature-paint-brushes?variant=43780784292064,https://cdn.shopify.com/s/files/1/0631/8053/8080/files/MiniatureDetailBrushes_1.webp?v=1783755486,,,,https://www.awin1.com/cread.php?awinmid=124092&awinaffid=3002879&ued=https%3A%2F%2Fartgoldenmaple.com%2Fproducts%2Fgolden-maple-1pcs-kolinsky-miniature-paint-brushes%3Fvariant%3D43780784292064,,"Arts & Entertainment",,,GM-master-000-ws,artgoldenmaple,1,out_of_stock,,,"16.99 USD",,,,,,,,new,,,,,,,,,,,,,,,,,,,,,,,,,,,,,,,,
124092,"Golden Maple",43780784324832,"Master Ⅰ: 5/0, 4/0, 3/0, 2/0 Kolinsky Sable Miniature Detail Brushes - Size 4/0","Detailed Description 🍁Ideal for Miniature Painting - This set contains four smallest brush sizes, perfect for ultra-fine details, miniatures, and precision work. 🍁Premium Kolinsky - Soft and flexible bristles provide excellent paint retention, smooth flow, and precise control. 🍁Carefully Handcrafted for Perfection - Each brush is carefully handcrafted with premium sable, seamless nickel-plated ferrules, and polished birch handles. 🍁Versatile and Precise - Designed for watercolor, acrylic, and gouache, it's perfect for artists, model painters, and fine detail work. 🍁Durable and Easy to Maintain - The brushes retain their shape, are easy to clean, and can last longer with proper care.",https://artgoldenmaple.com/products/golden-maple-1pcs-kolinsky-miniature-paint-brushes?variant=43780784324832,https://cdn.shopify.com/s/files/1/0631/8053/8080/files/MiniatureDetailBrushes_1.webp?v=1783755486,,,,https://www.awin1.com/cread.php?awinmid=124092&awinaffid=3002879&ued=https%3A%2F%2Fartgoldenmaple.com%2Fproducts%2Fgolden-maple-1pcs-kolinsky-miniature-paint-brushes%3Fvariant%3D43780784324832,,"Arts & Entertainment",,,GM-master-0000,artgoldenmaple,1,out_of_stock,,,"13.99 USD",,,,,,,,new,,,,,,,,,,,,,,,,,,,,,,,,,,,,,,,,
124092,"Golden Maple",43780784357600,"Master Ⅰ: 5/0, 4/0, 3/0, 2/0 Kolinsky Sable Miniature Detail Brushes - Size 5/0","Detailed Description 🍁Ideal for Miniature Painting - This set contains four smallest brush sizes, perfect for ultra-fine details, miniatures, and precision work. 🍁Premium Kolinsky - Soft and flexible bristles provide excellent paint retention, smooth flow, and precise control. 🍁Carefully Handcrafted for Perfection - Each brush is carefully handcrafted with premium sable, seamless nickel-plated ferrules, and polished birch handles. 🍁Versatile and Precise - Designed for watercolor, acrylic, and gouache, it's perfect for artists, model painters, and fine detail work. 🍁Durable and Easy to Maintain - The brushes retain their shape, are easy to clean, and can last longer with proper care.",https://artgoldenmaple.com/products/golden-maple-1pcs-kolinsky-miniature-paint-brushes?variant=43780784357600,https://cdn.shopify.com/s/files/1/0631/8053/8080/files/MiniatureDetailBrushes_1.webp?v=1783755486,,,,https://www.awin1.com/cread.php?awinmid=124092&awinaffid=3002879&ued=https%3A%2F%2Fartgoldenmaple.com%2Fproducts%2Fgolden-maple-1pcs-kolinsky-miniature-paint-brushes%3Fvariant%3D43780784357600,,"Arts & Entertainment",,,GM-master-00000,artgoldenmaple,1,out_of_stock,,,"12.99 USD",,,,,,,,new,,,,,,,,,,,,,,,,,,,,,,,,,,,,,,,,
124092,"Golden Maple",43780784390368,"Master Ⅰ: 5/0, 4/0, 3/0, 2/0 Kolinsky Sable Miniature Detail Brushes - 🔥A Set Of 4PCS (SAVE 45%)","Detailed Description 🍁Ideal for Miniature Painting - This set contains four smallest brush sizes, perfect for ultra-fine details, miniatures, and precision work. 🍁Premium Kolinsky - Soft and flexible bristles provide excellent paint retention, smooth flow, and precise control. 🍁Carefully Handcrafted for Perfection - Each brush is carefully handcrafted with premium sable, seamless nickel-plated ferrules, and polished birch handles. 🍁Versatile and Precise - Designed for watercolor, acrylic, and gouache, it's perfect for artists, model painters, and fine detail work. 🍁Durable and Easy to Maintain - The brushes retain their shape, are easy to clean, and can last longer with proper care.",https://artgoldenmaple.com/products/golden-maple-1pcs-kolinsky-miniature-paint-brushes?variant=43780784390368,https://cdn.shopify.com/s/files/1/0631/8053/8080/files/MiniatureDetailBrushes_1.webp?v=1783755486,,,,https://www.awin1.com/cread.php?awinmid=124092&awinaffid=3002879&ued=https%3A%2F%2Fartgoldenmaple.com%2Fproducts%2Fgolden-maple-1pcs-kolinsky-miniature-paint-brushes%3Fvariant%3D43780784390368,,"Arts & Entertainment",,,GM-master4pcs,artgoldenmaple,1,out_of_stock,,,"34.99 USD",,,,,,,,new,,,,,,,,,,,,,,,,,,,,,,,,,,,,,,,,
124092,"Golden Maple",43826104041696,"1pcs Wolf Goat Mix Hair Chinese Calligraphy Painting Brush (G1, G2, G3) - 🔥A SET OF 3PCS (GET 40% OFF)","1pcs Wolf Goat Mix Hair Chinese Calligraphy Painting Brush (G1, G2, G3)",https://artgoldenmaple.com/products/golden-maple-1pcs-wolf-sheep-mix-hair-chinese-calligraphy-painting-brush?variant=43826104041696,https://cdn.shopify.com/s/files/1/0631/8053/8080/files/1pcsWolfGoatMixHairChineseCalligraphyPaintingBrush_G1_G2_G3_3.webp?v=1783587878,,,,https://www.awin1.com/cread.php?awinmid=124092&awinaffid=3002879&ued=https%3A%2F%2Fartgoldenmaple.com%2Fproducts%2Fgolden-maple-1pcs-wolf-sheep-mix-hair-chinese-calligraphy-painting-brush%3Fvariant%3D43826104041696,,"Arts & Entertainment",,,ZGMB-SET,artgoldenmaple,1,in_stock,,,"26.99 USD",,,,,,,,new,,,,,,,,,,,,,,,,,,,,,,,,,,,,,,,,
124092,"Golden Maple",43826104074464,"1pcs Wolf Goat Mix Hair Chinese Calligraphy Painting Brush (G1, G2, G3) - G3（Large）","1pcs Wolf Goat Mix Hair Chinese Calligraphy Painting Brush (G1, G2, G3)",https://artgoldenmaple.com/products/golden-maple-1pcs-wolf-sheep-mix-hair-chinese-calligraphy-painting-brush?variant=43826104074464,https://cdn.shopify.com/s/files/1/0631/8053/8080/files/1pcsWolfGoatMixHairChineseCalligraphyPaintingBrush_G1_G2_G3_12.webp?v=1783587878,,,,https://www.awin1.com/cread.php?awinmid=124092&awinaffid=3002879&ued=https%3A%2F%2Fartgoldenmaple.com%2Fproducts%2Fgolden-maple-1pcs-wolf-sheep-mix-hair-chinese-calligraphy-painting-brush%3Fvariant%3D43826104074464,,"Arts & Entertainment",,,MBJPGB2-GM,artgoldenmaple,1,in_stock,,,"15.99 USD",,,,,,,,new,,,,,,,,,,,,,,,,,,,,,,,,,,,,,,,,
124092,"Golden Maple",43826104107232,"1pcs Wolf Goat Mix Hair Chinese Calligraphy Painting Brush (G1, G2, G3) - G2（Medium）","1pcs Wolf Goat Mix Hair Chinese Calligraphy Painting Brush (G1, G2, G3)",https://artgoldenmaple.com/products/golden-maple-1pcs-wolf-sheep-mix-hair-chinese-calligraphy-painting-brush?variant=43826104107232,https://cdn.shopify.com/s/files/1/0631/8053/8080/files/1pcsWolfGoatMixHairChineseCalligraphyPaintingBrush_G1_G2_G3_12.webp?v=1783587878,,,,https://www.awin1.com/cread.php?awinmid=124092&awinaffid=3002879&ued=https%3A%2F%2Fartgoldenmaple.com%2Fproducts%2Fgolden-maple-1pcs-wolf-sheep-mix-hair-chinese-calligraphy-painting-brush%3Fvariant%3D43826104107232,,"Arts & Entertainment",,,MBJZGXE-GM,artgoldenmaple,1,in_stock,,,"14.99 USD",,,,,,,,new,,,,,,,,,,,,,,,,,,,,,,,,,,,,,,,,
124092,"Golden Maple",43826104140000,"1pcs Wolf Goat Mix Hair Chinese Calligraphy Painting Brush (G1, G2, G3) - G1（Small）","1pcs Wolf Goat Mix Hair Chinese Calligraphy Painting Brush (G1, G2, G3)",https://artgoldenmaple.com/products/golden-maple-1pcs-wolf-sheep-mix-hair-chinese-calligraphy-painting-brush?variant=43826104140000,https://cdn.shopify.com/s/files/1/0631/8053/8080/files/1pcsWolfGoatMixHairChineseCalligraphyPaintingBrush_G1_G2_G3_12.webp?v=1783587878,,,,https://www.awin1.com/cread.php?awinmid=124092&awinaffid=3002879&ued=https%3A%2F%2Fartgoldenmaple.com%2Fproducts%2Fgolden-maple-1pcs-wolf-sheep-mix-hair-chinese-calligraphy-painting-brush%3Fvariant%3D43826104140000,,"Arts & Entertainment",,,MBJZGXS-GM,artgoldenmaple,1,in_stock,,,"13.99 USD",,,,,,,,new,,,,,,,,,,,,,,,,,,,,,,,,,,,,,,,,
124092,"Golden Maple",43826108989664,"1PCS Wolf Hair Chinese Calligraphy Brush (W1)","1PCS Wolf Hair Chinese Calligraphy Brush (W1)",https://artgoldenmaple.com/products/golden-maple-1pcs-wolf-hair-chinese-calligraphy-painting-brush?variant=43826108989664,https://cdn.shopify.com/s/files/1/0631/8053/8080/files/1PCSWolfHairChineseCalligraphyBrush_W1_5.webp?v=1783588167,,,,https://www.awin1.com/cread.php?awinmid=124092&awinaffid=3002879&ued=https%3A%2F%2Fartgoldenmaple.com%2Fproducts%2Fgolden-maple-1pcs-wolf-hair-chinese-calligraphy-painting-brush%3Fvariant%3D43826108989664,,"Arts & Entertainment",,,FDBL-XLG-GM,artgoldenmaple,1,out_of_stock,,,"13.99 USD",,,,,,,,new,,,,,,,,,,,,,,,,,,,,,,,,,,,,,,,,
124092,"Golden Maple",44057812959456,"Daniel Martinez Professional Watercolor Brush Set - 5pcs","Daniel Martinez Professional Watercolor Brush Set - 5pcs",https://artgoldenmaple.com/products/goldenmaple-daniel-martinez-professional-watercolor-brush-set?variant=44057812959456,https://cdn.shopify.com/s/files/1/0631/8053/8080/files/20230705110456.webp?v=1783676159,,,,https://www.awin1.com/cread.php?awinmid=124092&awinaffid=3002879&ued=https%3A%2F%2Fartgoldenmaple.com%2Fproducts%2Fgoldenmaple-daniel-martinez-professional-watercolor-brush-set%3Fvariant%3D44057812959456,,,,,DANIEL-fengtao,artgoldenmaple,1,out_of_stock,,,"49.99 USD",,,,,,,,new,,,,,,,,,,,,,,,,,,,,,,,,,,,,,,,,
124092,"Golden Maple",44082358714592,"Chinese Calligraphy Brush Set: 1 Wolf Hair & 3 Goat Hair Brushes for Writing and Painting","Chinese Calligraphy Brush Set: 1 Wolf Hair & 3 Goat Hair Brushes for Writing and Painting",https://artgoldenmaple.com/products/golden-maple-chinese-calligraphy-brush-1-wolf-hair-3-goat-hair-writing-painting-chinese-burshes?variant=44082358714592,https://cdn.shopify.com/s/files/1/0631/8053/8080/files/ChineseCalligraphyBrushSet1WolfHair_3GoatHairBrushesforWritingandPainting_1.webp?v=1783675406,,,,https://www.awin1.com/cread.php?awinmid=124092&awinaffid=3002879&ued=https%3A%2F%2Fartgoldenmaple.com%2Fproducts%2Fgolden-maple-chinese-calligraphy-brush-1-wolf-hair-3-goat-hair-writing-painting-chinese-burshes%3Fvariant%3D44082358714592,,,,,LQM-set,artgoldenmaple,1,in_stock,,,"29.99 USD",,,,,,,,new,,,,,,,,,,,,,,,,,,,,,,,,,,,,,,,,
124092,"Golden Maple",44141962690784,"Nylon Thin Line, Liner, Flat & Round Model Detail Paint Brush - 15pcs/set","Thin Line (20/0, 10/0, 5/0), Liner (3/0, 2/0, 0, 1), Flat (2/0, 0, 1), Round (0, 1, 3/0, 4/0, 5/0) 【Premium Fine Detail Paint Brushes】 Crafted with soft synthetic bristles and rust-resistant ferrules, this miniature paint brush set ensures long-lasting durability without shedding or fraying. Say goodbye to rust, tarnish, or hair breakage—your tools are built to last. 【Versatile Brush Shapes for Miniatures】 Includes ultra-fine round, liner, flat, and spot brushes, specially designed for miniature and precision painting. The pointed spot brush allows accurate strokes even at narrow angles, offering superior control for intricate details. 【Ergonomic Triangular Handle Design】 Each brush features a well-balanced, ergonomic triangular handle that fits comfortably in your hand and reduces fatigue during long painting sessions. 【Protective Case for Storage & Travel】 The brushes come in a waterproof, soft canvas roll-up case for easy organization, safe storage, and convenient portability. Whether you're painting indoors or on the go, your tools stay clean and protected. 【Perfect for All Detail Work】 Ideal for acrylic, watercolor, gouache, tempera, oil, enamel, or face painting. This micro detail brush set is the perfect companion for hobbyists, miniature painters, and fine artists alike.",https://artgoldenmaple.com/products/golden-maple-15pc-small-paint-brushes-micro-model-detail-paint-brush-set?variant=44141962690784,https://cdn.shopify.com/s/files/1/0631/8053/8080/files/NylonThinLine_Liner_Flat_RoundModelDetailPaintBrush-15pcsset_1.webp?v=1783765892,,,,https://www.awin1.com/cread.php?awinmid=124092&awinaffid=3002879&ued=https%3A%2F%2Fartgoldenmaple.com%2Fproducts%2Fgolden-maple-15pc-small-paint-brushes-micro-model-detail-paint-brush-set%3Fvariant%3D44141962690784,,,,,PBN-W-CH-T15-llx-zuhe,artgoldenmaple,1,in_stock,,,"20.99 USD",,,,,,,,new,,,,,,,,,,,,,,,,,,,,,,,,,,,,,,,,
124092,"Golden Maple",44141970456800,"Nylon 15pcs Liner Detail Paint Brush & 3pcs Goat Hair Dry Brush - 18pcs/set","About this item 【The Best Brushes You Will Find】With a variety of 18 brushes, the set offers you the perfect dry brush for any model miniature painting. 5PC Mini Liner 10/0, 5PC Liner 5/0, 5PC Detail 3/0 , 3PC large dry brush Set #4 #5 #6, make it a perfect set for crafts, warhammer, miniatures, ceramics, enamel painting and meter model, whether for hobbyists or professional artists. 【Paint with Maximum Detail】With the dry brush miniatures brushes, you can reach small and heavy areas and paint with maximum precision. They are ideal for botanical painting, illustrations, portraits, miniatures, model making and any work of art. 【Designed for Model Making】3PC Drybrush Set is specifically designed for model making and painting, making it ideal for model rendering, strategic game models, role-playing game models, model airplanes, and more. It not only suitable for drybrushing techniques but also for drybrushing edges, drybrushing highlights, drybrushing textures, and more. 【Ergonomic Design】The model paint brushes are designed with a triangular handle to provide stable and balanced control as well as high precision when painting details. Forget the hand pain when painting. Besides, they won't fall off the table! 【Case Included】The case not only looks good on your desk, but helps you to organise your brushes. This set is very useful to quickly take it to class or on a trip. It contains a velvety bag for better protection of the brushes. It is the perfect present for a loved one. or just for yourself.",https://artgoldenmaple.com/products/golden-maple-18pc-large-dry-brush-set-with-miniature-detail-paint-brush-set-3-0-5-0-10-0-for-effortless-miniature-painting?variant=44141970456800,https://cdn.shopify.com/s/files/1/0631/8053/8080/files/71GWds7gwhL._AC_SL1500.jpg?v=1764324853,,,,https://www.awin1.com/cread.php?awinmid=124092&awinaffid=3002879&ued=https%3A%2F%2Fartgoldenmaple.com%2Fproducts%2Fgolden-maple-18pc-large-dry-brush-set-with-miniature-detail-paint-brush-set-3-0-5-0-10-0-for-effortless-miniature-painting%3Fvariant%3D44141970456800,,,,,XWJ-MPB-004-zuhe,artgoldenmaple,1,in_stock,,,"28.99 USD",,,,,,,,new,,,,,,,,,,,,,,,,,,,,,,,,,,,,,,,,
124092,"Golden Maple",44141971603680,"Nylon Round, Liner, Flat & Angle Detail Paint Brush - 10pcs/set","Round (20/0, 0, 1, 2), Liner (10/0, 5/0, 3/0, 2/0), Flat 1, Angle 0, Nylon PERFECT FOR DETAILING: 10 miniature paint brushes of different shapes and sizes(Round 20/0, 0, 1, 2, Liner,10/0, 5/0,3/0,2/0, Flat 1, Angle 0) satisfy all your needs of detail painting,ensure You're getting the best fine detail brushes for Your Painting. HIGH-QUALITY NYLON HAIR: Golden Maple fine tip paint brushes are made of flexible yet sturdy nylon hair that won't deform with a 90° angle. Excellent elasticity and good water absorption ensures great painting effects. BEAUTIFUL DESIGN:Fine detail paint brush set contains super fine tip round, liner, flat, and angle brushes. What that means to you is an entire paint set devoted specifically to miniatures and detail painting. The pointed spot can be painted on a narrow angle based on ergonomics and can be painted accurately. IDEAL FOR PRECISION PAINTING: Miniature brushes are perfect for ultra fine detail painting, army figures. You can use detail brush set as paint by number brushes, hobby paint brushes, plastic model paint brushes,express yourself through any creation and craft! The mini paintbrushes are perfect for your loved one or a treat to yourself ! EASY MAINTENANCE: The miniature paint brushes come with protective tubes, making it easy to keep them in top shape. After painting, simply clean the brushes with warm soapy water and reshape the paintbrush tips. Air-dry the detail brushes and store them in the carrying container in a tip-top position for long time of use.",https://artgoldenmaple.com/products/golden-maple-miniature-model-paint-brushes-10pcs-micro-detail-paint-brush-set?variant=44141971603680,https://cdn.shopify.com/s/files/1/0631/8053/8080/files/NylonRound_Liner_Flat_AngleDetailPaintBrush-10pcsset_1.webp?v=1783764891,,,,https://www.awin1.com/cread.php?awinmid=124092&awinaffid=3002879&ued=https%3A%2F%2Fartgoldenmaple.com%2Fproducts%2Fgolden-maple-miniature-model-paint-brushes-10pcs-micro-detail-paint-brush-set%3Fvariant%3D44141971603680,,,,,PBN-W-HGT-T10-hzp-zuhe,artgoldenmaple,1,in_stock,,,"16.99 USD",,,,,,,,new,,,,,,,,,,,,,,,,,,,,,,,,,,,,,,,,
124092,"Golden Maple",44141993918688,"10pcs Sable Watercolor Brush Set: Round, Flat, Dagger, and Oval Wash","Detailed Description 🍁 10PCS Watercolor Brush Set – A versatile selection of shapes and sizes for a wide range of watercolor techniques, from precise detailing to broad washes:Fine Point Rounds (#0, #3, #6, #8, #10, #12), Dagger Striper (#3/8""), Filbert Wash (#10), and Flats (#6, #10). 🍁Excellent Color Holding Capacity – The sable hair in this brush set offers exceptional control and color flow. Paint is released evenly and consistently from the tip, providing enough color capacity for smooth, expressive strokes. We are committed to ethically sourced sable hair, collected from humanely treated animals – cruelty-free because we love and respect all animals. 🍁 Premium Quality Watercolor Brushes – Unlike many synthetic brushes that splay or shed, our artist brushes feature durable, double-crimped ferrules that hold bristles securely in place. No shedding, no fraying – just long-lasting performance. 🍁Golden Maple Art – At Golden Maple, we are dedicated to providing high-quality painting, sketching, and art supplies for creators of all ages and skill levels. Discover a wide selection of art and craft tools, paint sets, sketching supplies, and more – everything you need to support your art journey. 10PCS Sable Watercolor Paint Brush Set Compared to any other art tool, a paintbrush is the purest extension of an artist’s hand, vision, and emotion.Golden Maple watercolor brushes are crafted to meet the highest standards, delivering exceptional quality and precision that professional artists can rely on.At a surprisingly accessible price, we go beyond expectations—where craftsmanship meets performance.",https://artgoldenmaple.com/products/golden-maple-10-pc-professional-artist-watercolor-brushes-set?variant=44141993918688,https://cdn.shopify.com/s/files/1/0631/8053/8080/files/10pcsSableWatercolorBrushSetRound_Flat_Dagger_andOvalWash_6.webp?v=1783587232,,,,https://www.awin1.com/cread.php?awinmid=124092&awinaffid=3002879&ued=https%3A%2F%2Fartgoldenmaple.com%2Fproducts%2Fgolden-maple-10-pc-professional-artist-watercolor-brushes-set%3Fvariant%3D44141993918688,,,,,XWJ-CB10-001-zuhe,artgoldenmaple,1,out_of_stock,,,"29.99 USD",,,,,,,,new,,,,,,,,,,,,,,,,,,,,,,,,,,,,,,,,
124092,"Golden Maple",44191331713248,"6 Inch Flat Hake Brush - Soft Goat Hair with Solid Wooden Handle","6 Inch Flat Hake Brush - Soft Goat Hair with Solid Wooden Handle",https://artgoldenmaple.com/products/goldenmaple-6-inch-flat-hake-brushes-soft-goat-hair-hake-paint-brush-with-solid-wooden-handle?variant=44191331713248,https://cdn.shopify.com/s/files/1/0631/8053/8080/files/6InchFlatHakeBrush-SoftGoatHairwithSolidWoodenHandle.webp?v=1783670750,,,,https://www.awin1.com/cread.php?awinmid=124092&awinaffid=3002879&ued=https%3A%2F%2Fartgoldenmaple.com%2Fproducts%2Fgoldenmaple-6-inch-flat-hake-brushes-soft-goat-hair-hake-paint-brush-with-solid-wooden-handle%3Fvariant%3D44191331713248,,,,,YangPaiShua-Big,artgoldenmaple,1,in_stock,,,"18.99 USD",,,,,,,,new,,,,,,,,,,,,,,,,,,,,,,,,,,,,,,,,
124092,"Golden Maple",44195504029920,"Juan Saturio Professional Watercolor Mixing Brush Set - 5pcs","Juan Saturio Professional Watercolor Mixing Brush Set - 5pcs",https://artgoldenmaple.com/products/golden-maple-juan-saturio-professional-watercolor-mixing-brush-set-1?variant=44195504029920,https://cdn.shopify.com/s/files/1/0631/8053/8080/files/JuanSaturioProfessionalWatercolorMixingBrushSet-5pcs_1.webp?v=1783750535,,,,https://www.awin1.com/cread.php?awinmid=124092&awinaffid=3002879&ued=https%3A%2F%2Fartgoldenmaple.com%2Fproducts%2Fgolden-maple-juan-saturio-professional-watercolor-mixing-brush-set-1%3Fvariant%3D44195504029920,,,,,Juan-set,artgoldenmaple,1,out_of_stock,,,"49.99 USD",,,,,,,,new,,,,,,,,,,,,,,,,,,,,,,,,,,,,,,,,
124092,"Golden Maple",44504617386208,"Enhanced Synthetic Paint Brush Set - 25pcs Acrylic, Oil, and Watercolor with Cloth Roll & Palette Knife","Detailed Description 🍁FERRULES STAY SECURE：Our acrylic paint brushes use premium glue at the wood-bristle junction, ensuring the chrome-plated aluminum ferrules remain firmly attached.For the board brushes we have used rivets to reinforce them and prevent them from falling off. 🍁NO LOOSING HAIR ON PAINTING：Problem that hairs fall off has been bothering us for long time; however, we used a selection of high-quality nylon materials to minimize the possibility of hair loss. 🍁EASY TO ORGANIZE AND CARRY：Free canvas brush case to protect all brushes for acrylic paint very well,it provides essential protection for your tools against damage and easy to hold all of 25 pieces brush, make your painting whenever and wherever possible.The high-density oxford cloth ensures a fine feel, water and oil repellent properties. 🍁DESIGNS FOR PERFECT PAINTING：Total 25 pieces different functionals paint brushes are providing perfect experience of acrylics and watercolors, these artist paint brush set covers all wide range of projects and features 100-percent natural wood handles and nylon hair, lightweight and easy to hold. It is a superb set for a gift to artists and students of any age. 🍁Premium Quality, Trusted by Artists：The perfect starter set for every creative journey.✔️ Designed for beginners, students & pros✔️ Classroom-ready to studio-grade performance✔️ 24/7 Artist Support Guarantee We believe every brushstroke matters. If anything isn't 100% perfect, contact us immediately for hassle-free resolution – because your art deserves the best tools.",https://artgoldenmaple.com/products/golden-maple-25pcs-paint-brushes-for-acrylic-painting-oil-watercolor-canvas-enhanced-synthetic-brush-set-with-cloth-roll-and-palette-knife?variant=44504617386208,https://cdn.shopify.com/s/files/1/0631/8053/8080/files/EnhancedSyntheticPaintBrushSet-25pcsAcrylic_Oil_andWatercolorwithClothRoll_PaletteKnife_1.webp?v=1783749285,,,,https://www.awin1.com/cread.php?awinmid=124092&awinaffid=3002879&ued=https%3A%2F%2Fartgoldenmaple.com%2Fproducts%2Fgolden-maple-25pcs-paint-brushes-for-acrylic-painting-oil-watercolor-canvas-enhanced-synthetic-brush-set-with-cloth-roll-and-palette-knife%3Fvariant%3D44504617386208,,,,,NBN-W-CL-T25-my-zuhe,artgoldenmaple,1,in_stock,,,"35.99 USD",,,,,,,,new,,,,,,,,,,,,,,,,,,,,,,,,,,,,,,,,
124092,"Golden Maple",44504699207904,"Nylon Round, Liners, Flat, Angles Detail Paint Brush - 18pcs/set","🍁What You Can Get：Excellent variety of handmade detail paint brushes, Includes 18 premium tipped miniature brushes, Liners (Size 5/0,4/0, 3/0, 2/0 ,1&2) Rounds (Size 3/0, 2/0, 0, 1/2 & 1) Flats (Size 0,2) Angles (Size0,3) . ensure that you always have the right paint brush for job when you are ready to create your perfect showpiece. 🍁High-Quality Nylon Hair：Golden Maple fine tip paint brushes are made of flexible yet sturdy nylon hair that won't deform with a 90° angle. Excellent elasticity and good water absorption ensures great painting effects. 🍁Premium Model Paint Brushes：Designed with Double crimp with rust-resistant copper ferrule secures ferrule to handle firmly, high quality soft synthetic brush hairs, fine tip paint brush set has ultra-fine, split-proof points and can create even the slenderest lines. Before leaving the brush workshop, each micro paint brush is painstakingly crafted by hand. 🍁All-Purposed Micro Detail Painting：Versatile miniature paint brushes allow you to do all sorts of fine detailing and art painting precisely to reach tight, small spots or tiny points. Perfect for painting miniatures, models, figurines, action figures and doll houses, rock painting. 🍁Best Small Paintbrush Gift：An ideal present for yourself and all skill levels artists in your life, from beginners to professionals; any questions about these micro detail paintbrushes? let us know and get a response within 24 hours.",https://artgoldenmaple.com/products/golden-maple-18pcs-professional-miniature-painting-kit-fine-detail-brushes-for-acrylics-oils-watercolors-paint-by-number-citadel-figurine-3d-model?variant=44504699207904,https://cdn.shopify.com/s/files/1/0631/8053/8080/files/71YErMcTRkL._AC_SX679.jpg?v=1740360751,,,,https://www.awin1.com/cread.php?awinmid=124092&awinaffid=3002879&ued=https%3A%2F%2Fartgoldenmaple.com%2Fproducts%2Fgolden-maple-18pcs-professional-miniature-painting-kit-fine-detail-brushes-for-acrylics-oils-watercolors-paint-by-number-citadel-figurine-3d-model%3Fvariant%3D44504699207904,,,,,XWJ-MPB-007-zuhe,artgoldenmaple,1,in_stock,,,"29.99 USD",,,,,,,,new,,,,,,,,,,,,,,,,,,,,,,,,,,,,,,,,
124092,"Golden Maple",45018596409568,"Chinese Classic Calligraphy Brushes - Painting & Watercolor - XJHE","Detailed Description Exquisite workmanship: these calligraphy brushes are made by fine workmanship, with smooth handle and tightly reinforced brush head, bringing you a comfortable and pleasant using experience during long-term use; Please note that slight shedding is normal at first, which will decrease during using Durable material: the brushes have bamboo handle and quality brush head, durable and reliable, not easy to break, serving you for a long time, smooth on handle surface, with suitable brush hardness, making it easy for you to create Extensive usage: practical and multi-functional, suitable for artists, art lovers and beginners to use in Chinese calligraphy, watercolor, writing, painting and drawing Thoughtful gifts: it's a good idea for you to send these brushes to your families, friends, colleagues or classmates, which can not only help to show your love and support on their hobby, but also help them to improve their calligraphy writing or watercolor painting skills",https://artgoldenmaple.com/products/chinese-calligraphy-brushes-for-painting-writing-watercolor?variant=45018596409568,https://cdn.shopify.com/s/files/1/0631/8053/8080/files/ChineseClassicCalligraphyBrushes-Painting_Watercolor_1.webp?v=1783675966,,,,https://www.awin1.com/cread.php?awinmid=124092&awinaffid=3002879&ued=https%3A%2F%2Fartgoldenmaple.com%2Fproducts%2Fchinese-calligraphy-brushes-for-painting-writing-watercolor%3Fvariant%3D45018596409568,,"Arts & Entertainment > Hobbies & Creative Arts > Arts & Crafts > Arts & Crafts Kits > Drawing & Painting Kits",,,MBXJHEDH,artgoldenmaple,1,in_stock,,,"18.99 USD",,,,,,,,new,,,,,,,,,,,,,,,,,,,,,,,,,,,,,,,,
124092,"Golden Maple",44595416334560,"Chinese Classic Calligraphy Brushes - Painting & Watercolor - KLSG","Detailed Description Exquisite workmanship: these calligraphy brushes are made by fine workmanship, with smooth handle and tightly reinforced brush head, bringing you a comfortable and pleasant using experience during long-term use; Please note that slight shedding is normal at first, which will decrease during using Durable material: the brushes have bamboo handle and quality brush head, durable and reliable, not easy to break, serving you for a long time, smooth on handle surface, with suitable brush hardness, making it easy for you to create Extensive usage: practical and multi-functional, suitable for artists, art lovers and beginners to use in Chinese calligraphy, watercolor, writing, painting and drawing Thoughtful gifts: it's a good idea for you to send these brushes to your families, friends, colleagues or classmates, which can not only help to show your love and support on their hobby, but also help them to improve their calligraphy writing or watercolor painting skills",https://artgoldenmaple.com/products/chinese-calligraphy-brushes-for-painting-writing-watercolor?variant=44595416334560,https://cdn.shopify.com/s/files/1/0631/8053/8080/files/ChineseClassicCalligraphyBrushes-Painting_Watercolor_1.webp?v=1783675966,,,,https://www.awin1.com/cread.php?awinmid=124092&awinaffid=3002879&ued=https%3A%2F%2Fartgoldenmaple.com%2Fproducts%2Fchinese-calligraphy-brushes-for-painting-writing-watercolor%3Fvariant%3D44595416334560,,"Arts & Entertainment > Hobbies & Creative Arts > Arts & Crafts > Arts & Crafts Kits > Drawing & Painting Kits",,,MBKLSGY,artgoldenmaple,1,in_stock,,,"15.99 USD",,,,,,,,new,,,,,,,,,,,,,,,,,,,,,,,,,,,,,,,,
124092,"Golden Maple",44590166737120,"Chinese Classic Calligraphy Brushes - Painting & Watercolor - YPJH","Detailed Description Exquisite workmanship: these calligraphy brushes are made by fine workmanship, with smooth handle and tightly reinforced brush head, bringing you a comfortable and pleasant using experience during long-term use; Please note that slight shedding is normal at first, which will decrease during using Durable material: the brushes have bamboo handle and quality brush head, durable and reliable, not easy to break, serving you for a long time, smooth on handle surface, with suitable brush hardness, making it easy for you to create Extensive usage: practical and multi-functional, suitable for artists, art lovers and beginners to use in Chinese calligraphy, watercolor, writing, painting and drawing Thoughtful gifts: it's a good idea for you to send these brushes to your families, friends, colleagues or classmates, which can not only help to show your love and support on their hobby, but also help them to improve their calligraphy writing or watercolor painting skills",https://artgoldenmaple.com/products/chinese-calligraphy-brushes-for-painting-writing-watercolor?variant=44590166737120,https://cdn.shopify.com/s/files/1/0631/8053/8080/files/ChineseClassicCalligraphyBrushes-Painting_Watercolor_1.webp?v=1783675966,,,,https://www.awin1.com/cread.php?awinmid=124092&awinaffid=3002879&ued=https%3A%2F%2Fartgoldenmaple.com%2Fproducts%2Fchinese-calligraphy-brushes-for-painting-writing-watercolor%3Fvariant%3D44590166737120,,"Arts & Entertainment > Hobbies & Creative Arts > Arts & Crafts > Arts & Crafts Kits > Drawing & Painting Kits",,,MBYPJHD,artgoldenmaple,1,in_stock,,,"17.99 USD",,,,,,,,new,,,,,,,,,,,,,,,,,,,,,,,,,,,,,,,,
124092,"Golden Maple",44595416367328,"Chinese Classic Calligraphy Brushes - Painting & Watercolor - JZYLX","Detailed Description Exquisite workmanship: these calligraphy brushes are made by fine workmanship, with smooth handle and tightly reinforced brush head, bringing you a comfortable and pleasant using experience during long-term use; Please note that slight shedding is normal at first, which will decrease during using Durable material: the brushes have bamboo handle and quality brush head, durable and reliable, not easy to break, serving you for a long time, smooth on handle surface, with suitable brush hardness, making it easy for you to create Extensive usage: practical and multi-functional, suitable for artists, art lovers and beginners to use in Chinese calligraphy, watercolor, writing, painting and drawing Thoughtful gifts: it's a good idea for you to send these brushes to your families, friends, colleagues or classmates, which can not only help to show your love and support on their hobby, but also help them to improve their calligraphy writing or watercolor painting skills",https://artgoldenmaple.com/products/chinese-calligraphy-brushes-for-painting-writing-watercolor?variant=44595416367328,https://cdn.shopify.com/s/files/1/0631/8053/8080/files/ChineseClassicCalligraphyBrushes-Painting_Watercolor_1.webp?v=1783675966,,,,https://www.awin1.com/cread.php?awinmid=124092&awinaffid=3002879&ued=https%3A%2F%2Fartgoldenmaple.com%2Fproducts%2Fchinese-calligraphy-brushes-for-painting-writing-watercolor%3Fvariant%3D44595416367328,,"Arts & Entertainment > Hobbies & Creative Arts > Arts & Crafts > Arts & Crafts Kits > Drawing & Painting Kits",,,FDBL-JZYMX,artgoldenmaple,1,in_stock,,,"15.99 USD",,,,,,,,new,,,,,,,,,,,,,,,,,,,,,,,,,,,,,,,,
124092,"Golden Maple",44674753298656,"Chinese Classic Calligraphy Brushes - Painting & Watercolor - A SET OF 4PCS","Detailed Description Exquisite workmanship: these calligraphy brushes are made by fine workmanship, with smooth handle and tightly reinforced brush head, bringing you a comfortable and pleasant using experience during long-term use; Please note that slight shedding is normal at first, which will decrease during using Durable material: the brushes have bamboo handle and quality brush head, durable and reliable, not easy to break, serving you for a long time, smooth on handle surface, with suitable brush hardness, making it easy for you to create Extensive usage: practical and multi-functional, suitable for artists, art lovers and beginners to use in Chinese calligraphy, watercolor, writing, painting and drawing Thoughtful gifts: it's a good idea for you to send these brushes to your families, friends, colleagues or classmates, which can not only help to show your love and support on their hobby, but also help them to improve their calligraphy writing or watercolor painting skills",https://artgoldenmaple.com/products/chinese-calligraphy-brushes-for-painting-writing-watercolor?variant=44674753298656,https://cdn.shopify.com/s/files/1/0631/8053/8080/files/ChineseClassicCalligraphyBrushes-Painting_Watercolor_1.webp?v=1783675966,,,,https://www.awin1.com/cread.php?awinmid=124092&awinaffid=3002879&ued=https%3A%2F%2Fartgoldenmaple.com%2Fproducts%2Fchinese-calligraphy-brushes-for-painting-writing-watercolor%3Fvariant%3D44674753298656,,"Arts & Entertainment > Hobbies & Creative Arts > Arts & Crafts > Arts & Crafts Kits > Drawing & Painting Kits",,,Pamela4pcs,artgoldenmaple,1,in_stock,,,"40.99 USD",,,,,,,,new,,,,,,,,,,,,,,,,,,,,,,,,,,,,,,,,
124092,"Golden Maple",47087136276704,"Premium Drybrush Set - 6pcs","Detailed Description 🍁【Luxurious Wool Texture】Immerse yourself in the lush texture of sheep's wool bristles. Crafted from high-quality natural wool, our dry brush head offers a velvety touch that brings an entirely new dimension to your artwork. circular short handle provides a snug grip that enhances control and maneuverability. Say goodbye to hand strain, allowing you to paint comfortably for longer periods. 🍁【Expressive Bases】6PCS drybrush set includes brushes in different sizes to meet various painting needs.The size#5 #6 brush is ideal for applying paint on larger raised areas, while the size #1 #2 brush is perfect for handling smaller details. Add lifelike depth to your Warhammer miniatures with controlled highlights and dynamic texture. With the dry brush technique, you can emphasize armor, clothing, and weaponry to create an awe-inspiring sense of realism. 🍁【Mini Portable Holder 】The drybrush paint brush with a carrying holder, easy to paint and indoor work. Our detail miniature dry brush is sleeping on a soft board with cylindrical plastic buckets. They take care of themselves, don't worry. 🍁【Perfect for Model Making】Model paint brushes is specifically designed for model making and painting, making it ideal for warhammer40k, model rendering, DND miniatures, citadel painting, scale model, enamel painting, strategic game models, model airplanes, ceramics as well as meter model and more. 🍁【Aging and Weathering Effects】For artists delving into vintage or weathered aesthetics, the Wool Bristle Dry Brush excels in adding aged and worn textures, imparting an authentic patina that captures the essence of time",https://artgoldenmaple.com/products/golden-maple-dry-brushes-miniature-painting-drybrush-set-6pcs?variant=47087136276704,https://cdn.shopify.com/s/files/1/0631/8053/8080/files/PremiumDrybrushSet-6pcs_1.webp?v=1784785664,,,,https://www.awin1.com/cread.php?awinmid=124092&awinaffid=3002879&ued=https%3A%2F%2Fartgoldenmaple.com%2Fproducts%2Fgolden-maple-dry-brushes-miniature-painting-drybrush-set-6pcs%3Fvariant%3D47087136276704,,"Arts & Entertainment",,,XWJ-SSB-002-zuhe,artgoldenmaple,1,in_stock,,,"27.99 USD",,,,,,,,new,,,,,,,,,,,,,,,,,,,,,,,,,,,,,,,,
124092,"Golden Maple",44863356666080,"Angle ,Round,Liner Nylon Detail Brush & 4, 5, 6 Goat Hair Dry Brush - 10pcs/set","Nylon Detail Brush: Angle 1,Round 0, 1, 2, Liner 3/0, 5/0,10/0, Goat Hair Dry Brushes: Size 4, 5, 6 【Versatility】The combination of Dry Brushes and Miniature Paint Brushes allows you to seamlessly transition between bold, textured strokes and intricate detailing. The interplay between bold, textured elements and refined, precise lines adds visual interest and dimension to your artwork. 【Expressive Potential】7 model paint brushes of different shapes and sizes(Angle 1,Round 0, 1, 2, Liner 3/0, 5/0,10/0 ) and 3 large dry brushes, it will satisfy all your needs of detail painting,ensure you're getting the best fine detail brushes for your painting. Achieve depth and emphasis in your artwork by utilizing the dry brush's textured backgrounds to highlight focal points that are then further accentuated by the sharp lines from the detail paint brushes. 【Goat Hair Dry Brushes】Miniature dry brush features rust proof ferrule which encases dense, semi-stiff, and springy goat bristles, as well as a slightly domed shape. Dry brush set are durable and resistant to deformation or shedding, excellent comfort that can be controlled firmly. 【Suitable For Precision Painting】 Perfect for ultra fine detail painting, army figures. You can use detail brush set as paint by number brushes, hobby paint brushes, plastic model paint brushes,express yourself through any creation and craft! The mini paintbrushes are perfect gift for your loved one or a treat to yourself !",https://artgoldenmaple.com/products/miniature-paint-brushes-drybrush-10pcs-micro-detail-paint-brush-set-small-fine-detail-brushes-for-acrylics-watercolors-paint-by-number-citadel-figurine-warhammer-40k?variant=44863356666080,https://cdn.shopify.com/s/files/1/0631/8053/8080/files/Angle_Round_LinerNylonDetailBrush_4_5_6GoatHairDryBrush-10pcsset_1.webp?v=1783674053,,,,https://www.awin1.com/cread.php?awinmid=124092&awinaffid=3002879&ued=https%3A%2F%2Fartgoldenmaple.com%2Fproducts%2Fminiature-paint-brushes-drybrush-10pcs-micro-detail-paint-brush-set-small-fine-detail-brushes-for-acrylics-watercolors-paint-by-number-citadel-figurine-warhammer-40k%3Fvariant%3D44863356666080,,,,,XWJ-MPB-014-zuhe,artgoldenmaple,1,in_stock,,,"16.99 USD",,,,,,,,new,,,,,,,,,,,,,,,,,,,,,,,,,,,,,,,,
124092,"Golden Maple",44863420989664,"Nylon Round, Liner, Angle, Flat Detail Brush & 4, 5 Dry Brush - 10pcs/set","【Versatility】The combination of Dry Brush and Miniature Paint Brushes allows you to seamlessly transition between bold, textured strokes and intricate detailing. The interplay between bold, textured elements and refined, precise lines adds visual interest and dimension to your artwork. 【Expressive Potential】8 model paint brushes of different shapes and sizes(Angle 0, 2, Flat 1, Round 0, 1, Liner 2/0, 3/0, 5/0 ) and 2 large size dry brush, it will satisfy all your needs of detail painting,ensure you're getting the best fine detail brushes for your painting. Achieve depth and emphasis in your artwork by utilizing the dry brush's textured backgrounds to highlight focal points that are then further accentuated by the sharp lines from the detail paint brushes. 【Goat Hair Dry Brushes】Miniature dry brush features rust proof ferrule which encases dense, semi-stiff, and springy goat bristles, as well as a slightly domed shape. Dry brush set are durable and resistant to deformation or shedding, excellent comfort that can be controlled firmly. 【Ideal For Precision Painting】 Perfect for ultra fine detail painting, army figures. You can use detail brush set as paint by number brushes, hobby paint brushes, plastic model paint brushes,express yourself through any creation and craft! The mini paintbrushes are perfect gift for your loved one or a treat to yourself !",https://artgoldenmaple.com/products/golden-maple-detail-dry-flat-miniature-paint-brushes-10pcs-fine-detail-mix-brush-set-for-acrylics-oils-watercolors-citadel-figurine-warhammer-40k?variant=44863420989664,https://cdn.shopify.com/s/files/1/0631/8053/8080/files/NylonRound_Liner_Angle_FlatDetailBrush_4_5DryBrush-10pcsset_1.webp?v=1783764505,,,,https://www.awin1.com/cread.php?awinmid=124092&awinaffid=3002879&ued=https%3A%2F%2Fartgoldenmaple.com%2Fproducts%2Fgolden-maple-detail-dry-flat-miniature-paint-brushes-10pcs-fine-detail-mix-brush-set-for-acrylics-oils-watercolors-citadel-figurine-warhammer-40k%3Fvariant%3D44863420989664,,,,,XWJ-MPB-T10-MY-zuhe,artgoldenmaple,1,in_stock,,,"19.99 USD",,,,,,,,new,,,,,,,,,,,,,,,,,,,,,,,,,,,,,,,,
124092,"Golden Maple",44863582208224,"5/0 Extra Fine Tip Nylon Detail Brush - 6pcs/set","Round, Size 5/0, Japanese Nylon Get the 5/0 size you want :Instead of purchasing unnecessary complete set ,golden maple offer this set of 6 detail paint brush in size 5/0 ,you can't go wrong at this price for detail work. Ultra Fine Tip Paint brush:For various effects in oil, watercolor and acrylic painting, these artist brushes are supplied with protective tubes, so they remain in shape after use and cleaning. The Most Used Brush Type by Miniature Painters; save money and get only the brush size you actually need. Easy Grip Handles: The handle is made of wood and triangular shape designed to grip easily, making you feel comfortable and secure while you hold it. Very fine tip paint brush 5/0 for professionals, hobby artists, beginners, adults; Elegant design, excellent quality.",https://artgoldenmaple.com/products/golden-maple-6pcs-micro-fine-detail-paint-brushes-set-professional-artist-fine-tip-miniature-painting-brush-for-watercolor-oil-acrylic-craft-models-rock-painting-paint-by-number?variant=44863582208224,https://cdn.shopify.com/s/files/1/0631/8053/8080/files/50ExtraFineTipNylonDetailBrush-6pcsset_1.webp?v=1783665488,,,,https://www.awin1.com/cread.php?awinmid=124092&awinaffid=3002879&ued=https%3A%2F%2Fartgoldenmaple.com%2Fproducts%2Fgolden-maple-6pcs-micro-fine-detail-paint-brushes-set-professional-artist-fine-tip-miniature-painting-brush-for-watercolor-oil-acrylic-craft-models-rock-painting-paint-by-number%3Fvariant%3D44863582208224,,,,,XWJ-MPB-020-zuhe,artgoldenmaple,1,in_stock,,,"14.99 USD",,,,,,,,new,,,,,,,,,,,,,,,,,,,,,,,,,,,,,,,,
124092,"Golden Maple",45228161827040,"Rose Red Kolinsky Detail Brush Set - 4pcs","Detailed Description 🍁【MATERIALS UPGRADE】Crafted from high-grade kolinsky hair, these sable paint brushes ensure superior performance and longevity. The fine bristles are soft yet resilient, allowing for precise detailing and smooth application. These detail paint brushes are perfect for various kinds of painting for acrylic, watercolor, gouache, miniatures, detailing. 🍁【VERSATILITY】This kolinsky miniature brushes includes four brushes of varying sizes, size #00, #0, #1, Oblique. providing versatility for different detailing tasks. Whether you're working on fine lines, intricate designs, or broader strokes, these kolinsky brush offer the flexibility to meet your artistic needs. 🍁【VIBRANT MAGENTA】The striking magenta hue of the brushes adds a pop of color to your art supplies collection, making them both functional tools and visually appealing accessories. The vibrant color also makes the brushes easy to spot amidst your other tools. 🍁【COMFORTABLE GRIP】The miniature sable paint brushes feature ergonomic handles designed for comfortable and secure grip, reducing hand fatigue during extended use. This ergonomic design allows for greater control and precision, enhancing your overall painting experience. 🍁【PROFESSIONAL ARTIST BRUSH SET】With their fine sable hair bristles and precise detailing capabilities, these miniature brush enable you to achieve professional-quality results in your artwork. Whether you're a seasoned artist or a hobbyist, these brushes elevate your work to the next level. It is also the best gift for artists！",https://artgoldenmaple.com/products/golden-maple-4pcs-rose-red-kolinsky-detail-brush-set-fine-round-point-shaped-oblique-shaped-painting-brushes-for-watercolor-miniature-painting?variant=45228161827040,https://cdn.shopify.com/s/files/1/0631/8053/8080/files/2_65b05e15-819d-45ba-9d80-d5e3c17fb3df.jpg?v=1712915992,,,,https://www.awin1.com/cread.php?awinmid=124092&awinaffid=3002879&ued=https%3A%2F%2Fartgoldenmaple.com%2Fproducts%2Fgolden-maple-4pcs-rose-red-kolinsky-detail-brush-set-fine-round-point-shaped-oblique-shaped-painting-brushes-for-watercolor-miniature-painting%3Fvariant%3D45228161827040,,,,,GM-AU-heresy4P-zuhe,artgoldenmaple,1,in_stock,,,"30.99 USD",,,,,,,,new,,,,,,,,,,,,,,,,,,,,,,,,,,,,,,,,
124092,"Golden Maple",45705776824544,"Natural Hair Travel Brush Set - 3pcs Watercolor & Gouache Painting","🍁Premium Travel Brush Set: This set includes round brushes in perfect sizes: #4, #8, and #12. The removable cap on the handle can be easily reinserted at the back of the brush. With a rust-resistant nickel ferrule, these brushes offer a smooth and comfortable grip, making painting a breeze. 🍁Durable, Non-Shedding Handcrafted Sable Brushes: Handcrafted with high-quality sable hair, the round brush heads are conically shaped, with a fine tip and a fuller belly. This design allows the brush to hold a large amount of water and provide consistent water flow while still allowing for intricate detailing. 🍁Portable Travel Artist Brush Set: Complete with a stylish leather case, this set is compact and portable, fitting conveniently in your pocket. Perfect for on-the-go artists, whether you’re inspired by a beautiful landscape or traveling, you’ll always be ready to create your next masterpiece. 🍁Easy to Use, Ideal for All Skill Levels: Whether you're a beginner or a seasoned artist, this brush set is the perfect choice. It’s a wonderful gift for children, friends, beginners, or anyone passionate about painting, making it a thoughtful and practical gift for all ages and skill levels.",https://artgoldenmaple.com/products/golden-maple-3pcs-natural-hair-travel-brush-set-for-watercolor-inks-gouache-painting?variant=45705776824544,https://cdn.shopify.com/s/files/1/0631/8053/8080/files/10_971dd8c5-9508-4064-ae2a-180c46a50cb3.png?v=1754900911,,,,https://www.awin1.com/cread.php?awinmid=124092&awinaffid=3002879&ued=https%3A%2F%2Fartgoldenmaple.com%2Fproducts%2Fgolden-maple-3pcs-natural-hair-travel-brush-set-for-watercolor-inks-gouache-painting%3Fvariant%3D45705776824544,,,,,YGHTMBM6812,artgoldenmaple,1,in_stock,,,"28.99 USD",,,,,,,,new,,,,,,,,,,,,,,,,,,,,,,,,,,,,,,,,
124092,"Golden Maple",45740665536736,"Nylon Round, Flat 15pcs Detail Paint Brush & 3pcs Goat Hair Dry Brush Miniature Brush - 18pcs/set","🍁【Imported Nylon Hair】golden maple miniature paint brush dry brush set features a bristle head made from premium imported nylon sourced from Japan. The nylon bristles have been carefully crafted to provide a smooth and controlled application, allowing for precise strokes and detailed work. The bristles retain their shape over time, ensuring consistent results even after extended use, it also easy to clean and maintain. 🍁【Luxurious Wool Texture】Immerse yourself in the lush texture of sheep's wool bristles. Crafted from high-quality natural wool fibers, our miniature paint brushes dry brush head offers a velvety touch that brings an entirely new dimension to your artwork. the Wool Bristle Dry Brush excels in adding aged and worn textures, imparting an authentic patina that captures the essence of time. 🍁【Expressive Potential】18 model paint brushes of different shapes and sizes(Flat 3, 2 X Liner 00, 000, 0000, Detail 0, 1, 2, 3) and 3 large dry brush, it will satisfy all your needs of detail painting,ensure You're getting the best fine detail brushes for Your Painting. 🍁【Versatility】The combination of Dry Brush and Miniature Paint Brushes allows you to seamlessly transition between bold, textured strokes and intricate detailing. Achieve depth and emphasis in your artwork by utilizing the dry brush's textured backgrounds to highlight focal points that are then further accentuated by the sharp lines from the detail paint brushes. 🍁【IDEAL FOR PRECISION PAINTING】Miniature brushes are perfect for ultra fine detail painting, army figures. You can use detail brush set as paint by number brushes, hobby paint brushes, plastic model paint brushes,express yourself through any creation and craft! The mini paintbrushes are perfect gift for your loved one or a treat to yourself !",https://artgoldenmaple.com/products/golden-maple-miniature-paint-brushes-drybrush-18pcs-micro-detail-paint-brush-set-small-fine-detail-model-brushes-for-acrylics-watercolors-paint-by-number-citadel-figurine-40k-grayish-green?variant=45740665536736,https://cdn.shopify.com/s/files/1/0631/8053/8080/files/18pcs_Miniature_Brush_Set_15pcs_Detail_Paint_Brush_3pcs_Dry_Brush_1.jpg?v=1773910004,,,,https://www.awin1.com/cread.php?awinmid=124092&awinaffid=3002879&ued=https%3A%2F%2Fartgoldenmaple.com%2Fproducts%2Fgolden-maple-miniature-paint-brushes-drybrush-18pcs-micro-detail-paint-brush-set-small-fine-detail-model-brushes-for-acrylics-watercolors-paint-by-number-citadel-figurine-40k-grayish-green%3Fvariant%3D45740665536736,,"Arts & Entertainment > Hobbies & Creative Arts > Arts & Crafts > Art & Crafting Tools > Craft Measuring & Marking Tools > Art Brushes",,,PBN-W-GN-T18-llx-zuhe,artgoldenmaple,1,out_of_stock,,,"29.99 USD",,,,,,,,new,,,,,,,,,,,,,,,,,,,,,,,,,,,,,,,,
124092,"Golden Maple",45824544604384,"Bristle Angled Hake Brush 40/50/60/80 For Oil Acrylic Painting - 40","· Precision Slanted Brush Head for Ultimate Control: This slanted hog bristle flat brush is specifically designed for oil and acrylic painting, offering outstanding precision. The angled shape allows you to handle sharp edges, fine lines, and smooth gradients with ease, providing the flexibility and control you need for your art. · Premium Hog Bristles for Durability and Performance: Made with high-quality hog bristles, this brush is tough yet flexible, built to handle the heavy textures of both oil and acrylic paints. Expect consistent, even strokes that perform well across all painting techniques, from detailed work to broad washes. · Comfortable, Ergonomic Natural Wood Handle: The natural wood handle is thoughtfully designed for comfort and ease of use. It’s smooth, lightweight, and ergonomically shaped, ensuring a firm grip and reducing hand fatigue, even during long painting sessions. · Perfect for Both Oil and Acrylic Paints: Whether you're working with oil or acrylic paints, this brush is your go-to tool. Its durable hog bristles are suited for both mediums, delivering the performance you need to tackle any project with ease.",https://artgoldenmaple.com/products/golden-maple-bristle-angled-hake-brush-40-50-60-80-for-oil-acrylic-painting?variant=45824544604384,https://cdn.shopify.com/s/files/1/0631/8053/8080/files/BristleAngledHakeBrush40506080ForOilAcrylicPainting_5.webp?v=1783674680,,,,https://www.awin1.com/cread.php?awinmid=124092&awinaffid=3002879&ued=https%3A%2F%2Fartgoldenmaple.com%2Fproducts%2Fgolden-maple-bristle-angled-hake-brush-40-50-60-80-for-oil-acrylic-painting%3Fvariant%3D45824544604384,,"Arts & Entertainment > Hobbies & Creative Arts > Arts & Crafts > Art & Crafting Tools > Craft Measuring & Marking Tools > Art Brushes",,,woodhake40,artgoldenmaple,1,out_of_stock,,,"10.99 USD",,,,,,,,new,,,,,,,,,,,,,,,,,,,,,,,,,,,,,,,,
124092,"Golden Maple",45824544669920,"Bristle Angled Hake Brush 40/50/60/80 For Oil Acrylic Painting - 50","· Precision Slanted Brush Head for Ultimate Control: This slanted hog bristle flat brush is specifically designed for oil and acrylic painting, offering outstanding precision. The angled shape allows you to handle sharp edges, fine lines, and smooth gradients with ease, providing the flexibility and control you need for your art. · Premium Hog Bristles for Durability and Performance: Made with high-quality hog bristles, this brush is tough yet flexible, built to handle the heavy textures of both oil and acrylic paints. Expect consistent, even strokes that perform well across all painting techniques, from detailed work to broad washes. · Comfortable, Ergonomic Natural Wood Handle: The natural wood handle is thoughtfully designed for comfort and ease of use. It’s smooth, lightweight, and ergonomically shaped, ensuring a firm grip and reducing hand fatigue, even during long painting sessions. · Perfect for Both Oil and Acrylic Paints: Whether you're working with oil or acrylic paints, this brush is your go-to tool. Its durable hog bristles are suited for both mediums, delivering the performance you need to tackle any project with ease.",https://artgoldenmaple.com/products/golden-maple-bristle-angled-hake-brush-40-50-60-80-for-oil-acrylic-painting?variant=45824544669920,https://cdn.shopify.com/s/files/1/0631/8053/8080/files/BristleAngledHakeBrush40506080ForOilAcrylicPainting_5.webp?v=1783674680,,,,https://www.awin1.com/cread.php?awinmid=124092&awinaffid=3002879&ued=https%3A%2F%2Fartgoldenmaple.com%2Fproducts%2Fgolden-maple-bristle-angled-hake-brush-40-50-60-80-for-oil-acrylic-painting%3Fvariant%3D45824544669920,,"Arts & Entertainment > Hobbies & Creative Arts > Arts & Crafts > Art & Crafting Tools > Craft Measuring & Marking Tools > Art Brushes",,,woodhake50,artgoldenmaple,1,out_of_stock,,,"11.99 USD",,,,,,,,new,,,,,,,,,,,,,,,,,,,,,,,,,,,,,,,,
124092,"Golden Maple",45824544702688,"Bristle Angled Hake Brush 40/50/60/80 For Oil Acrylic Painting - 60","· Precision Slanted Brush Head for Ultimate Control: This slanted hog bristle flat brush is specifically designed for oil and acrylic painting, offering outstanding precision. The angled shape allows you to handle sharp edges, fine lines, and smooth gradients with ease, providing the flexibility and control you need for your art. · Premium Hog Bristles for Durability and Performance: Made with high-quality hog bristles, this brush is tough yet flexible, built to handle the heavy textures of both oil and acrylic paints. Expect consistent, even strokes that perform well across all painting techniques, from detailed work to broad washes. · Comfortable, Ergonomic Natural Wood Handle: The natural wood handle is thoughtfully designed for comfort and ease of use. It’s smooth, lightweight, and ergonomically shaped, ensuring a firm grip and reducing hand fatigue, even during long painting sessions. · Perfect for Both Oil and Acrylic Paints: Whether you're working with oil or acrylic paints, this brush is your go-to tool. Its durable hog bristles are suited for both mediums, delivering the performance you need to tackle any project with ease.",https://artgoldenmaple.com/products/golden-maple-bristle-angled-hake-brush-40-50-60-80-for-oil-acrylic-painting?variant=45824544702688,https://cdn.shopify.com/s/files/1/0631/8053/8080/files/BristleAngledHakeBrush40506080ForOilAcrylicPainting_5.webp?v=1783674680,,,,https://www.awin1.com/cread.php?awinmid=124092&awinaffid=3002879&ued=https%3A%2F%2Fartgoldenmaple.com%2Fproducts%2Fgolden-maple-bristle-angled-hake-brush-40-50-60-80-for-oil-acrylic-painting%3Fvariant%3D45824544702688,,"Arts & Entertainment > Hobbies & Creative Arts > Arts & Crafts > Art & Crafting Tools > Craft Measuring & Marking Tools > Art Brushes",,,woodhake60,artgoldenmaple,1,in_stock,,,"12.99 USD",,,,,,,,new,,,,,,,,,,,,,,,,,,,,,,,,,,,,,,,,
124092,"Golden Maple",45824544735456,"Bristle Angled Hake Brush 40/50/60/80 For Oil Acrylic Painting - 80","· Precision Slanted Brush Head for Ultimate Control: This slanted hog bristle flat brush is specifically designed for oil and acrylic painting, offering outstanding precision. The angled shape allows you to handle sharp edges, fine lines, and smooth gradients with ease, providing the flexibility and control you need for your art. · Premium Hog Bristles for Durability and Performance: Made with high-quality hog bristles, this brush is tough yet flexible, built to handle the heavy textures of both oil and acrylic paints. Expect consistent, even strokes that perform well across all painting techniques, from detailed work to broad washes. · Comfortable, Ergonomic Natural Wood Handle: The natural wood handle is thoughtfully designed for comfort and ease of use. It’s smooth, lightweight, and ergonomically shaped, ensuring a firm grip and reducing hand fatigue, even during long painting sessions. · Perfect for Both Oil and Acrylic Paints: Whether you're working with oil or acrylic paints, this brush is your go-to tool. Its durable hog bristles are suited for both mediums, delivering the performance you need to tackle any project with ease.",https://artgoldenmaple.com/products/golden-maple-bristle-angled-hake-brush-40-50-60-80-for-oil-acrylic-painting?variant=45824544735456,https://cdn.shopify.com/s/files/1/0631/8053/8080/files/BristleAngledHakeBrush40506080ForOilAcrylicPainting_5.webp?v=1783674680,,,,https://www.awin1.com/cread.php?awinmid=124092&awinaffid=3002879&ued=https%3A%2F%2Fartgoldenmaple.com%2Fproducts%2Fgolden-maple-bristle-angled-hake-brush-40-50-60-80-for-oil-acrylic-painting%3Fvariant%3D45824544735456,,"Arts & Entertainment > Hobbies & Creative Arts > Arts & Crafts > Art & Crafting Tools > Craft Measuring & Marking Tools > Art Brushes",,,woodhake80,artgoldenmaple,1,in_stock,,,"13.99 USD",,,,,,,,new,,,,,,,,,,,,,,,,,,,,,,,,,,,,,,,,
124092,"Golden Maple",46392196759776,"Nylon Detail Paint Brush - 20pcs/set (Round, Liner, Spotter, Flat, Angle & More)","Precision and Detail - Designed for intricate work, these brushes allow artists to achieve fine lines, delicate details, and subtle textures, making them perfect for miniatures, model painting, and detailed art. High Quality Materials - Featuring premium synthetic bristles, our brushes provide excellent paint holding capacity, smooth application, and durability, ensuring long-lasting performance. Versatile Use - Suitable for various mediums such as watercolors, acrylics, oils, and even for crafting projects like nail art, giving artists the flexibility they need. Comfortable Grip - Ergonomically designed handles, made of beautiful birch wood, offer a comfortable grip for extended use, reducing hand fatigue during detailed work. Easy Maintenance - Come with a protective case, making it easy to store and transport brushes, ensuring they stay in pristine condition. Designed for easy cleaning and care, our brushes retain their shape and quality with proper maintenance, ensuring long-term use. Perfect for Gift Giving - Ideal for artists, hobbyists, and students, these sets make excellent gifts for any occasion, encouraging creativity and artistic exploration.",https://artgoldenmaple.com/products/golden-maple-20pc-micro-detail-paint-brush-set?variant=46392196759776,https://cdn.shopify.com/s/files/1/0631/8053/8080/files/1_dc7825c9-fd1f-4248-852e-0b8e0fb94a9b.jpg?v=1727681868,,,,https://www.awin1.com/cread.php?awinmid=124092&awinaffid=3002879&ued=https%3A%2F%2Fartgoldenmaple.com%2Fproducts%2Fgolden-maple-20pc-micro-detail-paint-brush-set%3Fvariant%3D46392196759776,,,,,PBN-GT-W-T20-llx-zuhe,artgoldenmaple,1,in_stock,,,"36.99 USD",,,,,,,,new,,,,,,,,,,,,,,,,,,,,,,,,,,,,,,,,
124092,"Golden Maple",46600515944672,"Natural Hair Mop Paintbrush - Round Quill Fine Tip for Watercolor and Gouache - #2","Detailed Description 🍁Handcrafted with Premium Sable Hair for Superior Performance: Each brush is meticulously handcrafted by skilled artisans using premium sable hair, renowned for its softness and exceptional water retention. The bristles store and release water evenly, ensuring smooth, flawless strokes perfect for watercolor techniques. 🍁High-Quality Wooden Handles for Comfortable Use: Crafted from durable, high-quality wood, the ergonomic handles are polished to provide a comfortable grip that reduces hand fatigue. You’ll enjoy longer painting sessions without discomfort, allowing you to immerse yourself fully in your creative process. 🍁Versatile Set of 6 Brushes for Every Artistic Need: This set includes 6 different brush sizes, allowing you to tackle a variety of painting tasks, from large washes to detailed accents. Whether working on grand landscapes or delicate floral designs, this set has the perfect tool for every project. 🍁A Must-Have for Artists of All Levels: Perfect for both seasoned professionals and budding artists, this set delivers outstanding quality and versatility. Its fine craftsmanship and premium materials ensure that these brushes will help you create stunning watercolor artworks, no matter your skill level.",https://artgoldenmaple.com/products/golden-maple-natural-hair-mop-paintbrush-with-round-quill-detail-fine-tip-for-watercolor-gouache-ink-painting?variant=46600515944672,https://cdn.shopify.com/s/files/1/0631/8053/8080/files/NaturalHairMopPaintbrush-RoundQuillFineTipforWatercolorandGouache_1.webp?v=1783761189,,,,https://www.awin1.com/cread.php?awinmid=124092&awinaffid=3002879&ued=https%3A%2F%2Fartgoldenmaple.com%2Fproducts%2Fgolden-maple-natural-hair-mop-paintbrush-with-round-quill-detail-fine-tip-for-watercolor-gouache-ink-painting%3Fvariant%3D46600515944672,,"Arts & Entertainment > Hobbies & Creative Arts > Arts & Crafts > Art & Crafting Tools > Craft Measuring & Marking Tools > Art Brushes",,,H1028BGKX2,artgoldenmaple,1,in_stock,,,"10.99 USD",,,,,,,,new,,,,,,,,,,,,,,,,,,,,,,,,,,,,,,,,
124092,"Golden Maple",46600515977440,"Natural Hair Mop Paintbrush - Round Quill Fine Tip for Watercolor and Gouache - #4","Detailed Description 🍁Handcrafted with Premium Sable Hair for Superior Performance: Each brush is meticulously handcrafted by skilled artisans using premium sable hair, renowned for its softness and exceptional water retention. The bristles store and release water evenly, ensuring smooth, flawless strokes perfect for watercolor techniques. 🍁High-Quality Wooden Handles for Comfortable Use: Crafted from durable, high-quality wood, the ergonomic handles are polished to provide a comfortable grip that reduces hand fatigue. You’ll enjoy longer painting sessions without discomfort, allowing you to immerse yourself fully in your creative process. 🍁Versatile Set of 6 Brushes for Every Artistic Need: This set includes 6 different brush sizes, allowing you to tackle a variety of painting tasks, from large washes to detailed accents. Whether working on grand landscapes or delicate floral designs, this set has the perfect tool for every project. 🍁A Must-Have for Artists of All Levels: Perfect for both seasoned professionals and budding artists, this set delivers outstanding quality and versatility. Its fine craftsmanship and premium materials ensure that these brushes will help you create stunning watercolor artworks, no matter your skill level.",https://artgoldenmaple.com/products/golden-maple-natural-hair-mop-paintbrush-with-round-quill-detail-fine-tip-for-watercolor-gouache-ink-painting?variant=46600515977440,https://cdn.shopify.com/s/files/1/0631/8053/8080/files/NaturalHairMopPaintbrush-RoundQuillFineTipforWatercolorandGouache_1.webp?v=1783761189,,,,https://www.awin1.com/cread.php?awinmid=124092&awinaffid=3002879&ued=https%3A%2F%2Fartgoldenmaple.com%2Fproducts%2Fgolden-maple-natural-hair-mop-paintbrush-with-round-quill-detail-fine-tip-for-watercolor-gouache-ink-painting%3Fvariant%3D46600515977440,,"Arts & Entertainment > Hobbies & Creative Arts > Arts & Crafts > Art & Crafting Tools > Craft Measuring & Marking Tools > Art Brushes",,,H1028BGKX4,artgoldenmaple,1,in_stock,,,"11.99 USD",,,,,,,,new,,,,,,,,,,,,,,,,,,,,,,,,,,,,,,,,
124092,"Golden Maple",46600516010208,"Natural Hair Mop Paintbrush - Round Quill Fine Tip for Watercolor and Gouache - #6","Detailed Description 🍁Handcrafted with Premium Sable Hair for Superior Performance: Each brush is meticulously handcrafted by skilled artisans using premium sable hair, renowned for its softness and exceptional water retention. The bristles store and release water evenly, ensuring smooth, flawless strokes perfect for watercolor techniques. 🍁High-Quality Wooden Handles for Comfortable Use: Crafted from durable, high-quality wood, the ergonomic handles are polished to provide a comfortable grip that reduces hand fatigue. You’ll enjoy longer painting sessions without discomfort, allowing you to immerse yourself fully in your creative process. 🍁Versatile Set of 6 Brushes for Every Artistic Need: This set includes 6 different brush sizes, allowing you to tackle a variety of painting tasks, from large washes to detailed accents. Whether working on grand landscapes or delicate floral designs, this set has the perfect tool for every project. 🍁A Must-Have for Artists of All Levels: Perfect for both seasoned professionals and budding artists, this set delivers outstanding quality and versatility. Its fine craftsmanship and premium materials ensure that these brushes will help you create stunning watercolor artworks, no matter your skill level.",https://artgoldenmaple.com/products/golden-maple-natural-hair-mop-paintbrush-with-round-quill-detail-fine-tip-for-watercolor-gouache-ink-painting?variant=46600516010208,https://cdn.shopify.com/s/files/1/0631/8053/8080/files/NaturalHairMopPaintbrush-RoundQuillFineTipforWatercolorandGouache_1.webp?v=1783761189,,,,https://www.awin1.com/cread.php?awinmid=124092&awinaffid=3002879&ued=https%3A%2F%2Fartgoldenmaple.com%2Fproducts%2Fgolden-maple-natural-hair-mop-paintbrush-with-round-quill-detail-fine-tip-for-watercolor-gouache-ink-painting%3Fvariant%3D46600516010208,,"Arts & Entertainment > Hobbies & Creative Arts > Arts & Crafts > Art & Crafting Tools > Craft Measuring & Marking Tools > Art Brushes",,,H1028BGKX6,artgoldenmaple,1,in_stock,,,"13.99 USD",,,,,,,,new,,,,,,,,,,,,,,,,,,,,,,,,,,,,,,,,
124092,"Golden Maple",46600516042976,"Natural Hair Mop Paintbrush - Round Quill Fine Tip for Watercolor and Gouache - #8","Detailed Description 🍁Handcrafted with Premium Sable Hair for Superior Performance: Each brush is meticulously handcrafted by skilled artisans using premium sable hair, renowned for its softness and exceptional water retention. The bristles store and release water evenly, ensuring smooth, flawless strokes perfect for watercolor techniques. 🍁High-Quality Wooden Handles for Comfortable Use: Crafted from durable, high-quality wood, the ergonomic handles are polished to provide a comfortable grip that reduces hand fatigue. You’ll enjoy longer painting sessions without discomfort, allowing you to immerse yourself fully in your creative process. 🍁Versatile Set of 6 Brushes for Every Artistic Need: This set includes 6 different brush sizes, allowing you to tackle a variety of painting tasks, from large washes to detailed accents. Whether working on grand landscapes or delicate floral designs, this set has the perfect tool for every project. 🍁A Must-Have for Artists of All Levels: Perfect for both seasoned professionals and budding artists, this set delivers outstanding quality and versatility. Its fine craftsmanship and premium materials ensure that these brushes will help you create stunning watercolor artworks, no matter your skill level.",https://artgoldenmaple.com/products/golden-maple-natural-hair-mop-paintbrush-with-round-quill-detail-fine-tip-for-watercolor-gouache-ink-painting?variant=46600516042976,https://cdn.shopify.com/s/files/1/0631/8053/8080/files/NaturalHairMopPaintbrush-RoundQuillFineTipforWatercolorandGouache_1.webp?v=1783761189,,,,https://www.awin1.com/cread.php?awinmid=124092&awinaffid=3002879&ued=https%3A%2F%2Fartgoldenmaple.com%2Fproducts%2Fgolden-maple-natural-hair-mop-paintbrush-with-round-quill-detail-fine-tip-for-watercolor-gouache-ink-painting%3Fvariant%3D46600516042976,,"Arts & Entertainment > Hobbies & Creative Arts > Arts & Crafts > Art & Crafting Tools > Craft Measuring & Marking Tools > Art Brushes",,,H1028BGKX8,artgoldenmaple,1,in_stock,,,"15.99 USD",,,,,,,,new,,,,,,,,,,,,,,,,,,,,,,,,,,,,,,,,
124092,"Golden Maple",46600516075744,"Natural Hair Mop Paintbrush - Round Quill Fine Tip for Watercolor and Gouache - #10","Detailed Description 🍁Handcrafted with Premium Sable Hair for Superior Performance: Each brush is meticulously handcrafted by skilled artisans using premium sable hair, renowned for its softness and exceptional water retention. The bristles store and release water evenly, ensuring smooth, flawless strokes perfect for watercolor techniques. 🍁High-Quality Wooden Handles for Comfortable Use: Crafted from durable, high-quality wood, the ergonomic handles are polished to provide a comfortable grip that reduces hand fatigue. You’ll enjoy longer painting sessions without discomfort, allowing you to immerse yourself fully in your creative process. 🍁Versatile Set of 6 Brushes for Every Artistic Need: This set includes 6 different brush sizes, allowing you to tackle a variety of painting tasks, from large washes to detailed accents. Whether working on grand landscapes or delicate floral designs, this set has the perfect tool for every project. 🍁A Must-Have for Artists of All Levels: Perfect for both seasoned professionals and budding artists, this set delivers outstanding quality and versatility. Its fine craftsmanship and premium materials ensure that these brushes will help you create stunning watercolor artworks, no matter your skill level.",https://artgoldenmaple.com/products/golden-maple-natural-hair-mop-paintbrush-with-round-quill-detail-fine-tip-for-watercolor-gouache-ink-painting?variant=46600516075744,https://cdn.shopify.com/s/files/1/0631/8053/8080/files/NaturalHairMopPaintbrush-RoundQuillFineTipforWatercolorandGouache_1.webp?v=1783761189,,,,https://www.awin1.com/cread.php?awinmid=124092&awinaffid=3002879&ued=https%3A%2F%2Fartgoldenmaple.com%2Fproducts%2Fgolden-maple-natural-hair-mop-paintbrush-with-round-quill-detail-fine-tip-for-watercolor-gouache-ink-painting%3Fvariant%3D46600516075744,,"Arts & Entertainment > Hobbies & Creative Arts > Arts & Crafts > Art & Crafting Tools > Craft Measuring & Marking Tools > Art Brushes",,,H1028BGKX10,artgoldenmaple,1,in_stock,,,"17.99 USD",,,,,,,,new,,,,,,,,,,,,,,,,,,,,,,,,,,,,,,,,
124092,"Golden Maple",46600516108512,"Natural Hair Mop Paintbrush - Round Quill Fine Tip for Watercolor and Gouache - #12","Detailed Description 🍁Handcrafted with Premium Sable Hair for Superior Performance: Each brush is meticulously handcrafted by skilled artisans using premium sable hair, renowned for its softness and exceptional water retention. The bristles store and release water evenly, ensuring smooth, flawless strokes perfect for watercolor techniques. 🍁High-Quality Wooden Handles for Comfortable Use: Crafted from durable, high-quality wood, the ergonomic handles are polished to provide a comfortable grip that reduces hand fatigue. You’ll enjoy longer painting sessions without discomfort, allowing you to immerse yourself fully in your creative process. 🍁Versatile Set of 6 Brushes for Every Artistic Need: This set includes 6 different brush sizes, allowing you to tackle a variety of painting tasks, from large washes to detailed accents. Whether working on grand landscapes or delicate floral designs, this set has the perfect tool for every project. 🍁A Must-Have for Artists of All Levels: Perfect for both seasoned professionals and budding artists, this set delivers outstanding quality and versatility. Its fine craftsmanship and premium materials ensure that these brushes will help you create stunning watercolor artworks, no matter your skill level.",https://artgoldenmaple.com/products/golden-maple-natural-hair-mop-paintbrush-with-round-quill-detail-fine-tip-for-watercolor-gouache-ink-painting?variant=46600516108512,https://cdn.shopify.com/s/files/1/0631/8053/8080/files/NaturalHairMopPaintbrush-RoundQuillFineTipforWatercolorandGouache_1.webp?v=1783761189,,,,https://www.awin1.com/cread.php?awinmid=124092&awinaffid=3002879&ued=https%3A%2F%2Fartgoldenmaple.com%2Fproducts%2Fgolden-maple-natural-hair-mop-paintbrush-with-round-quill-detail-fine-tip-for-watercolor-gouache-ink-painting%3Fvariant%3D46600516108512,,"Arts & Entertainment > Hobbies & Creative Arts > Arts & Crafts > Art & Crafting Tools > Craft Measuring & Marking Tools > Art Brushes",,,H1028BGKX12,artgoldenmaple,1,in_stock,,,"19.99 USD",,,,,,,,new,,,,,,,,,,,,,,,,,,,,,,,,,,,,,,,,
124092,"Golden Maple",46600544846048,"Natural Hair Mop Paintbrush - Round Quill Fine Tip for Watercolor and Gouache - A SET OF 6 PCS","Detailed Description 🍁Handcrafted with Premium Sable Hair for Superior Performance: Each brush is meticulously handcrafted by skilled artisans using premium sable hair, renowned for its softness and exceptional water retention. The bristles store and release water evenly, ensuring smooth, flawless strokes perfect for watercolor techniques. 🍁High-Quality Wooden Handles for Comfortable Use: Crafted from durable, high-quality wood, the ergonomic handles are polished to provide a comfortable grip that reduces hand fatigue. You’ll enjoy longer painting sessions without discomfort, allowing you to immerse yourself fully in your creative process. 🍁Versatile Set of 6 Brushes for Every Artistic Need: This set includes 6 different brush sizes, allowing you to tackle a variety of painting tasks, from large washes to detailed accents. Whether working on grand landscapes or delicate floral designs, this set has the perfect tool for every project. 🍁A Must-Have for Artists of All Levels: Perfect for both seasoned professionals and budding artists, this set delivers outstanding quality and versatility. Its fine craftsmanship and premium materials ensure that these brushes will help you create stunning watercolor artworks, no matter your skill level.",https://artgoldenmaple.com/products/golden-maple-natural-hair-mop-paintbrush-with-round-quill-detail-fine-tip-for-watercolor-gouache-ink-painting?variant=46600544846048,https://cdn.shopify.com/s/files/1/0631/8053/8080/files/NaturalHairMopPaintbrush-RoundQuillFineTipforWatercolorandGouache_1.webp?v=1783761189,,,,https://www.awin1.com/cread.php?awinmid=124092&awinaffid=3002879&ued=https%3A%2F%2Fartgoldenmaple.com%2Fproducts%2Fgolden-maple-natural-hair-mop-paintbrush-with-round-quill-detail-fine-tip-for-watercolor-gouache-ink-painting%3Fvariant%3D46600544846048,,"Arts & Entertainment > Hobbies & Creative Arts > Arts & Crafts > Art & Crafting Tools > Craft Measuring & Marking Tools > Art Brushes",,,H1028BGKX6pcs,artgoldenmaple,1,out_of_stock,,,"49.99 USD",,,,,,,,new,,,,,,,,,,,,,,,,,,,,,,,,,,,,,,,,
124092,"Golden Maple",46835679527136,"Wet Palette Kit","Detailed Description 🍁Stay Wet Palette for Painting Miniatures: Keep your paint fresh with the wet palette. Its airtight lid prevents acrylics from drying out during painting, saving time and reducing waste, perfect for extended miniature painting sessions. 🍁What's in the Package: The wet palette set includes 50 wet papers, 2 sponges, a tray, a brush holder, and 9 miniature paint brushes, all packed in a well-sealed case. It’s perfect for easy storage and portability, keeping your model paint brushes organized and clean. 🍁9PCS Miniature Paint Brushes: Our wet palette set comes with 9 miniature brushes in various sizes, so there's no need to purchase extra brushes—they cover all your detailed painting needs. The classic and stylish design adds a unique touch to your painting experience. 🍁Paint Organizer and Holder in One: The spacious tray accommodates miniature paint brushes and keeps them within reach. The gray sponge offers accurate color mixing. This stay wet palette is perfect for small projects, art classes, and miniatures. 🍁The ultra-absorbent wet palette sponge retains moisture to keep your paint fresh. Its neutral gray color resists staining and shows true paint tones, unlike white sponges. The durable palette paper is tear-resistant, allowing for a smoother painting experience.",https://artgoldenmaple.com/products/wet-pallets-for-painting-miniatures-stay-wet-palette-for-acrylic-painting-kit-with-9pcs-miniature-paint-brushes-50pcs-pallet-paper-2pcs-sponge-1pc-brush-holder-1pc-sponge-tray?variant=46835679527136,https://cdn.shopify.com/s/files/1/0631/8053/8080/files/WetPaletteKit_1.webp?v=1784788505,,,,https://www.awin1.com/cread.php?awinmid=124092&awinaffid=3002879&ued=https%3A%2F%2Fartgoldenmaple.com%2Fproducts%2Fwet-pallets-for-painting-miniatures-stay-wet-palette-for-acrylic-painting-kit-with-9pcs-miniature-paint-brushes-50pcs-pallet-paper-2pcs-sponge-1pc-brush-holder-1pc-sponge-tray%3Fvariant%3D46835679527136,,"Arts & Entertainment > Hobbies & Creative Arts > Arts & Crafts > Art & Crafting Tool Accessories",,,SPTZ-DX,artgoldenmaple,1,out_of_stock,,,"22.98 USD",,,,,,,,new,,,,,,,,,,,,,,,,,,,,,,,,,,,,,,,,
124092,"Golden Maple",47200140263648,"Master Ⅰ: 00, 0, 1 Kolinsky Sable Miniature Paint Brush Set - 3pcs/set - Size 00 + Size 0 + Size 1","Enhance your painting with our Professional Kolinsky Sable Miniature Paint Brushes. Crafted from high-quality kolinsky sable hair, these brushes maintain a fine point for precise detailing. Available in sizes #00, #0, and #1, they are perfect for executing intricate designs.",https://artgoldenmaple.com/products/golden-maple-kolinsky-sable-miniature-paint-brushes-professional-detail-paint-brushes-ultra-fine-paint-brushes-for-miniatures-details-40k-fingure-d-d-size-00-0-1?variant=47200140263648,https://cdn.shopify.com/s/files/1/0631/8053/8080/files/Kolinsky_Sable_Miniature_Paint_Brush_Set_3pcs_1.jpg?v=1773625682,,,,https://www.awin1.com/cread.php?awinmid=124092&awinaffid=3002879&ued=https%3A%2F%2Fartgoldenmaple.com%2Fproducts%2Fgolden-maple-kolinsky-sable-miniature-paint-brushes-professional-detail-paint-brushes-ultra-fine-paint-brushes-for-miniatures-details-40k-fingure-d-d-size-00-0-1%3Fvariant%3D47200140263648,,"Arts & Entertainment > Hobbies & Creative Arts > Arts & Crafts > Art & Crafting Tools > Craft Measuring & Marking Tools > Art Brushes",,,GM-master--3PCS-New-llx-zuhe,artgoldenmaple,1,in_stock,,,"28.99 USD",,,,,,,,new,,,,,,,,,,,,,,,,,,,,,,,,,,,,,,,,
124092,"Golden Maple",47200140296416,"Master Ⅰ: 00, 0, 1 Kolinsky Sable Miniature Paint Brush Set - 3pcs/set - Size 3/0 + Size 4/0 + Size 5/0","Enhance your painting with our Professional Kolinsky Sable Miniature Paint Brushes. Crafted from high-quality kolinsky sable hair, these brushes maintain a fine point for precise detailing. Available in sizes #00, #0, and #1, they are perfect for executing intricate designs.",https://artgoldenmaple.com/products/golden-maple-kolinsky-sable-miniature-paint-brushes-professional-detail-paint-brushes-ultra-fine-paint-brushes-for-miniatures-details-40k-fingure-d-d-size-00-0-1?variant=47200140296416,https://cdn.shopify.com/s/files/1/0631/8053/8080/files/fcfd4f13b790f16e3888b69a80e83fe4.jpg?v=1773625682,,,,https://www.awin1.com/cread.php?awinmid=124092&awinaffid=3002879&ued=https%3A%2F%2Fartgoldenmaple.com%2Fproducts%2Fgolden-maple-kolinsky-sable-miniature-paint-brushes-professional-detail-paint-brushes-ultra-fine-paint-brushes-for-miniatures-details-40k-fingure-d-d-size-00-0-1%3Fvariant%3D47200140296416,,"Arts & Entertainment > Hobbies & Creative Arts > Arts & Crafts > Art & Crafting Tools > Craft Measuring & Marking Tools > Art Brushes",,,GM-master--3PCS-llx-zuhe,artgoldenmaple,1,in_stock,,,"28.99 USD",,,,,,,,new,,,,,,,,,,,,,,,,,,,,,,,,,,,,,,,,
124092,"Golden Maple",50129469014240,"Master Ⅰ: 00, 0, 1 Kolinsky Sable Miniature Paint Brush Set - 3pcs/set - Size 0 + Size 1 + Size 3","Enhance your painting with our Professional Kolinsky Sable Miniature Paint Brushes. Crafted from high-quality kolinsky sable hair, these brushes maintain a fine point for precise detailing. Available in sizes #00, #0, and #1, they are perfect for executing intricate designs.",https://artgoldenmaple.com/products/golden-maple-kolinsky-sable-miniature-paint-brushes-professional-detail-paint-brushes-ultra-fine-paint-brushes-for-miniatures-details-40k-fingure-d-d-size-00-0-1?variant=50129469014240,https://cdn.shopify.com/s/files/1/0631/8053/8080/files/743605f760424ca99f99a93454d51d14.jpg?v=1773974653,,,,https://www.awin1.com/cread.php?awinmid=124092&awinaffid=3002879&ued=https%3A%2F%2Fartgoldenmaple.com%2Fproducts%2Fgolden-maple-kolinsky-sable-miniature-paint-brushes-professional-detail-paint-brushes-ultra-fine-paint-brushes-for-miniatures-details-40k-fingure-d-d-size-00-0-1%3Fvariant%3D50129469014240,,"Arts & Entertainment > Hobbies & Creative Arts > Arts & Crafts > Art & Crafting Tools > Craft Measuring & Marking Tools > Art Brushes",,,GM-master--3PCS-New-013-llx-zuhe,artgoldenmaple,1,in_stock,,,"28.99 USD",,,,,,,,new,,,,,,,,,,,,,,,,,,,,,,,,,,,,,,,,
124092,"Golden Maple",47052642648288,"Nylon Round 5/0, 0, 1, 2 Model Detail Paint Brush & 2 Dry Brush - 11pcs/set","【Nylon Hair】This miniature paint brushes include most common size(0,1,2) features a bristle head made from imported nylon sourced from Japan. The nylon bristles have been carefully crafted to provide a smooth and controlled application, allowing for precise strokes and detailed work. The bristles retain their shape over time, ensuring consistent results even after extended use, it also easy to clean and maintain. 【Additional Dry Brush】A Dry Brush Included. The included brush boasts wool quality materials and meticulous craftsmanship. Its bristles are carefully selected to ensure optimal. Whether you're a seasoned artist or just starting out, this brush provides an extra opportunity to experiment and explore new artistic horizons. 【Suitable FOR PRECISION PAINTING】Miniature brushes are perfect for ultra fine detail painting, army figures. You can use detail brush set as paint by number brushes, hobby paint brushes, plastic model paint brushes,express yourself through any creation and craft! The mini paintbrushes are perfect present for your loved one or a treat to yourself ! 【EASY MAINTENANCE】The miniature paint brushes come with protective tubes, making it easy to keep them in top shape. After painting, simply clean the brushes with warm soapy water and reshape the paintbrush tips. Air-dry the detail brushes and store them in the carrying container in a tip-top position for long time of use.",https://artgoldenmaple.com/products/10pcs-model-detail-paint-brush-set-small-fine-tip-brushes-for-acrylic-watercolor-paint-by-number-citadel-figurine-40k?variant=47052642648288,https://cdn.shopify.com/s/files/1/0631/8053/8080/files/NylonRound50_0_1_2ModelDetailPaintBrush_2DryBrush-11pcsset_1.webp?v=1783764262,,,,https://www.awin1.com/cread.php?awinmid=124092&awinaffid=3002879&ued=https%3A%2F%2Fartgoldenmaple.com%2Fproducts%2F10pcs-model-detail-paint-brush-set-small-fine-tip-brushes-for-acrylic-watercolor-paint-by-number-citadel-figurine-40k%3Fvariant%3D47052642648288,,"Arts & Entertainment > Hobbies & Creative Arts > Arts & Crafts > Art & Crafting Tools > Craft Measuring & Marking Tools > Art Brushes",,,XWJ-MPB-011,artgoldenmaple,1,in_stock,,,"15.99 USD",,,,,,,,new,,,,,,,,,,,,,,,,,,,,,,,,,,,,,,,,
124092,"Golden Maple",47052649791712,"Nylon Flat, Angle, Filbert,Liner,Round Detail Brush - 10pcs/set","Size#1 Flat / Size#1 Angle / Size#1 Filbert / Size#4/0, 3/0, 0, 1 Liner / Size#4/0, 3/0, 2/0 Round, Japanese Nylon PERFECT FOR DETAILING: 10 miniature paint brushes of different shapes(filbert flat and angle) and sizes satisfy all your needs of detail painting,ensure You're getting the best fine detail brushes for Your Painting. HIGH-QUALITY NYLON HAIR: Fine tip paint brushes are made of flexible yet sturdy nylon hair that won't deform with a 90° angle. Excellent elasticity and good water absorption ensures great painting effects. BEAUTIFUL DESIGN: Fine detail paint brushes contains super fine tip round, liner, flat, and angle brushes. What that means to you is an entire paint set devoted specifically to miniatures and detail painting. The pointed spot can be painted on a narrow angle based on ergonomics and can be painted accurately. IDEAL FOR PRECISION PAINTING: Miniature brushes are perfect for ultra fine detail painting, army figures. You can use detail brush set as paint by number brushes, hobby paint brushes, plastic model paint brushes, express yourself through any creation and craft! The mini paintbrushes are perfect present for your loved one or a treat to yourself ! EASY MAINTENANCE: The miniature paint brushes come with protective tubes, making it easy to keep them in top shape. After painting, simply clean the brushes with warm soapy water and reshape the paintbrush tips. Air-dry the detail brushes and store them in the carrying container in a tip-top position for long time of use.",https://artgoldenmaple.com/products/10pcs-detail-paint-brushes-flat-angle-filbert-fine-detail-brush-set-for-acrylic-watercolor-dollhouse-citadel-40k?variant=47052649791712,https://cdn.shopify.com/s/files/1/0631/8053/8080/files/NylonFlat_Angle_Filbert_Liner_RoundDetailBrush-10pcsset_1.webp?v=1783761539,,,,https://www.awin1.com/cread.php?awinmid=124092&awinaffid=3002879&ued=https%3A%2F%2Fartgoldenmaple.com%2Fproducts%2F10pcs-detail-paint-brushes-flat-angle-filbert-fine-detail-brush-set-for-acrylic-watercolor-dollhouse-citadel-40k%3Fvariant%3D47052649791712,,"Arts & Entertainment > Hobbies & Creative Arts > Arts & Crafts > Art & Crafting Tools > Craft Measuring & Marking Tools > Art Brushes",,,PBN-W-LC-T10-MY-zuhe,artgoldenmaple,1,in_stock,,,"16.99 USD",,,,,,,,new,,,,,,,,,,,,,,,,,,,,,,,,,,,,,,,,
124092,"Golden Maple",47052670796000,"Nylon Detail Brush Set (3/0, 0, 1, 2) & Goat Hair Dry Brush Set (1, 2, 3, 4, 5, 6) - 10pcs/set","【Versatility】The combination of Dry Brush and Miniature Paint Brushes allows you to seamlessly transition between bold, textured strokes and intricate detailing. The interplay between bold, textured elements and refined, precise lines adds visual interest and dimension to your artwork. 【Imported Nylon Hair】This brush features a bristle head made from premium imported nylon sourced from Japan. The nylon bristles have been carefully crafted to provide a smooth and controlled application, allowing for precise strokes and detailed work. The bristles retain their shape over time, ensuring consistent results even after extended use, it also easy to clean and maintain. 【Expressive Potential】4 model paint brushes of different shapes and sizes(Liner 3/0, 0, 1, 2) and 6 dry brush, it will satisfy all your needs of detail painting,ensure You're getting the best fine detail brushes for Your Painting. Achieve depth and emphasis in your artwork by utilizing the dry brush's textured backgrounds to highlight focal points that are then further accentuated by the sharp lines from the detail paint brushes. 【Goat Hair Dry Brushes】Miniature dry brush features rust proof ferrule which encases dense, semi-stiff, and springy goat bristles, as well as a slightly domed shape. Dry brush set are durable and resistant to deformation or shedding, excellent comfort that can be controlled firmly. 【IDEAL FOR PRECISION PAINTING】Miniature brushes are perfect for ultra fine detail painting, army figures. You can use detail brush set as paint by number brushes, hobby paint brushes, plastic model paint brushes,express yourself through any creation and craft! The mini paintbrushes are perfect present for your loved one or a treat to yourself !",https://artgoldenmaple.com/products/10pcs-micro-detail-paint-brush-set-small-fine-detail-brushes-for-acrylics-watercolors-paint-by-number-citadel-figurine-40k?variant=47052670796000,https://cdn.shopify.com/s/files/1/0631/8053/8080/files/Black3-01.jpg?v=1740377548,,,,https://www.awin1.com/cread.php?awinmid=124092&awinaffid=3002879&ued=https%3A%2F%2Fartgoldenmaple.com%2Fproducts%2F10pcs-micro-detail-paint-brush-set-small-fine-detail-brushes-for-acrylics-watercolors-paint-by-number-citadel-figurine-40k%3Fvariant%3D47052670796000,,"Arts & Entertainment > Hobbies & Creative Arts > Arts & Crafts > Art & Crafting Tools > Craft Measuring & Marking Tools > Art Brushes",,,XWJ-MPB-016,artgoldenmaple,1,in_stock,,,"18.99 USD",,,,,,,,new,,,,,,,,,,,,,,,,,,,,,,,,,,,,,,,,
124092,"Golden Maple",47052967248096,"Nylon Liner, Flat 15pcs Detail Paint Brush & 3pcs Goat Hair Dry Brush Miniature Brush - 18pcs/set","Detailed Description 🍁【The Best Brushes You Will Find】With a variety of 18 brushes, the set offers you the perfect dry brush for any model miniature painting. 5PC Mini Liner 10/0, 5PC Liner 5/0, 5PC Detail 3/0 , 3PC large dry brush Set #4 #5 #6, make it a perfect set for crafts, miniatures, ceramics, enamel painting and meter model, whether for hobbyists or professional artists. 🍁【Paint with Maximum Detail】With the dry brush miniatures brushes, you can reach small and heavy areas and paint with maximum precision. They are ideal for botanical painting, illustrations, portraits, miniatures, model making and any work of art. 🍁【Designed for Model Making】3PC Drybrush Set is specifically designed for model making and painting, making it ideal for model rendering, strategic game models, role-playing game models, model airplanes, and more. It not only suitable for drybrushing techniques but also for drybrushing edges, drybrushing highlights, drybrushing textures, and more. 🍁【ERGONOMIC DESIGN】The model paint brushes are designed with a triangular handle to provide stable and balanced control as well as high precision when painting details. Forget the hand pain when painting. Besides, they won't fall off the table! 🍁【Perfect Present】 It is the perfect present for a loved one. or just for yourself",https://artgoldenmaple.com/products/18pc-miniature-paint-brushes-model-brushes-micro-detail-paint-brush-set-fine-detailing-for-acrylics-watercolors-citadel-figurine-40k?variant=47052967248096,https://cdn.shopify.com/s/files/1/0631/8053/8080/files/NylonLiner_Flat15pcsDetailPaintBrush_3pcsGoatHairDryBrushMiniatureBrush-18pcsset_1.webp?v=1783762868,,,,https://www.awin1.com/cread.php?awinmid=124092&awinaffid=3002879&ued=https%3A%2F%2Fartgoldenmaple.com%2Fproducts%2F18pc-miniature-paint-brushes-model-brushes-micro-detail-paint-brush-set-fine-detailing-for-acrylics-watercolors-citadel-figurine-40k%3Fvariant%3D47052967248096,,"Arts & Entertainment > Hobbies & Creative Arts > Arts & Crafts > Art & Crafting Tools > Craft Measuring & Marking Tools > Art Brushes",,,XWJ-MPB-013-zuhe,artgoldenmaple,1,in_stock,,,"29.99 USD",,,,,,,,new,,,,,,,,,,,,,,,,,,,,,,,,,,,,,,,,
124092,"Golden Maple",47070106353888,"Synthetic Squirrel Hair Watercolor Mop Brush Set - 3pcs","Detailed Description 🍁Designed for Water-Based Paints: This 3-pack of versatile watercolor brushes is perfect for all your painting needs, from large, even washes to intricate fine lines and details. Includes round quills in sizes #2, #4, and #6. 🍁High Absorption & Consistent Flow: Featuring soft, flexible synthetic squirrel bristles, these brushes offer excellent liquid retention for a smooth, consistent paint flow. The brushes provide great spring and excellent point retention for better control and precision. 🍁Durable & Long-Lasting: Each brush is handcrafted with care, using high-quality materials. The bristles are securely crimped to a well-balanced, lightweight handle, ensuring a long lifespan and a comfortable painting experience—no shedding or flaking. 🍁Ideal for Various Techniques: Perfect for loose abstract watercolor painting, mop and wash techniques, wide swatches, wet-into-wet blending, broad strokes, and detailed work.",https://artgoldenmaple.com/products/round-quill-fine-tip-watercolor-mop-brush-set-with-soft-synthetic-squirrel-hair?variant=47070106353888,https://cdn.shopify.com/s/files/1/0631/8053/8080/files/SyntheticSquirrelHairWatercolorMopBrushSet-3pcs_1.webp?v=1784787862,,,,https://www.awin1.com/cread.php?awinmid=124092&awinaffid=3002879&ued=https%3A%2F%2Fartgoldenmaple.com%2Fproducts%2Fround-quill-fine-tip-watercolor-mop-brush-set-with-soft-synthetic-squirrel-hair%3Fvariant%3D47070106353888,,"Arts & Entertainment > Hobbies & Creative Arts > Arts & Crafts > Art & Crafting Tools > Craft Measuring & Marking Tools > Art Brushes",,,PBM-WT-BK-3-xyy-gm,artgoldenmaple,1,out_of_stock,,,"25.99 USD",,,,,,,,new,,,,,,,,,,,,,,,,,,,,,,,,,,,,,,,,
124092,"Golden Maple",47070621925600,"Master I: 3/0, 0, 1, 2, 2 Kolinsky Sable Detail Brush & S,M Goat Hair Dry Brush - 7pcs/set","Detailed Description 🍁Kolinsky Sable Hair: Renowned for its superior elasticity and fine point retention, ensuring smooth and precise strokes, making these kolinsky sable miniature paint brushes perfect for detailed work. 🍁Comprehensive Set: This collection includes 5pcs different kolinsky sable brushes for miniatures(2pcs Size 2, 1pc Size 1, 1pc Size 0, 1pc Size 3/0) and 2pcs goat hair drybrush for dry brush miniature painting, meticulously designed to cover all your detailing needs. From ultra-fine lines to broader strokes, these brushes are perfect for you to achieve precision and versatility in every project. 🍁Durable and Long-Lasting: Crafted with care, these fine paint brushes for detail maintain their shape and performance over time. Specifically designed as kolinsky sable paint brushes for miniature painting, they offer exceptional value for artists at all levels, ensuring consistent precision and reliability through countless projects. 🍁Ergonomic Golden Maple Handles: Designed for comfort and control, these handles allow for prolonged use. Especially beneficial when working on detailed tasks, this fine detail paint brush set ensures you can focus on your art without discomfort. The kolinsky sable detailing paint brush set features handles that provide a secure grip, enhancing precision and making intricate miniature painting more manageable and enjoyable. 🍁Versatile Application: Ideal for use with acrylics, watercolors, and other mediums, these small detail paint brushes are perfect for a variety of miniature painting projects. Each detail paint brush in the set is designed to handle different techniques and materials, ensuring that you have the right tool for every artistic endeavor.",https://artgoldenmaple.com/products/7pcs-kolinsky-sable-miniature-paint-brushes-goat-dry-brushes?variant=47070621925600,https://cdn.shopify.com/s/files/1/0631/8053/8080/files/Master_I_Miniature_Paint_Brush_Set_Kolinsky_Sable_Goat_Hair_-_7pcs_1.jpg?v=1772095706,,,,https://www.awin1.com/cread.php?awinmid=124092&awinaffid=3002879&ued=https%3A%2F%2Fartgoldenmaple.com%2Fproducts%2F7pcs-kolinsky-sable-miniature-paint-brushes-goat-dry-brushes%3Fvariant%3D47070621925600,,"Arts & Entertainment > Hobbies & Creative Arts > Arts & Crafts > Art & Crafting Tools > Craft Measuring & Marking Tools > Art Brushes",,,GM-master-T7-ydx-zuhe,artgoldenmaple,1,in_stock,,,"36.99 USD",,,,,,,,new,,,,,,,,,,,,,,,,,,,,,,,,,,,,,,,,
124092,"Golden Maple",47070646927584,"#1 #0000 Kolinsky Sable Detail Brush & #0 Angled Nylon Brushes - 3pcs/set","Size 1 & 0000 Round Kolinsky Sable Hair, Size 0 Angled Nylon Kolinsky Sable Miniature Paint Brushes Drybrush Set: This is a set of fine tipped brushes, including a #1 detail brush, a #0000 detail brush, and a #0 small angled-tip drybrush. Suitable for detailed painting work. Premium Small Paint Brushes: The detail brush designed with kolinsky sable, and the small drybrush is designed with high quality nylon.And all the brushes chrome plated copper ferrule. No only double crimped to the handle, we also use an exclusive blend of adhesive for long term strength and stability, sturdy and no wobbling. It is therefore more sustainable. Fine Paint Brushes for Detail: Golden Maple's versatile small detail art brushes are perfect for fine detailing and painting in small, tight spots. Ideal for a wide range of art projects, including wildlife, botanical, portraiture, doll, illustrations, miniature, model ships and airplanes, arts and craft, rock,etc. Durable and Long-Lasting: Crafted with care, these fine paint brushes for detail maintain their shape and performance over time. Specifically designed as kolinsky sable paint brushes for miniature painting, they offer exceptional value for artists at all levels, ensuring consistent precision and reliability through countless projects. Ergonomic Handles Design for Comfort:The small detail paint brushes designed with a triangular handle for maximum comfort and perfect control.Being dully polished,antislip,and they won't roll off the table.",https://artgoldenmaple.com/products/3pcs-kolinsky-sable-miniature-detail-brushes-nylon-angled-brush-set?variant=47070646927584,https://cdn.shopify.com/s/files/1/0631/8053/8080/files/KolinskySableMiniaturePaintBrushes-GoldenMaple3pcsDetailPaintBrushesDrybrushforAcrylicWatercolor_SmallFineDetailPaintBrushSetUseforWarhammer_MiniPaints_PaintbyNumber_Figurine.jpg?v=1740645124,,,,https://www.awin1.com/cread.php?awinmid=124092&awinaffid=3002879&ued=https%3A%2F%2Fartgoldenmaple.com%2Fproducts%2F3pcs-kolinsky-sable-miniature-detail-brushes-nylon-angled-brush-set%3Fvariant%3D47070646927584,,"Arts & Entertainment > Hobbies & Creative Arts > Arts & Crafts > Art & Crafting Tools > Craft Measuring & Marking Tools > Art Brushes",,,PBK-GT-W-T3-zuhe,artgoldenmaple,1,in_stock,,,"19.99 USD",,,,,,,,new,,,,,,,,,,,,,,,,,,,,,,,,,,,,,,,,
124092,"Golden Maple",47070784717024,"Nylon 15pcs Spot, Liner, Detail, Flat Detail Paint Brush & 3pcs Goat Hair Dry Brush Miniature Brush - 18pcs/set","Detailed Description 🍁【Imported Nylon Hair】golden maple miniature paint brush dry brush set features a bristle head made from premium imported nylon sourced from Japan. The nylon bristles have been carefully crafted to provide a smooth and controlled application, allowing for precise strokes and detailed work. The bristles retain their shape over time, ensuring consistent results even after extended use, it also easy to clean and maintain. 🍁【Luxurious Wool Texture】Immerse yourself in the lush texture of sheep's wool bristles. Crafted from high-quality natural wool fibers, our miniature paint brushes dry brush head offers a velvety touch that brings an entirely new dimension to your artwork. the Wool Bristle Dry Brush excels in adding aged and worn textures, imparting an authentic patina that captures the essence of time. 🍁【Expressive Potential】18 model paint brushes of different shapes and sizes(Spot 4/0, Angle 1, Flat 1, Round 1, Liner 5/0, 3/0, 2/0, 0, 1, 2, Detail 20/0, 10/0, 5/0, 3/0, 0 ) and 3 large dry brush, it will satisfy all your needs of detail painting,ensure You're getting the best fine detail brushes for Your Painting. 🍁【Versatility】The combination of Dry Brush and Miniature Paint Brushes allows you to seamlessly transition between bold, textured strokes and intricate detailing. Achieve depth and emphasis in your artwork by utilizing the dry brush's textured backgrounds to highlight focal points that are then further accentuated by the sharp lines from the detail paint brushes. 🍁【IDEAL FOR PRECISION PAINTING】Miniature brushes are perfect for ultra fine detail painting, army figures. You can use detail brush set as paint by number brushes, hobby paint brushes, plastic model paint brushes,express yourself through any creation and craft! The mini paintbrushes are perfect present for your loved one or a treat to yourself !",https://artgoldenmaple.com/products/18pcs-micro-detail-paint-brush-set-small-fine-detail-model-brushes-dry-brushes?variant=47070784717024,https://cdn.shopify.com/s/files/1/0631/8053/8080/files/15pcs_Detail_Paint_Brush_3pcs_Dry_Brush_Miniature_Brush_Set_1.jpg?v=1775885984,,,,https://www.awin1.com/cread.php?awinmid=124092&awinaffid=3002879&ued=https%3A%2F%2Fartgoldenmaple.com%2Fproducts%2F18pcs-micro-detail-paint-brush-set-small-fine-detail-model-brushes-dry-brushes%3Fvariant%3D47070784717024,,"Arts & Entertainment > Hobbies & Creative Arts > Arts & Crafts > Art & Crafting Tools > Craft Measuring & Marking Tools > Art Brushes",,,XWJ-MPB-009-zuhe,artgoldenmaple,1,in_stock,,,"29.99 USD",,,,,,,,new,,,,,,,,,,,,,,,,,,,,,,,,,,,,,,,,
124092,"Golden Maple",47070864507104,"Artist Face Paint Acrylic Paint Brush Set - 11pcs","Detailed Description 🍁Versatile Brush Types: Offers a variety of brush types including round, flat, angle, and detail brushes, catering to various design needs. Idea for face, body, cosplay, acrylic, shoe painting. 🍁Soft & Flexible Bristles: Features inport nylon bristles for smooth application and precise detailing, easy to clean, multiple uses without compromising on quality. copper ferrule is highly resistant to rust and corrosion, which extends the pen’s lifespan. 🍁Comfortable Grip: Ergonomically designed wooden handles for comfortable grip and control during intricate designs. Comfortable grip that reduces hand fatigue during extended use, making it ideal for detailed face painting. 🍁Beginner-Friendly: Suitable for beginners and experienced artists alike, facilitating creativity and expression. Trusted by professionals for its quality and performance in face painting artistry. 🍁Great for Events and Parties: Perfect for birthday parties, festivals, fairs, and other events, adding fun and excitement to any occasion.",https://artgoldenmaple.com/products/11pcs-artist-face-paint-acrylic-paint-brush-set?variant=47070864507104,https://cdn.shopify.com/s/files/1/0631/8053/8080/files/ArtistFacePaintAcrylicPaintBrushSet-11pcs_1.webp?v=1783674188,,,,https://www.awin1.com/cread.php?awinmid=124092&awinaffid=3002879&ued=https%3A%2F%2Fartgoldenmaple.com%2Fproducts%2F11pcs-artist-face-paint-acrylic-paint-brush-set%3Fvariant%3D47070864507104,,"Health & Beauty > Personal Care > Cosmetics > Make-Up > Costume & Stage Make-Up",,,PBN-W-WG-T11-llx,artgoldenmaple,1,in_stock,,,"19.99 USD",,,,,,,,new,,,,,,,,,,,,,,,,,,,,,,,,,,,,,,,,
124092,"Golden Maple",47147608375520,"5/0,3/0,2/0 Extra Fine Tip Nylon Detail Brush - 6pcs/set","Round, Size 5/0,3/0,2/0 ,Japanese Nylon Extra fine detail miniature paint brush: 6-Pack of Size 3/0 2/0 5/0 Round fine tip detail brushes with good spring to draw smooth, accurate strokes The Most Used Brush Type by Miniature Painters; save money and get only the brush size you actually need Ultra Fine Tip Paint brush:For various effects in oil, watercolor and acrylic painting, , these micro miniature paint brushes are supplied with protective tubes, so they remain in shape after use and cleaning Easy Grip Handles: The handle is made of wood and triangular shape designed to grip easily, making you feel comfortable and secure while you hold it Very fine tip paint brush for professionals, hobby artists, beginners, adults; Elegant design, excellent quality",https://artgoldenmaple.com/products/6pcs-extra-fine-detail-miniature-paint-brush-set-very-fine-tip-paint-brush-for-small-scale-models-40k?variant=47147608375520,https://cdn.shopify.com/s/files/1/0631/8053/8080/files/ExtraFineTipNylonDetailBrush-6pcsset_1_8baaab80-7f59-4a15-ade1-3ba3ad7b5e3c.webp?v=1783666025,,,,https://www.awin1.com/cread.php?awinmid=124092&awinaffid=3002879&ued=https%3A%2F%2Fartgoldenmaple.com%2Fproducts%2F6pcs-extra-fine-detail-miniature-paint-brush-set-very-fine-tip-paint-brush-for-small-scale-models-40k%3Fvariant%3D47147608375520,,"Arts & Entertainment > Hobbies & Creative Arts > Arts & Crafts > Art & Crafting Tools > Craft Measuring & Marking Tools > Art Brushes",,,XWJ-MPB-017-zuhe,artgoldenmaple,1,in_stock,,,"14.99 USD",,,,,,,,new,,,,,,,,,,,,,,,,,,,,,,,,,,,,,,,,
124092,"Golden Maple",47147615387872,"10/0 Extra Fine Tip Nylon Detail Brush - 6pcs/set","Round, Size 10/0, Japanese Nylon Extra fine detail miniature paint brush:6-Pack of Size 10/0 Round fine tip detail brushes with good spring to draw smooth, accurate strokes The Most Used Brush Type by Miniature Painters; save money and get only the brush size you actually need Ultra Fine Tip Paint brush:For various effects in oil, watercolor and acrylic painting, as well as nail art, these artist brushes are supplied with protective tubes, so they remain in shape after use and cleaning Very fine tip paint brush for professionals, hobby artists, beginners, adults; Elegant design, excellent quality Easy Grip Handles: The handle is made of wood and triangular shape designed to grip easily, making you feel comfortable and secure while you hold it",https://artgoldenmaple.com/products/6pcs-10-0-extra-fine-detail-miniature-paint-brushes-for-small-scale-models-40k?variant=47147615387872,https://cdn.shopify.com/s/files/1/0631/8053/8080/files/100_Extra_Fine_Detail_Miniature_Paint_Brush_Set_-_6pcs_1.jpg?v=1776757865,,,,https://www.awin1.com/cread.php?awinmid=124092&awinaffid=3002879&ued=https%3A%2F%2Fartgoldenmaple.com%2Fproducts%2F6pcs-10-0-extra-fine-detail-miniature-paint-brushes-for-small-scale-models-40k%3Fvariant%3D47147615387872,,"Arts & Entertainment > Hobbies & Creative Arts > Arts & Crafts > Art & Crafting Tools > Craft Measuring & Marking Tools > Art Brushes",,,XWJ-MPB-022-zuhe,artgoldenmaple,1,in_stock,,,"14.99 USD",,,,,,,,new,,,,,,,,,,,,,,,,,,,,,,,,,,,,,,,,
124092,"Golden Maple",47147629379808,"3/0 Extra Fine Tip Nylon Detail Brush - 6pcs/set","Round, Size 3/0, Japanese Nylon Extra fine detail miniature paint brush:6-Pack of Size 3/0 Round fine tip detail brushes with good spring to draw smooth, accurate strokes The Most Used Brush Type by Miniature Painters: save money and get only the brush size you actually need Ultra Fine Tip Paint brush:For various effects in oil, watercolor and acrylic painting, as well as nail art, these artist brushes are supplied with protective tubes, so they remain in shape after use and cleaning Easy Grip Handles: The handle is made of wood and triangular shape designed to grip easily, making you feel comfortable and secure while you hold it Very fine tip paint brush for professionals, hobby artists, beginners, adults; Elegant design, excellent quality",https://artgoldenmaple.com/products/6pcs-3-0-ultra-fine-tip-miniature-brushes-for-small-scale-models-40k?variant=47147629379808,https://cdn.shopify.com/s/files/1/0631/8053/8080/files/Purple-01.webp?v=1783589941,,,,https://www.awin1.com/cread.php?awinmid=124092&awinaffid=3002879&ued=https%3A%2F%2Fartgoldenmaple.com%2Fproducts%2F6pcs-3-0-ultra-fine-tip-miniature-brushes-for-small-scale-models-40k%3Fvariant%3D47147629379808,,"Arts & Entertainment > Hobbies & Creative Arts > Arts & Crafts > Art & Crafting Tools > Craft Measuring & Marking Tools > Art Brushes",,,XWJ-MPB-019-zuhe,artgoldenmaple,1,in_stock,,,"14.99 USD",,,,,,,,new,,,,,,,,,,,,,,,,,,,,,,,,,,,,,,,,
124092,"Golden Maple",47226790576352,"50 Hydration Paper Sheets for Wet Palette - 1 Pack（50 Sheets）","Detailed Description 🍁Extends Paint Workability：Keeps acrylic paints moist and usable for longer periods, preventing premature drying. 🍁Great for Testing Paint’s Consistency：The smooth, neutral white surface of the wet palette paper provides an ideal backdrop for accurately evaluating the true colors of paint. 🍁Reduces Paint Waste：Preserves paint mixtures between sessions, minimizing waste and saving costs. 🍁Durable and Tear-Resistant：High-quality materials resist tearing and withstand extended use. 🍁Minimizes Contamination：Specialized surfaces prevent lint or fuzz from mixing into paints, maintaining purity.",https://artgoldenmaple.com/products/hydration-paper-sheets-for-wet-palette?variant=47226790576352,https://cdn.shopify.com/s/files/1/0631/8053/8080/files/50HydrationPaperSheetsforWetPalette_1.webp?v=1783666453,,,,https://www.awin1.com/cread.php?awinmid=124092&awinaffid=3002879&ued=https%3A%2F%2Fartgoldenmaple.com%2Fproducts%2Fhydration-paper-sheets-for-wet-palette%3Fvariant%3D47226790576352,,"Arts & Entertainment > Hobbies & Creative Arts > Arts & Crafts > Art & Crafting Tool Accessories",,,SZ-BJZ-40g-WJT-zuhe,artgoldenmaple,1,in_stock,,,"9.99 USD",,,,,,,,new,,,,,,,,,,,,,,,,,,,,,,,,,,,,,,,,
124092,"Golden Maple",47226790609120,"50 Hydration Paper Sheets for Wet Palette - 2 Pack （100 Sheets）","Detailed Description 🍁Extends Paint Workability：Keeps acrylic paints moist and usable for longer periods, preventing premature drying. 🍁Great for Testing Paint’s Consistency：The smooth, neutral white surface of the wet palette paper provides an ideal backdrop for accurately evaluating the true colors of paint. 🍁Reduces Paint Waste：Preserves paint mixtures between sessions, minimizing waste and saving costs. 🍁Durable and Tear-Resistant：High-quality materials resist tearing and withstand extended use. 🍁Minimizes Contamination：Specialized surfaces prevent lint or fuzz from mixing into paints, maintaining purity.",https://artgoldenmaple.com/products/hydration-paper-sheets-for-wet-palette?variant=47226790609120,https://cdn.shopify.com/s/files/1/0631/8053/8080/files/50HydrationPaperSheetsforWetPalette_1.webp?v=1783666453,,,,https://www.awin1.com/cread.php?awinmid=124092&awinaffid=3002879&ued=https%3A%2F%2Fartgoldenmaple.com%2Fproducts%2Fhydration-paper-sheets-for-wet-palette%3Fvariant%3D47226790609120,,"Arts & Entertainment > Hobbies & Creative Arts > Arts & Crafts > Art & Crafting Tool Accessories",,,SZ-BJZ-40g-ZH,artgoldenmaple,1,in_stock,,,"14.99 USD",,,,,,,,new,,,,,,,,,,,,,,,,,,,,,,,,,,,,,,,,
124092,"Golden Maple",47190410002656,"6.76 Fl Oz Airbrush Thinner","Detailed Description 🍁Anti-Spill Nozzle Design：Our 200ml Airbrush Thinner features a precision anti-spill nozzle, ensuring controlled application with minimal mess. This versatile formula not only thins acrylic paints but also acts as an airbrush medium and flow improver, enhancing your coatings without compromising color adhesion, durability, or consistency. 🍁Enhanced Flow & Versatility：By adjusting the viscosity of your acrylic paints, our thinner creates a smoother, more manageable flow, reducing airbrush clogging and preserving the paint's color and adhesion. It’s perfect for achieving finer details or a watercolor-like effect, making it ideal for a wide range of artistic techniques and projects. 🍁Superior Compatibility：Our Airbrush Thinner is compatible with all acrylic paints, including model air and liquid acrylics. It mixes easily, enabling you to create custom airbrush-ready paint blends, ensuring a perfect finish on every surface. 🍁Safe & Non-Toxic：ASTM D4236 certified, our airbrush thinner is non-toxic and safe for all users. This water-based formula can be used with peace of mind, knowing it's safe for your health and the environment, while providing excellent performance on materials like metal, fabric, canvas, stone, wood, and plastic models.",https://artgoldenmaple.com/products/airbrush-thinner-6-76-fl-oz-fast-drying-paint-solvent-acrylic-paint-thinner-to-improve-color-flow?variant=47190410002656,https://cdn.shopify.com/s/files/1/0631/8053/8080/files/6.76FlOzAirbrushThinner_1.webp?v=1783671132,,,,https://www.awin1.com/cread.php?awinmid=124092&awinaffid=3002879&ued=https%3A%2F%2Fartgoldenmaple.com%2Fproducts%2Fairbrush-thinner-6-76-fl-oz-fast-drying-paint-solvent-acrylic-paint-thinner-to-improve-color-flow%3Fvariant%3D47190410002656,,"Hardware > Building Consumables > Solvents, Strippers & Thinners",,,XSJ-200ML-2,artgoldenmaple,1,in_stock,,,"14.99 USD",,,,,,,,new,,,,,,,,,,,,,,,,,,,,,,,,,,,,,,,,
124092,"Golden Maple",47261260382432,"2 in 1 Wet Palette Kit - Acrylic Miniature Painting - Wet Palette Kit（with 8 PCS Detail Brush+3 PCS Drybrush）","✅ Keeps Paint Fresh for Days Designed for miniature painting, our stay-wet palette keeps acrylic paint moist and workable for longer—perfect for extended sessions or layering techniques. ✅ Complete 2-in-1 Set Includes 2 wet palettes (top tray and bottom tray) and a dry palette (middle tray). A practical setup that helps you stay organized during your painting routine. ✅ Organized Brush Storage The middle tray conveniently holds your brushes and tools, keeping your workspace tidy. Great for home studios and dedicated painting areas. ✅ Premium Materials Included Comes with 4 ultra-absorbent sponges and 100 sheets of palette paper—keeping paint fresh and vibrant for days, even between sessions. ✅ Perfect for Miniature Artists & Hobbyists Compatible with acrylics, watercolors, and gouache. Ideal for miniature painting, model detailing, and Warhammer accessories.",https://artgoldenmaple.com/products/coming-soon-new-golden-maple-2-in-1-wet-palette-kit?variant=47261260382432,https://cdn.shopify.com/s/files/1/0631/8053/8080/files/2_in_1_Wet_Palette_Kit_-_Acrylic_Miniature_Painting_1.webp?v=1783589347,,,,https://www.awin1.com/cread.php?awinmid=124092&awinaffid=3002879&ued=https%3A%2F%2Fartgoldenmaple.com%2Fproducts%2Fcoming-soon-new-golden-maple-2-in-1-wet-palette-kit%3Fvariant%3D47261260382432,,,,,SPTZXM-T11-YDX,artgoldenmaple,1,in_stock,,,"44.99 USD",,,,,,,,new,,,,,,,,,,,,,,,,,,,,,,,,,,,,,,,,
124092,"Golden Maple",47261260349664,"2 in 1 Wet Palette Kit - Acrylic Miniature Painting - Only Wet Palette Kit","✅ Keeps Paint Fresh for Days Designed for miniature painting, our stay-wet palette keeps acrylic paint moist and workable for longer—perfect for extended sessions or layering techniques. ✅ Complete 2-in-1 Set Includes 2 wet palettes (top tray and bottom tray) and a dry palette (middle tray). A practical setup that helps you stay organized during your painting routine. ✅ Organized Brush Storage The middle tray conveniently holds your brushes and tools, keeping your workspace tidy. Great for home studios and dedicated painting areas. ✅ Premium Materials Included Comes with 4 ultra-absorbent sponges and 100 sheets of palette paper—keeping paint fresh and vibrant for days, even between sessions. ✅ Perfect for Miniature Artists & Hobbyists Compatible with acrylics, watercolors, and gouache. Ideal for miniature painting, model detailing, and Warhammer accessories.",https://artgoldenmaple.com/products/coming-soon-new-golden-maple-2-in-1-wet-palette-kit?variant=47261260349664,https://cdn.shopify.com/s/files/1/0631/8053/8080/files/2_in_1_Wet_Palette_Kit_-_Acrylic_Miniature_Painting_1.webp?v=1783589347,,,,https://www.awin1.com/cread.php?awinmid=124092&awinaffid=3002879&ued=https%3A%2F%2Fartgoldenmaple.com%2Fproducts%2Fcoming-soon-new-golden-maple-2-in-1-wet-palette-kit%3Fvariant%3D47261260349664,,,,,C-WS-SPSBRT302,artgoldenmaple,1,in_stock,,,"36.99 USD",,,,,,,,new,,,,,,,,,,,,,,,,,,,,,,,,,,,,,,,,
124092,"Golden Maple",47236658528480,"Double-Headed Nylon Detail Paint Brush & Goat Hair Dry Brush - 3pcs/set","Engineered for Miniature Painters — Ergonomics That MatterSpecially designed for the gestures and techniques of miniature painters. Anti-rolling shape prevents brushes from rolling off your desk. Non-slip resin handles with a textured grip reduce hand fatigue, so you can paint longer without discomfort. Double-Ended Dry Brush — Two Tips, One BrushMade with natural goat hair, soft yet resilient — perfect for drybrushing highlights, texture effects, and weathering. Two different tip sizes in one brush means less switching and more painting. Precision Nylon Detail Brush — Sharp & DurableHigh-quality nylon bristles hold a fine point for precise details, edge highlights, and fine lines. Durable enough for daily use, easy to clean, and keeps its shape over time. Versatile 3-Piece Set — Detail + Drybrush, All in OneOne set covers two essential techniques — detail work and drybrushing. Perfect for Warhammer, D&D, Gundam, and 3D printed models. A compact set that does more.",https://artgoldenmaple.com/products/pre-sell-double-head-miniature-brush-dry-brush-set?variant=47236658528480,https://cdn.shopify.com/s/files/1/0631/8053/8080/files/Double-HeadedNylonDetailPaintBrush_GoatHairDryBrush-3pcsset_1.webp?v=1783741760,,,,https://www.awin1.com/cread.php?awinmid=124092&awinaffid=3002879&ued=https%3A%2F%2Fartgoldenmaple.com%2Fproducts%2Fpre-sell-double-head-miniature-brush-dry-brush-set%3Fvariant%3D47236658528480,,"Arts & Entertainment > Hobbies & Creative Arts > Arts & Crafts > Art & Crafting Tools > Craft Measuring & Marking Tools > Art Brushes",,,PBN-W-BK-T3-clz-zuhe,artgoldenmaple,1,in_stock,,,"23.99 USD",,,,,,,,new,,,,,,,,,,,,,,,,,,,,,,,,,,,,,,,,
124092,"Golden Maple",50129675452640,"Master I: 2/0, 1, 2, 4 Kolinsky Sable Detail Brush & 3, 5, 6 Goat Hair Dry Brush - 7pcs/set - 7pcs Brush Set","Explore our 7-Piece Brush Set for Miniatures, featuring 4 premium Kolinsky sable detail brushes and 3 goat hair dry brushes. Perfect for ultra-fine lines and smooth dry brushing. The ergonomic Golden Maple handles provide comfort and control while reducing hand fatigue. Suitable for various mediums.",https://artgoldenmaple.com/products/7pcs-kolinsky-sable-miniature-brushes-drybrushes-for-miniature-painting?variant=50129675452640,https://cdn.shopify.com/s/files/1/0631/8053/8080/files/Miniature_Paint_Brush_Set_-_7pcs_1.jpg?v=1770775985,,,,https://www.awin1.com/cread.php?awinmid=124092&awinaffid=3002879&ued=https%3A%2F%2Fartgoldenmaple.com%2Fproducts%2F7pcs-kolinsky-sable-miniature-brushes-drybrushes-for-miniature-painting%3Fvariant%3D50129675452640,,"Arts & Entertainment > Hobbies & Creative Arts > Arts & Crafts > Art & Crafting Tools > Craft Measuring & Marking Tools > Art Brushes",,,PBK-W-RD-T7-zm-zuhe,artgoldenmaple,1,in_stock,,,"37.99 USD",,,,,,,,new,,,,,,,,,,,,,,,,,,,,,,,,,,,,,,,,
124092,"Golden Maple",50129675419872,"Master I: 2/0, 1, 2, 4 Kolinsky Sable Detail Brush & 3, 5, 6 Goat Hair Dry Brush - 7pcs/set - 7pcs Brush Set + 30g Brush Soap","Explore our 7-Piece Brush Set for Miniatures, featuring 4 premium Kolinsky sable detail brushes and 3 goat hair dry brushes. Perfect for ultra-fine lines and smooth dry brushing. The ergonomic Golden Maple handles provide comfort and control while reducing hand fatigue. Suitable for various mediums.",https://artgoldenmaple.com/products/7pcs-kolinsky-sable-miniature-brushes-drybrushes-for-miniature-painting?variant=50129675419872,https://cdn.shopify.com/s/files/1/0631/8053/8080/files/2_55b967b3-8218-4b17-b9f7-9aea2d5af20f.jpg?v=1773975339,,,,https://www.awin1.com/cread.php?awinmid=124092&awinaffid=3002879&ued=https%3A%2F%2Fartgoldenmaple.com%2Fproducts%2F7pcs-kolinsky-sable-miniature-brushes-drybrushes-for-miniature-painting%3Fvariant%3D50129675419872,,"Arts & Entertainment > Hobbies & Creative Arts > Arts & Crafts > Art & Crafting Tools > Craft Measuring & Marking Tools > Art Brushes",,,PBK-W-RD-T7-zm-zuheWS-XBZ-30g,artgoldenmaple,1,in_stock,,,"47.99 USD",,,,,,,,new,,,,,,,,,,,,,,,,,,,,,,,,,,,,,,,,
124092,"Golden Maple",47302768197856,"Master I: 2/0,0,1,2 Kolinsky Sable Detail Paint Brush& S,M Goat Hair Dry Brush - 7pcs/set","Premium Kolinsky Sable Hair for Ultimate PrecisionRenowned for superior elasticity and fine point retention, our Kolinsky sable miniature paint brushes deliver smooth, controlled strokes—perfect for detailed and precision-driven work. 7-Piece Comprehensive Set for Miniature PaintingIncludes 5 Kolinsky sable brushes (Sizes 2, 1, 0, 2/0, 3/0) and 2 goat hair dry brushes, covering everything from ultra-fine lines to broader strokes. Achieve exceptional versatility and control across all your detailing projects. Durable Construction for Long-Lasting PerformanceExpertly crafted to maintain their shape and responsiveness, these fine detail brushes offer outstanding durability and value, supporting consistent precision through countless painting sessions. Ergonomic GoldenMaple Handles for Comfort and ControlDesigned with artist comfort in mind, the GoldenMaple ergonomic handles provide a secure, fatigue-free grip—allowing you to paint intricate details with ease and stability for extended periods. Versatile for All Mediums and TechniquesPerfect for use with acrylics, watercolors, and other mediums, this detail paint brush set adapts seamlessly to a wide range of miniature painting techniques, ensuring the right tool for every creative endeavor.",https://artgoldenmaple.com/products/7pcs-kolinsky-sable-miniature-paint-brushes-goat-dry-brushes-1?variant=47302768197856,https://cdn.shopify.com/s/files/1/0631/8053/8080/files/Black-01_d0a161e8-5180-4e37-a3f6-5316531b0ab3.jpg?v=1745828143,,,,https://www.awin1.com/cread.php?awinmid=124092&awinaffid=3002879&ued=https%3A%2F%2Fartgoldenmaple.com%2Fproducts%2F7pcs-kolinsky-sable-miniature-paint-brushes-goat-dry-brushes-1%3Fvariant%3D47302768197856,,"Arts & Entertainment > Hobbies & Creative Arts > Arts & Crafts > Art & Crafting Tools > Craft Measuring & Marking Tools > Art Brushes",,,GM-BK-Master-T7-ydx-zuhe,artgoldenmaple,1,in_stock,,,"37.99 USD",,,,,,,,new,,,,,,,,,,,,,,,,,,,,,,,,,,,,,,,,
124092,"Golden Maple",47521121009888,"2/0 Extra Fine Tip Nylon Detail Brush - 6pcs/set - Morandi Green","Round, Size 2/0, Japanese Nylon Extra fine detail miniature paint brush:6-Pack of Size 2/0 Round fine tip detail brushes with good spring to draw smooth, accurate strokes The Most Used Brush Type by Miniature Painters; save money and get only the brush size you actually need Ultra Fine Tip Paint brush 00 :For various effects in oil, watercolor and acrylic painting, as well as nail art, these artist brushes are supplied with protective tubes, so they remain in shape after use and cleaning Easy Grip Handles: The handle is made of wood and triangular shape designed to grip easily, making you feel comfortable and secure while you hold it Very fine tip paint brush 2/0 for professionals, hobby artists, beginners, adults; Elegant design, excellent quality",https://artgoldenmaple.com/products/6pcs-2-0-extra-fine-miniature-paint-brushes?variant=47521121009888,https://cdn.shopify.com/s/files/1/0631/8053/8080/files/ExtraFineTipNylonDetailBrush-6pcsset_1.webp?v=1783589803,,,,https://www.awin1.com/cread.php?awinmid=124092&awinaffid=3002879&ued=https%3A%2F%2Fartgoldenmaple.com%2Fproducts%2F6pcs-2-0-extra-fine-miniature-paint-brushes%3Fvariant%3D47521121009888,,"Arts & Entertainment > Hobbies & Creative Arts > Arts & Crafts > Art & Crafting Tools > Craft Measuring & Marking Tools > Art Brushes",,,XWJ-MPB-018-Z,artgoldenmaple,1,in_stock,,,"14.99 USD",,,,,,,,new,,,,,,,,,,,,,,,,,,,,,,,,,,,,,,,,
124092,"Golden Maple",47344193896672,"Master Ⅰ: 3/0, 2/0, 0, 1, 2 Kolinsky Sable Miniature Detail Brushes - 000","Round, 3/0, 2/0, 0, 1, 2, Kolinsky Sable Hair 100% Kolinsky Sable Hair: Made of pure Kolinsky sable hair, unadulterated with anything else, soft and full, guaranteeing smooth flow, making these kolinsky sable miniature paint brushes perfect for detailed work. Masterclass Brush For Professional Artist: Using the stringent quality standards, this kolinsky sable brush is suitable for professional artists. Durable and Long-Lasting: Crafted with care, this fine paint brushes for detail maintain their shape and performance over time. Specifically designed as kolinsky sable paint brushes for miniature painting, it offer exceptional value for artists at large levels, ensuring consistent precision and reliability through countless projects. Ergonomic Golden Maple Handles: Designed for comfort and control, these handles allow for prolonged use. Especially beneficial when working on detailed tasks, this fine detail paint brush set ensures you can focus on your art without discomfort. The kolinsky sable detailing paint brush set features handles that provide a secure grip, enhancing precision and making intricate miniature painting more manageable and enjoyable. Versatile Application: Ideal for use with acrylics, watercolors, and other mediums, these small detail paint brushes are perfect for a variety of miniature painting projects.",https://artgoldenmaple.com/products/golden-maple-master-ⅰ-kolinsky-sable-miniature-detail-brushes?variant=47344193896672,https://cdn.shopify.com/s/files/1/0631/8053/8080/files/MasterKolinskySableMiniatureDetailBrushes_1.webp?v=1783752992,,,,https://www.awin1.com/cread.php?awinmid=124092&awinaffid=3002879&ued=https%3A%2F%2Fartgoldenmaple.com%2Fproducts%2Fgolden-maple-master-%E2%85%B0-kolinsky-sable-miniature-detail-brushes%3Fvariant%3D47344193896672,,"Arts & Entertainment > Hobbies & Creative Arts > Arts & Crafts > Art & Crafting Tools > Craft Measuring & Marking Tools > Art Brushes",,,PBM-BK-W-000-ydx-zuhe,artgoldenmaple,1,in_stock,,,"14.99 USD",,,,,,,,new,,,,,,,,,,,,,,,,,,,,,,,,,,,,,,,,
124092,"Golden Maple",47344193929440,"Master Ⅰ: 3/0, 2/0, 0, 1, 2 Kolinsky Sable Miniature Detail Brushes - 00","Round, 3/0, 2/0, 0, 1, 2, Kolinsky Sable Hair 100% Kolinsky Sable Hair: Made of pure Kolinsky sable hair, unadulterated with anything else, soft and full, guaranteeing smooth flow, making these kolinsky sable miniature paint brushes perfect for detailed work. Masterclass Brush For Professional Artist: Using the stringent quality standards, this kolinsky sable brush is suitable for professional artists. Durable and Long-Lasting: Crafted with care, this fine paint brushes for detail maintain their shape and performance over time. Specifically designed as kolinsky sable paint brushes for miniature painting, it offer exceptional value for artists at large levels, ensuring consistent precision and reliability through countless projects. Ergonomic Golden Maple Handles: Designed for comfort and control, these handles allow for prolonged use. Especially beneficial when working on detailed tasks, this fine detail paint brush set ensures you can focus on your art without discomfort. The kolinsky sable detailing paint brush set features handles that provide a secure grip, enhancing precision and making intricate miniature painting more manageable and enjoyable. Versatile Application: Ideal for use with acrylics, watercolors, and other mediums, these small detail paint brushes are perfect for a variety of miniature painting projects.",https://artgoldenmaple.com/products/golden-maple-master-ⅰ-kolinsky-sable-miniature-detail-brushes?variant=47344193929440,https://cdn.shopify.com/s/files/1/0631/8053/8080/files/MasterKolinskySableMiniatureDetailBrushes_1.webp?v=1783752992,,,,https://www.awin1.com/cread.php?awinmid=124092&awinaffid=3002879&ued=https%3A%2F%2Fartgoldenmaple.com%2Fproducts%2Fgolden-maple-master-%E2%85%B0-kolinsky-sable-miniature-detail-brushes%3Fvariant%3D47344193929440,,"Arts & Entertainment > Hobbies & Creative Arts > Arts & Crafts > Art & Crafting Tools > Craft Measuring & Marking Tools > Art Brushes",,,PBM-BK-W-00-ydx-zuhe,artgoldenmaple,1,in_stock,,,"14.99 USD",,,,,,,,new,,,,,,,,,,,,,,,,,,,,,,,,,,,,,,,,
124092,"Golden Maple",47344193962208,"Master Ⅰ: 3/0, 2/0, 0, 1, 2 Kolinsky Sable Miniature Detail Brushes - 0","Round, 3/0, 2/0, 0, 1, 2, Kolinsky Sable Hair 100% Kolinsky Sable Hair: Made of pure Kolinsky sable hair, unadulterated with anything else, soft and full, guaranteeing smooth flow, making these kolinsky sable miniature paint brushes perfect for detailed work. Masterclass Brush For Professional Artist: Using the stringent quality standards, this kolinsky sable brush is suitable for professional artists. Durable and Long-Lasting: Crafted with care, this fine paint brushes for detail maintain their shape and performance over time. Specifically designed as kolinsky sable paint brushes for miniature painting, it offer exceptional value for artists at large levels, ensuring consistent precision and reliability through countless projects. Ergonomic Golden Maple Handles: Designed for comfort and control, these handles allow for prolonged use. Especially beneficial when working on detailed tasks, this fine detail paint brush set ensures you can focus on your art without discomfort. The kolinsky sable detailing paint brush set features handles that provide a secure grip, enhancing precision and making intricate miniature painting more manageable and enjoyable. Versatile Application: Ideal for use with acrylics, watercolors, and other mediums, these small detail paint brushes are perfect for a variety of miniature painting projects.",https://artgoldenmaple.com/products/golden-maple-master-ⅰ-kolinsky-sable-miniature-detail-brushes?variant=47344193962208,https://cdn.shopify.com/s/files/1/0631/8053/8080/files/MasterKolinskySableMiniatureDetailBrushes_1.webp?v=1783752992,,,,https://www.awin1.com/cread.php?awinmid=124092&awinaffid=3002879&ued=https%3A%2F%2Fartgoldenmaple.com%2Fproducts%2Fgolden-maple-master-%E2%85%B0-kolinsky-sable-miniature-detail-brushes%3Fvariant%3D47344193962208,,"Arts & Entertainment > Hobbies & Creative Arts > Arts & Crafts > Art & Crafting Tools > Craft Measuring & Marking Tools > Art Brushes",,,PBM-BK-W-0-ydx-zuhe,artgoldenmaple,1,in_stock,,,"14.99 USD",,,,,,,,new,,,,,,,,,,,,,,,,,,,,,,,,,,,,,,,,
124092,"Golden Maple",47603487736032,"Master Ⅰ: 3/0, 2/0, 0, 1, 2 Kolinsky Sable Miniature Detail Brushes - 1","Round, 3/0, 2/0, 0, 1, 2, Kolinsky Sable Hair 100% Kolinsky Sable Hair: Made of pure Kolinsky sable hair, unadulterated with anything else, soft and full, guaranteeing smooth flow, making these kolinsky sable miniature paint brushes perfect for detailed work. Masterclass Brush For Professional Artist: Using the stringent quality standards, this kolinsky sable brush is suitable for professional artists. Durable and Long-Lasting: Crafted with care, this fine paint brushes for detail maintain their shape and performance over time. Specifically designed as kolinsky sable paint brushes for miniature painting, it offer exceptional value for artists at large levels, ensuring consistent precision and reliability through countless projects. Ergonomic Golden Maple Handles: Designed for comfort and control, these handles allow for prolonged use. Especially beneficial when working on detailed tasks, this fine detail paint brush set ensures you can focus on your art without discomfort. The kolinsky sable detailing paint brush set features handles that provide a secure grip, enhancing precision and making intricate miniature painting more manageable and enjoyable. Versatile Application: Ideal for use with acrylics, watercolors, and other mediums, these small detail paint brushes are perfect for a variety of miniature painting projects.",https://artgoldenmaple.com/products/golden-maple-master-ⅰ-kolinsky-sable-miniature-detail-brushes?variant=47603487736032,https://cdn.shopify.com/s/files/1/0631/8053/8080/files/MasterKolinskySableMiniatureDetailBrushes_1.webp?v=1783752992,,,,https://www.awin1.com/cread.php?awinmid=124092&awinaffid=3002879&ued=https%3A%2F%2Fartgoldenmaple.com%2Fproducts%2Fgolden-maple-master-%E2%85%B0-kolinsky-sable-miniature-detail-brushes%3Fvariant%3D47603487736032,,"Arts & Entertainment > Hobbies & Creative Arts > Arts & Crafts > Art & Crafting Tools > Craft Measuring & Marking Tools > Art Brushes",,,PBM-BK-W-1-ydx-zuhe,artgoldenmaple,1,in_stock,,,"14.99 USD",,,,,,,,new,,,,,,,,,,,,,,,,,,,,,,,,,,,,,,,,
124092,"Golden Maple",47603487768800,"Master Ⅰ: 3/0, 2/0, 0, 1, 2 Kolinsky Sable Miniature Detail Brushes - 2","Round, 3/0, 2/0, 0, 1, 2, Kolinsky Sable Hair 100% Kolinsky Sable Hair: Made of pure Kolinsky sable hair, unadulterated with anything else, soft and full, guaranteeing smooth flow, making these kolinsky sable miniature paint brushes perfect for detailed work. Masterclass Brush For Professional Artist: Using the stringent quality standards, this kolinsky sable brush is suitable for professional artists. Durable and Long-Lasting: Crafted with care, this fine paint brushes for detail maintain their shape and performance over time. Specifically designed as kolinsky sable paint brushes for miniature painting, it offer exceptional value for artists at large levels, ensuring consistent precision and reliability through countless projects. Ergonomic Golden Maple Handles: Designed for comfort and control, these handles allow for prolonged use. Especially beneficial when working on detailed tasks, this fine detail paint brush set ensures you can focus on your art without discomfort. The kolinsky sable detailing paint brush set features handles that provide a secure grip, enhancing precision and making intricate miniature painting more manageable and enjoyable. Versatile Application: Ideal for use with acrylics, watercolors, and other mediums, these small detail paint brushes are perfect for a variety of miniature painting projects.",https://artgoldenmaple.com/products/golden-maple-master-ⅰ-kolinsky-sable-miniature-detail-brushes?variant=47603487768800,https://cdn.shopify.com/s/files/1/0631/8053/8080/files/MasterKolinskySableMiniatureDetailBrushes_1.webp?v=1783752992,,,,https://www.awin1.com/cread.php?awinmid=124092&awinaffid=3002879&ued=https%3A%2F%2Fartgoldenmaple.com%2Fproducts%2Fgolden-maple-master-%E2%85%B0-kolinsky-sable-miniature-detail-brushes%3Fvariant%3D47603487768800,,"Arts & Entertainment > Hobbies & Creative Arts > Arts & Crafts > Art & Crafting Tools > Craft Measuring & Marking Tools > Art Brushes",,,PBM-BK-W-2-ydx-zuhe,artgoldenmaple,1,in_stock,,,"14.99 USD",,,,,,,,new,,,,,,,,,,,,,,,,,,,,,,,,,,,,,,,,
124092,"Golden Maple",47603487801568,"Master Ⅰ: 3/0, 2/0, 0, 1, 2 Kolinsky Sable Miniature Detail Brushes - 🔥A Set Of 4PCS (SAVE 33%)","Round, 3/0, 2/0, 0, 1, 2, Kolinsky Sable Hair 100% Kolinsky Sable Hair: Made of pure Kolinsky sable hair, unadulterated with anything else, soft and full, guaranteeing smooth flow, making these kolinsky sable miniature paint brushes perfect for detailed work. Masterclass Brush For Professional Artist: Using the stringent quality standards, this kolinsky sable brush is suitable for professional artists. Durable and Long-Lasting: Crafted with care, this fine paint brushes for detail maintain their shape and performance over time. Specifically designed as kolinsky sable paint brushes for miniature painting, it offer exceptional value for artists at large levels, ensuring consistent precision and reliability through countless projects. Ergonomic Golden Maple Handles: Designed for comfort and control, these handles allow for prolonged use. Especially beneficial when working on detailed tasks, this fine detail paint brush set ensures you can focus on your art without discomfort. The kolinsky sable detailing paint brush set features handles that provide a secure grip, enhancing precision and making intricate miniature painting more manageable and enjoyable. Versatile Application: Ideal for use with acrylics, watercolors, and other mediums, these small detail paint brushes are perfect for a variety of miniature painting projects.",https://artgoldenmaple.com/products/golden-maple-master-ⅰ-kolinsky-sable-miniature-detail-brushes?variant=47603487801568,https://cdn.shopify.com/s/files/1/0631/8053/8080/files/MasterKolinskySableMiniatureDetailBrushes_1.webp?v=1783752992,,,,https://www.awin1.com/cread.php?awinmid=124092&awinaffid=3002879&ued=https%3A%2F%2Fartgoldenmaple.com%2Fproducts%2Fgolden-maple-master-%E2%85%B0-kolinsky-sable-miniature-detail-brushes%3Fvariant%3D47603487801568,,"Arts & Entertainment > Hobbies & Creative Arts > Arts & Crafts > Art & Crafting Tools > Craft Measuring & Marking Tools > Art Brushes",,,PBM-BK-W-T4-WJT-zuhe,artgoldenmaple,1,in_stock,,,"34.99 USD",,,,,,,,new,,,,,,,,,,,,,,,,,,,,,,,,,,,,,,,,
124092,"Golden Maple",47371915624672,"Anatomical Cutting Mat","Anatomical Cutting Mat",https://artgoldenmaple.com/products/golden-maple-anatomical-cutting-matt?variant=47371915624672,https://cdn.shopify.com/s/files/1/0631/8053/8080/files/AnatomicalCuttingMat_1.webp?v=1783673836,,,,https://www.awin1.com/cread.php?awinmid=124092&awinaffid=3002879&ued=https%3A%2F%2Fartgoldenmaple.com%2Fproducts%2Fgolden-maple-anatomical-cutting-matt%3Fvariant%3D47371915624672,,"Arts & Entertainment > Hobbies & Creative Arts > Arts & Crafts > Art & Crafting Tools > Cutting Mats",,,WSQGD-YL,artgoldenmaple,1,in_stock,,,"20.99 USD",,,,,,,,new,,,,,,,,,,,,,,,,,,,,,,,,,,,,,,,,
124092,"Golden Maple",47385190203616,"Master Ⅰ: 5/0, 4/0, 3/0, 2/0 Kolinsky Sable Miniature Detail Brush - 4pcs/set","Detailed Description 🍁Ideal for Miniature Painting - This set contains four smallest brush sizes, perfect for ultra-fine details, miniatures, and precision work. 🍁Premium Kolinsky - Soft and flexible bristles provide excellent paint retention, smooth flow, and precise control. 🍁Carefully Handcrafted for Perfection - Each brush is carefully handcrafted with premium sable, seamless nickel-plated ferrules, and polished birch handles. 🍁Versatile and Precise - Designed for watercolor, acrylic, and gouache, it's perfect for artists, model painters, and fine detail work. 🍁Durable and Easy to Maintain - The brushes retain their shape, are easy to clean, and can last longer with proper care.",https://artgoldenmaple.com/products/golden-maple-master-ⅰ-kolinsky-sable-miniature-detail-brush-set?variant=47385190203616,https://cdn.shopify.com/s/files/1/0631/8053/8080/files/KolinskySableMiniatureDetailBrush_5.webp?v=1783753756,,,,https://www.awin1.com/cread.php?awinmid=124092&awinaffid=3002879&ued=https%3A%2F%2Fartgoldenmaple.com%2Fproducts%2Fgolden-maple-master-%E2%85%B0-kolinsky-sable-miniature-detail-brush-set%3Fvariant%3D47385190203616,,"Arts & Entertainment",,,GM-master4pcs,artgoldenmaple,1,out_of_stock,,,"34.99 USD",,,,,,,,new,,,,,,,,,,,,,,,,,,,,,,,,,,,,,,,,
124092,"Golden Maple",47390130962656,"Ultimate Mega Brush Set - 10pcs","Ultimate Mega Brush Set - 10pcs",https://artgoldenmaple.com/products/golden-maple-10pcs-ultimate-mega-brush-set?variant=47390130962656,https://cdn.shopify.com/s/files/1/0631/8053/8080/files/1_19aa9b67-56a1-4b51-b8e1-88c832158e81.jpg?v=1747732267,,,,https://www.awin1.com/cread.php?awinmid=124092&awinaffid=3002879&ued=https%3A%2F%2Fartgoldenmaple.com%2Fproducts%2Fgolden-maple-10pcs-ultimate-mega-brush-set%3Fvariant%3D47390130962656,,"Health & Beauty > Personal Care > Cosmetics > Cosmetic Tools > Make-up Tools > Make-Up Brushes",,,PB-K-W-WH-T10-LLX-zuhe,artgoldenmaple,1,in_stock,,,"42.99 USD",,,,,,,,new,,,,,,,,,,,,,,,,,,,,,,,,,,,,,,,,
124092,"Golden Maple",47400431026400,"Magnetic Bendable Alligator Clip Sticks Set - 30 PCS - Flexible Version (30PCS)","Flexible Alligator Clip Stick: Adjust model parts to any angle with this flexible rod, making it easy to paint intricate details. Strong Magnetic Base: The alligator clip stick features a strong magnet that securely holds it in place on a metal surface, ensuring stability during use. Metal Organizer Box: The included metal base not only accommodates the alligator clip sticks but also serves as an organizer—ideal for miniature model enthusiasts. Durable Rubber Tips: The rubber covers protect your models from scratches while ensuring a tight grip, allowing you to hold both heavy and delicate pieces without damage.",https://artgoldenmaple.com/products/golden-maple-metal-magnetic-alligator-parts-clamp-set?variant=47400431026400,https://cdn.shopify.com/s/files/1/0631/8053/8080/files/Alligator_Clip_Sticks_Set_1.jpg?v=1770971000,,,,https://www.awin1.com/cread.php?awinmid=124092&awinaffid=3002879&ued=https%3A%2F%2Fartgoldenmaple.com%2Fproducts%2Fgolden-maple-metal-magnetic-alligator-parts-clamp-set%3Fvariant%3D47400431026400,,"Hardware > Tools > Tool Clamps & Vices",,,KWQJZ-TZ,artgoldenmaple,1,in_stock,,,"25.99 USD",,,,,,,,new,,,,,,,,,,,,,,,,,,,,,,,,,,,,,,,,
124092,"Golden Maple",51163235582176,"Magnetic Bendable Alligator Clip Sticks Set - 30 PCS - Flexible Version (30PCS)+Painting Handle","Flexible Alligator Clip Stick: Adjust model parts to any angle with this flexible rod, making it easy to paint intricate details. Strong Magnetic Base: The alligator clip stick features a strong magnet that securely holds it in place on a metal surface, ensuring stability during use. Metal Organizer Box: The included metal base not only accommodates the alligator clip sticks but also serves as an organizer—ideal for miniature model enthusiasts. Durable Rubber Tips: The rubber covers protect your models from scratches while ensuring a tight grip, allowing you to hold both heavy and delicate pieces without damage.",https://artgoldenmaple.com/products/golden-maple-metal-magnetic-alligator-parts-clamp-set?variant=51163235582176,https://cdn.shopify.com/s/files/1/0631/8053/8080/files/1_48222891-b4a2-40cc-882c-c37e913e9d86.jpg?v=1774336789,,,,https://www.awin1.com/cread.php?awinmid=124092&awinaffid=3002879&ued=https%3A%2F%2Fartgoldenmaple.com%2Fproducts%2Fgolden-maple-metal-magnetic-alligator-parts-clamp-set%3Fvariant%3D51163235582176,,"Hardware > Tools > Tool Clamps & Vices",,,KWQJZ-TZ-WSMZSB-ZH,artgoldenmaple,1,in_stock,,,"49.99 USD",,,,,,,,new,,,,,,,,,,,,,,,,,,,,,,,,,,,,,,,,
124092,"Golden Maple",47405542506720,"Professional Dry Brush Set - 6pcs","【Goat Hair Dry Brushes】Miniature dry brush features rust proof ferrule which encases dense, semi-stiff, and springy goat bristles, as well as a slightly domed shape. Dry brush set are durable and resistant to deformation or shedding, excellent comfort that can be controlled firmly.【Various Size Options】6PC drybrush set includes brushes in different sizes to meet various painting needs.The size#5 #6 brush is ideal for applying paint on larger raised areas, while the size #2 #3 brush is perfect for handling smaller details. The entire professional brush set devoted specifically to miniatures and detail painting excellent for achieving gradual colour transitions without difficult blending techniques or airbrush.【Perfect for Model Making】Model paint brushes is specifically designed for model making and painting, making it ideal for model rendering, miniatures painting, model, enamel painting, strategic game models, model airplanes, ceramics as well as meter model and more.【Quick Drying】Embrace efficient layering and blending as our dry brush pens expedite drying times. Perfect your model with swift and precise strokes that seamlessly interact with your miniature's surface.【Dynamic Texture】Elevate your model characters from mere figurines to captivating personalities. Our Dry Brush Pens infuse your creations with a dynamic texture that brings out the character's battle-hardened details.",https://artgoldenmaple.com/products/golden-maple-professional-dry-brush-set?variant=47405542506720,https://cdn.shopify.com/s/files/1/0631/8053/8080/files/ProfessionalDryBrushSet-6pcs_1.jpg?v=1786505572,,,,https://www.awin1.com/cread.php?awinmid=124092&awinaffid=3002879&ued=https%3A%2F%2Fartgoldenmaple.com%2Fproducts%2Fgolden-maple-professional-dry-brush-set%3Fvariant%3D47405542506720,,"Arts & Entertainment > Hobbies & Creative Arts > Arts & Crafts > Art & Crafting Tools > Craft Measuring & Marking Tools > Art Brushes",,,PB-Y-W-BK-T6-LLX-OPP-zuhe,goldenmaple,1,in_stock,,,"21.99 USD",,,,,,,,new,,,,,,,,,,,,,,,,,,,,,,,,,,,,,,,,
124092,"Golden Maple",47405548798176,"Entry-Level Nylon Detail Brushes - 16pcs/set","High-Quality Nylon Bristles — Resilient & Long-LastingCrafted from premium nylon, these bristles offer excellent elasticity, spring, and durability. They hold their shape through repeated use, clean up easily, and provide consistent paint flow — perfect for learning and daily practice. Ergonomic Natural Wood Handle — Comfortable for Long SessionsFinished with a hand-lacquered process and designed with ergonomics in mind, these handles offer a comfortable, natural grip. The wood feels warm in your hand and reduces fatigue during extended painting sessions. Every brush feels like a quality tool, not a cheap throwaway. Protective Tube Caps — Safe Storage & TransportEach brush comes with a plastic tubular cap to protect the bristles from damage during storage and shipping. No bent tips, no frayed bristles — your brushes arrive ready to paint and stay protected between uses. Durable Chrome-Plated Ferrule — No Rust, No SheddingChrome-plated copper pipe interface with a smooth texture that resists rust and corrosion. The firm connection locks bristles securely in place — so you can paint without worrying about bristles falling out mid-stroke.",https://artgoldenmaple.com/products/golden-maple-entry-level-detail-brushes?variant=47405548798176,https://cdn.shopify.com/s/files/1/0631/8053/8080/files/d9ab6c9f08514fb92dbadf2efeebc88f.jpg?v=1754907011,,,,https://www.awin1.com/cread.php?awinmid=124092&awinaffid=3002879&ued=https%3A%2F%2Fartgoldenmaple.com%2Fproducts%2Fgolden-maple-entry-level-detail-brushes%3Fvariant%3D47405548798176,,"Arts & Entertainment > Hobbies & Creative Arts > Arts & Crafts > Art & Crafting Tools > Craft Measuring & Marking Tools > Art Brushes",,,PB-N-W-RB-T16-LLX-zuhe,goldenmaple,1,in_stock,,,"11.99 USD",,,,,,,,new,,,,,,,,,,,,,,,,,,,,,,,,,,,,,,,,
124092,"Golden Maple",47430331597024,"Modeling Cork Sheet 20x30cm – 1/2/3/4/6mm for Diorama, Terrain, Rock & Asphalt Effects - Fine granules-1mm","Cork sheets are incredibly versatile for miniature modelingUse them to create realistic rocks, mountains, and layered terrain. Fine-grain cork sheets can even mimic asphalt roads. The creative possibilities are endless — perfect for imaginative miniature enthusiasts. Give it a try and bring your scenes to life! Versatile Material – Rocks, Roads & Everything In BetweenWhether you need rugged cliff faces, rolling hills, or smooth asphalt roads — cork delivers. Fine grit sheets are ideal for realistic asphalt and urban roads, while coarse grit creates natural rock, stone, and terrain effects. Multiple Thicknesses – 1mm to 6mmChoose from six thickness options to match your project needs. Thin sheets (1-2mm) for flat surfaces and fine details. Thick sheets (4-6mm) for deep terrain, layered cliffs, and bold rock formations. Easy to Cut, Shape & PaintSoft yet durable cork is easy to cut with a hobby knife, layer for depth, carve for texture, and paint with acrylics. Perfect for both beginners and experienced model builders. Perfect for Tabletop Games & DioramasGreat for Warhammer 40k, D&D, scale models, model railways, and military dioramas. Build realistic battlefields, scenic bases, and immersive display pieces. Fine vs Coarse Grit – Choose the Right TextureFine Grit (1-4mm): Ideal for smooth asphalt, roads, and refined terrain.Coarse Grit (4-6mm): Great for rocky ground, boulders, cliff faces, and rugged landscapes.",https://artgoldenmaple.com/products/golden-maple-modeling-cork-sheet?variant=47430331597024,https://cdn.shopify.com/s/files/1/0631/8053/8080/files/ModelingCorkSheet_4.webp?v=1783759960,,,,https://www.awin1.com/cread.php?awinmid=124092&awinaffid=3002879&ued=https%3A%2F%2Fartgoldenmaple.com%2Fproducts%2Fgolden-maple-modeling-cork-sheet%3Fvariant%3D47430331597024,,"Arts & Entertainment > Hobbies & Creative Arts > Model Making",,,RMD-XKL-1mm,goldenmaple,1,in_stock,,,"4.99 USD",,,,,,,,new,,,,,,,,,,,,,,,,,,,,,,,,,,,,,,,,
124092,"Golden Maple",47430331629792,"Modeling Cork Sheet 20x30cm – 1/2/3/4/6mm for Diorama, Terrain, Rock & Asphalt Effects - Fine granules-2mm","Cork sheets are incredibly versatile for miniature modelingUse them to create realistic rocks, mountains, and layered terrain. Fine-grain cork sheets can even mimic asphalt roads. The creative possibilities are endless — perfect for imaginative miniature enthusiasts. Give it a try and bring your scenes to life! Versatile Material – Rocks, Roads & Everything In BetweenWhether you need rugged cliff faces, rolling hills, or smooth asphalt roads — cork delivers. Fine grit sheets are ideal for realistic asphalt and urban roads, while coarse grit creates natural rock, stone, and terrain effects. Multiple Thicknesses – 1mm to 6mmChoose from six thickness options to match your project needs. Thin sheets (1-2mm) for flat surfaces and fine details. Thick sheets (4-6mm) for deep terrain, layered cliffs, and bold rock formations. Easy to Cut, Shape & PaintSoft yet durable cork is easy to cut with a hobby knife, layer for depth, carve for texture, and paint with acrylics. Perfect for both beginners and experienced model builders. Perfect for Tabletop Games & DioramasGreat for Warhammer 40k, D&D, scale models, model railways, and military dioramas. Build realistic battlefields, scenic bases, and immersive display pieces. Fine vs Coarse Grit – Choose the Right TextureFine Grit (1-4mm): Ideal for smooth asphalt, roads, and refined terrain.Coarse Grit (4-6mm): Great for rocky ground, boulders, cliff faces, and rugged landscapes.",https://artgoldenmaple.com/products/golden-maple-modeling-cork-sheet?variant=47430331629792,https://cdn.shopify.com/s/files/1/0631/8053/8080/files/ModelingCorkSheet_6.webp?v=1783759961,,,,https://www.awin1.com/cread.php?awinmid=124092&awinaffid=3002879&ued=https%3A%2F%2Fartgoldenmaple.com%2Fproducts%2Fgolden-maple-modeling-cork-sheet%3Fvariant%3D47430331629792,,"Arts & Entertainment > Hobbies & Creative Arts > Model Making",,,RMD-XKL-2mm,goldenmaple,1,in_stock,,,"4.99 USD",,,,,,,,new,,,,,,,,,,,,,,,,,,,,,,,,,,,,,,,,
124092,"Golden Maple",47430331662560,"Modeling Cork Sheet 20x30cm – 1/2/3/4/6mm for Diorama, Terrain, Rock & Asphalt Effects - Fine granules-3mm","Cork sheets are incredibly versatile for miniature modelingUse them to create realistic rocks, mountains, and layered terrain. Fine-grain cork sheets can even mimic asphalt roads. The creative possibilities are endless — perfect for imaginative miniature enthusiasts. Give it a try and bring your scenes to life! Versatile Material – Rocks, Roads & Everything In BetweenWhether you need rugged cliff faces, rolling hills, or smooth asphalt roads — cork delivers. Fine grit sheets are ideal for realistic asphalt and urban roads, while coarse grit creates natural rock, stone, and terrain effects. Multiple Thicknesses – 1mm to 6mmChoose from six thickness options to match your project needs. Thin sheets (1-2mm) for flat surfaces and fine details. Thick sheets (4-6mm) for deep terrain, layered cliffs, and bold rock formations. Easy to Cut, Shape & PaintSoft yet durable cork is easy to cut with a hobby knife, layer for depth, carve for texture, and paint with acrylics. Perfect for both beginners and experienced model builders. Perfect for Tabletop Games & DioramasGreat for Warhammer 40k, D&D, scale models, model railways, and military dioramas. Build realistic battlefields, scenic bases, and immersive display pieces. Fine vs Coarse Grit – Choose the Right TextureFine Grit (1-4mm): Ideal for smooth asphalt, roads, and refined terrain.Coarse Grit (4-6mm): Great for rocky ground, boulders, cliff faces, and rugged landscapes.",https://artgoldenmaple.com/products/golden-maple-modeling-cork-sheet?variant=47430331662560,https://cdn.shopify.com/s/files/1/0631/8053/8080/files/ModelingCorkSheet_8.webp?v=1783759961,,,,https://www.awin1.com/cread.php?awinmid=124092&awinaffid=3002879&ued=https%3A%2F%2Fartgoldenmaple.com%2Fproducts%2Fgolden-maple-modeling-cork-sheet%3Fvariant%3D47430331662560,,"Arts & Entertainment > Hobbies & Creative Arts > Model Making",,,RMD-XKL-3mm,goldenmaple,1,in_stock,,,"4.99 USD",,,,,,,,new,,,,,,,,,,,,,,,,,,,,,,,,,,,,,,,,
124092,"Golden Maple",47430331695328,"Modeling Cork Sheet 20x30cm – 1/2/3/4/6mm for Diorama, Terrain, Rock & Asphalt Effects - Fine granules-4mm","Cork sheets are incredibly versatile for miniature modelingUse them to create realistic rocks, mountains, and layered terrain. Fine-grain cork sheets can even mimic asphalt roads. The creative possibilities are endless — perfect for imaginative miniature enthusiasts. Give it a try and bring your scenes to life! Versatile Material – Rocks, Roads & Everything In BetweenWhether you need rugged cliff faces, rolling hills, or smooth asphalt roads — cork delivers. Fine grit sheets are ideal for realistic asphalt and urban roads, while coarse grit creates natural rock, stone, and terrain effects. Multiple Thicknesses – 1mm to 6mmChoose from six thickness options to match your project needs. Thin sheets (1-2mm) for flat surfaces and fine details. Thick sheets (4-6mm) for deep terrain, layered cliffs, and bold rock formations. Easy to Cut, Shape & PaintSoft yet durable cork is easy to cut with a hobby knife, layer for depth, carve for texture, and paint with acrylics. Perfect for both beginners and experienced model builders. Perfect for Tabletop Games & DioramasGreat for Warhammer 40k, D&D, scale models, model railways, and military dioramas. Build realistic battlefields, scenic bases, and immersive display pieces. Fine vs Coarse Grit – Choose the Right TextureFine Grit (1-4mm): Ideal for smooth asphalt, roads, and refined terrain.Coarse Grit (4-6mm): Great for rocky ground, boulders, cliff faces, and rugged landscapes.",https://artgoldenmaple.com/products/golden-maple-modeling-cork-sheet?variant=47430331695328,https://cdn.shopify.com/s/files/1/0631/8053/8080/files/ModelingCorkSheet_9.webp?v=1783759961,,,,https://www.awin1.com/cread.php?awinmid=124092&awinaffid=3002879&ued=https%3A%2F%2Fartgoldenmaple.com%2Fproducts%2Fgolden-maple-modeling-cork-sheet%3Fvariant%3D47430331695328,,"Arts & Entertainment > Hobbies & Creative Arts > Model Making",,,RMD-XKL-4mm,goldenmaple,1,in_stock,,,"4.99 USD",,,,,,,,new,,,,,,,,,,,,,,,,,,,,,,,,,,,,,,,,
124092,"Golden Maple",47430331728096,"Modeling Cork Sheet 20x30cm – 1/2/3/4/6mm for Diorama, Terrain, Rock & Asphalt Effects - Fine granules set","Cork sheets are incredibly versatile for miniature modelingUse them to create realistic rocks, mountains, and layered terrain. Fine-grain cork sheets can even mimic asphalt roads. The creative possibilities are endless — perfect for imaginative miniature enthusiasts. Give it a try and bring your scenes to life! Versatile Material – Rocks, Roads & Everything In BetweenWhether you need rugged cliff faces, rolling hills, or smooth asphalt roads — cork delivers. Fine grit sheets are ideal for realistic asphalt and urban roads, while coarse grit creates natural rock, stone, and terrain effects. Multiple Thicknesses – 1mm to 6mmChoose from six thickness options to match your project needs. Thin sheets (1-2mm) for flat surfaces and fine details. Thick sheets (4-6mm) for deep terrain, layered cliffs, and bold rock formations. Easy to Cut, Shape & PaintSoft yet durable cork is easy to cut with a hobby knife, layer for depth, carve for texture, and paint with acrylics. Perfect for both beginners and experienced model builders. Perfect for Tabletop Games & DioramasGreat for Warhammer 40k, D&D, scale models, model railways, and military dioramas. Build realistic battlefields, scenic bases, and immersive display pieces. Fine vs Coarse Grit – Choose the Right TextureFine Grit (1-4mm): Ideal for smooth asphalt, roads, and refined terrain.Coarse Grit (4-6mm): Great for rocky ground, boulders, cliff faces, and rugged landscapes.",https://artgoldenmaple.com/products/golden-maple-modeling-cork-sheet?variant=47430331728096,https://cdn.shopify.com/s/files/1/0631/8053/8080/files/ModelingCorkSheet_14.webp?v=1783759960,,,,https://www.awin1.com/cread.php?awinmid=124092&awinaffid=3002879&ued=https%3A%2F%2Fartgoldenmaple.com%2Fproducts%2Fgolden-maple-modeling-cork-sheet%3Fvariant%3D47430331728096,,"Arts & Entertainment > Hobbies & Creative Arts > Model Making",,,RMD-XKL-ZH,goldenmaple,1,out_of_stock,,,"12.99 USD",,,,,,,,new,,,,,,,,,,,,,,,,,,,,,,,,,,,,,,,,
124092,"Golden Maple",47430331760864,"Modeling Cork Sheet 20x30cm – 1/2/3/4/6mm for Diorama, Terrain, Rock & Asphalt Effects - Large granules-4mm","Cork sheets are incredibly versatile for miniature modelingUse them to create realistic rocks, mountains, and layered terrain. Fine-grain cork sheets can even mimic asphalt roads. The creative possibilities are endless — perfect for imaginative miniature enthusiasts. Give it a try and bring your scenes to life! Versatile Material – Rocks, Roads & Everything In BetweenWhether you need rugged cliff faces, rolling hills, or smooth asphalt roads — cork delivers. Fine grit sheets are ideal for realistic asphalt and urban roads, while coarse grit creates natural rock, stone, and terrain effects. Multiple Thicknesses – 1mm to 6mmChoose from six thickness options to match your project needs. Thin sheets (1-2mm) for flat surfaces and fine details. Thick sheets (4-6mm) for deep terrain, layered cliffs, and bold rock formations. Easy to Cut, Shape & PaintSoft yet durable cork is easy to cut with a hobby knife, layer for depth, carve for texture, and paint with acrylics. Perfect for both beginners and experienced model builders. Perfect for Tabletop Games & DioramasGreat for Warhammer 40k, D&D, scale models, model railways, and military dioramas. Build realistic battlefields, scenic bases, and immersive display pieces. Fine vs Coarse Grit – Choose the Right TextureFine Grit (1-4mm): Ideal for smooth asphalt, roads, and refined terrain.Coarse Grit (4-6mm): Great for rocky ground, boulders, cliff faces, and rugged landscapes.",https://artgoldenmaple.com/products/golden-maple-modeling-cork-sheet?variant=47430331760864,https://cdn.shopify.com/s/files/1/0631/8053/8080/files/ModelingCorkSheet_5.webp?v=1783759961,,,,https://www.awin1.com/cread.php?awinmid=124092&awinaffid=3002879&ued=https%3A%2F%2Fartgoldenmaple.com%2Fproducts%2Fgolden-maple-modeling-cork-sheet%3Fvariant%3D47430331760864,,"Arts & Entertainment > Hobbies & Creative Arts > Model Making",,,RMD-DKL-4mm,goldenmaple,1,out_of_stock,,,"4.99 USD",,,,,,,,new,,,,,,,,,,,,,,,,,,,,,,,,,,,,,,,,
124092,"Golden Maple",47430331826400,"Modeling Cork Sheet 20x30cm – 1/2/3/4/6mm for Diorama, Terrain, Rock & Asphalt Effects - Large granules-6mm","Cork sheets are incredibly versatile for miniature modelingUse them to create realistic rocks, mountains, and layered terrain. Fine-grain cork sheets can even mimic asphalt roads. The creative possibilities are endless — perfect for imaginative miniature enthusiasts. Give it a try and bring your scenes to life! Versatile Material – Rocks, Roads & Everything In BetweenWhether you need rugged cliff faces, rolling hills, or smooth asphalt roads — cork delivers. Fine grit sheets are ideal for realistic asphalt and urban roads, while coarse grit creates natural rock, stone, and terrain effects. Multiple Thicknesses – 1mm to 6mmChoose from six thickness options to match your project needs. Thin sheets (1-2mm) for flat surfaces and fine details. Thick sheets (4-6mm) for deep terrain, layered cliffs, and bold rock formations. Easy to Cut, Shape & PaintSoft yet durable cork is easy to cut with a hobby knife, layer for depth, carve for texture, and paint with acrylics. Perfect for both beginners and experienced model builders. Perfect for Tabletop Games & DioramasGreat for Warhammer 40k, D&D, scale models, model railways, and military dioramas. Build realistic battlefields, scenic bases, and immersive display pieces. Fine vs Coarse Grit – Choose the Right TextureFine Grit (1-4mm): Ideal for smooth asphalt, roads, and refined terrain.Coarse Grit (4-6mm): Great for rocky ground, boulders, cliff faces, and rugged landscapes.",https://artgoldenmaple.com/products/golden-maple-modeling-cork-sheet?variant=47430331826400,https://cdn.shopify.com/s/files/1/0631/8053/8080/files/ModelingCorkSheet_12.webp?v=1783759960,,,,https://www.awin1.com/cread.php?awinmid=124092&awinaffid=3002879&ued=https%3A%2F%2Fartgoldenmaple.com%2Fproducts%2Fgolden-maple-modeling-cork-sheet%3Fvariant%3D47430331826400,,"Arts & Entertainment > Hobbies & Creative Arts > Model Making",,,DXRMD-6MM-LM,goldenmaple,1,in_stock,,,"4.99 USD",,,,,,,,new,,,,,,,,,,,,,,,,,,,,,,,,,,,,,,,,
124092,"Golden Maple",47430331859168,"Modeling Cork Sheet 20x30cm – 1/2/3/4/6mm for Diorama, Terrain, Rock & Asphalt Effects - Large granules set","Cork sheets are incredibly versatile for miniature modelingUse them to create realistic rocks, mountains, and layered terrain. Fine-grain cork sheets can even mimic asphalt roads. The creative possibilities are endless — perfect for imaginative miniature enthusiasts. Give it a try and bring your scenes to life! Versatile Material – Rocks, Roads & Everything In BetweenWhether you need rugged cliff faces, rolling hills, or smooth asphalt roads — cork delivers. Fine grit sheets are ideal for realistic asphalt and urban roads, while coarse grit creates natural rock, stone, and terrain effects. Multiple Thicknesses – 1mm to 6mmChoose from six thickness options to match your project needs. Thin sheets (1-2mm) for flat surfaces and fine details. Thick sheets (4-6mm) for deep terrain, layered cliffs, and bold rock formations. Easy to Cut, Shape & PaintSoft yet durable cork is easy to cut with a hobby knife, layer for depth, carve for texture, and paint with acrylics. Perfect for both beginners and experienced model builders. Perfect for Tabletop Games & DioramasGreat for Warhammer 40k, D&D, scale models, model railways, and military dioramas. Build realistic battlefields, scenic bases, and immersive display pieces. Fine vs Coarse Grit – Choose the Right TextureFine Grit (1-4mm): Ideal for smooth asphalt, roads, and refined terrain.Coarse Grit (4-6mm): Great for rocky ground, boulders, cliff faces, and rugged landscapes.",https://artgoldenmaple.com/products/golden-maple-modeling-cork-sheet?variant=47430331859168,https://cdn.shopify.com/s/files/1/0631/8053/8080/files/ModelingCorkSheet_13.webp?v=1783759961,,,,https://www.awin1.com/cread.php?awinmid=124092&awinaffid=3002879&ued=https%3A%2F%2Fartgoldenmaple.com%2Fproducts%2Fgolden-maple-modeling-cork-sheet%3Fvariant%3D47430331859168,,"Arts & Entertainment > Hobbies & Creative Arts > Model Making",,,RMD-DKL-ZH,goldenmaple,1,out_of_stock,,,"7.99 USD",,,,,,,,new,,,,,,,,,,,,,,,,,,,,,,,,,,,,,,,,
124092,"Golden Maple",47430356041952,"Dry Brush Sponge Box - Black Sponge","Dry Brush Sponge Box",https://artgoldenmaple.com/products/golden-maple-dry-brush-sponge-box?variant=47430356041952,https://cdn.shopify.com/s/files/1/0631/8053/8080/files/2_de32dbec-294a-4594-854a-eaff0f5deaec.jpg?v=1749718636,,,,https://www.awin1.com/cread.php?awinmid=124092&awinaffid=3002879&ued=https%3A%2F%2Fartgoldenmaple.com%2Fproducts%2Fgolden-maple-dry-brush-sponge-box%3Fvariant%3D47430356041952,,,,,HMH-HHM-Y-zuhe,goldenmaple,1,in_stock,,,"4.99 USD",,,,,,,,new,,,,,,,,,,,,,,,,,,,,,,,,,,,,,,,,
124092,"Golden Maple",47430356074720,"Dry Brush Sponge Box - White Sponge","Dry Brush Sponge Box",https://artgoldenmaple.com/products/golden-maple-dry-brush-sponge-box?variant=47430356074720,https://cdn.shopify.com/s/files/1/0631/8053/8080/files/3_a02ec784-b69c-4d7e-9f0c-b233884e5aac.jpg?v=1749718636,,,,https://www.awin1.com/cread.php?awinmid=124092&awinaffid=3002879&ued=https%3A%2F%2Fartgoldenmaple.com%2Fproducts%2Fgolden-maple-dry-brush-sponge-box%3Fvariant%3D47430356074720,,,,,HMH-BHM-R-zuhe,goldenmaple,1,in_stock,,,"4.99 USD",,,,,,,,new,,,,,,,,,,,,,,,,,,,,,,,,,,,,,,,,
124092,"Golden Maple",47430356107488,"Dry Brush Sponge Box - A Set of Two（Black+White）","Dry Brush Sponge Box",https://artgoldenmaple.com/products/golden-maple-dry-brush-sponge-box?variant=47430356107488,https://cdn.shopify.com/s/files/1/0631/8053/8080/files/1_2cc2e9af-9bf7-4f31-9ecf-6f10215f8fed.jpg?v=1749718636,,,,https://www.awin1.com/cread.php?awinmid=124092&awinaffid=3002879&ued=https%3A%2F%2Fartgoldenmaple.com%2Fproducts%2Fgolden-maple-dry-brush-sponge-box%3Fvariant%3D47430356107488,,,,,HMH-HB-ZHTZ,goldenmaple,1,in_stock,,,"8.99 USD",,,,,,,,new,,,,,,,,,,,,,,,,,,,,,,,,,,,,,,,,
124092,"Golden Maple",47430388941024,"Simulated Leaves - Spring Leaves","Simulated Leaves",https://artgoldenmaple.com/products/golden-maple-simulated-leaves?variant=47430388941024,https://cdn.shopify.com/s/files/1/0631/8053/8080/files/SimulatedLeaves_1.webp?v=1784787252,,,,https://www.awin1.com/cread.php?awinmid=124092&awinaffid=3002879&ued=https%3A%2F%2Fartgoldenmaple.com%2Fproducts%2Fgolden-maple-simulated-leaves%3Fvariant%3D47430388941024,,"Arts & Entertainment > Hobbies & Creative Arts > Arts & Crafts > Art & Crafting Materials > Embellishments & Trims > Appliques & Patches",,,SYMX1-100ml-LM-ZH,goldenmaple,1,in_stock,,,"12.99 USD",,,,,,,,new,,,,,,,,,,,,,,,,,,,,,,,,,,,,,,,,
124092,"Golden Maple",47430388973792,"Simulated Leaves - Early Autumn Leaves","Simulated Leaves",https://artgoldenmaple.com/products/golden-maple-simulated-leaves?variant=47430388973792,https://cdn.shopify.com/s/files/1/0631/8053/8080/files/SimulatedLeaves_2.webp?v=1784787251,,,,https://www.awin1.com/cread.php?awinmid=124092&awinaffid=3002879&ued=https%3A%2F%2Fartgoldenmaple.com%2Fproducts%2Fgolden-maple-simulated-leaves%3Fvariant%3D47430388973792,,"Arts & Entertainment > Hobbies & Creative Arts > Arts & Crafts > Art & Crafting Materials > Embellishments & Trims > Appliques & Patches",,,SYMX-DKS-100ml-ZH,goldenmaple,1,in_stock,,,"12.99 USD",,,,,,,,new,,,,,,,,,,,,,,,,,,,,,,,,,,,,,,,,
124092,"Golden Maple",47430389006560,"Simulated Leaves - Autumn Yellow Leaves","Simulated Leaves",https://artgoldenmaple.com/products/golden-maple-simulated-leaves?variant=47430389006560,https://cdn.shopify.com/s/files/1/0631/8053/8080/files/SimulatedLeaves_3.webp?v=1784787251,,,,https://www.awin1.com/cread.php?awinmid=124092&awinaffid=3002879&ued=https%3A%2F%2Fartgoldenmaple.com%2Fproducts%2Fgolden-maple-simulated-leaves%3Fvariant%3D47430389006560,,"Arts & Entertainment > Hobbies & Creative Arts > Arts & Crafts > Art & Crafting Materials > Embellishments & Trims > Appliques & Patches",,,SY-HS-FZ-100ml-ZH,goldenmaple,1,in_stock,,,"12.99 USD",,,,,,,,new,,,,,,,,,,,,,,,,,,,,,,,,,,,,,,,,
124092,"Golden Maple",47430389039328,"Simulated Leaves - Autumn Red Leaves","Simulated Leaves",https://artgoldenmaple.com/products/golden-maple-simulated-leaves?variant=47430389039328,https://cdn.shopify.com/s/files/1/0631/8053/8080/files/SimulatedLeaves_4.webp?v=1784787251,,,,https://www.awin1.com/cread.php?awinmid=124092&awinaffid=3002879&ued=https%3A%2F%2Fartgoldenmaple.com%2Fproducts%2Fgolden-maple-simulated-leaves%3Fvariant%3D47430389039328,,"Arts & Entertainment > Hobbies & Creative Arts > Arts & Crafts > Art & Crafting Materials > Embellishments & Trims > Appliques & Patches",,,SYMX-QHS-100ml-ZH,goldenmaple,1,in_stock,,,"12.99 USD",,,,,,,,new,,,,,,,,,,,,,,,,,,,,,,,,,,,,,,,,
124092,"Golden Maple",47430403522784,"Double-Headed Weathering Dry Brush Set -3pcs - Version 1","Double-Headed Weathering Dry Brush Set -3pcs",https://artgoldenmaple.com/products/golden-maple-double-headed-weathering-dry-brush?variant=47430403522784,https://cdn.shopify.com/s/files/1/0631/8053/8080/files/8_14465446-6a65-45d7-9a1a-523a905f35e7.jpg?v=1748595897,,,,https://www.awin1.com/cread.php?awinmid=124092&awinaffid=3002879&ued=https%3A%2F%2Fartgoldenmaple.com%2Fproducts%2Fgolden-maple-double-headed-weathering-dry-brush%3Fvariant%3D47430403522784,,"Arts & Entertainment > Hobbies & Creative Arts > Arts & Crafts > Art & Crafting Tools > Craft Measuring & Marking Tools > Art Brushes",,,STGSB-JH-SJT-WGY-ZUHE,goldenmaple,1,in_stock,,,"4.99 USD",,,,,,,,new,,,,,,,,,,,,,,,,,,,,,,,,,,,,,,,,
124092,"Golden Maple",47430403555552,"Double-Headed Weathering Dry Brush Set -3pcs - Version 2","Double-Headed Weathering Dry Brush Set -3pcs",https://artgoldenmaple.com/products/golden-maple-double-headed-weathering-dry-brush?variant=47430403555552,https://cdn.shopify.com/s/files/1/0631/8053/8080/files/4_e1100891-4058-4a4e-8ad9-be6ce764cdf0.jpg?v=1766545512,,,,https://www.awin1.com/cread.php?awinmid=124092&awinaffid=3002879&ued=https%3A%2F%2Fartgoldenmaple.com%2Fproducts%2Fgolden-maple-double-headed-weathering-dry-brush%3Fvariant%3D47430403555552,,"Arts & Entertainment > Hobbies & Creative Arts > Arts & Crafts > Art & Crafting Tools > Craft Measuring & Marking Tools > Art Brushes",,,STGSB-CK-SJT-LYP,goldenmaple,1,out_of_stock,,,"4.99 USD",,,,,,,,new,,,,,,,,,,,,,,,,,,,,,,,,,,,,,,,,
124092,"Golden Maple",47435830919392,"Nylon Dry Sweep / Clean Large Bristle Brush - Round","Nylon Dry Sweep / Clean Large Bristle Brush",https://artgoldenmaple.com/products/golden-maple-large-dry-sweep-clean-bristle-brush?variant=47435830919392,https://cdn.shopify.com/s/files/1/0631/8053/8080/files/12_6e1e2597-54e8-4a17-bc12-69dec09f048e.jpg?v=1748596471,,,,https://www.awin1.com/cread.php?awinmid=124092&awinaffid=3002879&ued=https%3A%2F%2Fartgoldenmaple.com%2Fproducts%2Fgolden-maple-large-dry-sweep-clean-bristle-brush%3Fvariant%3D47435830919392,,"Hardware > Tools > Painting Tools > Paint Brushes",,,NLGSCCS-RM-LYP,goldenmaple,1,in_stock,,,"6.99 USD",,,,,,,,new,,,,,,,,,,,,,,,,,,,,,,,,,,,,,,,,
124092,"Golden Maple",47435830952160,"Nylon Dry Sweep / Clean Large Bristle Brush - Flat","Nylon Dry Sweep / Clean Large Bristle Brush",https://artgoldenmaple.com/products/golden-maple-large-dry-sweep-clean-bristle-brush?variant=47435830952160,https://cdn.shopify.com/s/files/1/0631/8053/8080/files/13_712a6d87-f3cb-4117-b6e6-f16e8ca7d56b.jpg?v=1748596472,,,,https://www.awin1.com/cread.php?awinmid=124092&awinaffid=3002879&ued=https%3A%2F%2Fartgoldenmaple.com%2Fproducts%2Fgolden-maple-large-dry-sweep-clean-bristle-brush%3Fvariant%3D47435830952160,,"Hardware > Tools > Painting Tools > Paint Brushes",,,NLGSCCS-YM-LYP,goldenmaple,1,in_stock,,,"6.99 USD",,,,,,,,new,,,,,,,,,,,,,,,,,,,,,,,,,,,,,,,,
124092,"Golden Maple",47435835736288,"Flat Horsehair & Filbert Synthetic Dry Brush - 6pcs/pcs","Size 0,1 Flat Horsehair / Size 2,3 Flat Synthetic / Size 3,4 Filbert Synthetic Two Materials — Horsehair & SyntheticIncludes 2 horsehair brushes (Size 0, 1) for soft, delicate drybrushing and 4 synthetic brushes (Size 2, 3 flat; Size 3, 4 filbert) for heavy-duty texture work. The perfect blend of softness and durability. Flat & Filbert — Every Shape You NeedFlat heads for even coverage on large surfaces, filbert heads for curved areas and smooth transitions. No awkward angles, no missed spots — just clean, consistent results. Maximum Control — Faster, Cleaner, More PreciseFirm bristles give you the control you need to place paint exactly where you want it. Less dust, less mess, less time — just efficient drybrushing every time. Smooth Blends — No Harsh StreaksDesigned for even paint distribution. Achieve natural highlights and smooth transitions without patchy stripes or uneven texture. Professional results, made simple.",https://artgoldenmaple.com/products/golden-maple-flat-filbert-brush-set?variant=47435835736288,https://cdn.shopify.com/s/files/1/0631/8053/8080/files/FlatHorsehair_FilbertSyntheticDryBrush-6pcspcs_1.jpg?v=1786433589,,,,https://www.awin1.com/cread.php?awinmid=124092&awinaffid=3002879&ued=https%3A%2F%2Fartgoldenmaple.com%2Fproducts%2Fgolden-maple-flat-filbert-brush-set%3Fvariant%3D47435835736288,,"Arts & Entertainment > Hobbies & Creative Arts > Arts & Crafts > Art & Crafting Tools > Craft Measuring & Marking Tools > Art Brushes",,,PBK-N-W-T6-LM,goldenmaple,1,in_stock,,,"23.99 USD",,,,,,,,new,,,,,,,,,,,,,,,,,,,,,,,,,,,,,,,,
124092,"Golden Maple",47474853052640,"Metal Palette - Version 1","Metal Palette",https://artgoldenmaple.com/products/golden-maple-metal-palette?variant=47474853052640,https://cdn.shopify.com/s/files/1/0631/8053/8080/files/1_d2f818d9-927d-4a8e-b4f8-7ce33c509f5e.jpg?v=1749699080,,,,https://www.awin1.com/cread.php?awinmid=124092&awinaffid=3002879&ued=https%3A%2F%2Fartgoldenmaple.com%2Fproducts%2Fgolden-maple-metal-palette%3Fvariant%3D47474853052640,,"Arts & Entertainment > Hobbies & Creative Arts > Arts & Crafts > Art & Crafting Tools > Colour Mixing Tools > Palettes",,,LHJTSP-FXLG-LM,goldenmaple,1,in_stock,,,"4.99 USD",,,,,,,,new,,,,,,,,,,,,,,,,,,,,,,,,,,,,,,,,
124092,"Golden Maple",47474853085408,"Metal Palette - Version 2","Metal Palette",https://artgoldenmaple.com/products/golden-maple-metal-palette?variant=47474853085408,https://cdn.shopify.com/s/files/1/0631/8053/8080/files/2_51491d6a-8dfc-4c3d-baec-bcec316a7341.jpg?v=1749699080,,,,https://www.awin1.com/cread.php?awinmid=124092&awinaffid=3002879&ued=https%3A%2F%2Fartgoldenmaple.com%2Fproducts%2Fgolden-maple-metal-palette%3Fvariant%3D47474853085408,,"Arts & Entertainment > Hobbies & Creative Arts > Arts & Crafts > Art & Crafting Tools > Colour Mixing Tools > Palettes",,,LHJTSP-YXQG-LH,goldenmaple,1,in_stock,,,"4.99 USD",,,,,,,,new,,,,,,,,,,,,,,,,,,,,,,,,,,,,,,,,
124092,"Golden Maple",47474853118176,"Metal Palette - Version 3","Metal Palette",https://artgoldenmaple.com/products/golden-maple-metal-palette?variant=47474853118176,https://cdn.shopify.com/s/files/1/0631/8053/8080/files/3_214907a0-a3e2-41ab-a7cf-89a876a9e3d6.jpg?v=1749699080,,,,https://www.awin1.com/cread.php?awinmid=124092&awinaffid=3002879&ued=https%3A%2F%2Fartgoldenmaple.com%2Fproducts%2Fgolden-maple-metal-palette%3Fvariant%3D47474853118176,,"Arts & Entertainment > Hobbies & Creative Arts > Arts & Crafts > Art & Crafting Tools > Colour Mixing Tools > Palettes",,,LHJTSP-YXSG-DH,goldenmaple,1,in_stock,,,"4.99 USD",,,,,,,,new,,,,,,,,,,,,,,,,,,,,,,,,,,,,,,,,
124092,"Golden Maple",47475059818720,"Copper Rod - 0.2mm (5PCS)","Copper Rod",https://artgoldenmaple.com/products/golden-maple-copper-rod?variant=47475059818720,https://cdn.shopify.com/s/files/1/0631/8053/8080/files/1_3457bda8-3237-4539-b57d-ebb68565fe9f.jpg?v=1749699044,,,,https://www.awin1.com/cread.php?awinmid=124092&awinaffid=3002879&ued=https%3A%2F%2Fartgoldenmaple.com%2Fproducts%2Fgolden-maple-copper-rod%3Fvariant%3D47475059818720,,"Arts & Entertainment > Hobbies & Creative Arts > Arts & Crafts > Art & Crafting Materials > Crafting Wire > Craft Pipe Cleaners",,,,goldenmaple,,out_of_stock,,,"4.99 USD",,,,,,,,new,,,,,,,,,,,,,,,,,,,,,,,,,,,,,,,,
124092,"Golden Maple",47475059851488,"Copper Rod - 0.3mm (5PCS)","Copper Rod",https://artgoldenmaple.com/products/golden-maple-copper-rod?variant=47475059851488,https://cdn.shopify.com/s/files/1/0631/8053/8080/files/2_2a3ed8db-05c6-4a4f-9909-75c8461ba377.jpg?v=1749699044,,,,https://www.awin1.com/cread.php?awinmid=124092&awinaffid=3002879&ued=https%3A%2F%2Fartgoldenmaple.com%2Fproducts%2Fgolden-maple-copper-rod%3Fvariant%3D47475059851488,,"Arts & Entertainment > Hobbies & Creative Arts > Arts & Crafts > Art & Crafting Materials > Crafting Wire > Craft Pipe Cleaners",,,,goldenmaple,,out_of_stock,,,"4.99 USD",,,,,,,,new,,,,,,,,,,,,,,,,,,,,,,,,,,,,,,,,
124092,"Golden Maple",47475059884256,"Copper Rod - 0.5mm (5PCS)","Copper Rod",https://artgoldenmaple.com/products/golden-maple-copper-rod?variant=47475059884256,https://cdn.shopify.com/s/files/1/0631/8053/8080/files/3_29974167-c428-4761-8c2c-b142ee403acf.jpg?v=1749699044,,,,https://www.awin1.com/cread.php?awinmid=124092&awinaffid=3002879&ued=https%3A%2F%2Fartgoldenmaple.com%2Fproducts%2Fgolden-maple-copper-rod%3Fvariant%3D47475059884256,,"Arts & Entertainment > Hobbies & Creative Arts > Arts & Crafts > Art & Crafting Materials > Crafting Wire > Craft Pipe Cleaners",,,TB-MXDZ-LM,goldenmaple,1,in_stock,,,"4.99 USD",,,,,,,,new,,,,,,,,,,,,,,,,,,,,,,,,,,,,,,,,
124092,"Golden Maple",47475059917024,"Copper Rod - 1.0mm (5PCS)","Copper Rod",https://artgoldenmaple.com/products/golden-maple-copper-rod?variant=47475059917024,https://cdn.shopify.com/s/files/1/0631/8053/8080/files/4_6ba26107-5b40-4ff2-9ec8-09c0048fe55b.jpg?v=1749699044,,,,https://www.awin1.com/cread.php?awinmid=124092&awinaffid=3002879&ued=https%3A%2F%2Fartgoldenmaple.com%2Fproducts%2Fgolden-maple-copper-rod%3Fvariant%3D47475059917024,,"Arts & Entertainment > Hobbies & Creative Arts > Arts & Crafts > Art & Crafting Materials > Crafting Wire > Craft Pipe Cleaners",,,,goldenmaple,,out_of_stock,,,"5.49 USD",,,,,,,,new,,,,,,,,,,,,,,,,,,,,,,,,,,,,,,,,
124092,"Golden Maple",47475059949792,"Copper Rod - 1.5mm (5PCS)","Copper Rod",https://artgoldenmaple.com/products/golden-maple-copper-rod?variant=47475059949792,https://cdn.shopify.com/s/files/1/0631/8053/8080/files/5_6076b931-79df-446e-8a6a-b30ecb6026dc.jpg?v=1749699044,,,,https://www.awin1.com/cread.php?awinmid=124092&awinaffid=3002879&ued=https%3A%2F%2Fartgoldenmaple.com%2Fproducts%2Fgolden-maple-copper-rod%3Fvariant%3D47475059949792,,"Arts & Entertainment > Hobbies & Creative Arts > Arts & Crafts > Art & Crafting Materials > Crafting Wire > Craft Pipe Cleaners",,,TB-MXDZ-T1.5-LM,goldenmaple,1,in_stock,,,"5.49 USD",,,,,,,,new,,,,,,,,,,,,,,,,,,,,,,,,,,,,,,,,
124092,"Golden Maple",47475059982560,"Copper Rod - 2.0mm (5PCS)","Copper Rod",https://artgoldenmaple.com/products/golden-maple-copper-rod?variant=47475059982560,https://cdn.shopify.com/s/files/1/0631/8053/8080/files/6_3805fde8-1619-4fdd-bd43-4f6148edcb70.jpg?v=1749699044,,,,https://www.awin1.com/cread.php?awinmid=124092&awinaffid=3002879&ued=https%3A%2F%2Fartgoldenmaple.com%2Fproducts%2Fgolden-maple-copper-rod%3Fvariant%3D47475059982560,,"Arts & Entertainment > Hobbies & Creative Arts > Arts & Crafts > Art & Crafting Materials > Crafting Wire > Craft Pipe Cleaners",,,TB-MXDZ-T2-LM,goldenmaple,1,in_stock,,,"5.99 USD",,,,,,,,new,,,,,,,,,,,,,,,,,,,,,,,,,,,,,,,,
124092,"Golden Maple",47475060015328,"Copper Rod - 2.5mm (5PCS)","Copper Rod",https://artgoldenmaple.com/products/golden-maple-copper-rod?variant=47475060015328,https://cdn.shopify.com/s/files/1/0631/8053/8080/files/7_f0783651-ecac-40a8-b7f3-df644dbcccfb.jpg?v=1749699044,,,,https://www.awin1.com/cread.php?awinmid=124092&awinaffid=3002879&ued=https%3A%2F%2Fartgoldenmaple.com%2Fproducts%2Fgolden-maple-copper-rod%3Fvariant%3D47475060015328,,"Arts & Entertainment > Hobbies & Creative Arts > Arts & Crafts > Art & Crafting Materials > Crafting Wire > Craft Pipe Cleaners",,,,goldenmaple,,out_of_stock,,,"5.99 USD",,,,,,,,new,,,,,,,,,,,,,,,,,,,,,,,,,,,,,,,,
124092,"Golden Maple",47475060048096,"Copper Rod - 3.0mm (5PCS)","Copper Rod",https://artgoldenmaple.com/products/golden-maple-copper-rod?variant=47475060048096,https://cdn.shopify.com/s/files/1/0631/8053/8080/files/8_69aa1525-1b14-4e5d-98f8-5afb1f9024a6.jpg?v=1749699044,,,,https://www.awin1.com/cread.php?awinmid=124092&awinaffid=3002879&ued=https%3A%2F%2Fartgoldenmaple.com%2Fproducts%2Fgolden-maple-copper-rod%3Fvariant%3D47475060048096,,"Arts & Entertainment > Hobbies & Creative Arts > Arts & Crafts > Art & Crafting Materials > Crafting Wire > Craft Pipe Cleaners",,,TB-MXDZ-T3-LM,goldenmaple,1,in_stock,,,"6.49 USD",,,,,,,,new,,,,,,,,,,,,,,,,,,,,,,,,,,,,,,,,
124092,"Golden Maple",47475213730016,"Ultra-Fine Liner Brushes - #0","Ultra-Fine Liner Brushes",https://artgoldenmaple.com/products/golden-maple-ultra-fine-liner-brushes?variant=47475213730016,https://cdn.shopify.com/s/files/1/0631/8053/8080/files/1_3f9852c0-227f-4a11-ad9e-253b89f5f8d0.jpg?v=1776131315,,,,https://www.awin1.com/cread.php?awinmid=124092&awinaffid=3002879&ued=https%3A%2F%2Fartgoldenmaple.com%2Fproducts%2Fgolden-maple-ultra-fine-liner-brushes%3Fvariant%3D47475213730016,,"Health & Beauty > Personal Care > Cosmetics > Cosmetic Tools > Make-up Tools > Make-Up Brushes",,,PB-N-W-BK-T0-WJT-zuhe,goldenmaple,1,in_stock,,,"12.99 USD",,,,,,,,new,,,,,,,,,,,,,,,,,,,,,,,,,,,,,,,,
124092,"Golden Maple",47475213762784,"Ultra-Fine Liner Brushes - #1","Ultra-Fine Liner Brushes",https://artgoldenmaple.com/products/golden-maple-ultra-fine-liner-brushes?variant=47475213762784,https://cdn.shopify.com/s/files/1/0631/8053/8080/files/1_3f9852c0-227f-4a11-ad9e-253b89f5f8d0.jpg?v=1776131315,,,,https://www.awin1.com/cread.php?awinmid=124092&awinaffid=3002879&ued=https%3A%2F%2Fartgoldenmaple.com%2Fproducts%2Fgolden-maple-ultra-fine-liner-brushes%3Fvariant%3D47475213762784,,"Health & Beauty > Personal Care > Cosmetics > Cosmetic Tools > Make-up Tools > Make-Up Brushes",,,PB-N-W-BK-T1-WJT-zuhe,goldenmaple,1,in_stock,,,"12.99 USD",,,,,,,,new,,,,,,,,,,,,,,,,,,,,,,,,,,,,,,,,
124092,"Golden Maple",47475213795552,"Ultra-Fine Liner Brushes - #2","Ultra-Fine Liner Brushes",https://artgoldenmaple.com/products/golden-maple-ultra-fine-liner-brushes?variant=47475213795552,https://cdn.shopify.com/s/files/1/0631/8053/8080/files/1_3f9852c0-227f-4a11-ad9e-253b89f5f8d0.jpg?v=1776131315,,,,https://www.awin1.com/cread.php?awinmid=124092&awinaffid=3002879&ued=https%3A%2F%2Fartgoldenmaple.com%2Fproducts%2Fgolden-maple-ultra-fine-liner-brushes%3Fvariant%3D47475213795552,,"Health & Beauty > Personal Care > Cosmetics > Cosmetic Tools > Make-up Tools > Make-Up Brushes",,,PB-N-W-BK-T2-WJT-zuhe,goldenmaple,1,in_stock,,,"12.99 USD",,,,,,,,new,,,,,,,,,,,,,,,,,,,,,,,,,,,,,,,,
124092,"Golden Maple",47475213828320,"Ultra-Fine Liner Brushes - 3PCS/SET","Ultra-Fine Liner Brushes",https://artgoldenmaple.com/products/golden-maple-ultra-fine-liner-brushes?variant=47475213828320,https://cdn.shopify.com/s/files/1/0631/8053/8080/files/1_3f9852c0-227f-4a11-ad9e-253b89f5f8d0.jpg?v=1776131315,,,,https://www.awin1.com/cread.php?awinmid=124092&awinaffid=3002879&ued=https%3A%2F%2Fartgoldenmaple.com%2Fproducts%2Fgolden-maple-ultra-fine-liner-brushes%3Fvariant%3D47475213828320,,"Health & Beauty > Personal Care > Cosmetics > Cosmetic Tools > Make-up Tools > Make-Up Brushes",,,PBN-BK-T3-llx-zuhe2,goldenmaple,1,in_stock,,,"29.90 USD",,,,,,,,new,,,,,,,,,,,,,,,,,,,,,,,,,,,,,,,,
124092,"Golden Maple",47491602088160,"Metal Sculpting Tool","Metal Sculpting Tool",https://artgoldenmaple.com/products/golden-maple-metal-sculpting-tool?variant=47491602088160,https://cdn.shopify.com/s/files/1/0631/8053/8080/files/1_4f0590aa-2035-4923-a363-51451d0d8c07.jpg?v=1749796340,,,,https://www.awin1.com/cread.php?awinmid=124092&awinaffid=3002879&ued=https%3A%2F%2Fartgoldenmaple.com%2Fproducts%2Fgolden-maple-metal-sculpting-tool%3Fvariant%3D47491602088160,,"Arts & Entertainment > Hobbies & Creative Arts > Arts & Crafts > Art & Crafting Tools",,,BXGSTDKD-LM,goldenmaple,1,in_stock,,,"2.99 USD",,,,,,,,new,,,,,,,,,,,,,,,,,,,,,,,,,,,,,,,,
124092,"Golden Maple",47492051042528,"Acrylic Composable Rack - A Set of 6","Acrylic Composable Rack",https://artgoldenmaple.com/products/golden?variant=47492051042528,https://cdn.shopify.com/s/files/1/0631/8053/8080/files/8_252b80f5-7586-4a07-a096-4f3234879f3e.jpg?v=1771922081,,,,https://www.awin1.com/cread.php?awinmid=124092&awinaffid=3002879&ued=https%3A%2F%2Fartgoldenmaple.com%2Fproducts%2Fgolden%3Fvariant%3D47492051042528,,,,,YLSNJ-LC,goldenmaple,1,in_stock,,,"28.99 USD",,,,,,,,new,,,,,,,,,,,,,,,,,,,,,,,,,,,,,,,,
124092,"Golden Maple",47492051075296,"Acrylic Composable Rack - Single","Acrylic Composable Rack",https://artgoldenmaple.com/products/golden?variant=47492051075296,https://cdn.shopify.com/s/files/1/0631/8053/8080/files/9_3b86440f-a5b6-421f-bdfd-d685632e1063.jpg?v=1771922081,,,,https://www.awin1.com/cread.php?awinmid=124092&awinaffid=3002879&ued=https%3A%2F%2Fartgoldenmaple.com%2Fproducts%2Fgolden%3Fvariant%3D47492051075296,,,,,YLSNJ-DC,goldenmaple,1,in_stock,,,"5.99 USD",,,,,,,,new,,,,,,,,,,,,,,,,,,,,,,,,,,,,,,,,
124092,"Golden Maple",47504555737312,"Trapezoidal Cork Handle for Miniature Painting - Version 1（3PCS）","Easy to Cut – Customize to Fit Your HandSoft yet firm cork is easy to cut with a hobby knife. Trim it to your preferred length, shape it for comfort, or adapt it to any painting task in seconds. Three Sizes – Choose What Fits Your HandAvailable in 29mm, 41mm, and 49mm diameters. Small for delicate miniatures, large for bigger figures and bigger hands. Pick what feels best in your grip. Affordable & Durable – Use, Get Dirty, Toss, RepeatCork handles are built to be used hard. They're durable enough to last, cheap enough to replace without hesitation. Perfect for messy jobs, priming sessions, and everyday painting. Pair with Copper Pins & Blu-Tack – Secure Miniature MountingSoft cork holds pins and Blu-Tack firmly, giving you a stable painting base. Mount your miniature securely, spin it while painting, and remove it easily when done. Comfortable Grip – Reduce Hand FatigueThe natural cork surface provides a warm, comfortable grip that reduces hand strain during long painting sessions. Paint longer, with better control. Versatile – Not Just for PaintingGreat for assembling, priming, photography, and even as a temporary stand for drying miniatures. A cork handle is a tool you'll reach for again and again.",https://artgoldenmaple.com/products/golden-maple-trapezoidal-cork?variant=47504555737312,https://cdn.shopify.com/s/files/1/0631/8053/8080/files/TrapezoidalCork_3.webp?v=1784788035,,,,https://www.awin1.com/cread.php?awinmid=124092&awinaffid=3002879&ued=https%3A%2F%2Fartgoldenmaple.com%2Fproducts%2Fgolden-maple-trapezoidal-cork%3Fvariant%3D47504555737312,,"Arts & Entertainment > Hobbies & Creative Arts > Musical Instrument & Orchestra Accessories > Woodwind Instrument Accessories",,,TXMS-XH-WJT,goldenmaple,1,in_stock,,,"5.20 USD",,,,,,,,new,,,,,,,,,,,,,,,,,,,,,,,,,,,,,,,,
124092,"Golden Maple",47504555770080,"Trapezoidal Cork Handle for Miniature Painting - Version 2（3PCS）","Easy to Cut – Customize to Fit Your HandSoft yet firm cork is easy to cut with a hobby knife. Trim it to your preferred length, shape it for comfort, or adapt it to any painting task in seconds. Three Sizes – Choose What Fits Your HandAvailable in 29mm, 41mm, and 49mm diameters. Small for delicate miniatures, large for bigger figures and bigger hands. Pick what feels best in your grip. Affordable & Durable – Use, Get Dirty, Toss, RepeatCork handles are built to be used hard. They're durable enough to last, cheap enough to replace without hesitation. Perfect for messy jobs, priming sessions, and everyday painting. Pair with Copper Pins & Blu-Tack – Secure Miniature MountingSoft cork holds pins and Blu-Tack firmly, giving you a stable painting base. Mount your miniature securely, spin it while painting, and remove it easily when done. Comfortable Grip – Reduce Hand FatigueThe natural cork surface provides a warm, comfortable grip that reduces hand strain during long painting sessions. Paint longer, with better control. Versatile – Not Just for PaintingGreat for assembling, priming, photography, and even as a temporary stand for drying miniatures. A cork handle is a tool you'll reach for again and again.",https://artgoldenmaple.com/products/golden-maple-trapezoidal-cork?variant=47504555770080,https://cdn.shopify.com/s/files/1/0631/8053/8080/files/TrapezoidalCork_6.webp?v=1784788035,,,,https://www.awin1.com/cread.php?awinmid=124092&awinaffid=3002879&ued=https%3A%2F%2Fartgoldenmaple.com%2Fproducts%2Fgolden-maple-trapezoidal-cork%3Fvariant%3D47504555770080,,"Arts & Entertainment > Hobbies & Creative Arts > Musical Instrument & Orchestra Accessories > Woodwind Instrument Accessories",,,TXMS-ZH-WJT,goldenmaple,1,in_stock,,,"5.50 USD",,,,,,,,new,,,,,,,,,,,,,,,,,,,,,,,,,,,,,,,,
124092,"Golden Maple",47504555802848,"Trapezoidal Cork Handle for Miniature Painting - Version 3（3PCS）","Easy to Cut – Customize to Fit Your HandSoft yet firm cork is easy to cut with a hobby knife. Trim it to your preferred length, shape it for comfort, or adapt it to any painting task in seconds. Three Sizes – Choose What Fits Your HandAvailable in 29mm, 41mm, and 49mm diameters. Small for delicate miniatures, large for bigger figures and bigger hands. Pick what feels best in your grip. Affordable & Durable – Use, Get Dirty, Toss, RepeatCork handles are built to be used hard. They're durable enough to last, cheap enough to replace without hesitation. Perfect for messy jobs, priming sessions, and everyday painting. Pair with Copper Pins & Blu-Tack – Secure Miniature MountingSoft cork holds pins and Blu-Tack firmly, giving you a stable painting base. Mount your miniature securely, spin it while painting, and remove it easily when done. Comfortable Grip – Reduce Hand FatigueThe natural cork surface provides a warm, comfortable grip that reduces hand strain during long painting sessions. Paint longer, with better control. Versatile – Not Just for PaintingGreat for assembling, priming, photography, and even as a temporary stand for drying miniatures. A cork handle is a tool you'll reach for again and again.",https://artgoldenmaple.com/products/golden-maple-trapezoidal-cork?variant=47504555802848,https://cdn.shopify.com/s/files/1/0631/8053/8080/files/TrapezoidalCork_8.webp?v=1784788035,,,,https://www.awin1.com/cread.php?awinmid=124092&awinaffid=3002879&ued=https%3A%2F%2Fartgoldenmaple.com%2Fproducts%2Fgolden-maple-trapezoidal-cork%3Fvariant%3D47504555802848,,"Arts & Entertainment > Hobbies & Creative Arts > Musical Instrument & Orchestra Accessories > Woodwind Instrument Accessories",,,TXNS-DH-WJT,goldenmaple,1,in_stock,,,"6.99 USD",,,,,,,,new,,,,,,,,,,,,,,,,,,,,,,,,,,,,,,,,
124092,"Golden Maple",47504564748512,"Simple Cork Handle - W: 30mm","Simple Cork Handle",https://artgoldenmaple.com/products/golden-maple-simple-cork-handle?variant=47504564748512,https://cdn.shopify.com/s/files/1/0631/8053/8080/files/SimpleCorkHandle_5.webp?v=1784786999,,,,https://www.awin1.com/cread.php?awinmid=124092&awinaffid=3002879&ued=https%3A%2F%2Fartgoldenmaple.com%2Fproducts%2Fgolden-maple-simple-cork-handle%3Fvariant%3D47504564748512,,"Home & Garden > Kitchen & Dining > Barware > Bottle Stoppers & Savers",,,GYZRM-WGY,goldenmaple,1,in_stock,,,"5.99 USD",,,,,,,,new,,,,,,,,,,,,,,,,,,,,,,,,,,,,,,,,
124092,"Golden Maple",47504564781280,"Simple Cork Handle - W: 38mm","Simple Cork Handle",https://artgoldenmaple.com/products/golden-maple-simple-cork-handle?variant=47504564781280,https://cdn.shopify.com/s/files/1/0631/8053/8080/files/SimpleCorkHandle_6.webp?v=1784786999,,,,https://www.awin1.com/cread.php?awinmid=124092&awinaffid=3002879&ued=https%3A%2F%2Fartgoldenmaple.com%2Fproducts%2Fgolden-maple-simple-cork-handle%3Fvariant%3D47504564781280,,"Home & Garden > Kitchen & Dining > Barware > Bottle Stoppers & Savers",,,GYZRM-ZH-LM,goldenmaple,1,in_stock,,,"5.99 USD",,,,,,,,new,,,,,,,,,,,,,,,,,,,,,,,,,,,,,,,,
124092,"Golden Maple",47509616591072,"Model Tools – Double-Headed Metal Wiping Rod with Sponge Head for Accurate Detailing - Red","Model Tools – Double-Headed Metal Wiping Rod with Sponge Head for Accurate Detailing",https://artgoldenmaple.com/products/golden-maple-model-tools-model-aging-line-seepage-double-headed-metal-wiping-rod-sponge-head-red-blue?variant=47509616591072,https://cdn.shopify.com/s/files/1/0631/8053/8080/files/ModelTools_8.webp?v=1783759648,,,,https://www.awin1.com/cread.php?awinmid=124092&awinaffid=3002879&ued=https%3A%2F%2Fartgoldenmaple.com%2Fproducts%2Fgolden-maple-model-tools-model-aging-line-seepage-double-headed-metal-wiping-rod-sponge-head-red-blue%3Fvariant%3D47509616591072,,,,,HSCSB-WJT,goldenmaple,1,in_stock,,,"9.90 USD",,,,,,,,new,,,,,,,,,,,,,,,,,,,,,,,,,,,,,,,,
124092,"Golden Maple",47509616623840,"Model Tools – Double-Headed Metal Wiping Rod with Sponge Head for Accurate Detailing - Blue","Model Tools – Double-Headed Metal Wiping Rod with Sponge Head for Accurate Detailing",https://artgoldenmaple.com/products/golden-maple-model-tools-model-aging-line-seepage-double-headed-metal-wiping-rod-sponge-head-red-blue?variant=47509616623840,https://cdn.shopify.com/s/files/1/0631/8053/8080/files/ModelTools_7.webp?v=1783759648,,,,https://www.awin1.com/cread.php?awinmid=124092&awinaffid=3002879&ued=https%3A%2F%2Fartgoldenmaple.com%2Fproducts%2Fgolden-maple-model-tools-model-aging-line-seepage-double-headed-metal-wiping-rod-sponge-head-red-blue%3Fvariant%3D47509616623840,,,,,LSCSB-WJT,goldenmaple,1,in_stock,,,"9.90 USD",,,,,,,,new,,,,,,,,,,,,,,,,,,,,,,,,,,,,,,,,
124092,"Golden Maple",47509616656608,"Model Tools – Double-Headed Metal Wiping Rod with Sponge Head for Accurate Detailing - (Red+Blue)","Model Tools – Double-Headed Metal Wiping Rod with Sponge Head for Accurate Detailing",https://artgoldenmaple.com/products/golden-maple-model-tools-model-aging-line-seepage-double-headed-metal-wiping-rod-sponge-head-red-blue?variant=47509616656608,https://cdn.shopify.com/s/files/1/0631/8053/8080/files/ModelTools_1.webp?v=1783759648,,,,https://www.awin1.com/cread.php?awinmid=124092&awinaffid=3002879&ued=https%3A%2F%2Fartgoldenmaple.com%2Fproducts%2Fgolden-maple-model-tools-model-aging-line-seepage-double-headed-metal-wiping-rod-sponge-head-red-blue%3Fvariant%3D47509616656608,,,,,WS-STCSB-LM,goldenmaple,1,in_stock,,,"18.50 USD",,,,,,,,new,,,,,,,,,,,,,,,,,,,,,,,,,,,,,,,,
124092,"Golden Maple",47553414856928,"Model Tools – Double-Headed Metal Wiping Rod with Sponge Head for Accurate Detailing - Sponge Head(3mm)","Model Tools – Double-Headed Metal Wiping Rod with Sponge Head for Accurate Detailing",https://artgoldenmaple.com/products/golden-maple-model-tools-model-aging-line-seepage-double-headed-metal-wiping-rod-sponge-head-red-blue?variant=47553414856928,https://cdn.shopify.com/s/files/1/0631/8053/8080/files/ModelTools_1.webp?v=1783759648,,,,https://www.awin1.com/cread.php?awinmid=124092&awinaffid=3002879&ued=https%3A%2F%2Fartgoldenmaple.com%2Fproducts%2Fgolden-maple-model-tools-model-aging-line-seepage-double-headed-metal-wiping-rod-sponge-head-red-blue%3Fvariant%3D47553414856928,,,,,CSMT-3MM-T5-WJT,goldenmaple,1,in_stock,,,"2.90 USD",,,,,,,,new,,,,,,,,,,,,,,,,,,,,,,,,,,,,,,,,
124092,"Golden Maple",47553414889696,"Model Tools – Double-Headed Metal Wiping Rod with Sponge Head for Accurate Detailing - Sponge Head(5mm)","Model Tools – Double-Headed Metal Wiping Rod with Sponge Head for Accurate Detailing",https://artgoldenmaple.com/products/golden-maple-model-tools-model-aging-line-seepage-double-headed-metal-wiping-rod-sponge-head-red-blue?variant=47553414889696,https://cdn.shopify.com/s/files/1/0631/8053/8080/files/ModelTools_1.webp?v=1783759648,,,,https://www.awin1.com/cread.php?awinmid=124092&awinaffid=3002879&ued=https%3A%2F%2Fartgoldenmaple.com%2Fproducts%2Fgolden-maple-model-tools-model-aging-line-seepage-double-headed-metal-wiping-rod-sponge-head-red-blue%3Fvariant%3D47553414889696,,,,,CSMT-5MM-T5-WJT,goldenmaple,1,in_stock,,,"2.90 USD",,,,,,,,new,,,,,,,,,,,,,,,,,,,,,,,,,,,,,,,,
124092,"Golden Maple",47505560142048,"Weathered Bleed Brush – Long-Handed Nylon for Model Weathering & Stroke Coloring","Weathered Bleed Brush – Long-Handed Nylon for Model Weathering & Stroke Coloring",https://artgoldenmaple.com/products/golden-maple-model-weathering-tool-weathering-bleeding-line-stroke-coloring-long-handed-soft-nylon-brush?variant=47505560142048,https://cdn.shopify.com/s/files/1/0631/8053/8080/files/1_f022a26d-cafb-4011-a936-f1839f10a973.jpg?v=1750148302,,,,https://www.awin1.com/cread.php?awinmid=124092&awinaffid=3002879&ued=https%3A%2F%2Fartgoldenmaple.com%2Fproducts%2Fgolden-maple-model-weathering-tool-weathering-bleeding-line-stroke-coloring-long-handed-soft-nylon-brush%3Fvariant%3D47505560142048,,"Arts & Entertainment > Hobbies & Creative Arts > Arts & Crafts > Art & Crafting Tools > Craft Measuring & Marking Tools > Art Brushes",,,JHSXB-T5-WJT-Z,goldenmaple,1,in_stock,,,"6.90 USD",,,,,,,,new,,,,,,,,,,,,,,,,,,,,,,,,,,,,,,,,
124092,"Golden Maple",47509713453280,"Silicone Brushes – Clay Shapers for Pottery and Drawing Tool Set 5pcs - 3mm","Silicone Brushes Silicone Brushes – Color Shapers BLACK are excellent tools to sculpt and add incredible effects when modeling and sculpting with different putties, clays, and fimo. They are somewhere between a brush, a palette knife, a modeling tool, and your fingers. Easy to clean and long-lasting. Non-absorbent. This is the firm version of the black silicone brushes. They would be twice as hard as normal white brushes, and half than extra firm. This set comes with 5 different brushes with total length with 16.3 cm length by 3 mm width - SIZE #03 This set comes with 5 different brushes with total length 17 cm different length by 5 mm width - SIZE #5 This set comes with 5 different brushes with total length 20.2cm length by 8mm width - SIZE #8 Each brush in the offered sizes has different uses depending on the putty we want to use. Nevertheless, Green Stuff World recommends using White tip brushes for soft putties, and SIZE #2 for harder materials.This is a question of taste and preferences, but in the ending as your sculpting skills get better you will finally end up having 1 set of each.",https://artgoldenmaple.com/products/golden-maple-silicone-oil-painting-brush-nail-art-watercolor-blanking-liquid-silicone-pen-blanking-liquid-blanking-glue-pen?variant=47509713453280,https://cdn.shopify.com/s/files/1/0631/8053/8080/files/SiliconeBrushes_ClayShapersforPotteryandDrawingToolSet5pcs_3.webp?v=1784786765,,,,https://www.awin1.com/cread.php?awinmid=124092&awinaffid=3002879&ued=https%3A%2F%2Fartgoldenmaple.com%2Fproducts%2Fgolden-maple-silicone-oil-painting-brush-nail-art-watercolor-blanking-liquid-silicone-pen-blanking-liquid-blanking-glue-pen%3Fvariant%3D47509713453280,,"Arts & Entertainment > Hobbies & Creative Arts > Arts & Crafts > Art & Crafting Tools > Craft Measuring & Marking Tools > Art Brushes",,,GJB-BL-T5-3mm-WJT,goldenmaple,1,in_stock,,,"13.99 USD",,,,,,,,new,,,,,,,,,,,,,,,,,,,,,,,,,,,,,,,,
124092,"Golden Maple",47509713486048,"Silicone Brushes – Clay Shapers for Pottery and Drawing Tool Set 5pcs - 5mm","Silicone Brushes Silicone Brushes – Color Shapers BLACK are excellent tools to sculpt and add incredible effects when modeling and sculpting with different putties, clays, and fimo. They are somewhere between a brush, a palette knife, a modeling tool, and your fingers. Easy to clean and long-lasting. Non-absorbent. This is the firm version of the black silicone brushes. They would be twice as hard as normal white brushes, and half than extra firm. This set comes with 5 different brushes with total length with 16.3 cm length by 3 mm width - SIZE #03 This set comes with 5 different brushes with total length 17 cm different length by 5 mm width - SIZE #5 This set comes with 5 different brushes with total length 20.2cm length by 8mm width - SIZE #8 Each brush in the offered sizes has different uses depending on the putty we want to use. Nevertheless, Green Stuff World recommends using White tip brushes for soft putties, and SIZE #2 for harder materials.This is a question of taste and preferences, but in the ending as your sculpting skills get better you will finally end up having 1 set of each.",https://artgoldenmaple.com/products/golden-maple-silicone-oil-painting-brush-nail-art-watercolor-blanking-liquid-silicone-pen-blanking-liquid-blanking-glue-pen?variant=47509713486048,https://cdn.shopify.com/s/files/1/0631/8053/8080/files/SiliconeBrushes_ClayShapersforPotteryandDrawingToolSet5pcs_2.webp?v=1784786765,,,,https://www.awin1.com/cread.php?awinmid=124092&awinaffid=3002879&ued=https%3A%2F%2Fartgoldenmaple.com%2Fproducts%2Fgolden-maple-silicone-oil-painting-brush-nail-art-watercolor-blanking-liquid-silicone-pen-blanking-liquid-blanking-glue-pen%3Fvariant%3D47509713486048,,"Arts & Entertainment > Hobbies & Creative Arts > Arts & Crafts > Art & Crafting Tools > Craft Measuring & Marking Tools > Art Brushes",,,GJB-BL-T5-WJT,goldenmaple,1,in_stock,,,"13.99 USD",,,,,,,,new,,,,,,,,,,,,,,,,,,,,,,,,,,,,,,,,
124092,"Golden Maple",47509713518816,"Silicone Brushes – Clay Shapers for Pottery and Drawing Tool Set 5pcs - 8mm","Silicone Brushes Silicone Brushes – Color Shapers BLACK are excellent tools to sculpt and add incredible effects when modeling and sculpting with different putties, clays, and fimo. They are somewhere between a brush, a palette knife, a modeling tool, and your fingers. Easy to clean and long-lasting. Non-absorbent. This is the firm version of the black silicone brushes. They would be twice as hard as normal white brushes, and half than extra firm. This set comes with 5 different brushes with total length with 16.3 cm length by 3 mm width - SIZE #03 This set comes with 5 different brushes with total length 17 cm different length by 5 mm width - SIZE #5 This set comes with 5 different brushes with total length 20.2cm length by 8mm width - SIZE #8 Each brush in the offered sizes has different uses depending on the putty we want to use. Nevertheless, Green Stuff World recommends using White tip brushes for soft putties, and SIZE #2 for harder materials.This is a question of taste and preferences, but in the ending as your sculpting skills get better you will finally end up having 1 set of each.",https://artgoldenmaple.com/products/golden-maple-silicone-oil-painting-brush-nail-art-watercolor-blanking-liquid-silicone-pen-blanking-liquid-blanking-glue-pen?variant=47509713518816,https://cdn.shopify.com/s/files/1/0631/8053/8080/files/SiliconeBrushes_ClayShapersforPotteryandDrawingToolSet5pcs_4.webp?v=1784786765,,,,https://www.awin1.com/cread.php?awinmid=124092&awinaffid=3002879&ued=https%3A%2F%2Fartgoldenmaple.com%2Fproducts%2Fgolden-maple-silicone-oil-painting-brush-nail-art-watercolor-blanking-liquid-silicone-pen-blanking-liquid-blanking-glue-pen%3Fvariant%3D47509713518816,,"Arts & Entertainment > Hobbies & Creative Arts > Arts & Crafts > Art & Crafting Tools > Craft Measuring & Marking Tools > Art Brushes",,,GJB-BL-T5-8mm-WJT,goldenmaple,1,in_stock,,,"13.99 USD",,,,,,,,new,,,,,,,,,,,,,,,,,,,,,,,,,,,,,,,,
124092,"Golden Maple",47505595203808,"Foam Sanding Pads – 12pcs Handmade Dual-Use Wet & Dry Polishing Blocks for Jewelry and Models","Foam sandpaper pads are available in different grits and they are valid either for rough or fine sanding. Each grit is marked with a different color and made of soft and flexible EVA foam which makes them perfect for sanding curved edges as well as to be cut into any size or shape allowing to reach the most difficult areas. This set includes 12 pieces of each, in total 3.",https://artgoldenmaple.com/products/golden-maple-hand-made-diy-sponge-sandpaper-block-grinding-strip-handmade-jewelry-polishing-arc-surface-wet-and-dry-dual-use-model-tool?variant=47505595203808,https://cdn.shopify.com/s/files/1/0631/8053/8080/files/FoamSandingPads_12pcsHandmadeDual-UseWet_DryPolishingBlocksforJewelryandModels_1.webp?v=1783750133,,,,https://www.awin1.com/cread.php?awinmid=124092&awinaffid=3002879&ued=https%3A%2F%2Fartgoldenmaple.com%2Fproducts%2Fgolden-maple-hand-made-diy-sponge-sandpaper-block-grinding-strip-handmade-jewelry-polishing-arc-surface-wet-and-dry-dual-use-model-tool%3Fvariant%3D47505595203808,,"Hardware > Tool Accessories > Sanding Accessories > Sandpaper & Sanding Sponges",,,HMSZ-T12-LM-ZH,goldenmaple,1,in_stock,,,"7.90 USD",,,,,,,,new,,,,,,,,,,,,,,,,,,,,,,,,,,,,,,,,
124092,"Golden Maple",47509771288800,"Sticky Putty – 96pcs Reusable Wall Art Adhesive for Photography, Miniatures, and Crafts - Blue","Sticky Putty – 96pcs Reusable Wall Art Adhesive for Photography, Miniatures, and Crafts",https://artgoldenmaple.com/products/golden-maple-sticky-putty-poster-putty-reusable-and-removable-132-pieces-for-displaying-wall-art-museum-art-photography-miniatures-pictures-crafts-blue-white-pink?variant=47509771288800,https://cdn.shopify.com/s/files/1/0631/8053/8080/files/StickyPutty_96pcsReusableWallArtAdhesiveforPhotography_Miniatures_andCrafts_5.webp?v=1784788210,,,,https://www.awin1.com/cread.php?awinmid=124092&awinaffid=3002879&ued=https%3A%2F%2Fartgoldenmaple.com%2Fproducts%2Fgolden-maple-sticky-putty-poster-putty-reusable-and-removable-132-pieces-for-displaying-wall-art-museum-art-photography-miniatures-pictures-crafts-blue-white-pink%3Fvariant%3D47509771288800,,"Hardware > Building Consumables > Hardware Glue & Adhesives",,,LSLDJ-50g-KZ-ZH,goldenmaple,1,in_stock,,,"6.99 USD",,,,,,,,new,,,,,,,,,,,,,,,,,,,,,,,,,,,,,,,,
124092,"Golden Maple",47509771321568,"Sticky Putty – 96pcs Reusable Wall Art Adhesive for Photography, Miniatures, and Crafts - White","Sticky Putty – 96pcs Reusable Wall Art Adhesive for Photography, Miniatures, and Crafts",https://artgoldenmaple.com/products/golden-maple-sticky-putty-poster-putty-reusable-and-removable-132-pieces-for-displaying-wall-art-museum-art-photography-miniatures-pictures-crafts-blue-white-pink?variant=47509771321568,https://cdn.shopify.com/s/files/1/0631/8053/8080/files/StickyPutty_96pcsReusableWallArtAdhesiveforPhotography_Miniatures_andCrafts_6.webp?v=1784788210,,,,https://www.awin1.com/cread.php?awinmid=124092&awinaffid=3002879&ued=https%3A%2F%2Fartgoldenmaple.com%2Fproducts%2Fgolden-maple-sticky-putty-poster-putty-reusable-and-removable-132-pieces-for-displaying-wall-art-museum-art-photography-miniatures-pictures-crafts-blue-white-pink%3Fvariant%3D47509771321568,,"Hardware > Building Consumables > Hardware Glue & Adhesives",,,BSLDJ-50g-KZ-ZH,goldenmaple,1,in_stock,,,"6.99 USD",,,,,,,,new,,,,,,,,,,,,,,,,,,,,,,,,,,,,,,,,
124092,"Golden Maple",47509771354336,"Sticky Putty – 96pcs Reusable Wall Art Adhesive for Photography, Miniatures, and Crafts - Pink","Sticky Putty – 96pcs Reusable Wall Art Adhesive for Photography, Miniatures, and Crafts",https://artgoldenmaple.com/products/golden-maple-sticky-putty-poster-putty-reusable-and-removable-132-pieces-for-displaying-wall-art-museum-art-photography-miniatures-pictures-crafts-blue-white-pink?variant=47509771354336,https://cdn.shopify.com/s/files/1/0631/8053/8080/files/StickyPutty_96pcsReusableWallArtAdhesiveforPhotography_Miniatures_andCrafts_7.webp?v=1784788210,,,,https://www.awin1.com/cread.php?awinmid=124092&awinaffid=3002879&ued=https%3A%2F%2Fartgoldenmaple.com%2Fproducts%2Fgolden-maple-sticky-putty-poster-putty-reusable-and-removable-132-pieces-for-displaying-wall-art-museum-art-photography-miniatures-pictures-crafts-blue-white-pink%3Fvariant%3D47509771354336,,"Hardware > Building Consumables > Hardware Glue & Adhesives",,,FSLDJ-50g-KZ-ZH,goldenmaple,1,in_stock,,,"6.99 USD",,,,,,,,new,,,,,,,,,,,,,,,,,,,,,,,,,,,,,,,,
124092,"Golden Maple",47515717664992,"Ergonomic Painting Handle – Perfect for Warhammer, D&D & Scale Models - Painting Handle+Setting Cap 6pcs","【Anti Shake Degisn】The metal bracket allows you to hold your hand/finger on it. Make your hand more stable while painting small detail of your miniature.【360° Rotatable】360° Rotatable miniature setting cap allows you to adjust your painting position easily. Make your miniature painting more enjoyable.【6 PCS Setting Caps】The package includes 6 pcs of miniature setting caps. Easy to switch, and allow you to paint multiple models at once. Especially good for doing fast paint for miniatures squad.【Extentable Handle】This painting handle includes a base. You can attach it to the handle as needed, or use it as an extra painting stand.【Improved stability】Secure your WIP miniature between painting sessions thanks to the strong magnet inside the holder. 【Prevent sweating】The outer ring of the handle is raised to increase the grip.Prevent sweaty palms from prolonged holding.",https://artgoldenmaple.com/products/golden-maple-painting-handle-for-miniature-blue-grey-putty-edition?variant=47515717664992,https://cdn.shopify.com/s/files/1/0631/8053/8080/files/Ergonomic_Painting_Handle_Perfect_for_Warhammer_D_D_Scale_Models_1.webp?v=1783749575,,,,https://www.awin1.com/cread.php?awinmid=124092&awinaffid=3002879&ued=https%3A%2F%2Fartgoldenmaple.com%2Fproducts%2Fgolden-maple-painting-handle-for-miniature-blue-grey-putty-edition%3Fvariant%3D47515717664992,,"Toys & Games > Toys > Art & Drawing Toys",,,WSMZSB-ZH-XGC,goldenmaple,1,in_stock,,,"29.99 USD",,,,,,,,new,,,,,,,,,,,,,,,,,,,,,,,,,,,,,,,,
124092,"Golden Maple",52780034818272,"Ergonomic Painting Handle – Perfect for Warhammer, D&D & Scale Models - Painting Handle+Grip Head 5pcs","【Anti Shake Degisn】The metal bracket allows you to hold your hand/finger on it. Make your hand more stable while painting small detail of your miniature.【360° Rotatable】360° Rotatable miniature setting cap allows you to adjust your painting position easily. Make your miniature painting more enjoyable.【6 PCS Setting Caps】The package includes 6 pcs of miniature setting caps. Easy to switch, and allow you to paint multiple models at once. Especially good for doing fast paint for miniatures squad.【Extentable Handle】This painting handle includes a base. You can attach it to the handle as needed, or use it as an extra painting stand.【Improved stability】Secure your WIP miniature between painting sessions thanks to the strong magnet inside the holder. 【Prevent sweating】The outer ring of the handle is raised to increase the grip.Prevent sweaty palms from prolonged holding.",https://artgoldenmaple.com/products/golden-maple-painting-handle-for-miniature-blue-grey-putty-edition?variant=52780034818272,https://cdn.shopify.com/s/files/1/0631/8053/8080/files/Ergonomic_Painting_Handle_Perfect_for_Warhammer_D_D_Scale_Models_6.webp?v=1783749575,,,,https://www.awin1.com/cread.php?awinmid=124092&awinaffid=3002879&ued=https%3A%2F%2Fartgoldenmaple.com%2Fproducts%2Fgolden-maple-painting-handle-for-miniature-blue-grey-putty-edition%3Fvariant%3D52780034818272,,"Toys & Games > Toys > Art & Drawing Toys",,,C-WS-SBSMYE1201,goldenmaple,1,in_stock,,,"32.99 USD",,,,,,,,new,,,,,,,,,,,,,,,,,,,,,,,,,,,,,,,,
124092,"Golden Maple",47515717697760,"Ergonomic Painting Handle – Perfect for Warhammer, D&D & Scale Models - Painting Handle with Blue Tack Kit","【Anti Shake Degisn】The metal bracket allows you to hold your hand/finger on it. Make your hand more stable while painting small detail of your miniature.【360° Rotatable】360° Rotatable miniature setting cap allows you to adjust your painting position easily. Make your miniature painting more enjoyable.【6 PCS Setting Caps】The package includes 6 pcs of miniature setting caps. Easy to switch, and allow you to paint multiple models at once. Especially good for doing fast paint for miniatures squad.【Extentable Handle】This painting handle includes a base. You can attach it to the handle as needed, or use it as an extra painting stand.【Improved stability】Secure your WIP miniature between painting sessions thanks to the strong magnet inside the holder. 【Prevent sweating】The outer ring of the handle is raised to increase the grip.Prevent sweaty palms from prolonged holding.",https://artgoldenmaple.com/products/golden-maple-painting-handle-for-miniature-blue-grey-putty-edition?variant=47515717697760,https://cdn.shopify.com/s/files/1/0631/8053/8080/files/Ergonomic_Painting_Handle_Perfect_for_Warhammer_D_D_Scale_Models_2.webp?v=1783749575,,,,https://www.awin1.com/cread.php?awinmid=124092&awinaffid=3002879&ued=https%3A%2F%2Fartgoldenmaple.com%2Fproducts%2Fgolden-maple-painting-handle-for-miniature-blue-grey-putty-edition%3Fvariant%3D47515717697760,,"Toys & Games > Toys > Art & Drawing Toys",,,WSMZSB-LDJ-LYP,goldenmaple,1,in_stock,,,"35.00 USD",,,,,,,,new,,,,,,,,,,,,,,,,,,,,,,,,,,,,,,,,
124092,"Golden Maple",47893738979552,"Ergonomic Painting Handle – Perfect for Warhammer, D&D & Scale Models - Painting Handle with Pink Tack Kit","【Anti Shake Degisn】The metal bracket allows you to hold your hand/finger on it. Make your hand more stable while painting small detail of your miniature.【360° Rotatable】360° Rotatable miniature setting cap allows you to adjust your painting position easily. Make your miniature painting more enjoyable.【6 PCS Setting Caps】The package includes 6 pcs of miniature setting caps. Easy to switch, and allow you to paint multiple models at once. Especially good for doing fast paint for miniatures squad.【Extentable Handle】This painting handle includes a base. You can attach it to the handle as needed, or use it as an extra painting stand.【Improved stability】Secure your WIP miniature between painting sessions thanks to the strong magnet inside the holder. 【Prevent sweating】The outer ring of the handle is raised to increase the grip.Prevent sweaty palms from prolonged holding.",https://artgoldenmaple.com/products/golden-maple-painting-handle-for-miniature-blue-grey-putty-edition?variant=47893738979552,https://cdn.shopify.com/s/files/1/0631/8053/8080/files/Ergonomic_Painting_Handle_Perfect_for_Warhammer_D_D_Scale_Models_4.webp?v=1783749576,,,,https://www.awin1.com/cread.php?awinmid=124092&awinaffid=3002879&ued=https%3A%2F%2Fartgoldenmaple.com%2Fproducts%2Fgolden-maple-painting-handle-for-miniature-blue-grey-putty-edition%3Fvariant%3D47893738979552,,"Toys & Games > Toys > Art & Drawing Toys",,,WSMZSB-FSLDJ-LYP,goldenmaple,1,in_stock,,,"35.00 USD",,,,,,,,new,,,,,,,,,,,,,,,,,,,,,,,,,,,,,,,,
124092,"Golden Maple",47893739012320,"Ergonomic Painting Handle – Perfect for Warhammer, D&D & Scale Models - Painting Handle with White Tack Kit","【Anti Shake Degisn】The metal bracket allows you to hold your hand/finger on it. Make your hand more stable while painting small detail of your miniature.【360° Rotatable】360° Rotatable miniature setting cap allows you to adjust your painting position easily. Make your miniature painting more enjoyable.【6 PCS Setting Caps】The package includes 6 pcs of miniature setting caps. Easy to switch, and allow you to paint multiple models at once. Especially good for doing fast paint for miniatures squad.【Extentable Handle】This painting handle includes a base. You can attach it to the handle as needed, or use it as an extra painting stand.【Improved stability】Secure your WIP miniature between painting sessions thanks to the strong magnet inside the holder. 【Prevent sweating】The outer ring of the handle is raised to increase the grip.Prevent sweaty palms from prolonged holding.",https://artgoldenmaple.com/products/golden-maple-painting-handle-for-miniature-blue-grey-putty-edition?variant=47893739012320,https://cdn.shopify.com/s/files/1/0631/8053/8080/files/Ergonomic_Painting_Handle_Perfect_for_Warhammer_D_D_Scale_Models_5.webp?v=1783749575,,,,https://www.awin1.com/cread.php?awinmid=124092&awinaffid=3002879&ued=https%3A%2F%2Fartgoldenmaple.com%2Fproducts%2Fgolden-maple-painting-handle-for-miniature-blue-grey-putty-edition%3Fvariant%3D47893739012320,,"Toys & Games > Toys > Art & Drawing Toys",,,WSMZSB-BSLDJ-LYP,goldenmaple,1,in_stock,,,"35.00 USD",,,,,,,,new,,,,,,,,,,,,,,,,,,,,,,,,,,,,,,,,
124092,"Golden Maple",48067510501600,"Ergonomic Painting Handle – Perfect for Warhammer, D&D & Scale Models - Setting Cap 6pcs","【Anti Shake Degisn】The metal bracket allows you to hold your hand/finger on it. Make your hand more stable while painting small detail of your miniature.【360° Rotatable】360° Rotatable miniature setting cap allows you to adjust your painting position easily. Make your miniature painting more enjoyable.【6 PCS Setting Caps】The package includes 6 pcs of miniature setting caps. Easy to switch, and allow you to paint multiple models at once. Especially good for doing fast paint for miniatures squad.【Extentable Handle】This painting handle includes a base. You can attach it to the handle as needed, or use it as an extra painting stand.【Improved stability】Secure your WIP miniature between painting sessions thanks to the strong magnet inside the holder. 【Prevent sweating】The outer ring of the handle is raised to increase the grip.Prevent sweaty palms from prolonged holding.",https://artgoldenmaple.com/products/golden-maple-painting-handle-for-miniature-blue-grey-putty-edition?variant=48067510501600,https://cdn.shopify.com/s/files/1/0631/8053/8080/files/Ergonomic_Painting_Handle_Perfect_for_Warhammer_D_D_Scale_Models_3.webp?v=1783749575,,,,https://www.awin1.com/cread.php?awinmid=124092&awinaffid=3002879&ued=https%3A%2F%2Fartgoldenmaple.com%2Fproducts%2Fgolden-maple-painting-handle-for-miniature-blue-grey-putty-edition%3Fvariant%3D48067510501600,,"Toys & Games > Toys > Art & Drawing Toys",,,YGTZ-WSMZSB-T6-WJT,goldenmaple,1,in_stock,,,"15.99 USD",,,,,,,,new,,,,,,,,,,,,,,,,,,,,,,,,,,,,,,,,
124092,"Golden Maple",52780038488288,"Ergonomic Painting Handle – Perfect for Warhammer, D&D & Scale Models - Grip Head 5pcs","【Anti Shake Degisn】The metal bracket allows you to hold your hand/finger on it. Make your hand more stable while painting small detail of your miniature.【360° Rotatable】360° Rotatable miniature setting cap allows you to adjust your painting position easily. Make your miniature painting more enjoyable.【6 PCS Setting Caps】The package includes 6 pcs of miniature setting caps. Easy to switch, and allow you to paint multiple models at once. Especially good for doing fast paint for miniatures squad.【Extentable Handle】This painting handle includes a base. You can attach it to the handle as needed, or use it as an extra painting stand.【Improved stability】Secure your WIP miniature between painting sessions thanks to the strong magnet inside the holder. 【Prevent sweating】The outer ring of the handle is raised to increase the grip.Prevent sweaty palms from prolonged holding.",https://artgoldenmaple.com/products/golden-maple-painting-handle-for-miniature-blue-grey-putty-edition?variant=52780038488288,https://cdn.shopify.com/s/files/1/0631/8053/8080/files/Ergonomic_Painting_Handle_Perfect_for_Warhammer_D_D_Scale_Models_7.webp?v=1783749575,,,,https://www.awin1.com/cread.php?awinmid=124092&awinaffid=3002879&ued=https%3A%2F%2Fartgoldenmaple.com%2Fproducts%2Fgolden-maple-painting-handle-for-miniature-blue-grey-putty-edition%3Fvariant%3D52780038488288,,"Toys & Games > Toys > Art & Drawing Toys",,,WS-SB-TH-JC-THG-ZH,goldenmaple,1,in_stock,,,"15.99 USD",,,,,,,,new,,,,,,,,,,,,,,,,,,,,,,,,,,,,,,,,
124092,"Golden Maple",47515836776672,"Pastel Paint Brush Set - 4pcs","Pastel Paint Brush Set - 4pcs",https://artgoldenmaple.com/products/golden-maple-pastel-paint-brush-set?variant=47515836776672,https://cdn.shopify.com/s/files/1/0631/8053/8080/files/PastelPaintBrushSet-4pcs_5.webp?v=1784777333,,,,https://www.awin1.com/cread.php?awinmid=124092&awinaffid=3002879&ued=https%3A%2F%2Fartgoldenmaple.com%2Fproducts%2Fgolden-maple-pastel-paint-brush-set%3Fvariant%3D47515836776672,,"Arts & Entertainment > Hobbies & Creative Arts > Arts & Crafts > Art & Crafting Tools > Craft Measuring & Marking Tools > Art Brushes",,,DGNJHFCS-T4-LM,goldenmaple,1,in_stock,,,"21.99 USD",,,,,,,,new,,,,,,,,,,,,,,,,,,,,,,,,,,,,,,,,
124092,"Golden Maple",47515862171872,"Spring Clamp for Seamless Model Gluing","Spring Clamp for Seamless Model Gluing",https://artgoldenmaple.com/products/golden-maple-spring-clamp-for-seamless-model-gluing?variant=47515862171872,https://cdn.shopify.com/s/files/1/0631/8053/8080/files/1_6623112b-d224-4257-84fb-d7bfe05636e2.jpg?v=1750314597,,,,https://www.awin1.com/cread.php?awinmid=124092&awinaffid=3002879&ued=https%3A%2F%2Fartgoldenmaple.com%2Fproducts%2Fgolden-maple-spring-clamp-for-seamless-model-gluing%3Fvariant%3D47515862171872,,"Hardware > Tools > Tool Clamps & Vices",,,JSNHFZJ-T2,goldenmaple,1,in_stock,,,"4.99 USD",,,,,,,,new,,,,,,,,,,,,,,,,,,,,,,,,,,,,,,,,
124092,"Golden Maple",47519663554784,"2PCS Small Paint Tray/Mixing Palette Set with Metal Stirrers and Plastic Droppers","2PCS Small Paint Tray/Mixing Palette Set with Metal Stirrers and Plastic Droppers",https://artgoldenmaple.com/products/golden-maple-2pcs-small-paint-tray-paint-mixing-palette-2pcs-metal-paint-stirrers-and-2pcs-clear-plastic-droppers-for-diy-art-craft-airbrush-model-paints-watercolors-small-round-mixing-palette-paint-tray-pigment-mixing-cups?variant=47519663554784,https://cdn.shopify.com/s/files/1/0631/8053/8080/files/1_1095a80f-246b-443a-8b26-585bd3e3d32b.jpg?v=1750402745,,,,https://www.awin1.com/cread.php?awinmid=124092&awinaffid=3002879&ued=https%3A%2F%2Fartgoldenmaple.com%2Fproducts%2Fgolden-maple-2pcs-small-paint-tray-paint-mixing-palette-2pcs-metal-paint-stirrers-and-2pcs-clear-plastic-droppers-for-diy-art-craft-airbrush-model-paints-watercolors-small-round-mixing-palette-paint-tray-pigment-mixing-cups%3Fvariant%3D47519663554784,,"Arts & Entertainment > Hobbies & Creative Arts > Arts & Crafts > Art & Crafting Tools > Colour Mixing Tools > Palettes",,,TSPSJT-LM,goldenmaple,1,in_stock,,,"9.99 USD",,,,,,,,new,,,,,,,,,,,,,,,,,,,,,,,,,,,,,,,,
124092,"Golden Maple",47519822348512,"Model Dry Brush 3pcs/set – Hand-Painted Water-Based Tool for Aging Gundam Models - 3PCS","Model Dry Brush 3pcs/set – Hand-Painted Water-Based Tool for Aging Gundam Models",https://artgoldenmaple.com/products/golden-maple-model-dry-brush-hand-painted-aging-water-based-paint-pen-painting-gundam-model-hand-made?variant=47519822348512,https://cdn.shopify.com/s/files/1/0631/8053/8080/files/ModelDryBrush3pcsset_Hand-PaintedWater-BasedToolforAgingGundamModels_1.webp?v=1783759295,,,,https://www.awin1.com/cread.php?awinmid=124092&awinaffid=3002879&ued=https%3A%2F%2Fartgoldenmaple.com%2Fproducts%2Fgolden-maple-model-dry-brush-hand-painted-aging-water-based-paint-pen-painting-gundam-model-hand-made%3Fvariant%3D47519822348512,,"Arts & Entertainment > Hobbies & Creative Arts > Arts & Crafts > Art & Crafting Tools > Craft Measuring & Marking Tools > Art Brushes",,,MXGSB-T3-LM,goldenmaple,1,in_stock,,,"25.66 USD",,,,,,,,new,,,,,,,,,,,,,,,,,,,,,,,,,,,,,,,,
124092,"Golden Maple",47519822381280,"Model Dry Brush 3pcs/set – Hand-Painted Water-Based Tool for Aging Gundam Models - 12#","Model Dry Brush 3pcs/set – Hand-Painted Water-Based Tool for Aging Gundam Models",https://artgoldenmaple.com/products/golden-maple-model-dry-brush-hand-painted-aging-water-based-paint-pen-painting-gundam-model-hand-made?variant=47519822381280,https://cdn.shopify.com/s/files/1/0631/8053/8080/files/ModelDryBrush3pcsset_Hand-PaintedWater-BasedToolforAgingGundamModels_1.webp?v=1783759295,,,,https://www.awin1.com/cread.php?awinmid=124092&awinaffid=3002879&ued=https%3A%2F%2Fartgoldenmaple.com%2Fproducts%2Fgolden-maple-model-dry-brush-hand-painted-aging-water-based-paint-pen-painting-gundam-model-hand-made%3Fvariant%3D47519822381280,,"Arts & Entertainment > Hobbies & Creative Arts > Arts & Crafts > Art & Crafting Tools > Craft Measuring & Marking Tools > Art Brushes",,,MXGSB-#12-LYP,goldenmaple,1,in_stock,,,"9.99 USD",,,,,,,,new,,,,,,,,,,,,,,,,,,,,,,,,,,,,,,,,
124092,"Golden Maple",47519822414048,"Model Dry Brush 3pcs/set – Hand-Painted Water-Based Tool for Aging Gundam Models - 8#","Model Dry Brush 3pcs/set – Hand-Painted Water-Based Tool for Aging Gundam Models",https://artgoldenmaple.com/products/golden-maple-model-dry-brush-hand-painted-aging-water-based-paint-pen-painting-gundam-model-hand-made?variant=47519822414048,https://cdn.shopify.com/s/files/1/0631/8053/8080/files/ModelDryBrush3pcsset_Hand-PaintedWater-BasedToolforAgingGundamModels_1.webp?v=1783759295,,,,https://www.awin1.com/cread.php?awinmid=124092&awinaffid=3002879&ued=https%3A%2F%2Fartgoldenmaple.com%2Fproducts%2Fgolden-maple-model-dry-brush-hand-painted-aging-water-based-paint-pen-painting-gundam-model-hand-made%3Fvariant%3D47519822414048,,"Arts & Entertainment > Hobbies & Creative Arts > Arts & Crafts > Art & Crafting Tools > Craft Measuring & Marking Tools > Art Brushes",,,MXGSB-#8-LYP,goldenmaple,1,in_stock,,,"9.99 USD",,,,,,,,new,,,,,,,,,,,,,,,,,,,,,,,,,,,,,,,,
124092,"Golden Maple",47519822446816,"Model Dry Brush 3pcs/set – Hand-Painted Water-Based Tool for Aging Gundam Models - 4#","Model Dry Brush 3pcs/set – Hand-Painted Water-Based Tool for Aging Gundam Models",https://artgoldenmaple.com/products/golden-maple-model-dry-brush-hand-painted-aging-water-based-paint-pen-painting-gundam-model-hand-made?variant=47519822446816,https://cdn.shopify.com/s/files/1/0631/8053/8080/files/ModelDryBrush3pcsset_Hand-PaintedWater-BasedToolforAgingGundamModels_1.webp?v=1783759295,,,,https://www.awin1.com/cread.php?awinmid=124092&awinaffid=3002879&ued=https%3A%2F%2Fartgoldenmaple.com%2Fproducts%2Fgolden-maple-model-dry-brush-hand-painted-aging-water-based-paint-pen-painting-gundam-model-hand-made%3Fvariant%3D47519822446816,,"Arts & Entertainment > Hobbies & Creative Arts > Arts & Crafts > Art & Crafting Tools > Craft Measuring & Marking Tools > Art Brushes",,,MXGSB-#4-LYP,goldenmaple,1,in_stock,,,"9.99 USD",,,,,,,,new,,,,,,,,,,,,,,,,,,,,,,,,,,,,,,,,
124092,"Golden Maple",47521190379744,"Ultra-Thin Model Scissors – Double-Sided Fine Blade for Gundam & Military Assembly","Ultra-Thin Model Scissors – Double-Sided Fine Blade for Gundam & Military Assembly",https://artgoldenmaple.com/products/golden-maple-scissors-model-ultra-thin-blade-single-edged-scissors-double-sided-blade-very-fine-blade-gundam-military-assembly?variant=47521190379744,https://cdn.shopify.com/s/files/1/0631/8053/8080/files/e92d123dd77a2b470c7e0b8ca54cc74f.jpg?v=1750474807,,,,https://www.awin1.com/cread.php?awinmid=124092&awinaffid=3002879&ued=https%3A%2F%2Fartgoldenmaple.com%2Fproducts%2Fgolden-maple-scissors-model-ultra-thin-blade-single-edged-scissors-double-sided-blade-very-fine-blade-gundam-military-assembly%3Fvariant%3D47521190379744,,"Hardware > Tools > Cutters",,,WS-SYGJ-QZ,goldenmaple,1,in_stock,,,"35.99 USD",,,,,,,,new,,,,,,,,,,,,,,,,,,,,,,,,,,,,,,,,
124092,"Golden Maple",47526302482656,"ABS Modeling Rods - ●Rod 0.5*500mm（5PCS)","ABS Modeling Rods",https://artgoldenmaple.com/products/golden-maple-abs-modeling-rods?variant=47526302482656,https://cdn.shopify.com/s/files/1/0631/8053/8080/files/ABS_0.5X500mm_1_c7e28dad-0fa2-4b05-9e8b-32d1c9208342.jpg?v=1760616087,,,,https://www.awin1.com/cread.php?awinmid=124092&awinaffid=3002879&ued=https%3A%2F%2Fartgoldenmaple.com%2Fproducts%2Fgolden-maple-abs-modeling-rods%3Fvariant%3D47526302482656,,"Arts & Entertainment > Hobbies & Creative Arts > Arts & Crafts > Art & Crafting Materials",,,ABSGZYB0.5--500-T5-WJT,goldenmaple,1,in_stock,,,"3.99 USD",,,,,,,,new,,,,,,,,,,,,,,,,,,,,,,,,,,,,,,,,
124092,"Golden Maple",47526302515424,"ABS Modeling Rods - ●Rod 0.8*500mm(5PCS)","ABS Modeling Rods",https://artgoldenmaple.com/products/golden-maple-abs-modeling-rods?variant=47526302515424,https://cdn.shopify.com/s/files/1/0631/8053/8080/files/ABS_0.8X500mm1_9e39367f-4fd7-42e1-87e4-5ea4a4e74751.jpg?v=1760616201,,,,https://www.awin1.com/cread.php?awinmid=124092&awinaffid=3002879&ued=https%3A%2F%2Fartgoldenmaple.com%2Fproducts%2Fgolden-maple-abs-modeling-rods%3Fvariant%3D47526302515424,,"Arts & Entertainment > Hobbies & Creative Arts > Arts & Crafts > Art & Crafting Materials",,,ABSGZYB0.8-500-T10-WJT,goldenmaple,1,in_stock,,,"3.99 USD",,,,,,,,new,,,,,,,,,,,,,,,,,,,,,,,,,,,,,,,,
124092,"Golden Maple",47526302548192,"ABS Modeling Rods - ●Rod 1.0*250mm(5PCS)","ABS Modeling Rods",https://artgoldenmaple.com/products/golden-maple-abs-modeling-rods?variant=47526302548192,https://cdn.shopify.com/s/files/1/0631/8053/8080/files/ABS_1.0X250mm_5_80a2270d-86b3-45d5-9b28-9ae9c9b26921.jpg?v=1760616297,,,,https://www.awin1.com/cread.php?awinmid=124092&awinaffid=3002879&ued=https%3A%2F%2Fartgoldenmaple.com%2Fproducts%2Fgolden-maple-abs-modeling-rods%3Fvariant%3D47526302548192,,"Arts & Entertainment > Hobbies & Creative Arts > Arts & Crafts > Art & Crafting Materials",,,ABSGZYB1-250-T10-WJT,goldenmaple,1,in_stock,,,"3.99 USD",,,,,,,,new,,,,,,,,,,,,,,,,,,,,,,,,,,,,,,,,
124092,"Golden Maple",47526954303712,"ABS Modeling Rods - ●Rod 1.0*500mm(5PCS)","ABS Modeling Rods",https://artgoldenmaple.com/products/golden-maple-abs-modeling-rods?variant=47526954303712,https://cdn.shopify.com/s/files/1/0631/8053/8080/files/ABS_1.0X500mm_1_73687908-4be4-4e71-bf48-774200a9d3e5.jpg?v=1760616345,,,,https://www.awin1.com/cread.php?awinmid=124092&awinaffid=3002879&ued=https%3A%2F%2Fartgoldenmaple.com%2Fproducts%2Fgolden-maple-abs-modeling-rods%3Fvariant%3D47526954303712,,"Arts & Entertainment > Hobbies & Creative Arts > Arts & Crafts > Art & Crafting Materials",,,ABSGZYB-1mm-T5-LYP,goldenmaple,1,in_stock,,,"4.49 USD",,,,,,,,new,,,,,,,,,,,,,,,,,,,,,,,,,,,,,,,,
124092,"Golden Maple",47526954336480,"ABS Modeling Rods - ●Rod 1.5*500mm(5PCS)","ABS Modeling Rods",https://artgoldenmaple.com/products/golden-maple-abs-modeling-rods?variant=47526954336480,https://cdn.shopify.com/s/files/1/0631/8053/8080/files/ABS_1.5X500mm_1_8ef93f64-3435-48b2-9ed4-99b452f21aef.jpg?v=1760616443,,,,https://www.awin1.com/cread.php?awinmid=124092&awinaffid=3002879&ued=https%3A%2F%2Fartgoldenmaple.com%2Fproducts%2Fgolden-maple-abs-modeling-rods%3Fvariant%3D47526954336480,,"Arts & Entertainment > Hobbies & Creative Arts > Arts & Crafts > Art & Crafting Materials",,,ABSGZYB1.5-500-T10-WJT,goldenmaple,1,in_stock,,,"4.99 USD",,,,,,,,new,,,,,,,,,,,,,,,,,,,,,,,,,,,,,,,,
124092,"Golden Maple",47526954369248,"ABS Modeling Rods - ●Rod 2.0*250mm(5PCS)","ABS Modeling Rods",https://artgoldenmaple.com/products/golden-maple-abs-modeling-rods?variant=47526954369248,https://cdn.shopify.com/s/files/1/0631/8053/8080/files/ABS_2.0X250mm_5_588fc749-e95d-4204-9b54-cd09fea64b8c.jpg?v=1760616514,,,,https://www.awin1.com/cread.php?awinmid=124092&awinaffid=3002879&ued=https%3A%2F%2Fartgoldenmaple.com%2Fproducts%2Fgolden-maple-abs-modeling-rods%3Fvariant%3D47526954369248,,"Arts & Entertainment > Hobbies & Creative Arts > Arts & Crafts > Art & Crafting Materials",,,ABSGZYB2-250-T10-WJT,goldenmaple,1,in_stock,,,"4.99 USD",,,,,,,,new,,,,,,,,,,,,,,,,,,,,,,,,,,,,,,,,
124092,"Golden Maple",47526954402016,"ABS Modeling Rods - ●Rod 2.0*500mm(5PCS)","ABS Modeling Rods",https://artgoldenmaple.com/products/golden-maple-abs-modeling-rods?variant=47526954402016,https://cdn.shopify.com/s/files/1/0631/8053/8080/files/ABS_2.0X500mm_1_0f49598b-c724-43a1-aa40-9bf4e2f6c6b5.jpg?v=1760616609,,,,https://www.awin1.com/cread.php?awinmid=124092&awinaffid=3002879&ued=https%3A%2F%2Fartgoldenmaple.com%2Fproducts%2Fgolden-maple-abs-modeling-rods%3Fvariant%3D47526954402016,,"Arts & Entertainment > Hobbies & Creative Arts > Arts & Crafts > Art & Crafting Materials",,,ABSGZYB-2mm-T5-LYP,goldenmaple,1,in_stock,,,"4.99 USD",,,,,,,,new,,,,,,,,,,,,,,,,,,,,,,,,,,,,,,,,
124092,"Golden Maple",47526954434784,"ABS Modeling Rods - ●Rod  3.0*250mm(5PCS)","ABS Modeling Rods",https://artgoldenmaple.com/products/golden-maple-abs-modeling-rods?variant=47526954434784,https://cdn.shopify.com/s/files/1/0631/8053/8080/files/ABS_3.0X250mm5_9dc26b14-f954-4fe1-92bc-977e2c63285b.jpg?v=1760616695,,,,https://www.awin1.com/cread.php?awinmid=124092&awinaffid=3002879&ued=https%3A%2F%2Fartgoldenmaple.com%2Fproducts%2Fgolden-maple-abs-modeling-rods%3Fvariant%3D47526954434784,,"Arts & Entertainment > Hobbies & Creative Arts > Arts & Crafts > Art & Crafting Materials",,,ABSGZYB3-250-T10-WJT,goldenmaple,1,in_stock,,,"4.49 USD",,,,,,,,new,,,,,,,,,,,,,,,,,,,,,,,,,,,,,,,,
124092,"Golden Maple",47526954467552,"ABS Modeling Rods - ●Rod 3.0*500mm(5PCS)","ABS Modeling Rods",https://artgoldenmaple.com/products/golden-maple-abs-modeling-rods?variant=47526954467552,https://cdn.shopify.com/s/files/1/0631/8053/8080/files/ABS_3.0X500mm_1_f9b39031-31a0-497d-baa6-e7628a0352bc.jpg?v=1760616776,,,,https://www.awin1.com/cread.php?awinmid=124092&awinaffid=3002879&ued=https%3A%2F%2Fartgoldenmaple.com%2Fproducts%2Fgolden-maple-abs-modeling-rods%3Fvariant%3D47526954467552,,"Arts & Entertainment > Hobbies & Creative Arts > Arts & Crafts > Art & Crafting Materials",,,ABSGZYB-3mm-T5-LYP,goldenmaple,1,in_stock,,,"4.49 USD",,,,,,,,new,,,,,,,,,,,,,,,,,,,,,,,,,,,,,,,,
124092,"Golden Maple",47526954500320,"ABS Modeling Rods - ●Rod 4.0*500mm(5PCS)","ABS Modeling Rods",https://artgoldenmaple.com/products/golden-maple-abs-modeling-rods?variant=47526954500320,https://cdn.shopify.com/s/files/1/0631/8053/8080/files/ABS_4.0X500mm_1_9dba1836-ac73-471e-b907-456e492bc413.jpg?v=1760617014,,,,https://www.awin1.com/cread.php?awinmid=124092&awinaffid=3002879&ued=https%3A%2F%2Fartgoldenmaple.com%2Fproducts%2Fgolden-maple-abs-modeling-rods%3Fvariant%3D47526954500320,,"Arts & Entertainment > Hobbies & Creative Arts > Arts & Crafts > Art & Crafting Materials",,,ABSGZYB4-500-T10-WJT,goldenmaple,1,in_stock,,,"4.99 USD",,,,,,,,new,,,,,,,,,,,,,,,,,,,,,,,,,,,,,,,,
124092,"Golden Maple",47526954533088,"ABS Modeling Rods - ●Rod 5.0*250mm(5PCS)","ABS Modeling Rods",https://artgoldenmaple.com/products/golden-maple-abs-modeling-rods?variant=47526954533088,https://cdn.shopify.com/s/files/1/0631/8053/8080/files/ABS_5.0X250mm_5_84880350-4d63-441b-aa73-c7213f69de85.jpg?v=1760617061,,,,https://www.awin1.com/cread.php?awinmid=124092&awinaffid=3002879&ued=https%3A%2F%2Fartgoldenmaple.com%2Fproducts%2Fgolden-maple-abs-modeling-rods%3Fvariant%3D47526954533088,,"Arts & Entertainment > Hobbies & Creative Arts > Arts & Crafts > Art & Crafting Materials",,,ABSGZYB-5mm-T5-LY,goldenmaple,1,in_stock,,,"4.99 USD",,,,,,,,new,,,,,,,,,,,,,,,,,,,,,,,,,,,,,,,,
124092,"Golden Maple",47526954565856,"ABS Modeling Rods - ●Rod 5.0*500mm(5PCS)","ABS Modeling Rods",https://artgoldenmaple.com/products/golden-maple-abs-modeling-rods?variant=47526954565856,https://cdn.shopify.com/s/files/1/0631/8053/8080/files/ABS_5.0X500mm_1_fc8154d5-c3bc-40f0-8133-efcf9872059a.jpg?v=1760617182,,,,https://www.awin1.com/cread.php?awinmid=124092&awinaffid=3002879&ued=https%3A%2F%2Fartgoldenmaple.com%2Fproducts%2Fgolden-maple-abs-modeling-rods%3Fvariant%3D47526954565856,,"Arts & Entertainment > Hobbies & Creative Arts > Arts & Crafts > Art & Crafting Materials",,,ABSGZYB5-500-T10-WJT,goldenmaple,1,in_stock,,,"4.99 USD",,,,,,,,new,,,,,,,,,,,,,,,,,,,,,,,,,,,,,,,,
124092,"Golden Maple",47526954598624,"ABS Modeling Rods - ●Rod 6.0*250mm(5PCS)","ABS Modeling Rods",https://artgoldenmaple.com/products/golden-maple-abs-modeling-rods?variant=47526954598624,https://cdn.shopify.com/s/files/1/0631/8053/8080/files/ABS_6.0X250mm_5_61a30d54-6f0b-4e20-be57-f9f19de379bb.jpg?v=1760617238,,,,https://www.awin1.com/cread.php?awinmid=124092&awinaffid=3002879&ued=https%3A%2F%2Fartgoldenmaple.com%2Fproducts%2Fgolden-maple-abs-modeling-rods%3Fvariant%3D47526954598624,,"Arts & Entertainment > Hobbies & Creative Arts > Arts & Crafts > Art & Crafting Materials",,,,goldenmaple,,out_of_stock,,,"3.99 USD",,,,,,,,new,,,,,,,,,,,,,,,,,,,,,,,,,,,,,,,,
124092,"Golden Maple",47526954631392,"ABS Modeling Rods - ●Rod 6.0*500mm(5PCS)","ABS Modeling Rods",https://artgoldenmaple.com/products/golden-maple-abs-modeling-rods?variant=47526954631392,https://cdn.shopify.com/s/files/1/0631/8053/8080/files/ABS_6.0X500mm_1_68a7c09e-1094-4e4d-ac0a-889ea50ecdbe.jpg?v=1760617294,,,,https://www.awin1.com/cread.php?awinmid=124092&awinaffid=3002879&ued=https%3A%2F%2Fartgoldenmaple.com%2Fproducts%2Fgolden-maple-abs-modeling-rods%3Fvariant%3D47526954631392,,"Arts & Entertainment > Hobbies & Creative Arts > Arts & Crafts > Art & Crafting Materials",,,,goldenmaple,,out_of_stock,,,"3.99 USD",,,,,,,,new,,,,,,,,,,,,,,,,,,,,,,,,,,,,,,,,
124092,"Golden Maple",47526954664160,"ABS Modeling Rods - ●Rod 8.0* 500mm(5PCS)","ABS Modeling Rods",https://artgoldenmaple.com/products/golden-maple-abs-modeling-rods?variant=47526954664160,https://cdn.shopify.com/s/files/1/0631/8053/8080/files/ABS_8.0X500mm1_4e2e74a1-7d4b-4e8c-82e6-c9f9cf63cdc4.jpg?v=1760617367,,,,https://www.awin1.com/cread.php?awinmid=124092&awinaffid=3002879&ued=https%3A%2F%2Fartgoldenmaple.com%2Fproducts%2Fgolden-maple-abs-modeling-rods%3Fvariant%3D47526954664160,,"Arts & Entertainment > Hobbies & Creative Arts > Arts & Crafts > Art & Crafting Materials",,,,goldenmaple,,out_of_stock,,,"3.99 USD",,,,,,,,new,,,,,,,,,,,,,,,,,,,,,,,,,,,,,,,,
124092,"Golden Maple",47526954696928,"ABS Modeling Rods - ●Rod 10.0* 500mm(5PCS)","ABS Modeling Rods",https://artgoldenmaple.com/products/golden-maple-abs-modeling-rods?variant=47526954696928,https://cdn.shopify.com/s/files/1/0631/8053/8080/files/ABS_10X500mm_1_5ac67157-8827-4f50-a424-df23ab485672.jpg?v=1760617418,,,,https://www.awin1.com/cread.php?awinmid=124092&awinaffid=3002879&ued=https%3A%2F%2Fartgoldenmaple.com%2Fproducts%2Fgolden-maple-abs-modeling-rods%3Fvariant%3D47526954696928,,"Arts & Entertainment > Hobbies & Creative Arts > Arts & Crafts > Art & Crafting Materials",,,,goldenmaple,,out_of_stock,,,"4.49 USD",,,,,,,,new,,,,,,,,,,,,,,,,,,,,,,,,,,,,,,,,
124092,"Golden Maple",47526954729696,"ABS Modeling Rods - ■l Rod 2*2*500mm(5PCS)","ABS Modeling Rods",https://artgoldenmaple.com/products/golden-maple-abs-modeling-rods?variant=47526954729696,https://cdn.shopify.com/s/files/1/0631/8053/8080/files/L_2X2X500.jpg?v=1760617553,,,,https://www.awin1.com/cread.php?awinmid=124092&awinaffid=3002879&ued=https%3A%2F%2Fartgoldenmaple.com%2Fproducts%2Fgolden-maple-abs-modeling-rods%3Fvariant%3D47526954729696,,"Arts & Entertainment > Hobbies & Creative Arts > Arts & Crafts > Art & Crafting Materials",,,ABSGZLXB-2-2mm-T5-LYP,goldenmaple,1,in_stock,,,"4.99 USD",,,,,,,,new,,,,,,,,,,,,,,,,,,,,,,,,,,,,,,,,
124092,"Golden Maple",47526954762464,"ABS Modeling Rods - ■l Rod 3*3*250mm(5PCS)","ABS Modeling Rods",https://artgoldenmaple.com/products/golden-maple-abs-modeling-rods?variant=47526954762464,https://cdn.shopify.com/s/files/1/0631/8053/8080/files/L_3X3X250.jpg?v=1760617613,,,,https://www.awin1.com/cread.php?awinmid=124092&awinaffid=3002879&ued=https%3A%2F%2Fartgoldenmaple.com%2Fproducts%2Fgolden-maple-abs-modeling-rods%3Fvariant%3D47526954762464,,"Arts & Entertainment > Hobbies & Creative Arts > Arts & Crafts > Art & Crafting Materials",,,,goldenmaple,,out_of_stock,,,"4.99 USD",,,,,,,,new,,,,,,,,,,,,,,,,,,,,,,,,,,,,,,,,
124092,"Golden Maple",47526954795232,"ABS Modeling Rods - ■l Rod 4*4*250mm(5PCS)","ABS Modeling Rods",https://artgoldenmaple.com/products/golden-maple-abs-modeling-rods?variant=47526954795232,https://cdn.shopify.com/s/files/1/0631/8053/8080/files/L_4X4X250.jpg?v=1760617677,,,,https://www.awin1.com/cread.php?awinmid=124092&awinaffid=3002879&ued=https%3A%2F%2Fartgoldenmaple.com%2Fproducts%2Fgolden-maple-abs-modeling-rods%3Fvariant%3D47526954795232,,"Arts & Entertainment > Hobbies & Creative Arts > Arts & Crafts > Art & Crafting Materials",,,,goldenmaple,,out_of_stock,,,"4.99 USD",,,,,,,,new,,,,,,,,,,,,,,,,,,,,,,,,,,,,,,,,
124092,"Golden Maple",47526954828000,"ABS Modeling Rods - ■l Rod 4*4*500mm(5PCS)","ABS Modeling Rods",https://artgoldenmaple.com/products/golden-maple-abs-modeling-rods?variant=47526954828000,https://cdn.shopify.com/s/files/1/0631/8053/8080/files/L_4X4X500.jpg?v=1760617801,,,,https://www.awin1.com/cread.php?awinmid=124092&awinaffid=3002879&ued=https%3A%2F%2Fartgoldenmaple.com%2Fproducts%2Fgolden-maple-abs-modeling-rods%3Fvariant%3D47526954828000,,"Arts & Entertainment > Hobbies & Creative Arts > Arts & Crafts > Art & Crafting Materials",,,,goldenmaple,,out_of_stock,,,"4.49 USD",,,,,,,,new,,,,,,,,,,,,,,,,,,,,,,,,,,,,,,,,
124092,"Golden Maple",47526954860768,"ABS Modeling Rods - □Tube 2*1.0*250mm(5PCS)","ABS Modeling Rods",https://artgoldenmaple.com/products/golden-maple-abs-modeling-rods?variant=47526954860768,https://cdn.shopify.com/s/files/1/0631/8053/8080/files/2X1X250_5.jpg?v=1760617839,,,,https://www.awin1.com/cread.php?awinmid=124092&awinaffid=3002879&ued=https%3A%2F%2Fartgoldenmaple.com%2Fproducts%2Fgolden-maple-abs-modeling-rods%3Fvariant%3D47526954860768,,"Arts & Entertainment > Hobbies & Creative Arts > Arts & Crafts > Art & Crafting Materials",,,,goldenmaple,,out_of_stock,,,"4.99 USD",,,,,,,,new,,,,,,,,,,,,,,,,,,,,,,,,,,,,,,,,
124092,"Golden Maple",47526954893536,"ABS Modeling Rods - □Tube 3*1.5*250mm(5PCS)","ABS Modeling Rods",https://artgoldenmaple.com/products/golden-maple-abs-modeling-rods?variant=47526954893536,https://cdn.shopify.com/s/files/1/0631/8053/8080/files/3X1.5X250_5.jpg?v=1760617884,,,,https://www.awin1.com/cread.php?awinmid=124092&awinaffid=3002879&ued=https%3A%2F%2Fartgoldenmaple.com%2Fproducts%2Fgolden-maple-abs-modeling-rods%3Fvariant%3D47526954893536,,"Arts & Entertainment > Hobbies & Creative Arts > Arts & Crafts > Art & Crafting Materials",,,,goldenmaple,,out_of_stock,,,"4.99 USD",,,,,,,,new,,,,,,,,,,,,,,,,,,,,,,,,,,,,,,,,
124092,"Golden Maple",47526954926304,"ABS Modeling Rods - □Tube 4*2*250mm(5PCS)","ABS Modeling Rods",https://artgoldenmaple.com/products/golden-maple-abs-modeling-rods?variant=47526954926304,https://cdn.shopify.com/s/files/1/0631/8053/8080/files/4X2X250_5.jpg?v=1760617948,,,,https://www.awin1.com/cread.php?awinmid=124092&awinaffid=3002879&ued=https%3A%2F%2Fartgoldenmaple.com%2Fproducts%2Fgolden-maple-abs-modeling-rods%3Fvariant%3D47526954926304,,"Arts & Entertainment > Hobbies & Creative Arts > Arts & Crafts > Art & Crafting Materials",,,,goldenmaple,,out_of_stock,,,"4.99 USD",,,,,,,,new,,,,,,,,,,,,,,,,,,,,,,,,,,,,,,,,
124092,"Golden Maple",47885046055136,"ABS Modeling Rods - □Tube 5*1.5*250mm(5PCS)","ABS Modeling Rods",https://artgoldenmaple.com/products/golden-maple-abs-modeling-rods?variant=47885046055136,https://cdn.shopify.com/s/files/1/0631/8053/8080/files/5X1.5X250_5.jpg?v=1760618152,,,,https://www.awin1.com/cread.php?awinmid=124092&awinaffid=3002879&ued=https%3A%2F%2Fartgoldenmaple.com%2Fproducts%2Fgolden-maple-abs-modeling-rods%3Fvariant%3D47885046055136,,"Arts & Entertainment > Hobbies & Creative Arts > Arts & Crafts > Art & Crafting Materials",,,,goldenmaple,,out_of_stock,,,"3.99 USD",,,,,,,,new,,,,,,,,,,,,,,,,,,,,,,,,,,,,,,,,
124092,"Golden Maple",47889246486752,"ABS Modeling Rods - Half-round 2*4*250mm (10PCS)","ABS Modeling Rods",https://artgoldenmaple.com/products/golden-maple-abs-modeling-rods?variant=47889246486752,https://cdn.shopify.com/s/files/1/0631/8053/8080/files/2x4x250mm_10PCS.jpg?v=1760696977,,,,https://www.awin1.com/cread.php?awinmid=124092&awinaffid=3002879&ued=https%3A%2F%2Fartgoldenmaple.com%2Fproducts%2Fgolden-maple-abs-modeling-rods%3Fvariant%3D47889246486752,,"Arts & Entertainment > Hobbies & Creative Arts > Arts & Crafts > Art & Crafting Materials",,,,goldenmaple,,out_of_stock,,,"3.99 USD",,,,,,,,new,,,,,,,,,,,,,,,,,,,,,,,,,,,,,,,,
124092,"Golden Maple",47539742540000,"Dust Removal Brush – Dual Soft & Hard Bristles for Sweeping and Polishing Gundam Models - 2PCS-soft+hard","Dust Removal Brush – Dual Soft & Hard Bristles for Sweeping and Polishing Gundam Models",https://artgoldenmaple.com/products/golden-maple-dust-removal-brush-soft-bristle-hard-bristle-cleaning-brush-sweeping-dust-polishing-cleaning-gundam-hand-tool?variant=47539742540000,https://cdn.shopify.com/s/files/1/0631/8053/8080/files/7_94b7ffb1-e902-483e-ba9c-08bf902dfbe2.jpg?v=1751003625,,,,https://www.awin1.com/cread.php?awinmid=124092&awinaffid=3002879&ued=https%3A%2F%2Fartgoldenmaple.com%2Fproducts%2Fgolden-maple-dust-removal-brush-soft-bristle-hard-bristle-cleaning-brush-sweeping-dust-polishing-cleaning-gundam-hand-tool%3Fvariant%3D47539742540000,,"Hardware > Tools > Grips",,,MXCCS-TZ-LYP,goldenmaple,1,in_stock,,,"19.99 USD",,,,,,,,new,,,,,,,,,,,,,,,,,,,,,,,,,,,,,,,,
124092,"Golden Maple",47539742572768,"Dust Removal Brush – Dual Soft & Hard Bristles for Sweeping and Polishing Gundam Models - 2PCS-soft","Dust Removal Brush – Dual Soft & Hard Bristles for Sweeping and Polishing Gundam Models",https://artgoldenmaple.com/products/golden-maple-dust-removal-brush-soft-bristle-hard-bristle-cleaning-brush-sweeping-dust-polishing-cleaning-gundam-hand-tool?variant=47539742572768,https://cdn.shopify.com/s/files/1/0631/8053/8080/files/9_9f1e6e8c-627a-4a5c-9506-126958a41c7f.jpg?v=1751005965,,,,https://www.awin1.com/cread.php?awinmid=124092&awinaffid=3002879&ued=https%3A%2F%2Fartgoldenmaple.com%2Fproducts%2Fgolden-maple-dust-removal-brush-soft-bristle-hard-bristle-cleaning-brush-sweeping-dust-polishing-cleaning-gundam-hand-tool%3Fvariant%3D47539742572768,,"Hardware > Tools > Grips",,,,goldenmaple,,in_stock,,,"19.99 USD",,,,,,,,new,,,,,,,,,,,,,,,,,,,,,,,,,,,,,,,,
124092,"Golden Maple",47539742605536,"Dust Removal Brush – Dual Soft & Hard Bristles for Sweeping and Polishing Gundam Models - 2pcs-hard","Dust Removal Brush – Dual Soft & Hard Bristles for Sweeping and Polishing Gundam Models",https://artgoldenmaple.com/products/golden-maple-dust-removal-brush-soft-bristle-hard-bristle-cleaning-brush-sweeping-dust-polishing-cleaning-gundam-hand-tool?variant=47539742605536,https://cdn.shopify.com/s/files/1/0631/8053/8080/files/8_4718a3d7-1313-4863-aebb-14db135076d9.jpg?v=1751005965,,,,https://www.awin1.com/cread.php?awinmid=124092&awinaffid=3002879&ued=https%3A%2F%2Fartgoldenmaple.com%2Fproducts%2Fgolden-maple-dust-removal-brush-soft-bristle-hard-bristle-cleaning-brush-sweeping-dust-polishing-cleaning-gundam-hand-tool%3Fvariant%3D47539742605536,,"Hardware > Tools > Grips",,,,goldenmaple,,in_stock,,,"19.99 USD",,,,,,,,new,,,,,,,,,,,,,,,,,,,,,,,,,,,,,,,,
124092,"Golden Maple",47539742638304,"Dust Removal Brush – Dual Soft & Hard Bristles for Sweeping and Polishing Gundam Models - 1pc-soft","Dust Removal Brush – Dual Soft & Hard Bristles for Sweeping and Polishing Gundam Models",https://artgoldenmaple.com/products/golden-maple-dust-removal-brush-soft-bristle-hard-bristle-cleaning-brush-sweeping-dust-polishing-cleaning-gundam-hand-tool?variant=47539742638304,https://cdn.shopify.com/s/files/1/0631/8053/8080/files/9_9f1e6e8c-627a-4a5c-9506-126958a41c7f.jpg?v=1751005965,,,,https://www.awin1.com/cread.php?awinmid=124092&awinaffid=3002879&ued=https%3A%2F%2Fartgoldenmaple.com%2Fproducts%2Fgolden-maple-dust-removal-brush-soft-bristle-hard-bristle-cleaning-brush-sweeping-dust-polishing-cleaning-gundam-hand-tool%3Fvariant%3D47539742638304,,"Hardware > Tools > Grips",,,RM-MXCCS-LM,goldenmaple,1,in_stock,,,"9.99 USD",,,,,,,,new,,,,,,,,,,,,,,,,,,,,,,,,,,,,,,,,
124092,"Golden Maple",47539742671072,"Dust Removal Brush – Dual Soft & Hard Bristles for Sweeping and Polishing Gundam Models - 1pc-hard","Dust Removal Brush – Dual Soft & Hard Bristles for Sweeping and Polishing Gundam Models",https://artgoldenmaple.com/products/golden-maple-dust-removal-brush-soft-bristle-hard-bristle-cleaning-brush-sweeping-dust-polishing-cleaning-gundam-hand-tool?variant=47539742671072,https://cdn.shopify.com/s/files/1/0631/8053/8080/files/8_4718a3d7-1313-4863-aebb-14db135076d9.jpg?v=1751005965,,,,https://www.awin1.com/cread.php?awinmid=124092&awinaffid=3002879&ued=https%3A%2F%2Fartgoldenmaple.com%2Fproducts%2Fgolden-maple-dust-removal-brush-soft-bristle-hard-bristle-cleaning-brush-sweeping-dust-polishing-cleaning-gundam-hand-tool%3Fvariant%3D47539742671072,,"Hardware > Tools > Grips",,,YM-MXCCS-LM,goldenmaple,1,in_stock,,,"9.99 USD",,,,,,,,new,,,,,,,,,,,,,,,,,,,,,,,,,,,,,,,,
124092,"Golden Maple",47599400648928,"Miniature Detailing Paint Brush Set – Fine Detail, Acrylic, Watercolor & Oil Painting 13pcs","Miniature Detailing Paint Brush Set – Fine Detail, Acrylic, Watercolor & Oil Painting 13pcs",https://artgoldenmaple.com/products/detailing-paint-brush-set-golden-maple-13pcs-miniature-paint-brushes-set-for-fine-detail-paint-acrylic-painting-watercolor-oil-models?variant=47599400648928,https://cdn.shopify.com/s/files/1/0631/8053/8080/files/MiniatureDetailingPaintBrushSet_FineDetail_Acrylic_Watercolor_OilPainting13pcs_1.webp?v=1783755845,,,,https://www.awin1.com/cread.php?awinmid=124092&awinaffid=3002879&ued=https%3A%2F%2Fartgoldenmaple.com%2Fproducts%2Fdetailing-paint-brush-set-golden-maple-13pcs-miniature-paint-brushes-set-for-fine-detail-paint-acrylic-painting-watercolor-oil-models%3Fvariant%3D47599400648928,,"Arts & Entertainment > Hobbies & Creative Arts > Arts & Crafts > Art & Crafting Tools > Craft Measuring & Marking Tools > Art Brushes",,,PBN-GY-T13-ydx-zuhe,artgoldenmaple,1,in_stock,,,"21.99 USD",,,,,,,,new,,,,,,,,,,,,,,,,,,,,,,,,,,,,,,,,
124092,"Golden Maple",47599859007712,"Miniature Scenic Grass Tufts - 5mm 70Plants   Golden Autumn","Miniature Scenic Grass Tufts",https://artgoldenmaple.com/products/golden-maple-miniature-scenic-grass-tufts-1?variant=47599859007712,https://cdn.shopify.com/s/files/1/0631/8053/8080/files/MiniatureScenicGrassTufts_34.webp?v=1783757915,,,,https://www.awin1.com/cread.php?awinmid=124092&awinaffid=3002879&ued=https%3A%2F%2Fartgoldenmaple.com%2Fproducts%2Fgolden-maple-miniature-scenic-grass-tufts-1%3Fvariant%3D47599859007712,,"Arts & Entertainment > Hobbies & Creative Arts > Model Making",,,CC-WS-JQS-5mm70-LM,artgoldenmaple,1,in_stock,,,"6.99 USD",,,,,,,,new,,,,,,,,,,,,,,,,,,,,,,,,,,,,,,,,
124092,"Golden Maple",47599859040480,"Miniature Scenic Grass Tufts - 5mm 70Plants  Winter Brown","Miniature Scenic Grass Tufts",https://artgoldenmaple.com/products/golden-maple-miniature-scenic-grass-tufts-1?variant=47599859040480,https://cdn.shopify.com/s/files/1/0631/8053/8080/files/MiniatureScenicGrassTufts_35.webp?v=1783757915,,,,https://www.awin1.com/cread.php?awinmid=124092&awinaffid=3002879&ued=https%3A%2F%2Fartgoldenmaple.com%2Fproducts%2Fgolden-maple-miniature-scenic-grass-tufts-1%3Fvariant%3D47599859040480,,"Arts & Entertainment > Hobbies & Creative Arts > Model Making",,,CC-WS-DKS-5mm70-LM,artgoldenmaple,1,in_stock,,,"6.99 USD",,,,,,,,new,,,,,,,,,,,,,,,,,,,,,,,,,,,,,,,,
124092,"Golden Maple",47599859073248,"Miniature Scenic Grass Tufts - 5mm 70Plants Spring Green","Miniature Scenic Grass Tufts",https://artgoldenmaple.com/products/golden-maple-miniature-scenic-grass-tufts-1?variant=47599859073248,https://cdn.shopify.com/s/files/1/0631/8053/8080/files/MiniatureScenicGrassTufts_19.webp?v=1783757915,,,,https://www.awin1.com/cread.php?awinmid=124092&awinaffid=3002879&ued=https%3A%2F%2Fartgoldenmaple.com%2Fproducts%2Fgolden-maple-miniature-scenic-grass-tufts-1%3Fvariant%3D47599859073248,,"Arts & Entertainment > Hobbies & Creative Arts > Model Making",,,CC-WS-CLS-5mm70-LM,artgoldenmaple,1,in_stock,,,"6.99 USD",,,,,,,,new,,,,,,,,,,,,,,,,,,,,,,,,,,,,,,,,
124092,"Golden Maple",47599859106016,"Miniature Scenic Grass Tufts - 5mm 70Plants Early Summer","Miniature Scenic Grass Tufts",https://artgoldenmaple.com/products/golden-maple-miniature-scenic-grass-tufts-1?variant=47599859106016,https://cdn.shopify.com/s/files/1/0631/8053/8080/files/MiniatureScenicGrassTufts_17.webp?v=1783757915,,,,https://www.awin1.com/cread.php?awinmid=124092&awinaffid=3002879&ued=https%3A%2F%2Fartgoldenmaple.com%2Fproducts%2Fgolden-maple-miniature-scenic-grass-tufts-1%3Fvariant%3D47599859106016,,"Arts & Entertainment > Hobbies & Creative Arts > Model Making",,,CC-WS-CXS-5mm70-LM,artgoldenmaple,1,in_stock,,,"6.99 USD",,,,,,,,new,,,,,,,,,,,,,,,,,,,,,,,,,,,,,,,,
124092,"Golden Maple",47599859138784,"Miniature Scenic Grass Tufts - 5mm 70Plants Late Summer","Miniature Scenic Grass Tufts",https://artgoldenmaple.com/products/golden-maple-miniature-scenic-grass-tufts-1?variant=47599859138784,https://cdn.shopify.com/s/files/1/0631/8053/8080/files/MiniatureScenicGrassTufts_10.webp?v=1783757915,,,,https://www.awin1.com/cread.php?awinmid=124092&awinaffid=3002879&ued=https%3A%2F%2Fartgoldenmaple.com%2Fproducts%2Fgolden-maple-miniature-scenic-grass-tufts-1%3Fvariant%3D47599859138784,,"Arts & Entertainment > Hobbies & Creative Arts > Model Making",,,CC-WS-SXS-5mm70-LM,artgoldenmaple,1,in_stock,,,"6.99 USD",,,,,,,,new,,,,,,,,,,,,,,,,,,,,,,,,,,,,,,,,
124092,"Golden Maple",47599859171552,"Miniature Scenic Grass Tufts - 5mm 70Plants Autumn Yellow","Miniature Scenic Grass Tufts",https://artgoldenmaple.com/products/golden-maple-miniature-scenic-grass-tufts-1?variant=47599859171552,https://cdn.shopify.com/s/files/1/0631/8053/8080/files/MiniatureScenicGrassTufts_11.webp?v=1783757915,,,,https://www.awin1.com/cread.php?awinmid=124092&awinaffid=3002879&ued=https%3A%2F%2Fartgoldenmaple.com%2Fproducts%2Fgolden-maple-miniature-scenic-grass-tufts-1%3Fvariant%3D47599859171552,,"Arts & Entertainment > Hobbies & Creative Arts > Model Making",,,CC-WS-QHS-5mm70-LM,artgoldenmaple,1,in_stock,,,"6.99 USD",,,,,,,,new,,,,,,,,,,,,,,,,,,,,,,,,,,,,,,,,
124092,"Golden Maple",47599859204320,"Miniature Scenic Grass Tufts - 5mm 120Plants No.1","Miniature Scenic Grass Tufts",https://artgoldenmaple.com/products/golden-maple-miniature-scenic-grass-tufts-1?variant=47599859204320,https://cdn.shopify.com/s/files/1/0631/8053/8080/files/MiniatureScenicGrassTufts_20.webp?v=1783757915,,,,https://www.awin1.com/cread.php?awinmid=124092&awinaffid=3002879&ued=https%3A%2F%2Fartgoldenmaple.com%2Fproducts%2Fgolden-maple-miniature-scenic-grass-tufts-1%3Fvariant%3D47599859204320,,"Arts & Entertainment > Hobbies & Creative Arts > Model Making",,,CC-WS-1HS-5mm120-LM,artgoldenmaple,1,in_stock,,,"6.99 USD",,,,,,,,new,,,,,,,,,,,,,,,,,,,,,,,,,,,,,,,,
124092,"Golden Maple",47599859237088,"Miniature Scenic Grass Tufts - 5mm 120Plants No.2","Miniature Scenic Grass Tufts",https://artgoldenmaple.com/products/golden-maple-miniature-scenic-grass-tufts-1?variant=47599859237088,https://cdn.shopify.com/s/files/1/0631/8053/8080/files/MiniatureScenicGrassTufts_22.webp?v=1783757915,,,,https://www.awin1.com/cread.php?awinmid=124092&awinaffid=3002879&ued=https%3A%2F%2Fartgoldenmaple.com%2Fproducts%2Fgolden-maple-miniature-scenic-grass-tufts-1%3Fvariant%3D47599859237088,,"Arts & Entertainment > Hobbies & Creative Arts > Model Making",,,CC-WS-2HS-5mm120-LM,artgoldenmaple,1,in_stock,,,"6.99 USD",,,,,,,,new,,,,,,,,,,,,,,,,,,,,,,,,,,,,,,,,
124092,"Golden Maple",47599859269856,"Miniature Scenic Grass Tufts - 5mm 120Plants No.3","Miniature Scenic Grass Tufts",https://artgoldenmaple.com/products/golden-maple-miniature-scenic-grass-tufts-1?variant=47599859269856,https://cdn.shopify.com/s/files/1/0631/8053/8080/files/MiniatureScenicGrassTufts_32.webp?v=1783757915,,,,https://www.awin1.com/cread.php?awinmid=124092&awinaffid=3002879&ued=https%3A%2F%2Fartgoldenmaple.com%2Fproducts%2Fgolden-maple-miniature-scenic-grass-tufts-1%3Fvariant%3D47599859269856,,"Arts & Entertainment > Hobbies & Creative Arts > Model Making",,,CC-WS-3HS-5mm120-LM,artgoldenmaple,1,in_stock,,,"6.99 USD",,,,,,,,new,,,,,,,,,,,,,,,,,,,,,,,,,,,,,,,,
124092,"Golden Maple",47599859302624,"Miniature Scenic Grass Tufts - 5mm 120Plants No.4","Miniature Scenic Grass Tufts",https://artgoldenmaple.com/products/golden-maple-miniature-scenic-grass-tufts-1?variant=47599859302624,https://cdn.shopify.com/s/files/1/0631/8053/8080/files/MiniatureScenicGrassTufts_25.webp?v=1783757915,,,,https://www.awin1.com/cread.php?awinmid=124092&awinaffid=3002879&ued=https%3A%2F%2Fartgoldenmaple.com%2Fproducts%2Fgolden-maple-miniature-scenic-grass-tufts-1%3Fvariant%3D47599859302624,,"Arts & Entertainment > Hobbies & Creative Arts > Model Making",,,CC-WS-4HS-5mm120-LM,artgoldenmaple,1,in_stock,,,"6.99 USD",,,,,,,,new,,,,,,,,,,,,,,,,,,,,,,,,,,,,,,,,
124092,"Golden Maple",47599859335392,"Miniature Scenic Grass Tufts - 5mm 120Plants No.5","Miniature Scenic Grass Tufts",https://artgoldenmaple.com/products/golden-maple-miniature-scenic-grass-tufts-1?variant=47599859335392,https://cdn.shopify.com/s/files/1/0631/8053/8080/files/MiniatureScenicGrassTufts_33.webp?v=1783757915,,,,https://www.awin1.com/cread.php?awinmid=124092&awinaffid=3002879&ued=https%3A%2F%2Fartgoldenmaple.com%2Fproducts%2Fgolden-maple-miniature-scenic-grass-tufts-1%3Fvariant%3D47599859335392,,"Arts & Entertainment > Hobbies & Creative Arts > Model Making",,,CC-WS-5HS-5mm120-LM,artgoldenmaple,1,in_stock,,,"6.99 USD",,,,,,,,new,,,,,,,,,,,,,,,,,,,,,,,,,,,,,,,,
124092,"Golden Maple",47599859368160,"Miniature Scenic Grass Tufts - 8mm 104Plants No.1","Miniature Scenic Grass Tufts",https://artgoldenmaple.com/products/golden-maple-miniature-scenic-grass-tufts-1?variant=47599859368160,https://cdn.shopify.com/s/files/1/0631/8053/8080/files/MiniatureScenicGrassTufts_21.webp?v=1783757915,,,,https://www.awin1.com/cread.php?awinmid=124092&awinaffid=3002879&ued=https%3A%2F%2Fartgoldenmaple.com%2Fproducts%2Fgolden-maple-miniature-scenic-grass-tufts-1%3Fvariant%3D47599859368160,,"Arts & Entertainment > Hobbies & Creative Arts > Model Making",,,CC-WS-1HS-8mm104-LM,artgoldenmaple,1,in_stock,,,"6.99 USD",,,,,,,,new,,,,,,,,,,,,,,,,,,,,,,,,,,,,,,,,
124092,"Golden Maple",47599859400928,"Miniature Scenic Grass Tufts - 8mm 104Plants  No.2","Miniature Scenic Grass Tufts",https://artgoldenmaple.com/products/golden-maple-miniature-scenic-grass-tufts-1?variant=47599859400928,https://cdn.shopify.com/s/files/1/0631/8053/8080/files/MiniatureScenicGrassTufts_23.webp?v=1783757915,,,,https://www.awin1.com/cread.php?awinmid=124092&awinaffid=3002879&ued=https%3A%2F%2Fartgoldenmaple.com%2Fproducts%2Fgolden-maple-miniature-scenic-grass-tufts-1%3Fvariant%3D47599859400928,,"Arts & Entertainment > Hobbies & Creative Arts > Model Making",,,CC-WS-2HS-8mm104-LM,artgoldenmaple,1,in_stock,,,"6.99 USD",,,,,,,,new,,,,,,,,,,,,,,,,,,,,,,,,,,,,,,,,
124092,"Golden Maple",47599859433696,"Miniature Scenic Grass Tufts - 8mm 104Plants  No.3","Miniature Scenic Grass Tufts",https://artgoldenmaple.com/products/golden-maple-miniature-scenic-grass-tufts-1?variant=47599859433696,https://cdn.shopify.com/s/files/1/0631/8053/8080/files/MiniatureScenicGrassTufts_24.webp?v=1783757915,,,,https://www.awin1.com/cread.php?awinmid=124092&awinaffid=3002879&ued=https%3A%2F%2Fartgoldenmaple.com%2Fproducts%2Fgolden-maple-miniature-scenic-grass-tufts-1%3Fvariant%3D47599859433696,,"Arts & Entertainment > Hobbies & Creative Arts > Model Making",,,CC-WS-3HS-8mm104-LM,artgoldenmaple,1,in_stock,,,"6.99 USD",,,,,,,,new,,,,,,,,,,,,,,,,,,,,,,,,,,,,,,,,
124092,"Golden Maple",47599859466464,"Miniature Scenic Grass Tufts - 8mm 104Plants No.4","Miniature Scenic Grass Tufts",https://artgoldenmaple.com/products/golden-maple-miniature-scenic-grass-tufts-1?variant=47599859466464,https://cdn.shopify.com/s/files/1/0631/8053/8080/files/MiniatureScenicGrassTufts_26.webp?v=1783757915,,,,https://www.awin1.com/cread.php?awinmid=124092&awinaffid=3002879&ued=https%3A%2F%2Fartgoldenmaple.com%2Fproducts%2Fgolden-maple-miniature-scenic-grass-tufts-1%3Fvariant%3D47599859466464,,"Arts & Entertainment > Hobbies & Creative Arts > Model Making",,,CC-WS-4HS-8mm104-LM,artgoldenmaple,1,in_stock,,,"6.99 USD",,,,,,,,new,,,,,,,,,,,,,,,,,,,,,,,,,,,,,,,,
124092,"Golden Maple",47599859499232,"Miniature Scenic Grass Tufts - 8mm 104Plants  No.5","Miniature Scenic Grass Tufts",https://artgoldenmaple.com/products/golden-maple-miniature-scenic-grass-tufts-1?variant=47599859499232,https://cdn.shopify.com/s/files/1/0631/8053/8080/files/MiniatureScenicGrassTufts_27.webp?v=1783757915,,,,https://www.awin1.com/cread.php?awinmid=124092&awinaffid=3002879&ued=https%3A%2F%2Fartgoldenmaple.com%2Fproducts%2Fgolden-maple-miniature-scenic-grass-tufts-1%3Fvariant%3D47599859499232,,"Arts & Entertainment > Hobbies & Creative Arts > Model Making",,,CC-WS-5HS-8mm104-LM,artgoldenmaple,1,in_stock,,,"6.99 USD",,,,,,,,new,,,,,,,,,,,,,,,,,,,,,,,,,,,,,,,,
124092,"Golden Maple",47599859532000,"Miniature Scenic Grass Tufts - 8mm 104Plants  No.6","Miniature Scenic Grass Tufts",https://artgoldenmaple.com/products/golden-maple-miniature-scenic-grass-tufts-1?variant=47599859532000,https://cdn.shopify.com/s/files/1/0631/8053/8080/files/MiniatureScenicGrassTufts_28.webp?v=1783757915,,,,https://www.awin1.com/cread.php?awinmid=124092&awinaffid=3002879&ued=https%3A%2F%2Fartgoldenmaple.com%2Fproducts%2Fgolden-maple-miniature-scenic-grass-tufts-1%3Fvariant%3D47599859532000,,"Arts & Entertainment > Hobbies & Creative Arts > Model Making",,,CC-WS-6HS-8mm104-LM,artgoldenmaple,1,out_of_stock,,,"6.99 USD",,,,,,,,new,,,,,,,,,,,,,,,,,,,,,,,,,,,,,,,,
124092,"Golden Maple",47599859564768,"Miniature Scenic Grass Tufts - 8mm 104Plants  No.7","Miniature Scenic Grass Tufts",https://artgoldenmaple.com/products/golden-maple-miniature-scenic-grass-tufts-1?variant=47599859564768,https://cdn.shopify.com/s/files/1/0631/8053/8080/files/MiniatureScenicGrassTufts_29.webp?v=1783757915,,,,https://www.awin1.com/cread.php?awinmid=124092&awinaffid=3002879&ued=https%3A%2F%2Fartgoldenmaple.com%2Fproducts%2Fgolden-maple-miniature-scenic-grass-tufts-1%3Fvariant%3D47599859564768,,"Arts & Entertainment > Hobbies & Creative Arts > Model Making",,,CC-WS-7HS-8mm104-LM,artgoldenmaple,1,in_stock,,,"6.99 USD",,,,,,,,new,,,,,,,,,,,,,,,,,,,,,,,,,,,,,,,,
124092,"Golden Maple",47599859597536,"Miniature Scenic Grass Tufts - 8mm 104Plants  N0.8","Miniature Scenic Grass Tufts",https://artgoldenmaple.com/products/golden-maple-miniature-scenic-grass-tufts-1?variant=47599859597536,https://cdn.shopify.com/s/files/1/0631/8053/8080/files/MiniatureScenicGrassTufts_30.webp?v=1783757915,,,,https://www.awin1.com/cread.php?awinmid=124092&awinaffid=3002879&ued=https%3A%2F%2Fartgoldenmaple.com%2Fproducts%2Fgolden-maple-miniature-scenic-grass-tufts-1%3Fvariant%3D47599859597536,,"Arts & Entertainment > Hobbies & Creative Arts > Model Making",,,CC-WS-8HS-8mm104-LM,artgoldenmaple,1,in_stock,,,"6.99 USD",,,,,,,,new,,,,,,,,,,,,,,,,,,,,,,,,,,,,,,,,
124092,"Golden Maple",47599859630304,"Miniature Scenic Grass Tufts - 8mm 104Plants  No.9","Miniature Scenic Grass Tufts",https://artgoldenmaple.com/products/golden-maple-miniature-scenic-grass-tufts-1?variant=47599859630304,https://cdn.shopify.com/s/files/1/0631/8053/8080/files/MiniatureScenicGrassTufts_31.webp?v=1783757915,,,,https://www.awin1.com/cread.php?awinmid=124092&awinaffid=3002879&ued=https%3A%2F%2Fartgoldenmaple.com%2Fproducts%2Fgolden-maple-miniature-scenic-grass-tufts-1%3Fvariant%3D47599859630304,,"Arts & Entertainment > Hobbies & Creative Arts > Model Making",,,CC-WS-9HS-8mm104-LM,artgoldenmaple,1,out_of_stock,,,"6.99 USD",,,,,,,,new,,,,,,,,,,,,,,,,,,,,,,,,,,,,,,,,
124092,"Golden Maple",47599859663072,"Miniature Scenic Grass Tufts - 10mm 15Plants Nordic wild grass","Miniature Scenic Grass Tufts",https://artgoldenmaple.com/products/golden-maple-miniature-scenic-grass-tufts-1?variant=47599859663072,https://cdn.shopify.com/s/files/1/0631/8053/8080/files/MiniatureScenicGrassTufts_12.webp?v=1783757915,,,,https://www.awin1.com/cread.php?awinmid=124092&awinaffid=3002879&ued=https%3A%2F%2Fartgoldenmaple.com%2Fproducts%2Fgolden-maple-miniature-scenic-grass-tufts-1%3Fvariant%3D47599859663072,,"Arts & Entertainment > Hobbies & Creative Arts > Model Making",,,CC-WS-BOYC-10mm15-LM,artgoldenmaple,1,in_stock,,,"6.99 USD",,,,,,,,new,,,,,,,,,,,,,,,,,,,,,,,,,,,,,,,,
124092,"Golden Maple",47599859695840,"Miniature Scenic Grass Tufts - 10mm 15Plants  East Europe weed","Miniature Scenic Grass Tufts",https://artgoldenmaple.com/products/golden-maple-miniature-scenic-grass-tufts-1?variant=47599859695840,https://cdn.shopify.com/s/files/1/0631/8053/8080/files/MiniatureScenicGrassTufts_13.webp?v=1783757915,,,,https://www.awin1.com/cread.php?awinmid=124092&awinaffid=3002879&ued=https%3A%2F%2Fartgoldenmaple.com%2Fproducts%2Fgolden-maple-miniature-scenic-grass-tufts-1%3Fvariant%3D47599859695840,,"Arts & Entertainment > Hobbies & Creative Arts > Model Making",,,CC-WS-DOZC-10mm15-LM,artgoldenmaple,1,out_of_stock,,,"6.99 USD",,,,,,,,new,,,,,,,,,,,,,,,,,,,,,,,,,,,,,,,,
124092,"Golden Maple",47599859728608,"Miniature Scenic Grass Tufts - 10mm 15Plants Prairie Green","Miniature Scenic Grass Tufts",https://artgoldenmaple.com/products/golden-maple-miniature-scenic-grass-tufts-1?variant=47599859728608,https://cdn.shopify.com/s/files/1/0631/8053/8080/files/MiniatureScenicGrassTufts_14.webp?v=1783757915,,,,https://www.awin1.com/cread.php?awinmid=124092&awinaffid=3002879&ued=https%3A%2F%2Fartgoldenmaple.com%2Fproducts%2Fgolden-maple-miniature-scenic-grass-tufts-1%3Fvariant%3D47599859728608,,"Arts & Entertainment > Hobbies & Creative Arts > Model Making",,,CC-WS-CYL-10mm15-LM,artgoldenmaple,1,in_stock,,,"7.99 USD",,,,,,,,new,,,,,,,,,,,,,,,,,,,,,,,,,,,,,,,,
124092,"Golden Maple",47599859761376,"Miniature Scenic Grass Tufts - 10mm 15Plants Autumn Yellow","Miniature Scenic Grass Tufts",https://artgoldenmaple.com/products/golden-maple-miniature-scenic-grass-tufts-1?variant=47599859761376,https://cdn.shopify.com/s/files/1/0631/8053/8080/files/MiniatureScenicGrassTufts_4.webp?v=1783757915,,,,https://www.awin1.com/cread.php?awinmid=124092&awinaffid=3002879&ued=https%3A%2F%2Fartgoldenmaple.com%2Fproducts%2Fgolden-maple-miniature-scenic-grass-tufts-1%3Fvariant%3D47599859761376,,"Arts & Entertainment > Hobbies & Creative Arts > Model Making",,,CC-WS-QHS-10mm15-LM,artgoldenmaple,1,out_of_stock,,,"7.99 USD",,,,,,,,new,,,,,,,,,,,,,,,,,,,,,,,,,,,,,,,,
124092,"Golden Maple",47599859794144,"Miniature Scenic Grass Tufts - 10mm 15Plants  Spring Green","Miniature Scenic Grass Tufts",https://artgoldenmaple.com/products/golden-maple-miniature-scenic-grass-tufts-1?variant=47599859794144,https://cdn.shopify.com/s/files/1/0631/8053/8080/files/MiniatureScenicGrassTufts_15.webp?v=1783757915,,,,https://www.awin1.com/cread.php?awinmid=124092&awinaffid=3002879&ued=https%3A%2F%2Fartgoldenmaple.com%2Fproducts%2Fgolden-maple-miniature-scenic-grass-tufts-1%3Fvariant%3D47599859794144,,"Arts & Entertainment > Hobbies & Creative Arts > Model Making",,,CC-WS-CLS-10mm15-LM,artgoldenmaple,1,in_stock,,,"7.99 USD",,,,,,,,new,,,,,,,,,,,,,,,,,,,,,,,,,,,,,,,,
124092,"Golden Maple",47599859826912,"Miniature Scenic Grass Tufts - 10mm 15Plants  Autumn Green","Miniature Scenic Grass Tufts",https://artgoldenmaple.com/products/golden-maple-miniature-scenic-grass-tufts-1?variant=47599859826912,https://cdn.shopify.com/s/files/1/0631/8053/8080/files/MiniatureScenicGrassTufts_1.webp?v=1783757915,,,,https://www.awin1.com/cread.php?awinmid=124092&awinaffid=3002879&ued=https%3A%2F%2Fartgoldenmaple.com%2Fproducts%2Fgolden-maple-miniature-scenic-grass-tufts-1%3Fvariant%3D47599859826912,,"Arts & Entertainment > Hobbies & Creative Arts > Model Making",,,CC-WS-QLS-10mm15-LM,artgoldenmaple,1,in_stock,,,"7.99 USD",,,,,,,,new,,,,,,,,,,,,,,,,,,,,,,,,,,,,,,,,
124092,"Golden Maple",47603522306272,"Master I: 2/0, 1, 2, 4 Kolinsky Sable Detail Brush & 3, 5, 6 Goat Hair Dry Brush - 7pcs/set","Kolinsky Sable Detail Brushes — Sharp Tips, Smooth FlowIncludes 4 premium Kolinsky Sable brushes (sizes 2/0, 1, 2, 4) for everything from ultra-fine details to smooth basecoating. Exceptional spring, razor-sharp tip retention, and excellent paint-holding capacity — the brushes that serious painters reach for first. Goat Hair Dry Brushes — Perfect for Textures & WeatheringIncludes 3 natural goat hair brushes (sizes 3, 5, 6) for efficient drybrushing — soft enough for gentle highlights, firm enough for texture effects. Fast, clean, and perfect for bringing out details on armor, fur, and terrain. 2-in-1 Set — Detail + Drybrush, All in One4 detail brushes + 3 dry brushes. No need to buy separate sets. Master I gives you everything you need for a complete painting workflow — from precision details to quick highlights. Complete Size Range — From Fine Detail to Broad CoverageSizes 2/0 to 4 for precise detail work, blending, and basecoating. Sizes 3 to 6 for drybrushing highlights and textures. Every size you need, all in one box.",https://artgoldenmaple.com/products/golden-maple-master-i-7pcs-kolinsky-sable-goat-hair-miniature-paint-brush-set?variant=47603522306272,https://cdn.shopify.com/s/files/1/0631/8053/8080/files/2_e50f69a4-790f-49ec-a75d-6e1f4654ef23.png?v=1773391217,,,,https://www.awin1.com/cread.php?awinmid=124092&awinaffid=3002879&ued=https%3A%2F%2Fartgoldenmaple.com%2Fproducts%2Fgolden-maple-master-i-7pcs-kolinsky-sable-goat-hair-miniature-paint-brush-set%3Fvariant%3D47603522306272,,"Arts & Entertainment > Hobbies & Creative Arts > Arts & Crafts > Art & Crafting Tools > Craft Measuring & Marking Tools > Art Brushes",,,PBK-W-RD-T7-my-black-zuhe,goldenmaple,1,in_stock,,,"39.99 USD",,,,,,,,new,,,,,,,,,,,,,,,,,,,,,,,,,,,,,,,,
124092,"Golden Maple",48402770165984,"Plastic Brush Cup - Miniature Painting - Blue","Plastic Brush Cup - Miniature Painting",https://artgoldenmaple.com/products/plastic-brush-cup-for-miniature-painting?variant=48402770165984,https://cdn.shopify.com/s/files/1/0631/8053/8080/files/PlasticBrushCup-MiniaturePainting_11.webp?v=1784784952,,,,https://www.awin1.com/cread.php?awinmid=124092&awinaffid=3002879&ued=https%3A%2F%2Fartgoldenmaple.com%2Fproducts%2Fplastic-brush-cup-for-miniature-painting%3Fvariant%3D48402770165984,,,,,WSXBT-JBSL-TZ,artgoldenmaple,1,out_of_stock,,,"19.99 USD",,,,,,,,new,,,,,,,,,,,,,,,,,,,,,,,,,,,,,,,,
124092,"Golden Maple",48402770198752,"Plastic Brush Cup - Miniature Painting - Gradient yellow","Plastic Brush Cup - Miniature Painting",https://artgoldenmaple.com/products/plastic-brush-cup-for-miniature-painting?variant=48402770198752,https://cdn.shopify.com/s/files/1/0631/8053/8080/files/PlasticBrushCup-MiniaturePainting_5.webp?v=1784784951,,,,https://www.awin1.com/cread.php?awinmid=124092&awinaffid=3002879&ued=https%3A%2F%2Fartgoldenmaple.com%2Fproducts%2Fplastic-brush-cup-for-miniature-painting%3Fvariant%3D48402770198752,,,,,WSXBT-JBL-TZ,artgoldenmaple,1,out_of_stock,,,"19.99 USD",,,,,,,,new,,,,,,,,,,,,,,,,,,,,,,,,,,,,,,,,
124092,"Golden Maple",48402770231520,"Plastic Brush Cup - Miniature Painting - Gradient Blue","Plastic Brush Cup - Miniature Painting",https://artgoldenmaple.com/products/plastic-brush-cup-for-miniature-painting?variant=48402770231520,https://cdn.shopify.com/s/files/1/0631/8053/8080/files/PlasticBrushCup-MiniaturePainting_4.webp?v=1784784951,,,,https://www.awin1.com/cread.php?awinmid=124092&awinaffid=3002879&ued=https%3A%2F%2Fartgoldenmaple.com%2Fproducts%2Fplastic-brush-cup-for-miniature-painting%3Fvariant%3D48402770231520,,,,,WSXBT-JBQL-TZ,artgoldenmaple,1,out_of_stock,,,"19.99 USD",,,,,,,,new,,,,,,,,,,,,,,,,,,,,,,,,,,,,,,,,
124092,"Golden Maple",48419684384992,"Plastic Brush Cup - Miniature Painting - White","Plastic Brush Cup - Miniature Painting",https://artgoldenmaple.com/products/plastic-brush-cup-for-miniature-painting?variant=48419684384992,https://cdn.shopify.com/s/files/1/0631/8053/8080/files/PlasticBrushCup-MiniaturePainting_1.webp?v=1784784951,,,,https://www.awin1.com/cread.php?awinmid=124092&awinaffid=3002879&ued=https%3A%2F%2Fartgoldenmaple.com%2Fproducts%2Fplastic-brush-cup-for-miniature-painting%3Fvariant%3D48419684384992,,,,,WSXBT-TZ,artgoldenmaple,1,in_stock,,,"19.99 USD",,,,,,,,new,,,,,,,,,,,,,,,,,,,,,,,,,,,,,,,,
124092,"Golden Maple",47708042363104,"Stainless Steel Mixing Balls for Paint Bottles – Miniature Painting & Crafts","🍁 Why You’ll Love Them: Instantly Smooth Mix – Just drop 1–2 balls into your paint bottle and shake. The agitator ensures pigments blend quickly and evenly. No More Waste – Get the full potential of your paints without hard clumps stuck at the bottom. Durable & Rust-Free – Made of high-grade stainless steel, resistant to corrosion and built to last. Universal Use – Works with acrylic paints, miniature paints, nail polish, inks, and more. Small But Mighty – Compact 5.5mm size fits perfectly into dropper bottles without taking up space. ⚡ How to Use: Place 1–2 mixing balls in each paint bottle. Shake for a few seconds. Enjoy perfectly smooth, ready-to-use paint — every time. 💡 Perfect For: Miniature & model painters Tabletop gamers Nail artists DIY & hobby crafters 👉 Upgrade your paint game today and make mixing effortless!",https://artgoldenmaple.com/products/stainless-steel-mixing-balls-for-for-paint-bottles-essential-for-miniature-painting-crafts?variant=47708042363104,https://cdn.shopify.com/s/files/1/0631/8053/8080/files/Stainless_Steel_Mixing_Balls_for_Paint_Bottles_Miniature_Painting_Crafts.jpg?v=1785124382,,,,https://www.awin1.com/cread.php?awinmid=124092&awinaffid=3002879&ued=https%3A%2F%2Fartgoldenmaple.com%2Fproducts%2Fstainless-steel-mixing-balls-for-for-paint-bottles-essential-for-miniature-painting-crafts%3Fvariant%3D47708042363104,,"Arts & Entertainment > Hobbies & Creative Arts > Arts & Crafts > Art & Crafting Tools > Colour Mixing Tools",,,GZ-BXG-ZH,goldenmaple,1,in_stock,,,"9.99 USD",,,,,,,,new,,,,,,,,,,,,,,,,,,,,,,,,,,,,,,,,
124092,"Golden Maple",47736797888736,"Master I: 5/0, 00, 0, 1, 2 Kolinsky Sable Miniature Detail Brushes - 5pcs/set","Master I is a 5-piece precision brush set, handcrafted with Kolinsky sable hair, a solid wood handle, and a double copper ferrule. Built for painters who refuse to compromise on control, spring, or sharpness. No split tips. No curling bristles. Just pure, predictable control – brush after brush.Stop fighting your tools. Start painting with confidence.",https://artgoldenmaple.com/products/golden-maple-master-ⅰ-kolinsky-sable-miniature-detail-brushes-1?variant=47736797888736,https://cdn.shopify.com/s/files/1/0631/8053/8080/files/Master_I_Precision_Kolinsky_Sable_Miniature_Detail_Brushes_5pcs_1.jpg?v=1776750559,,,,https://www.awin1.com/cread.php?awinmid=124092&awinaffid=3002879&ued=https%3A%2F%2Fartgoldenmaple.com%2Fproducts%2Fgolden-maple-master-%E2%85%B0-kolinsky-sable-miniature-detail-brushes-1%3Fvariant%3D47736797888736,,"Arts & Entertainment > Hobbies & Creative Arts > Arts & Crafts > Art & Crafting Tools > Craft Measuring & Marking Tools > Art Brushes",,,PBK-BK-T5-llx-zuhe,goldenmaple,1,in_stock,,,"32.99 USD",,,,,,,,new,,,,,,,,,,,,,,,,,,,,,,,,,,,,,,,,
124092,"Golden Maple",47736910282976,"Weathering Flat Synthetic Brush Set – Wargaming Miniatures,Watercolor & Oil Painting 3pcs","Weathering Flat Synthetic Brush Set – Wargaming Miniatures,Watercolor & Oil Painting 3pcs",https://artgoldenmaple.com/products/golden-maple-weathering-flat-synthetic-brush-set-3-sizes-weathering-brushes-multipurpose-for-advanced-professional-art-tabletop-wargames-miniature-watercolor-oil-painting?variant=47736910282976,https://cdn.shopify.com/s/files/1/0631/8053/8080/files/b58ce7b99582c961375527c3c6b27ebb_4f081321-632a-46a6-8b67-b689aa8303b9.png?v=1757400416,,,,https://www.awin1.com/cread.php?awinmid=124092&awinaffid=3002879&ued=https%3A%2F%2Fartgoldenmaple.com%2Fproducts%2Fgolden-maple-weathering-flat-synthetic-brush-set-3-sizes-weathering-brushes-multipurpose-for-advanced-professional-art-tabletop-wargames-miniature-watercolor-oil-painting%3Fvariant%3D47736910282976,,"Arts & Entertainment > Hobbies & Creative Arts > Arts & Crafts > Art & Crafting Tools > Craft Measuring & Marking Tools > Art Brushes",,,PB-N-W-BG-T3-YDX-zuhe,goldenmaple,1,out_of_stock,,,"15.99 USD",,,,,,,,new,,,,,,,,,,,,,,,,,,,,,,,,,,,,,,,,
124092,"Golden Maple",47741474636000,"Master I: 2/0, 1, 2, 4 Kolinsky Sable & S,M,L Goat Hair Dry Brush - 7pcs/set","Master I: Kolinsky Sable & Goat Hair Miniature Paint Brush Set - 7pcs Master I: Kolinsky Sable & Goat Hair Miniature Paint Brush Set - 7pcs This professional-grade brush collection combines Kolinsky sable and goat hair to deliver precision and control for detailed miniature work. The seven-piece set includes assorted sizes designed for fine lines, delicate details, and controlled color application on small surfaces. Kolinsky sable bristles hold their shape and paint load exceptionally well, while goat hair provides softer coverage for blending and layering. Ideal for model painting, miniature figurines, detailed illustration, and fine art applications where accuracy matters. Features Crafted with Kolinsky sable and goat hair, these brushes offer exceptional durability and precision, ensuring no shedding for a flawless painting experience. The double-hoop metal copper ferrule provides added strength and longevity, making these brushes ideal for intensive use. Featuring a smooth wooden handle, these brushes deliver a comfortable grip for extended painting sessions, enhancing your overall artistry.",https://artgoldenmaple.com/products/golden-maple-master-i-7pcs-kolinsky-sable-goat-hair-miniature-paint-brush-set-1?variant=47741474636000,https://cdn.shopify.com/s/files/1/0631/8053/8080/files/21.jpg?v=1757486365,,,,https://www.awin1.com/cread.php?awinmid=124092&awinaffid=3002879&ued=https%3A%2F%2Fartgoldenmaple.com%2Fproducts%2Fgolden-maple-master-i-7pcs-kolinsky-sable-goat-hair-miniature-paint-brush-set-1%3Fvariant%3D47741474636000,,"Arts & Entertainment > Hobbies & Creative Arts > Arts & Crafts > Art & Crafting Tools > Craft Measuring & Marking Tools > Art Brushes",,,PBK-W-OG-T7-wjt-zuhe,goldenmaple,1,in_stock,,,"39.99 USD",,,,,,,,new,,,,,,,,,,,,,,,,,,,,,,,,,,,,,,,,
124092,"Golden Maple",47743914016992,"Nylon 5/0, 3/0, 2/0, 0, 1, 2, 3, 4, 6, 8 Miniature Detail Brushes - 10pcs/set","10-Piece Set Fine Detail Paintbrushes for Miniature Painting & Model Kits This set of detailing brushes comes in a variety of sizes(5/0, 3/0, 2/0, 0, 1, 2, 3, 4, 6, 8), which helps elevate your miniature art and model crafting. Specifically designed for precision work, these triangular handle brushes offer superior control and comfort, making them perfect for miniature painters, scale modelers, artists, and hobbyists. Triangular Ergonomic Handle and High Quality Bristles The ergonomic triangular barrel ensures a secure and comfortable grip, reducing hand fatigue during long painting sessions. The brushes feature high-quality synthetic bristles that maintain a sharp point and smooth application, ideal for intricate details, lining, highlighting, and touch-ups on war gaming miniatures, dollhouses, model cars, planes, and other detailed projects.",https://artgoldenmaple.com/products/golden-maple-10-pcs-miniature-detail-brushes-nylon-triangle-set?variant=47743914016992,https://cdn.shopify.com/s/files/1/0631/8053/8080/files/6_26da63fe-ffa9-48f1-a851-1d9aba3922d3.jpg?v=1757556407,,,,https://www.awin1.com/cread.php?awinmid=124092&awinaffid=3002879&ued=https%3A%2F%2Fartgoldenmaple.com%2Fproducts%2Fgolden-maple-10-pcs-miniature-detail-brushes-nylon-triangle-set%3Fvariant%3D47743914016992,,"Arts & Entertainment > Hobbies & Creative Arts > Arts & Crafts > Art & Crafting Tools > Craft Measuring & Marking Tools > Art Brushes",,,PBN-W-YB-T10-lyp-zuhe,goldenmaple,1,in_stock,,,"9.99 USD",,,,,,,,new,,,,,,,,,,,,,,,,,,,,,,,,,,,,,,,,
124092,"Golden Maple",47748471881952,"Soft Silicone Brush Cleaner – Heart-Shaped Scrubber for Makeup Brush Cleaning - Green & Blue","Soft Silicone Brush Cleaner – Heart-Shaped Scrubber for Makeup Brush Cleaning",https://artgoldenmaple.com/products/golden-maple-brush-cleansing-brush-cleaner-soft-silicone-washing-scrubber-heart-shaped-scrub-for-cosmetic-makeup-brush-cleaning-mat?variant=47748471881952,https://cdn.shopify.com/s/files/1/0631/8053/8080/files/SoftSiliconeBrushCleaner_Heart-ShapedScrubberforMakeupBrushCleaning_14.webp?v=1784787487,,,,https://www.awin1.com/cread.php?awinmid=124092&awinaffid=3002879&ued=https%3A%2F%2Fartgoldenmaple.com%2Fproducts%2Fgolden-maple-brush-cleansing-brush-cleaner-soft-silicone-washing-scrubber-heart-shaped-scrub-for-cosmetic-makeup-brush-cleaning-mat%3Fvariant%3D47748471881952,,"Health & Beauty > Personal Care > Cosmetics > Cosmetic Tool Cleaners",,,QJS-XSGJ-W-1,goldenmaple,1,in_stock,,,"9.90 USD",,,,,,,,new,,,,,,,,,,,,,,,,,,,,,,,,,,,,,,,,
124092,"Golden Maple",47748471914720,"Soft Silicone Brush Cleaner – Heart-Shaped Scrubber for Makeup Brush Cleaning - Pink & Purple","Soft Silicone Brush Cleaner – Heart-Shaped Scrubber for Makeup Brush Cleaning",https://artgoldenmaple.com/products/golden-maple-brush-cleansing-brush-cleaner-soft-silicone-washing-scrubber-heart-shaped-scrub-for-cosmetic-makeup-brush-cleaning-mat?variant=47748471914720,https://cdn.shopify.com/s/files/1/0631/8053/8080/files/SoftSiliconeBrushCleaner_Heart-ShapedScrubberforMakeupBrushCleaning_15.webp?v=1784787486,,,,https://www.awin1.com/cread.php?awinmid=124092&awinaffid=3002879&ued=https%3A%2F%2Fartgoldenmaple.com%2Fproducts%2Fgolden-maple-brush-cleansing-brush-cleaner-soft-silicone-washing-scrubber-heart-shaped-scrub-for-cosmetic-makeup-brush-cleaning-mat%3Fvariant%3D47748471914720,,"Health & Beauty > Personal Care > Cosmetics > Cosmetic Tool Cleaners",,,QJS-XXGJ-W-2,goldenmaple,1,in_stock,,,"9.90 USD",,,,,,,,new,,,,,,,,,,,,,,,,,,,,,,,,,,,,,,,,
124092,"Golden Maple",47748471947488,"Soft Silicone Brush Cleaner – Heart-Shaped Scrubber for Makeup Brush Cleaning - Yellow &Green","Soft Silicone Brush Cleaner – Heart-Shaped Scrubber for Makeup Brush Cleaning",https://artgoldenmaple.com/products/golden-maple-brush-cleansing-brush-cleaner-soft-silicone-washing-scrubber-heart-shaped-scrub-for-cosmetic-makeup-brush-cleaning-mat?variant=47748471947488,https://cdn.shopify.com/s/files/1/0631/8053/8080/files/SoftSiliconeBrushCleaner_Heart-ShapedScrubberforMakeupBrushCleaning_16.webp?v=1784787487,,,,https://www.awin1.com/cread.php?awinmid=124092&awinaffid=3002879&ued=https%3A%2F%2Fartgoldenmaple.com%2Fproducts%2Fgolden-maple-brush-cleansing-brush-cleaner-soft-silicone-washing-scrubber-heart-shaped-scrub-for-cosmetic-makeup-brush-cleaning-mat%3Fvariant%3D47748471947488,,"Health & Beauty > Personal Care > Cosmetics > Cosmetic Tool Cleaners",,,QJS-XXGJ-W-3,goldenmaple,1,in_stock,,,"9.90 USD",,,,,,,,new,,,,,,,,,,,,,,,,,,,,,,,,,,,,,,,,
124092,"Golden Maple",47748471980256,"Soft Silicone Brush Cleaner – Heart-Shaped Scrubber for Makeup Brush Cleaning - purple and yellow","Soft Silicone Brush Cleaner – Heart-Shaped Scrubber for Makeup Brush Cleaning",https://artgoldenmaple.com/products/golden-maple-brush-cleansing-brush-cleaner-soft-silicone-washing-scrubber-heart-shaped-scrub-for-cosmetic-makeup-brush-cleaning-mat?variant=47748471980256,https://cdn.shopify.com/s/files/1/0631/8053/8080/files/SoftSiliconeBrushCleaner_Heart-ShapedScrubberforMakeupBrushCleaning_17.webp?v=1784787486,,,,https://www.awin1.com/cread.php?awinmid=124092&awinaffid=3002879&ued=https%3A%2F%2Fartgoldenmaple.com%2Fproducts%2Fgolden-maple-brush-cleansing-brush-cleaner-soft-silicone-washing-scrubber-heart-shaped-scrub-for-cosmetic-makeup-brush-cleaning-mat%3Fvariant%3D47748471980256,,"Health & Beauty > Personal Care > Cosmetics > Cosmetic Tool Cleaners",,,QJS-XXGJ-W-4,goldenmaple,1,in_stock,,,"9.90 USD",,,,,,,,new,,,,,,,,,,,,,,,,,,,,,,,,,,,,,,,,
124092,"Golden Maple",47748472013024,"Soft Silicone Brush Cleaner – Heart-Shaped Scrubber for Makeup Brush Cleaning - Green","Soft Silicone Brush Cleaner – Heart-Shaped Scrubber for Makeup Brush Cleaning",https://artgoldenmaple.com/products/golden-maple-brush-cleansing-brush-cleaner-soft-silicone-washing-scrubber-heart-shaped-scrub-for-cosmetic-makeup-brush-cleaning-mat?variant=47748472013024,https://cdn.shopify.com/s/files/1/0631/8053/8080/files/SoftSiliconeBrushCleaner_Heart-ShapedScrubberforMakeupBrushCleaning_5.webp?v=1784787486,,,,https://www.awin1.com/cread.php?awinmid=124092&awinaffid=3002879&ued=https%3A%2F%2Fartgoldenmaple.com%2Fproducts%2Fgolden-maple-brush-cleansing-brush-cleaner-soft-silicone-washing-scrubber-heart-shaped-scrub-for-cosmetic-makeup-brush-cleaning-mat%3Fvariant%3D47748472013024,,"Health & Beauty > Personal Care > Cosmetics > Cosmetic Tool Cleaners",,,QJS-XSGJ-W-5,goldenmaple,1,in_stock,,,"5.95 USD",,,,,,,,new,,,,,,,,,,,,,,,,,,,,,,,,,,,,,,,,
124092,"Golden Maple",47748472045792,"Soft Silicone Brush Cleaner – Heart-Shaped Scrubber for Makeup Brush Cleaning - Blue","Soft Silicone Brush Cleaner – Heart-Shaped Scrubber for Makeup Brush Cleaning",https://artgoldenmaple.com/products/golden-maple-brush-cleansing-brush-cleaner-soft-silicone-washing-scrubber-heart-shaped-scrub-for-cosmetic-makeup-brush-cleaning-mat?variant=47748472045792,https://cdn.shopify.com/s/files/1/0631/8053/8080/files/SoftSiliconeBrushCleaner_Heart-ShapedScrubberforMakeupBrushCleaning_12.webp?v=1784787487,,,,https://www.awin1.com/cread.php?awinmid=124092&awinaffid=3002879&ued=https%3A%2F%2Fartgoldenmaple.com%2Fproducts%2Fgolden-maple-brush-cleansing-brush-cleaner-soft-silicone-washing-scrubber-heart-shaped-scrub-for-cosmetic-makeup-brush-cleaning-mat%3Fvariant%3D47748472045792,,"Health & Beauty > Personal Care > Cosmetics > Cosmetic Tool Cleaners",,,QJS-XSGJ-W-6,goldenmaple,1,in_stock,,,"5.95 USD",,,,,,,,new,,,,,,,,,,,,,,,,,,,,,,,,,,,,,,,,
124092,"Golden Maple",47748472078560,"Soft Silicone Brush Cleaner – Heart-Shaped Scrubber for Makeup Brush Cleaning - Pink","Soft Silicone Brush Cleaner – Heart-Shaped Scrubber for Makeup Brush Cleaning",https://artgoldenmaple.com/products/golden-maple-brush-cleansing-brush-cleaner-soft-silicone-washing-scrubber-heart-shaped-scrub-for-cosmetic-makeup-brush-cleaning-mat?variant=47748472078560,https://cdn.shopify.com/s/files/1/0631/8053/8080/files/SoftSiliconeBrushCleaner_Heart-ShapedScrubberforMakeupBrushCleaning_9.webp?v=1784787487,,,,https://www.awin1.com/cread.php?awinmid=124092&awinaffid=3002879&ued=https%3A%2F%2Fartgoldenmaple.com%2Fproducts%2Fgolden-maple-brush-cleansing-brush-cleaner-soft-silicone-washing-scrubber-heart-shaped-scrub-for-cosmetic-makeup-brush-cleaning-mat%3Fvariant%3D47748472078560,,"Health & Beauty > Personal Care > Cosmetics > Cosmetic Tool Cleaners",,,QJS-XSGJ-W-7,goldenmaple,1,in_stock,,,"5.95 USD",,,,,,,,new,,,,,,,,,,,,,,,,,,,,,,,,,,,,,,,,
124092,"Golden Maple",47748472111328,"Soft Silicone Brush Cleaner – Heart-Shaped Scrubber for Makeup Brush Cleaning - Purple","Soft Silicone Brush Cleaner – Heart-Shaped Scrubber for Makeup Brush Cleaning",https://artgoldenmaple.com/products/golden-maple-brush-cleansing-brush-cleaner-soft-silicone-washing-scrubber-heart-shaped-scrub-for-cosmetic-makeup-brush-cleaning-mat?variant=47748472111328,https://cdn.shopify.com/s/files/1/0631/8053/8080/files/SoftSiliconeBrushCleaner_Heart-ShapedScrubberforMakeupBrushCleaning_10.webp?v=1784787486,,,,https://www.awin1.com/cread.php?awinmid=124092&awinaffid=3002879&ued=https%3A%2F%2Fartgoldenmaple.com%2Fproducts%2Fgolden-maple-brush-cleansing-brush-cleaner-soft-silicone-washing-scrubber-heart-shaped-scrub-for-cosmetic-makeup-brush-cleaning-mat%3Fvariant%3D47748472111328,,"Health & Beauty > Personal Care > Cosmetics > Cosmetic Tool Cleaners",,,QJS-XSGJ-W-8,goldenmaple,1,in_stock,,,"5.95 USD",,,,,,,,new,,,,,,,,,,,,,,,,,,,,,,,,,,,,,,,,
124092,"Golden Maple",47748472144096,"Soft Silicone Brush Cleaner – Heart-Shaped Scrubber for Makeup Brush Cleaning - Black","Soft Silicone Brush Cleaner – Heart-Shaped Scrubber for Makeup Brush Cleaning",https://artgoldenmaple.com/products/golden-maple-brush-cleansing-brush-cleaner-soft-silicone-washing-scrubber-heart-shaped-scrub-for-cosmetic-makeup-brush-cleaning-mat?variant=47748472144096,https://cdn.shopify.com/s/files/1/0631/8053/8080/files/SoftSiliconeBrushCleaner_Heart-ShapedScrubberforMakeupBrushCleaning_13.webp?v=1784787486,,,,https://www.awin1.com/cread.php?awinmid=124092&awinaffid=3002879&ued=https%3A%2F%2Fartgoldenmaple.com%2Fproducts%2Fgolden-maple-brush-cleansing-brush-cleaner-soft-silicone-washing-scrubber-heart-shaped-scrub-for-cosmetic-makeup-brush-cleaning-mat%3Fvariant%3D47748472144096,,"Health & Beauty > Personal Care > Cosmetics > Cosmetic Tool Cleaners",,,QJS-XSGJ-W-9,goldenmaple,1,out_of_stock,,,"5.95 USD",,,,,,,,new,,,,,,,,,,,,,,,,,,,,,,,,,,,,,,,,
124092,"Golden Maple",47748472176864,"Soft Silicone Brush Cleaner – Heart-Shaped Scrubber for Makeup Brush Cleaning - Yellow","Soft Silicone Brush Cleaner – Heart-Shaped Scrubber for Makeup Brush Cleaning",https://artgoldenmaple.com/products/golden-maple-brush-cleansing-brush-cleaner-soft-silicone-washing-scrubber-heart-shaped-scrub-for-cosmetic-makeup-brush-cleaning-mat?variant=47748472176864,https://cdn.shopify.com/s/files/1/0631/8053/8080/files/SoftSiliconeBrushCleaner_Heart-ShapedScrubberforMakeupBrushCleaning_6.webp?v=1784787487,,,,https://www.awin1.com/cread.php?awinmid=124092&awinaffid=3002879&ued=https%3A%2F%2Fartgoldenmaple.com%2Fproducts%2Fgolden-maple-brush-cleansing-brush-cleaner-soft-silicone-washing-scrubber-heart-shaped-scrub-for-cosmetic-makeup-brush-cleaning-mat%3Fvariant%3D47748472176864,,"Health & Beauty > Personal Care > Cosmetics > Cosmetic Tool Cleaners",,,QJS-XSGJ-W-10,goldenmaple,1,in_stock,,,"5.95 USD",,,,,,,,new,,,,,,,,,,,,,,,,,,,,,,,,,,,,,,,,
124092,"Golden Maple",47748550590688,"Kolinsky Sable 4/0, 3/0, 2/0, 0, 1, 2 Miniature Detail Brushes - 6 pcs/set","Handcrafted Kolinsky Sable Micro-Detail Brush Set (6-Piece) – Precision for Miniature Artisans Unleash unparalleled precision with our exquisite set of 6 PCS(Includes sizes 4/0, 3/0, 2/0, 0, 1, 2) handcrafted Kolinsky Sable micro-detail brushes, designed for artists who demand perfection in every stroke. Each brush is meticulously shaped by master artisans. Whether you’re painting miniatures, creating fine art illustrations, or touching up intricate details, these brushes offer superior control, resilience, and a flawless finish. Crafted for discerning creators, this set celebrates the spirit of handmade artistry—where every brush tells a story of passion, patience, and precision. Key Features: ✨ Premium Kolinsky Sable Hair: Sourced from ethically harvested Siberian weasel fur, known for its exceptional spring, fine point retention, and smooth paint flow.✨ Hand-Shaped & Hand-Feruled: Each brush is individually hand-crafted, with hairs carefully aligned and secured with dual-crimp brass ferrules for durability and balance.✨ Needle-Sharp Tips: Perfect for ultra-fine lines, micro-dotting, and intricate textures in miniature painting, model kits, calligraphy, and nail art.✨ Ergonomic Handles: Lightweight, polished wooden handles designed for comfort during long sessions and enhanced control.✨ Versatile Application: Ideal for acrylics, oils, watercolors, inks, and more—whether for studio work, travel kits, or professional commissions.✨ Artisan-Grade Quality: Reinforced epoxy-sealed ferrules and hand-tested performance ensure longevity and consistency.",https://artgoldenmaple.com/products/golden-maple-6-pcs-kolinsky-sable-miniature-detail-brushes-set?variant=47748550590688,https://cdn.shopify.com/s/files/1/0631/8053/8080/files/6391ace427ade714b70fb966024ae804_032fdd2d-841f-47b5-94b1-70c04ba0a587.jpg?v=1757663539,,,,https://www.awin1.com/cread.php?awinmid=124092&awinaffid=3002879&ued=https%3A%2F%2Fartgoldenmaple.com%2Fproducts%2Fgolden-maple-6-pcs-kolinsky-sable-miniature-detail-brushes-set%3Fvariant%3D47748550590688,,"Arts & Entertainment > Hobbies & Creative Arts > Arts & Crafts > Art & Crafting Tools > Craft Measuring & Marking Tools > Art Brushes",,,PBK-W-BG-T6-llx-zuhe,goldenmaple,1,out_of_stock,,,"45.99 USD",,,,,,,,new,,,,,,,,,,,,,,,,,,,,,,,,,,,,,,,,
124092,"Golden Maple",47769112379616,"4pcs Irregular Carbon Fiber Sanding Sticks – Grinding & Polishing","About this itemHigh Quality Material: the sanding plate is made of carbon fiber material, which is not easy to be damaged.Great Feeling: The weight and size of the sanding boards have been precisely measured to make it easier for you to use them.Detailed Set: The sanding boards are available in 4 size, taking care of every detail, with a style for every position,It needs to be used in conjunction with sticky sandpaper.",https://artgoldenmaple.com/products/golden-maple-4pcs-irregular-carbon-fiber-sanding-sticks-for-grinding-polishing-tools?variant=47769112379616,https://cdn.shopify.com/s/files/1/0631/8053/8080/files/4pcsIrregularCarbonFiberSandingSticks_Grinding_Polishing_7.webp?v=1783664549,,,,https://www.awin1.com/cread.php?awinmid=124092&awinaffid=3002879&ued=https%3A%2F%2Fartgoldenmaple.com%2Fproducts%2Fgolden-maple-4pcs-irregular-carbon-fiber-sanding-sticks-for-grinding-polishing-tools%3Fvariant%3D47769112379616,,"Hardware > Tool Accessories > Sanding Accessories > Sandpaper & Sanding Sponges",,,TXWDMB-T4-ZH,goldenmaple,1,in_stock,,,"10.99 USD",,,,,,,,new,,,,,,,,,,,,,,,,,,,,,,,,,,,,,,,,
124092,"Golden Maple",47769117098208,"2 in 1 Wet Palette Kit - Miniature Painting","\",https://artgoldenmaple.com/products/golden-maple-2-in-1-wet-palette-kit-for-acrylic-miniature-painting?variant=47769117098208,https://cdn.shopify.com/s/files/1/0631/8053/8080/files/2_in_1_Wet_Palette_Kit_-_Miniature_Painting_8.webp?v=1783589616,,,,https://www.awin1.com/cread.php?awinmid=124092&awinaffid=3002879&ued=https%3A%2F%2Fartgoldenmaple.com%2Fproducts%2Fgolden-maple-2-in-1-wet-palette-kit-for-acrylic-miniature-painting%3Fvariant%3D47769117098208,,,,,SP-HB-T2-ZHTZ,goldenmaple,1,in_stock,,,"35.99 USD",,,,,,,,new,,,,,,,,,,,,,,,,,,,,,,,,,,,,,,,,
124092,"Golden Maple",47782177243360,"Polyhedral Dice Set with Bag – Dungeons & Dragons, RPG, and Tabletop Games - Blue-purple","Purple DND Dice Set w/ Gift Dice Bag: 1xD20, 1xD12, 2xD10(one 00-90, one 0-9), 1xD8, 1xD6, 1xD4, 1XDice Bag Handmade Resin Dice: Environmental, non-toxic polyresin dice with colorful films trapped inside. Pretty Purple Sparkling Dice: The iridescent mylar inclusion gives out beautiful reflections when turned around. A must have for sparkle dice lovers. Versatile Board Game Accessory: Used for Dungeons and Dragons, tabletop games , many other RPG and card games.",https://artgoldenmaple.com/products/goldenmaple-polyhedral-dice-set-with-dice-bag-for-dungeons-and-dragons-rpg-mtg-role-playing-table-games?variant=47782177243360,https://cdn.shopify.com/s/files/1/0631/8053/8080/files/PolyhedralDiceSetwithBag_Dungeons_Dragons_RPG_andTabletopGames_1.webp?v=1784785259,,,,https://www.awin1.com/cread.php?awinmid=124092&awinaffid=3002879&ued=https%3A%2F%2Fartgoldenmaple.com%2Fproducts%2Fgoldenmaple-polyhedral-dice-set-with-dice-bag-for-dungeons-and-dragons-rpg-mtg-role-playing-table-games%3Fvariant%3D47782177243360,,"Toys & Games > Games > Dice Sets & Games",,,TZ-XKZL-T7-WJT,goldenmaple,1,in_stock,,,"9.99 USD",,,,,,,,new,,,,,,,,,,,,,,,,,,,,,,,,,,,,,,,,
124092,"Golden Maple",47782177276128,"Polyhedral Dice Set with Bag – Dungeons & Dragons, RPG, and Tabletop Games - purple","Purple DND Dice Set w/ Gift Dice Bag: 1xD20, 1xD12, 2xD10(one 00-90, one 0-9), 1xD8, 1xD6, 1xD4, 1XDice Bag Handmade Resin Dice: Environmental, non-toxic polyresin dice with colorful films trapped inside. Pretty Purple Sparkling Dice: The iridescent mylar inclusion gives out beautiful reflections when turned around. A must have for sparkle dice lovers. Versatile Board Game Accessory: Used for Dungeons and Dragons, tabletop games , many other RPG and card games.",https://artgoldenmaple.com/products/goldenmaple-polyhedral-dice-set-with-dice-bag-for-dungeons-and-dragons-rpg-mtg-role-playing-table-games?variant=47782177276128,https://cdn.shopify.com/s/files/1/0631/8053/8080/files/PolyhedralDiceSetwithBag_Dungeons_Dragons_RPG_andTabletopGames_2.webp?v=1784785259,,,,https://www.awin1.com/cread.php?awinmid=124092&awinaffid=3002879&ued=https%3A%2F%2Fartgoldenmaple.com%2Fproducts%2Fgoldenmaple-polyhedral-dice-set-with-dice-bag-for-dungeons-and-dragons-rpg-mtg-role-playing-table-games%3Fvariant%3D47782177276128,,"Toys & Games > Games > Dice Sets & Games",,,TZ-XKZ-T7-WJT,goldenmaple,1,in_stock,,,"9.99 USD",,,,,,,,new,,,,,,,,,,,,,,,,,,,,,,,,,,,,,,,,
124092,"Golden Maple",47859954155744,"2 in 1 Paints & Brushes Organizer","Upgrade your art studio with our all-in-one bamboo paint palette and brush holder—crafted for serious artists who demand durability, functionality, and elegance. Made from high-density bamboo wood, this organizer is engineered to withstand daily use while keeping your workspace tidy and efficient. Exceptional Sturdiness & Durability:Constructed from premium, high-density bamboo panels, this palette offers superior strength and resilience. It resists warping, cracking, and moisture, ensuring long-lasting performance even under heavy use. Ample Storage Capacity:Features 39 brush slots (ideal for various brush sizes), 6 large paint wells for primary colors or mixing, and 36 small paint wells to organize a full range of shades. Everything you need is within easy reach! Practical & User-Friendly Design:Compact yet highly functional, this palette keeps brushes secure and paints neatly separated. Perfect for watercolor, acrylic, oil painting, and more—whether you’re in the studio or on the go. Eco-Friendly & Elegant:Sustainably sourced bamboo offers a natural, smooth finish that complements any creative space. It’s not only practical but also an aesthetically pleasing addition to your art supplies. Easy to Clean & Maintain:The non-porous, smooth surface allows for quick and hassle-free cleaning. Simply wipe with a damp cloth to keep it looking new. Bamboo Paint Palette & Brush Holder Tidy up your art supplies in minutes! This all-in-one bamboo organizer features 39 brush holes and 42 paint wells, designed to hold most standard-sized paints and brushes on the market. Crafted from sturdy, eco-friendly bamboo, it's built to last. The best part? Assembly is a breeze—you can put it together in just seven simple steps using the included screws and wooden support bars. Get organized and get creating with this practical and durable art station.",https://artgoldenmaple.com/products/golden-maple-2-in-1-paints-and-brushes-organizer?variant=47859954155744,https://cdn.shopify.com/s/files/1/0631/8053/8080/files/b58ce7b99582c961375527c3c6b27ebb_834ad015-b718-4c44-a3d0-fffb950d2305.webp?v=1783588486,,,,https://www.awin1.com/cread.php?awinmid=124092&awinaffid=3002879&ued=https%3A%2F%2Fartgoldenmaple.com%2Fproducts%2Fgolden-maple-2-in-1-paints-and-brushes-organizer%3Fvariant%3D47859954155744,,"Arts & Entertainment > Hobbies & Creative Arts > Arts & Crafts > Craft Organisation",,,YQSNJ-ZM-ZH,goldenmaple,1,in_stock,,,"59.99 USD",,,,,,,,new,,,,,,,,,,,,,,,,,,,,,,,,,,,,,,,,
124092,"Golden Maple",48071595884768,"5 Rolls Pinstripe Masking Tape (5/16"", 5/13"", 15/32"") – Miniatures, DIY& Art - 0.8cm","5 Rolls Pinstripe Masking Tape (5/16"", 5/13"", 15/32"") – Miniatures, DIY& Art",https://artgoldenmaple.com/products/goldenmaple-5-rolls-pinstripe-tape-masking-tape-5-16-5-13-15-32inch-wide-thin-painters-masking-automotive-tape-for-diy-miniatures-car-auto-paint-art-tumblers-yellow?variant=48071595884768,https://cdn.shopify.com/s/files/1/0631/8053/8080/files/5RollsPinstripeMaskingTape_516_513_1532_Miniatures_DIY_Art_2.webp?v=1783664758,,,,https://www.awin1.com/cread.php?awinmid=124092&awinaffid=3002879&ued=https%3A%2F%2Fartgoldenmaple.com%2Fproducts%2Fgoldenmaple-5-rolls-pinstripe-tape-masking-tape-5-16-5-13-15-32inch-wide-thin-painters-masking-automotive-tape-for-diy-miniatures-car-auto-paint-art-tumblers-yellow%3Fvariant%3D48071595884768,,"Hardware > Building Consumables > Adhesive Tapes",,,ZGD-HZJD-0.8-WJT,goldenmaple,1,in_stock,,,"9.90 USD",,,,,,,,new,,,,,,,,,,,,,,,,,,,,,,,,,,,,,,,,
124092,"Golden Maple",48071595917536,"5 Rolls Pinstripe Masking Tape (5/16"", 5/13"", 15/32"") – Miniatures, DIY& Art - 1cm","5 Rolls Pinstripe Masking Tape (5/16"", 5/13"", 15/32"") – Miniatures, DIY& Art",https://artgoldenmaple.com/products/goldenmaple-5-rolls-pinstripe-tape-masking-tape-5-16-5-13-15-32inch-wide-thin-painters-masking-automotive-tape-for-diy-miniatures-car-auto-paint-art-tumblers-yellow?variant=48071595917536,https://cdn.shopify.com/s/files/1/0631/8053/8080/files/5RollsPinstripeMaskingTape_516_513_1532_Miniatures_DIY_Art_2.webp?v=1783664758,,,,https://www.awin1.com/cread.php?awinmid=124092&awinaffid=3002879&ued=https%3A%2F%2Fartgoldenmaple.com%2Fproducts%2Fgoldenmaple-5-rolls-pinstripe-tape-masking-tape-5-16-5-13-15-32inch-wide-thin-painters-masking-automotive-tape-for-diy-miniatures-car-auto-paint-art-tumblers-yellow%3Fvariant%3D48071595917536,,"Hardware > Building Consumables > Adhesive Tapes",,,ZGD-HZJD-1mm-WJT,goldenmaple,1,in_stock,,,"9.90 USD",,,,,,,,new,,,,,,,,,,,,,,,,,,,,,,,,,,,,,,,,
124092,"Golden Maple",48071595950304,"5 Rolls Pinstripe Masking Tape (5/16"", 5/13"", 15/32"") – Miniatures, DIY& Art - 1.2cm","5 Rolls Pinstripe Masking Tape (5/16"", 5/13"", 15/32"") – Miniatures, DIY& Art",https://artgoldenmaple.com/products/goldenmaple-5-rolls-pinstripe-tape-masking-tape-5-16-5-13-15-32inch-wide-thin-painters-masking-automotive-tape-for-diy-miniatures-car-auto-paint-art-tumblers-yellow?variant=48071595950304,https://cdn.shopify.com/s/files/1/0631/8053/8080/files/5RollsPinstripeMaskingTape_516_513_1532_Miniatures_DIY_Art_2.webp?v=1783664758,,,,https://www.awin1.com/cread.php?awinmid=124092&awinaffid=3002879&ued=https%3A%2F%2Fartgoldenmaple.com%2Fproducts%2Fgoldenmaple-5-rolls-pinstripe-tape-masking-tape-5-16-5-13-15-32inch-wide-thin-painters-masking-automotive-tape-for-diy-miniatures-car-auto-paint-art-tumblers-yellow%3Fvariant%3D48071595950304,,"Hardware > Building Consumables > Adhesive Tapes",,,ZGD-HZJD-1.2mm-WJT,goldenmaple,1,in_stock,,,"9.90 USD",,,,,,,,new,,,,,,,,,,,,,,,,,,,,,,,,,,,,,,,,
124092,"Golden Maple",53607008567520,"5 Rolls Pinstripe Masking Tape (5/16"", 5/13"", 15/32"") – Miniatures, DIY& Art - Tape Cutter+	0.8cm Masking Tape","5 Rolls Pinstripe Masking Tape (5/16"", 5/13"", 15/32"") – Miniatures, DIY& Art",https://artgoldenmaple.com/products/goldenmaple-5-rolls-pinstripe-tape-masking-tape-5-16-5-13-15-32inch-wide-thin-painters-masking-automotive-tape-for-diy-miniatures-car-auto-paint-art-tumblers-yellow?variant=53607008567520,https://cdn.shopify.com/s/files/1/0631/8053/8080/files/0.8.jpg?v=1784861454,,,,https://www.awin1.com/cread.php?awinmid=124092&awinaffid=3002879&ued=https%3A%2F%2Fartgoldenmaple.com%2Fproducts%2Fgoldenmaple-5-rolls-pinstripe-tape-masking-tape-5-16-5-13-15-32inch-wide-thin-painters-masking-automotive-tape-for-diy-miniatures-car-auto-paint-art-tumblers-yellow%3Fvariant%3D53607008567520,,"Hardware > Building Consumables > Adhesive Tapes",,,C-WS-ZHSCL01,goldenmaple,1,out_of_stock,,,"18.99 USD",,,,,,,,new,,,,,,,,,,,,,,,,,,,,,,,,,,,,,,,,
124092,"Golden Maple",53607008600288,"5 Rolls Pinstripe Masking Tape (5/16"", 5/13"", 15/32"") – Miniatures, DIY& Art - Tape Cutter+	1cm Masking Tape","5 Rolls Pinstripe Masking Tape (5/16"", 5/13"", 15/32"") – Miniatures, DIY& Art",https://artgoldenmaple.com/products/goldenmaple-5-rolls-pinstripe-tape-masking-tape-5-16-5-13-15-32inch-wide-thin-painters-masking-automotive-tape-for-diy-miniatures-car-auto-paint-art-tumblers-yellow?variant=53607008600288,https://cdn.shopify.com/s/files/1/0631/8053/8080/files/1.2.jpg?v=1784861453,,,,https://www.awin1.com/cread.php?awinmid=124092&awinaffid=3002879&ued=https%3A%2F%2Fartgoldenmaple.com%2Fproducts%2Fgoldenmaple-5-rolls-pinstripe-tape-masking-tape-5-16-5-13-15-32inch-wide-thin-painters-masking-automotive-tape-for-diy-miniatures-car-auto-paint-art-tumblers-yellow%3Fvariant%3D53607008600288,,"Hardware > Building Consumables > Adhesive Tapes",,,C-WS-ZHSCL02,goldenmaple,1,out_of_stock,,,"18.99 USD",,,,,,,,new,,,,,,,,,,,,,,,,,,,,,,,,,,,,,,,,
124092,"Golden Maple",53607008633056,"5 Rolls Pinstripe Masking Tape (5/16"", 5/13"", 15/32"") – Miniatures, DIY& Art - Tape Cutter+	1.2cm Masking Tape","5 Rolls Pinstripe Masking Tape (5/16"", 5/13"", 15/32"") – Miniatures, DIY& Art",https://artgoldenmaple.com/products/goldenmaple-5-rolls-pinstripe-tape-masking-tape-5-16-5-13-15-32inch-wide-thin-painters-masking-automotive-tape-for-diy-miniatures-car-auto-paint-art-tumblers-yellow?variant=53607008633056,https://cdn.shopify.com/s/files/1/0631/8053/8080/files/1_d703482b-02ae-4ff9-8a31-21f46b99fb36.jpg?v=1784861453,,,,https://www.awin1.com/cread.php?awinmid=124092&awinaffid=3002879&ued=https%3A%2F%2Fartgoldenmaple.com%2Fproducts%2Fgoldenmaple-5-rolls-pinstripe-tape-masking-tape-5-16-5-13-15-32inch-wide-thin-painters-masking-automotive-tape-for-diy-miniatures-car-auto-paint-art-tumblers-yellow%3Fvariant%3D53607008633056,,"Hardware > Building Consumables > Adhesive Tapes",,,C-WS-ZHSCL03,goldenmaple,1,out_of_stock,,,"18.99 USD",,,,,,,,new,,,,,,,,,,,,,,,,,,,,,,,,,,,,,,,,
124092,"Golden Maple",48071559774432,"All-in-One Professional Model Nylon Detail Paint Brush - 15 pcs/set (Round, Flat, Liner, Filbert, Angular, Angle)","Size#1 Detailer Angle / Size#1 Filbert / Size#0 Angular / Size#0,1 Flat / Size#0, 1, 2/0, 3/0, 4/0 Round / Size#0, 1, 2/0, 3/0, 4/0 Liner Japanese Nylon 6 Brush Types — One Set for Every TechniqueIncludes Round, Flat, Liner, Filbert, Angular, and Detailer Angle brushes. From drybrushing and basecoating to sharp lines and fine details — this set covers every technique you need. 15 Pieces — Full Range of SizesIncludes sizes from 4/0 to 1 — broad enough for basecoating, fine enough for eyes and runes. All the sizes you need, in one complete set. Durable Nylon — Easy to Clean & Long-LastingMade with high-quality nylon bristles that hold their shape, resist fraying, and clean up easily. Perfect for beginners and pros alike. Versatile — All Miniature Projects WelcomeWorks perfectly for Warhammer, D&D, Gundam, 3D prints, and hand-painted models. A versatile set that grows with you.",https://artgoldenmaple.com/products/golden-maple-professional-all-in-one-set-15-pcs-model-detail-paint-brush-set?variant=48071559774432,https://cdn.shopify.com/s/files/1/0631/8053/8080/files/1_1c445209-568f-40a3-8ff5-5a104d566fdd.webp?v=1783673521,,,,https://www.awin1.com/cread.php?awinmid=124092&awinaffid=3002879&ued=https%3A%2F%2Fartgoldenmaple.com%2Fproducts%2Fgolden-maple-professional-all-in-one-set-15-pcs-model-detail-paint-brush-set%3Fvariant%3D48071559774432,,"Arts & Entertainment > Hobbies & Creative Arts > Arts & Crafts > Art & Crafting Tools > Craft Measuring & Marking Tools > Art Brushes",,,PBN-W-LC-T15-DJK-LLX-zuhe,goldenmaple,1,in_stock,,,"19.99 USD",,,,,,,,new,,,,,,,,,,,,,,,,,,,,,,,,,,,,,,,,
124092,"Golden Maple",48071565541600,"Nylon Flat, Round Miniature Brush - 10pcs/set","Flat, Round, Nylon Nylon Professional Miniature Brush Set - 10pcs Precision meets versatility with this 10-piece nylon brush collection, engineered for detailed work across painting, crafting, and fine art applications. Each brush features durable synthetic bristles that maintain their shape through repeated use, delivering consistent control for intricate strokes and delicate detailing. The ergonomic handles provide comfortable grip during extended sessions, while the varied tip sizes—from fine liners to broader strokes—accommodate diverse techniques and creative projects. Ideal for professionals and serious hobbyists seeking reliable tools that balance quality with practicality. Features Excellent tip precision for ultra-fine, controlled lines Superior elasticity ensures steady strokes and smooth rebound High color capacity and optimal water retention enable seamless, efficient painting Product Information Size Hair Width/mm Hair Length/mm Round#6 3.5 16.8 Round#4 2.8 14.5 Round#3 2.4 12.5 Flat #3 5 9.5 Round#2 2.1 10.5 Round#1 1.8 9 Round#0 1.5 7.5 Round#2/0 1.3 6.5 Round#3/0 1.1 5.5 Round#5/0 0.8 4.5 Hair material: NylonHandle material: WoodApplicable: Miniature/Watercolor/Gouache/Oil/Acrylic Painting",https://artgoldenmaple.com/products/goldenmaple-10pcs-professional-miniature-brush-set?variant=48071565541600,https://cdn.shopify.com/s/files/1/0631/8053/8080/files/1_8480af76-210d-49eb-847f-4aa4ead5ac1e.jpg?v=1761733790,,,,https://www.awin1.com/cread.php?awinmid=124092&awinaffid=3002879&ued=https%3A%2F%2Fartgoldenmaple.com%2Fproducts%2Fgoldenmaple-10pcs-professional-miniature-brush-set%3Fvariant%3D48071565541600,,"Arts & Entertainment > Hobbies & Creative Arts > Arts & Crafts > Art & Crafting Tools > Craft Measuring & Marking Tools > Art Brushes",,,PBN-W-LC-T10-DJK-LLX-zuhe,goldenmaple,1,in_stock,,,"19.99 USD",,,,,,,,new,,,,,,,,,,,,,,,,,,,,,,,,,,,,,,,,
124092,"Golden Maple",48078024704224,"Drybrush Texture Palette - Warhammer & Tabletop Miniatures - Drybrush Texture Palette 2PCS &  6PCS Drybrush Set","Golden Maple is proud to announce a collaborative design with Ken Ziegler — UK-based Creative Director, Writer, and Miniature Artist.",https://artgoldenmaple.com/products/goldenmaple-drybrush-texture-palette-perfect-for-warhammer-tabletop-gaming-miniatures-and-more?variant=48078024704224,https://cdn.shopify.com/s/files/1/0631/8053/8080/files/Drybrush_Texture_Palette_-_Warhammer_Tabletop_Miniatures_4.webp?v=1783742346,,,,https://www.awin1.com/cread.php?awinmid=124092&awinaffid=3002879&ued=https%3A%2F%2Fartgoldenmaple.com%2Fproducts%2Fgoldenmaple-drybrush-texture-palette-perfect-for-warhammer-tabletop-gaming-miniatures-and-more%3Fvariant%3D48078024704224,,"Arts & Entertainment > Hobbies & Creative Arts > Arts & Crafts > Art & Crafting Materials > Craft Paint, Ink & Glaze",,,MZGSB-T6SSB-ZH,goldenmaple,1,in_stock,,,"39.99 USD",,,,,,,,new,,,,,,,,,,,,,,,,,,,,,,,,,,,,,,,,
124092,"Golden Maple",48107878449376,"Drybrush Texture Palette - Warhammer & Tabletop Miniatures - Drybrush Texture Palette 2PCS","Golden Maple is proud to announce a collaborative design with Ken Ziegler — UK-based Creative Director, Writer, and Miniature Artist.",https://artgoldenmaple.com/products/goldenmaple-drybrush-texture-palette-perfect-for-warhammer-tabletop-gaming-miniatures-and-more?variant=48107878449376,https://cdn.shopify.com/s/files/1/0631/8053/8080/files/Drybrush_Texture_Palette_-_Warhammer_Tabletop_Miniatures_1.webp?v=1783742346,,,,https://www.awin1.com/cread.php?awinmid=124092&awinaffid=3002879&ued=https%3A%2F%2Fartgoldenmaple.com%2Fproducts%2Fgoldenmaple-drybrush-texture-palette-perfect-for-warhammer-tabletop-gaming-miniatures-and-more%3Fvariant%3D48107878449376,,"Arts & Entertainment > Hobbies & Creative Arts > Arts & Crafts > Art & Crafting Materials > Craft Paint, Ink & Glaze",,,MZGSB-T2-WJT-zuhe,goldenmaple,1,in_stock,,,"32.99 USD",,,,,,,,new,,,,,,,,,,,,,,,,,,,,,,,,,,,,,,,,
124092,"Golden Maple",48102728827104,"Battlefield Basing Set - All-in-One Terrain Kit for Dioramas & Wargaming","Transform your miniature models and dioramas with the Battlefield Basing Set, the ultimate toolkit for creating stunning, realistic landscapes with ease! Whether you're a seasoned hobbyist or just starting out, this set includes everything you need to design immersive battlefields, fantasy terrains, and natural scenes. Crafted with high-quality, eco-friendly materials, this set ensures your creations are not only visually impressive but also kind to the environment. What’s Included: 1. Battlefield Basing Glue – Strong, fast-drying adhesive for secure terrain application. 2. Battlefield Grass – Vibrant, natural-looking grass to bring fields and meadows to life. 3. Swamp Tufts – Realistic tufts of foliage to create murky, atmospheric swamp environments. 4. Shrubbery – Durable, finely detailed shrubs to add depth and texture to your scenes. 5. Battleground – A mix of natural sands and soil to replicate rugged, earthy terrains. 6. Battlefield Snow – Light, fluffy snow effect powder for icy or winter landscapes. 7. Battlefield Rocks – Authentic, lightweight rocks to enhance realism and structure. Key Features: 🌿 Eco-Friendly & Natural MaterialsMade from sustainably sourced materials like moss, cork, and natural sands, this set prioritizes environmental responsibility without compromising on quality. 🎨 Easy to Use, Perfect for All Skill LevelsWith simple application steps and beginner-friendly materials, you can achieve professional-level results in no time. No specialized tools required! ✨ Versatile & Realistic EffectsFrom lush grasslands to snowy wastes and rocky battlegrounds, this set offers endless creative possibilities for dioramas, wargaming terrains, and model displays. 💧 Long-Lasting & DurableThe included basing glue ensures all elements stay firmly in place, while the materials are designed to withstand handling and display. How to Use: Apply a layer of Battlefield Basing Glue to your model’s base or diorama surface.Sprinkle or place your desired materials (e.g., Battleground sand, grass, rocks) onto the glue.Gently press down to secure, then shake off any excess.Allow to dry completely before handling or painting (if desired).",https://artgoldenmaple.com/products/battlefield-basing-set-all-in-one-terrain-kit-for-model-dioramas-wargaming?variant=48102728827104,https://cdn.shopify.com/s/files/1/0631/8053/8080/files/Battlefield_Basing_Set_-_All-in-One_Terrain_Kit_for_Dioramas_Wargaming_1.webp?v=1783674412,,,,https://www.awin1.com/cread.php?awinmid=124092&awinaffid=3002879&ued=https%3A%2F%2Fartgoldenmaple.com%2Fproducts%2Fbattlefield-basing-set-all-in-one-terrain-kit-for-model-dioramas-wargaming%3Fvariant%3D48102728827104,,"Arts & Entertainment > Hobbies & Creative Arts > Model Making",,,ZCBZTZ-ZH,goldenmaple,1,in_stock,,,"22.99 USD",,,,,,,,new,,,,,,,,,,,,,,,,,,,,,,,,,,,,,,,,
124092,"Golden Maple",48145886707936,"Masking Fluid - 30ml / 1.1 fl Oz Liquid Masking Fluid","GOLDENMAPLE Liquid MaskTurquoise blue masking liquid that covers and protects areas of your figure or model that you do not want to paint. Once the liquid dries, it creates a thin film very easy to remove, when you have finished painting the rest of your figure, by pulling it. This formulation is soluble in water. This makes the intensity of the mask adjustable and it can be cleaned easily. Content: 1 glass jar with 30 ml and applicatorSee Description About this itemLiquid Mask forms a protective film on the area which the artist does not want to paintOnce the work is dry, liquid mask is rubbed off with an eraser or piece of cloth, revealing unpainted areaModel Colour can be diluted with water, and all colours can be mixed with one anotherThe products does not contain solvents and is not inflammable",https://artgoldenmaple.com/products/golden-maple-masking-fluid-30ml-1-1-fl-oz-liquid-masking-fluid-liquid?variant=48145886707936,https://cdn.shopify.com/s/files/1/0631/8053/8080/files/MaskingFluid-30ml1.1flOzLiquidMaskingFluid_1.webp?v=1783751158,,,,https://www.awin1.com/cread.php?awinmid=124092&awinaffid=3002879&ued=https%3A%2F%2Fartgoldenmaple.com%2Fproducts%2Fgolden-maple-masking-fluid-30ml-1-1-fl-oz-liquid-masking-fluid-liquid%3Fvariant%3D48145886707936,,"Arts & Entertainment > Hobbies & Creative Arts > Arts & Crafts > Art & Crafting Materials > Craft Paint, Ink & Glaze > Paint Mediums",,,ZGY-30ML-BS-ZH,goldenmaple,1,in_stock,,,"10.99 USD",,,,,,,,new,,,,,,,,,,,,,,,,,,,,,,,,,,,,,,,,
124092,"Golden Maple",48186500907232,"Premium Kolinsky Sable with Beech Wood Handles & Arrow Shaped Miniature Painting Brush - 5PCS","Premium Golden Maple Kolinsky Sable Brush Set - 5PCS for Miniature Painting Elevate your miniature painting craft with the Golden Maple Kolinsky Sable Brush Set—meticulously crafted for hobbyists, professional painters, and Warhammer enthusiasts alike. This 5-piece kit (3 Spear Point/Arrow shape, 2 Round shape) combines Siberian Kolinsky sable hair’s unrivaled performance with ergonomic design, delivering precision, versatility, and durability for every painting technique, from ultra-fine details to smooth basecoats. Breakdown of Your 5-Piece Studio-Grade Kit 3 Spear Point (Arrow Shape) Brushes Designed for dynamic versatility and expressive strokes, our Spear Point brushes eliminate the need to constantly switch tools, streamlining your workflow: Size 0 Spear Point (10mm): Ideal for fine detail work—perfect for painting eyes on Space Marines, adding grime effects on Necrons, or creating tiny accents like veins and scars on character miniatures. Size 1 Spear Point (13mm): Excels at shading, edge highlighting, and glazing techniques, delivering tapered strokes for smooth transitions on armor, terrain, or fantasy model skin tones. Size 2 Spear Point (14mm): Your go-to for broader basecoating, large-area shading, and blending on bigger miniatures like Imperial Knights or terrain pieces—offering control without sacrificing coverage. 2 Round Shape Brushes Engineered for precision and consistency, Round brushes are essential for controlled outlines and foundational painting: Size 0 Round (8.8mm): Master ultra-fine lines, insignia, and delicate details—ideal for lining on Tau Fire Warriors or tiny decorative elements on Warhammer models. Size 1 Round (10.5mm): The all-purpose workhorse for basecoating Stormcast Eternals, blending skin tones, and applying controlled washes to bring your miniatures to life. Product Information Size/mm Hair length Total length Round brush #0 8.8 148.8 Round brush #1 10.5 150.5 Spear Point #0 10 150 Spear Point #1 13 153 Spear Point #2 14 154 Hair material: Kolinsky Sable HairHandle material: Beech Wood Perfect for Every Medium & Technique Whether you’re working with acrylics, oils, watercolors, gouache, inks, or fluid acrylics, this set adapts to your style: Fine detail painting (eyes, insignia, scars) Edge highlighting & glazing Wet blending & smooth transitions Basecoating & controlled washes Shading & bold, dynamic strokes HOW TO CARE FOR YOUR BRUSHES Never let paint dry in the ferrule. This is the #1 cause of damage.Clean thoroughly with a dedicated brush soap after every session.Reshape the tip with a slight twist before storing.",https://artgoldenmaple.com/products/premium-kolinsky-sable-set-brushes-for-miniature-painting?variant=48186500907232,https://cdn.shopify.com/s/files/1/0631/8053/8080/files/9_67d56dcf-f2b7-4c31-8966-0f11f9cf225f.jpg?v=1765876611,,,,https://www.awin1.com/cread.php?awinmid=124092&awinaffid=3002879&ued=https%3A%2F%2Fartgoldenmaple.com%2Fproducts%2Fpremium-kolinsky-sable-set-brushes-for-miniature-painting%3Fvariant%3D48186500907232,,"Arts & Entertainment > Hobbies & Creative Arts > Arts & Crafts > Art & Crafting Tools > Craft Measuring & Marking Tools > Art Brushes",,,PBM-N-W-T5-LLX-zuhe,goldenmaple,1,in_stock,,,"49.99 USD",,,,,,,,new,,,,,,,,,,,,,,,,,,,,,,,,,,,,,,,,
124092,"Golden Maple",48186500940000,"Premium Kolinsky Sable with Beech Wood Handles & Arrow Shaped Miniature Painting Brush - Round brush #0","Premium Golden Maple Kolinsky Sable Brush Set - 5PCS for Miniature Painting Elevate your miniature painting craft with the Golden Maple Kolinsky Sable Brush Set—meticulously crafted for hobbyists, professional painters, and Warhammer enthusiasts alike. This 5-piece kit (3 Spear Point/Arrow shape, 2 Round shape) combines Siberian Kolinsky sable hair’s unrivaled performance with ergonomic design, delivering precision, versatility, and durability for every painting technique, from ultra-fine details to smooth basecoats. Breakdown of Your 5-Piece Studio-Grade Kit 3 Spear Point (Arrow Shape) Brushes Designed for dynamic versatility and expressive strokes, our Spear Point brushes eliminate the need to constantly switch tools, streamlining your workflow: Size 0 Spear Point (10mm): Ideal for fine detail work—perfect for painting eyes on Space Marines, adding grime effects on Necrons, or creating tiny accents like veins and scars on character miniatures. Size 1 Spear Point (13mm): Excels at shading, edge highlighting, and glazing techniques, delivering tapered strokes for smooth transitions on armor, terrain, or fantasy model skin tones. Size 2 Spear Point (14mm): Your go-to for broader basecoating, large-area shading, and blending on bigger miniatures like Imperial Knights or terrain pieces—offering control without sacrificing coverage. 2 Round Shape Brushes Engineered for precision and consistency, Round brushes are essential for controlled outlines and foundational painting: Size 0 Round (8.8mm): Master ultra-fine lines, insignia, and delicate details—ideal for lining on Tau Fire Warriors or tiny decorative elements on Warhammer models. Size 1 Round (10.5mm): The all-purpose workhorse for basecoating Stormcast Eternals, blending skin tones, and applying controlled washes to bring your miniatures to life. Product Information Size/mm Hair length Total length Round brush #0 8.8 148.8 Round brush #1 10.5 150.5 Spear Point #0 10 150 Spear Point #1 13 153 Spear Point #2 14 154 Hair material: Kolinsky Sable HairHandle material: Beech Wood Perfect for Every Medium & Technique Whether you’re working with acrylics, oils, watercolors, gouache, inks, or fluid acrylics, this set adapts to your style: Fine detail painting (eyes, insignia, scars) Edge highlighting & glazing Wet blending & smooth transitions Basecoating & controlled washes Shading & bold, dynamic strokes HOW TO CARE FOR YOUR BRUSHES Never let paint dry in the ferrule. This is the #1 cause of damage.Clean thoroughly with a dedicated brush soap after every session.Reshape the tip with a slight twist before storing.",https://artgoldenmaple.com/products/premium-kolinsky-sable-set-brushes-for-miniature-painting?variant=48186500940000,https://cdn.shopify.com/s/files/1/0631/8053/8080/files/1_35df8b42-3581-4fb7-be36-fee051799423.png?v=1772186057,,,,https://www.awin1.com/cread.php?awinmid=124092&awinaffid=3002879&ued=https%3A%2F%2Fartgoldenmaple.com%2Fproducts%2Fpremium-kolinsky-sable-set-brushes-for-miniature-painting%3Fvariant%3D48186500940000,,"Arts & Entertainment > Hobbies & Creative Arts > Arts & Crafts > Art & Crafting Tools > Craft Measuring & Marking Tools > Art Brushes",,,PBM-N-W-T5-LLX-JY#0zuhe,goldenmaple,1,in_stock,,,"15.99 USD",,,,,,,,new,,,,,,,,,,,,,,,,,,,,,,,,,,,,,,,,
124092,"Golden Maple",48186500972768,"Premium Kolinsky Sable with Beech Wood Handles & Arrow Shaped Miniature Painting Brush - Round brush #1","Premium Golden Maple Kolinsky Sable Brush Set - 5PCS for Miniature Painting Elevate your miniature painting craft with the Golden Maple Kolinsky Sable Brush Set—meticulously crafted for hobbyists, professional painters, and Warhammer enthusiasts alike. This 5-piece kit (3 Spear Point/Arrow shape, 2 Round shape) combines Siberian Kolinsky sable hair’s unrivaled performance with ergonomic design, delivering precision, versatility, and durability for every painting technique, from ultra-fine details to smooth basecoats. Breakdown of Your 5-Piece Studio-Grade Kit 3 Spear Point (Arrow Shape) Brushes Designed for dynamic versatility and expressive strokes, our Spear Point brushes eliminate the need to constantly switch tools, streamlining your workflow: Size 0 Spear Point (10mm): Ideal for fine detail work—perfect for painting eyes on Space Marines, adding grime effects on Necrons, or creating tiny accents like veins and scars on character miniatures. Size 1 Spear Point (13mm): Excels at shading, edge highlighting, and glazing techniques, delivering tapered strokes for smooth transitions on armor, terrain, or fantasy model skin tones. Size 2 Spear Point (14mm): Your go-to for broader basecoating, large-area shading, and blending on bigger miniatures like Imperial Knights or terrain pieces—offering control without sacrificing coverage. 2 Round Shape Brushes Engineered for precision and consistency, Round brushes are essential for controlled outlines and foundational painting: Size 0 Round (8.8mm): Master ultra-fine lines, insignia, and delicate details—ideal for lining on Tau Fire Warriors or tiny decorative elements on Warhammer models. Size 1 Round (10.5mm): The all-purpose workhorse for basecoating Stormcast Eternals, blending skin tones, and applying controlled washes to bring your miniatures to life. Product Information Size/mm Hair length Total length Round brush #0 8.8 148.8 Round brush #1 10.5 150.5 Spear Point #0 10 150 Spear Point #1 13 153 Spear Point #2 14 154 Hair material: Kolinsky Sable HairHandle material: Beech Wood Perfect for Every Medium & Technique Whether you’re working with acrylics, oils, watercolors, gouache, inks, or fluid acrylics, this set adapts to your style: Fine detail painting (eyes, insignia, scars) Edge highlighting & glazing Wet blending & smooth transitions Basecoating & controlled washes Shading & bold, dynamic strokes HOW TO CARE FOR YOUR BRUSHES Never let paint dry in the ferrule. This is the #1 cause of damage.Clean thoroughly with a dedicated brush soap after every session.Reshape the tip with a slight twist before storing.",https://artgoldenmaple.com/products/premium-kolinsky-sable-set-brushes-for-miniature-painting?variant=48186500972768,https://cdn.shopify.com/s/files/1/0631/8053/8080/files/1_3_97dbee29-f096-4467-8543-a9af6b4caee7.png?v=1772186057,,,,https://www.awin1.com/cread.php?awinmid=124092&awinaffid=3002879&ued=https%3A%2F%2Fartgoldenmaple.com%2Fproducts%2Fpremium-kolinsky-sable-set-brushes-for-miniature-painting%3Fvariant%3D48186500972768,,"Arts & Entertainment > Hobbies & Creative Arts > Arts & Crafts > Art & Crafting Tools > Craft Measuring & Marking Tools > Art Brushes",,,PBM-N-W-T5-LLX-JY#1zuhe,goldenmaple,1,in_stock,,,"16.99 USD",,,,,,,,new,,,,,,,,,,,,,,,,,,,,,,,,,,,,,,,,
124092,"Golden Maple",48186501005536,"Premium Kolinsky Sable with Beech Wood Handles & Arrow Shaped Miniature Painting Brush - Spear Point  #0","Premium Golden Maple Kolinsky Sable Brush Set - 5PCS for Miniature Painting Elevate your miniature painting craft with the Golden Maple Kolinsky Sable Brush Set—meticulously crafted for hobbyists, professional painters, and Warhammer enthusiasts alike. This 5-piece kit (3 Spear Point/Arrow shape, 2 Round shape) combines Siberian Kolinsky sable hair’s unrivaled performance with ergonomic design, delivering precision, versatility, and durability for every painting technique, from ultra-fine details to smooth basecoats. Breakdown of Your 5-Piece Studio-Grade Kit 3 Spear Point (Arrow Shape) Brushes Designed for dynamic versatility and expressive strokes, our Spear Point brushes eliminate the need to constantly switch tools, streamlining your workflow: Size 0 Spear Point (10mm): Ideal for fine detail work—perfect for painting eyes on Space Marines, adding grime effects on Necrons, or creating tiny accents like veins and scars on character miniatures. Size 1 Spear Point (13mm): Excels at shading, edge highlighting, and glazing techniques, delivering tapered strokes for smooth transitions on armor, terrain, or fantasy model skin tones. Size 2 Spear Point (14mm): Your go-to for broader basecoating, large-area shading, and blending on bigger miniatures like Imperial Knights or terrain pieces—offering control without sacrificing coverage. 2 Round Shape Brushes Engineered for precision and consistency, Round brushes are essential for controlled outlines and foundational painting: Size 0 Round (8.8mm): Master ultra-fine lines, insignia, and delicate details—ideal for lining on Tau Fire Warriors or tiny decorative elements on Warhammer models. Size 1 Round (10.5mm): The all-purpose workhorse for basecoating Stormcast Eternals, blending skin tones, and applying controlled washes to bring your miniatures to life. Product Information Size/mm Hair length Total length Round brush #0 8.8 148.8 Round brush #1 10.5 150.5 Spear Point #0 10 150 Spear Point #1 13 153 Spear Point #2 14 154 Hair material: Kolinsky Sable HairHandle material: Beech Wood Perfect for Every Medium & Technique Whether you’re working with acrylics, oils, watercolors, gouache, inks, or fluid acrylics, this set adapts to your style: Fine detail painting (eyes, insignia, scars) Edge highlighting & glazing Wet blending & smooth transitions Basecoating & controlled washes Shading & bold, dynamic strokes HOW TO CARE FOR YOUR BRUSHES Never let paint dry in the ferrule. This is the #1 cause of damage.Clean thoroughly with a dedicated brush soap after every session.Reshape the tip with a slight twist before storing.",https://artgoldenmaple.com/products/premium-kolinsky-sable-set-brushes-for-miniature-painting?variant=48186501005536,https://cdn.shopify.com/s/files/1/0631/8053/8080/files/1_2_e3a7b453-8622-427e-b6d5-40fd1b7aa951.png?v=1772186057,,,,https://www.awin1.com/cread.php?awinmid=124092&awinaffid=3002879&ued=https%3A%2F%2Fartgoldenmaple.com%2Fproducts%2Fpremium-kolinsky-sable-set-brushes-for-miniature-painting%3Fvariant%3D48186501005536,,"Arts & Entertainment > Hobbies & Creative Arts > Arts & Crafts > Art & Crafting Tools > Craft Measuring & Marking Tools > Art Brushes",,,PBM-N-W-T5-LLX-JTS#0zuhe,goldenmaple,1,in_stock,,,"15.99 USD",,,,,,,,new,,,,,,,,,,,,,,,,,,,,,,,,,,,,,,,,
124092,"Golden Maple",48186501038304,"Premium Kolinsky Sable with Beech Wood Handles & Arrow Shaped Miniature Painting Brush - Spear Point  #1","Premium Golden Maple Kolinsky Sable Brush Set - 5PCS for Miniature Painting Elevate your miniature painting craft with the Golden Maple Kolinsky Sable Brush Set—meticulously crafted for hobbyists, professional painters, and Warhammer enthusiasts alike. This 5-piece kit (3 Spear Point/Arrow shape, 2 Round shape) combines Siberian Kolinsky sable hair’s unrivaled performance with ergonomic design, delivering precision, versatility, and durability for every painting technique, from ultra-fine details to smooth basecoats. Breakdown of Your 5-Piece Studio-Grade Kit 3 Spear Point (Arrow Shape) Brushes Designed for dynamic versatility and expressive strokes, our Spear Point brushes eliminate the need to constantly switch tools, streamlining your workflow: Size 0 Spear Point (10mm): Ideal for fine detail work—perfect for painting eyes on Space Marines, adding grime effects on Necrons, or creating tiny accents like veins and scars on character miniatures. Size 1 Spear Point (13mm): Excels at shading, edge highlighting, and glazing techniques, delivering tapered strokes for smooth transitions on armor, terrain, or fantasy model skin tones. Size 2 Spear Point (14mm): Your go-to for broader basecoating, large-area shading, and blending on bigger miniatures like Imperial Knights or terrain pieces—offering control without sacrificing coverage. 2 Round Shape Brushes Engineered for precision and consistency, Round brushes are essential for controlled outlines and foundational painting: Size 0 Round (8.8mm): Master ultra-fine lines, insignia, and delicate details—ideal for lining on Tau Fire Warriors or tiny decorative elements on Warhammer models. Size 1 Round (10.5mm): The all-purpose workhorse for basecoating Stormcast Eternals, blending skin tones, and applying controlled washes to bring your miniatures to life. Product Information Size/mm Hair length Total length Round brush #0 8.8 148.8 Round brush #1 10.5 150.5 Spear Point #0 10 150 Spear Point #1 13 153 Spear Point #2 14 154 Hair material: Kolinsky Sable HairHandle material: Beech Wood Perfect for Every Medium & Technique Whether you’re working with acrylics, oils, watercolors, gouache, inks, or fluid acrylics, this set adapts to your style: Fine detail painting (eyes, insignia, scars) Edge highlighting & glazing Wet blending & smooth transitions Basecoating & controlled washes Shading & bold, dynamic strokes HOW TO CARE FOR YOUR BRUSHES Never let paint dry in the ferrule. This is the #1 cause of damage.Clean thoroughly with a dedicated brush soap after every session.Reshape the tip with a slight twist before storing.",https://artgoldenmaple.com/products/premium-kolinsky-sable-set-brushes-for-miniature-painting?variant=48186501038304,https://cdn.shopify.com/s/files/1/0631/8053/8080/files/1_4_368ff994-9366-4610-9020-0e513cec1050.png?v=1772186057,,,,https://www.awin1.com/cread.php?awinmid=124092&awinaffid=3002879&ued=https%3A%2F%2Fartgoldenmaple.com%2Fproducts%2Fpremium-kolinsky-sable-set-brushes-for-miniature-painting%3Fvariant%3D48186501038304,,"Arts & Entertainment > Hobbies & Creative Arts > Arts & Crafts > Art & Crafting Tools > Craft Measuring & Marking Tools > Art Brushes",,,PBM-N-W-T5-LLX-JTS#1zuhe,goldenmaple,1,in_stock,,,"16.99 USD",,,,,,,,new,,,,,,,,,,,,,,,,,,,,,,,,,,,,,,,,
124092,"Golden Maple",48186501071072,"Premium Kolinsky Sable with Beech Wood Handles & Arrow Shaped Miniature Painting Brush - Spear Point #2","Premium Golden Maple Kolinsky Sable Brush Set - 5PCS for Miniature Painting Elevate your miniature painting craft with the Golden Maple Kolinsky Sable Brush Set—meticulously crafted for hobbyists, professional painters, and Warhammer enthusiasts alike. This 5-piece kit (3 Spear Point/Arrow shape, 2 Round shape) combines Siberian Kolinsky sable hair’s unrivaled performance with ergonomic design, delivering precision, versatility, and durability for every painting technique, from ultra-fine details to smooth basecoats. Breakdown of Your 5-Piece Studio-Grade Kit 3 Spear Point (Arrow Shape) Brushes Designed for dynamic versatility and expressive strokes, our Spear Point brushes eliminate the need to constantly switch tools, streamlining your workflow: Size 0 Spear Point (10mm): Ideal for fine detail work—perfect for painting eyes on Space Marines, adding grime effects on Necrons, or creating tiny accents like veins and scars on character miniatures. Size 1 Spear Point (13mm): Excels at shading, edge highlighting, and glazing techniques, delivering tapered strokes for smooth transitions on armor, terrain, or fantasy model skin tones. Size 2 Spear Point (14mm): Your go-to for broader basecoating, large-area shading, and blending on bigger miniatures like Imperial Knights or terrain pieces—offering control without sacrificing coverage. 2 Round Shape Brushes Engineered for precision and consistency, Round brushes are essential for controlled outlines and foundational painting: Size 0 Round (8.8mm): Master ultra-fine lines, insignia, and delicate details—ideal for lining on Tau Fire Warriors or tiny decorative elements on Warhammer models. Size 1 Round (10.5mm): The all-purpose workhorse for basecoating Stormcast Eternals, blending skin tones, and applying controlled washes to bring your miniatures to life. Product Information Size/mm Hair length Total length Round brush #0 8.8 148.8 Round brush #1 10.5 150.5 Spear Point #0 10 150 Spear Point #1 13 153 Spear Point #2 14 154 Hair material: Kolinsky Sable HairHandle material: Beech Wood Perfect for Every Medium & Technique Whether you’re working with acrylics, oils, watercolors, gouache, inks, or fluid acrylics, this set adapts to your style: Fine detail painting (eyes, insignia, scars) Edge highlighting & glazing Wet blending & smooth transitions Basecoating & controlled washes Shading & bold, dynamic strokes HOW TO CARE FOR YOUR BRUSHES Never let paint dry in the ferrule. This is the #1 cause of damage.Clean thoroughly with a dedicated brush soap after every session.Reshape the tip with a slight twist before storing.",https://artgoldenmaple.com/products/premium-kolinsky-sable-set-brushes-for-miniature-painting?variant=48186501071072,https://cdn.shopify.com/s/files/1/0631/8053/8080/files/1_9cbcfa76-b88f-442d-a5fa-6afa5796faf9.png?v=1772186057,,,,https://www.awin1.com/cread.php?awinmid=124092&awinaffid=3002879&ued=https%3A%2F%2Fartgoldenmaple.com%2Fproducts%2Fpremium-kolinsky-sable-set-brushes-for-miniature-painting%3Fvariant%3D48186501071072,,"Arts & Entertainment > Hobbies & Creative Arts > Arts & Crafts > Art & Crafting Tools > Craft Measuring & Marking Tools > Art Brushes",,,PBM-N-W-T5-LLX-JTS#2zuhe,goldenmaple,1,in_stock,,,"17.99 USD",,,,,,,,new,,,,,,,,,,,,,,,,,,,,,,,,,,,,,,,,
124092,"Golden Maple",51205146935520,"Premium Kolinsky Sable with Beech Wood Handles & Arrow Shaped Miniature Painting Brush - 5PCS Brush Set + 30g Brush Soap","Premium Golden Maple Kolinsky Sable Brush Set - 5PCS for Miniature Painting Elevate your miniature painting craft with the Golden Maple Kolinsky Sable Brush Set—meticulously crafted for hobbyists, professional painters, and Warhammer enthusiasts alike. This 5-piece kit (3 Spear Point/Arrow shape, 2 Round shape) combines Siberian Kolinsky sable hair’s unrivaled performance with ergonomic design, delivering precision, versatility, and durability for every painting technique, from ultra-fine details to smooth basecoats. Breakdown of Your 5-Piece Studio-Grade Kit 3 Spear Point (Arrow Shape) Brushes Designed for dynamic versatility and expressive strokes, our Spear Point brushes eliminate the need to constantly switch tools, streamlining your workflow: Size 0 Spear Point (10mm): Ideal for fine detail work—perfect for painting eyes on Space Marines, adding grime effects on Necrons, or creating tiny accents like veins and scars on character miniatures. Size 1 Spear Point (13mm): Excels at shading, edge highlighting, and glazing techniques, delivering tapered strokes for smooth transitions on armor, terrain, or fantasy model skin tones. Size 2 Spear Point (14mm): Your go-to for broader basecoating, large-area shading, and blending on bigger miniatures like Imperial Knights or terrain pieces—offering control without sacrificing coverage. 2 Round Shape Brushes Engineered for precision and consistency, Round brushes are essential for controlled outlines and foundational painting: Size 0 Round (8.8mm): Master ultra-fine lines, insignia, and delicate details—ideal for lining on Tau Fire Warriors or tiny decorative elements on Warhammer models. Size 1 Round (10.5mm): The all-purpose workhorse for basecoating Stormcast Eternals, blending skin tones, and applying controlled washes to bring your miniatures to life. Product Information Size/mm Hair length Total length Round brush #0 8.8 148.8 Round brush #1 10.5 150.5 Spear Point #0 10 150 Spear Point #1 13 153 Spear Point #2 14 154 Hair material: Kolinsky Sable HairHandle material: Beech Wood Perfect for Every Medium & Technique Whether you’re working with acrylics, oils, watercolors, gouache, inks, or fluid acrylics, this set adapts to your style: Fine detail painting (eyes, insignia, scars) Edge highlighting & glazing Wet blending & smooth transitions Basecoating & controlled washes Shading & bold, dynamic strokes HOW TO CARE FOR YOUR BRUSHES Never let paint dry in the ferrule. This is the #1 cause of damage.Clean thoroughly with a dedicated brush soap after every session.Reshape the tip with a slight twist before storing.",https://artgoldenmaple.com/products/premium-kolinsky-sable-set-brushes-for-miniature-painting?variant=51205146935520,https://cdn.shopify.com/s/files/1/0631/8053/8080/files/3_ccd6bee7-4307-4713-946a-18704b635f8f.jpg?v=1774418938,,,,https://www.awin1.com/cread.php?awinmid=124092&awinaffid=3002879&ued=https%3A%2F%2Fartgoldenmaple.com%2Fproducts%2Fpremium-kolinsky-sable-set-brushes-for-miniature-painting%3Fvariant%3D51205146935520,,"Arts & Entertainment > Hobbies & Creative Arts > Arts & Crafts > Art & Crafting Tools > Craft Measuring & Marking Tools > Art Brushes",,,PBM-N-W-T5-LLXWS-XBZ-30g,goldenmaple,1,in_stock,,,"53.99 USD",,,,,,,,new,,,,,,,,,,,,,,,,,,,,,,,,,,,,,,,,
124092,"Golden Maple",48200557199584,"Miniature Tool Kit - Model Making, Crafts & DIY","Tool Kit – Create Your Own World Includes multiple commonly used tools for DIY, model making, and craft projects. Tools are made from durable materials for everyday use. Suitable for hobbyists, students, and general household tasks. Everything you need in one set, ready to use.",https://artgoldenmaple.com/products/miniature-craft-tool-kit?variant=48200557199584,https://cdn.shopify.com/s/files/1/0631/8053/8080/files/Miniature_Tool_Kit_-_Model_Making_Crafts_DIY_1.webp?v=1783758197,,,,https://www.awin1.com/cread.php?awinmid=124092&awinaffid=3002879&ued=https%3A%2F%2Fartgoldenmaple.com%2Fproducts%2Fminiature-craft-tool-kit%3Fvariant%3D48200557199584,,"Hardware > Tools > Toolsets > Hand Tool Sets",,,WSGJDLB-ZH,goldenmaple,1,in_stock,,,"35.99 USD",,,,,,,,new,,,,,,,,,,,,,,,,,,,,,,,,,,,,,,,,
124092,"Golden Maple",48402694635744,"Miniatures Display Plinths - ROUND & Blue Tack Kit","Perfectly showcase your finest work with Golden Maple display plinths. Featuring a sleek, tapered design and a premium matte finish, these plinths provide a stable and elegant foundation for your miniature masterpieces. Ideal for photography, competition displays, or adding a professional touch to your collection. 1. Ebony | 3.5cm Beveled CylinderGolden Maple presents this display plinth crafted from premium ebony. The 3.5cm diameter and distinctive beveled edge are designed to elevate and angle miniature busts or upper-body sculptures, offering an elegant, stage-like presentation. Its deep black hue creates a striking contrast, making it the perfect foundation for highlighting fine details in competition displays or professional photography. 2. Rosewood | 4cm Square ColumnThis stable square column from Golden Maple is made from warm-toned rosewood. With its clean 4cm square profile and natural reddish-brown grain, it provides a versatile and classic base for a wide range of miniatures. The geometric shape offers excellent stability, ideal for displaying both figurative pieces and architectural models with a touch of organic warmth. 3. African Blackwood | 4cm Smooth CylinderGolden Maple’s sleek cylinder is turned from luxurious African blackwood. The 4cm diameter and flawlessly smooth, polished finish offer a minimalist and modern stage. Its uniform deep color and subtle luster ensure that all attention remains on your miniature masterpiece, making it especially suited for contemporary sculptural pieces and elegant shelf display.",https://artgoldenmaple.com/products/golden-maple-display-plinths-for-miniatures?variant=48402694635744,https://cdn.shopify.com/s/files/1/0631/8053/8080/files/MiniaturesDisplayPlinths_1.webp?v=1783758928,,,,https://www.awin1.com/cread.php?awinmid=124092&awinaffid=3002879&ued=https%3A%2F%2Fartgoldenmaple.com%2Fproducts%2Fgolden-maple-display-plinths-for-miniatures%3Fvariant%3D48402694635744,,"Arts & Entertainment > Hobbies & Creative Arts > Collectables",,,WSYTDZ-LSLDJ-ZH,goldenmaple,1,in_stock,,,"14.99 USD",,,,,,,,new,,,,,,,,,,,,,,,,,,,,,,,,,,,,,,,,
124092,"Golden Maple",48402694668512,"Miniatures Display Plinths - SQUARE & Blue Tack Kit","Perfectly showcase your finest work with Golden Maple display plinths. Featuring a sleek, tapered design and a premium matte finish, these plinths provide a stable and elegant foundation for your miniature masterpieces. Ideal for photography, competition displays, or adding a professional touch to your collection. 1. Ebony | 3.5cm Beveled CylinderGolden Maple presents this display plinth crafted from premium ebony. The 3.5cm diameter and distinctive beveled edge are designed to elevate and angle miniature busts or upper-body sculptures, offering an elegant, stage-like presentation. Its deep black hue creates a striking contrast, making it the perfect foundation for highlighting fine details in competition displays or professional photography. 2. Rosewood | 4cm Square ColumnThis stable square column from Golden Maple is made from warm-toned rosewood. With its clean 4cm square profile and natural reddish-brown grain, it provides a versatile and classic base for a wide range of miniatures. The geometric shape offers excellent stability, ideal for displaying both figurative pieces and architectural models with a touch of organic warmth. 3. African Blackwood | 4cm Smooth CylinderGolden Maple’s sleek cylinder is turned from luxurious African blackwood. The 4cm diameter and flawlessly smooth, polished finish offer a minimalist and modern stage. Its uniform deep color and subtle luster ensure that all attention remains on your miniature masterpiece, making it especially suited for contemporary sculptural pieces and elegant shelf display.",https://artgoldenmaple.com/products/golden-maple-display-plinths-for-miniatures?variant=48402694668512,https://cdn.shopify.com/s/files/1/0631/8053/8080/files/MiniaturesDisplayPlinths_15.webp?v=1783758928,,,,https://www.awin1.com/cread.php?awinmid=124092&awinaffid=3002879&ued=https%3A%2F%2Fartgoldenmaple.com%2Fproducts%2Fgolden-maple-display-plinths-for-miniatures%3Fvariant%3D48402694668512,,"Arts & Entertainment > Hobbies & Creative Arts > Collectables",,,WSFTDZ-LSLDJ-ZH,goldenmaple,1,in_stock,,,"14.99 USD",,,,,,,,new,,,,,,,,,,,,,,,,,,,,,,,,,,,,,,,,
124092,"Golden Maple",48402694701280,"Miniatures Display Plinths - TAPERED & Blue Tack Kit","Perfectly showcase your finest work with Golden Maple display plinths. Featuring a sleek, tapered design and a premium matte finish, these plinths provide a stable and elegant foundation for your miniature masterpieces. Ideal for photography, competition displays, or adding a professional touch to your collection. 1. Ebony | 3.5cm Beveled CylinderGolden Maple presents this display plinth crafted from premium ebony. The 3.5cm diameter and distinctive beveled edge are designed to elevate and angle miniature busts or upper-body sculptures, offering an elegant, stage-like presentation. Its deep black hue creates a striking contrast, making it the perfect foundation for highlighting fine details in competition displays or professional photography. 2. Rosewood | 4cm Square ColumnThis stable square column from Golden Maple is made from warm-toned rosewood. With its clean 4cm square profile and natural reddish-brown grain, it provides a versatile and classic base for a wide range of miniatures. The geometric shape offers excellent stability, ideal for displaying both figurative pieces and architectural models with a touch of organic warmth. 3. African Blackwood | 4cm Smooth CylinderGolden Maple’s sleek cylinder is turned from luxurious African blackwood. The 4cm diameter and flawlessly smooth, polished finish offer a minimalist and modern stage. Its uniform deep color and subtle luster ensure that all attention remains on your miniature masterpiece, making it especially suited for contemporary sculptural pieces and elegant shelf display.",https://artgoldenmaple.com/products/golden-maple-display-plinths-for-miniatures?variant=48402694701280,https://cdn.shopify.com/s/files/1/0631/8053/8080/files/MiniaturesDisplayPlinths_16.webp?v=1783758928,,,,https://www.awin1.com/cread.php?awinmid=124092&awinaffid=3002879&ued=https%3A%2F%2Fartgoldenmaple.com%2Fproducts%2Fgolden-maple-display-plinths-for-miniatures%3Fvariant%3D48402694701280,,"Arts & Entertainment > Hobbies & Creative Arts > Collectables",,,WSJTDZ-LSLDJ-ZH,goldenmaple,1,in_stock,,,"14.99 USD",,,,,,,,new,,,,,,,,,,,,,,,,,,,,,,,,,,,,,,,,
124092,"Golden Maple",48402694734048,"Miniatures Display Plinths - 3PC（Blu-Tack: Not Included）","Perfectly showcase your finest work with Golden Maple display plinths. Featuring a sleek, tapered design and a premium matte finish, these plinths provide a stable and elegant foundation for your miniature masterpieces. Ideal for photography, competition displays, or adding a professional touch to your collection. 1. Ebony | 3.5cm Beveled CylinderGolden Maple presents this display plinth crafted from premium ebony. The 3.5cm diameter and distinctive beveled edge are designed to elevate and angle miniature busts or upper-body sculptures, offering an elegant, stage-like presentation. Its deep black hue creates a striking contrast, making it the perfect foundation for highlighting fine details in competition displays or professional photography. 2. Rosewood | 4cm Square ColumnThis stable square column from Golden Maple is made from warm-toned rosewood. With its clean 4cm square profile and natural reddish-brown grain, it provides a versatile and classic base for a wide range of miniatures. The geometric shape offers excellent stability, ideal for displaying both figurative pieces and architectural models with a touch of organic warmth. 3. African Blackwood | 4cm Smooth CylinderGolden Maple’s sleek cylinder is turned from luxurious African blackwood. The 4cm diameter and flawlessly smooth, polished finish offer a minimalist and modern stage. Its uniform deep color and subtle luster ensure that all attention remains on your miniature masterpiece, making it especially suited for contemporary sculptural pieces and elegant shelf display.",https://artgoldenmaple.com/products/golden-maple-display-plinths-for-miniatures?variant=48402694734048,https://cdn.shopify.com/s/files/1/0631/8053/8080/files/MiniaturesDisplayPlinths_3.webp?v=1783758928,,,,https://www.awin1.com/cread.php?awinmid=124092&awinaffid=3002879&ued=https%3A%2F%2Fartgoldenmaple.com%2Fproducts%2Fgolden-maple-display-plinths-for-miniatures%3Fvariant%3D48402694734048,,"Arts & Entertainment > Hobbies & Creative Arts > Collectables",,,WSJTDZ-3-zuhe,goldenmaple,1,in_stock,,,"35.99 USD",,,,,,,,new,,,,,,,,,,,,,,,,,,,,,,,,,,,,,,,,
124092,"Golden Maple",48402805850336,"360° Swivel Mini Precision Miniature Vise","360° Swivel Mini Precision Miniature Vise",https://artgoldenmaple.com/products/golden-maple-mini-precision-miniature-vise-vise-360-swivel?variant=48402805850336,https://cdn.shopify.com/s/files/1/0631/8053/8080/files/Swivel_Mini_Precision_Miniature_Vise.jpg?v=1785124310,,,,https://www.awin1.com/cread.php?awinmid=124092&awinaffid=3002879&ued=https%3A%2F%2Fartgoldenmaple.com%2Fproducts%2Fgolden-maple-mini-precision-miniature-vise-vise-360-swivel%3Fvariant%3D48402805850336,,"Hardware > Tools > Tool Clamps & Vices",,,WSTQTZ-ZH,goldenmaple,1,in_stock,,,"39.99 USD",,,,,,,,new,,,,,,,,,,,,,,,,,,,,,,,,,,,,,,,,
124092,"Golden Maple",48553210904800,"Replaceable-Tip Kolinsky Sable Brush – Red Sandalwood Handle - A Set Of 4PCS(1 Brush+3 Heads)","One Handle. Endless Tips. A Kolinsky Sable brush with a Red Sandalwood handle that lasts a lifetime. Replaceable tips in 4 sizes (3/0, 2/0, 0, and 1). Ergonomic, comfortable, and eco-friendly — less plastic waste. Comes in a gift box. Buy the handle once. Change the tip. Never buy a whole brush again.",https://artgoldenmaple.com/products/4-replaceable-brush-heads-multi-purpose-premium-kolinsky-sable-brush-with-rosewood-handles?variant=48553210904800,https://cdn.shopify.com/s/files/1/0631/8053/8080/files/4ReplaceableBrushHeadsMulti-PurposePremiumKolinskySableBrushwithRosewoodHandles_1.jpg?v=1767511761,,,,https://www.awin1.com/cread.php?awinmid=124092&awinaffid=3002879&ued=https%3A%2F%2Fartgoldenmaple.com%2Fproducts%2F4-replaceable-brush-heads-multi-purpose-premium-kolinsky-sable-brush-with-rosewood-handles%3Fvariant%3D48553210904800,,"Arts & Entertainment > Hobbies & Creative Arts > Arts & Crafts > Art & Crafting Tools > Craft Measuring & Marking Tools > Art Brushes",,,KTH-HB-HTM-HBTZ-Z,goldenmaple,1,in_stock,,,"33.99 USD",,,,,,,,new,,,,,,,,,,,,,,,,,,,,,,,,,,,,,,,,
124092,"Golden Maple",48846376141024,"Replaceable-Tip Kolinsky Sable Brush – Red Sandalwood Handle - Handles Not Included: (#3/0 #2/0 #0 #1)","One Handle. Endless Tips. A Kolinsky Sable brush with a Red Sandalwood handle that lasts a lifetime. Replaceable tips in 4 sizes (3/0, 2/0, 0, and 1). Ergonomic, comfortable, and eco-friendly — less plastic waste. Comes in a gift box. Buy the handle once. Change the tip. Never buy a whole brush again.",https://artgoldenmaple.com/products/4-replaceable-brush-heads-multi-purpose-premium-kolinsky-sable-brush-with-rosewood-handles?variant=48846376141024,https://cdn.shopify.com/s/files/1/0631/8053/8080/files/Brush_Heads2_1.jpg?v=1784167400,,,,https://www.awin1.com/cread.php?awinmid=124092&awinaffid=3002879&ued=https%3A%2F%2Fartgoldenmaple.com%2Fproducts%2F4-replaceable-brush-heads-multi-purpose-premium-kolinsky-sable-brush-with-rosewood-handles%3Fvariant%3D48846376141024,,"Arts & Entertainment > Hobbies & Creative Arts > Arts & Crafts > Art & Crafting Tools > Craft Measuring & Marking Tools > Art Brushes",,,KTH-HB-TGMT-zuhe,goldenmaple,1,in_stock,,,"16.99 USD",,,,,,,,new,,,,,,,,,,,,,,,,,,,,,,,,,,,,,,,,
124092,"Golden Maple",51356641591520,"Replaceable-Tip Kolinsky Sable Brush – Red Sandalwood Handle - Handles Not Included:4x (#1)","One Handle. Endless Tips. A Kolinsky Sable brush with a Red Sandalwood handle that lasts a lifetime. Replaceable tips in 4 sizes (3/0, 2/0, 0, and 1). Ergonomic, comfortable, and eco-friendly — less plastic waste. Comes in a gift box. Buy the handle once. Change the tip. Never buy a whole brush again.",https://artgoldenmaple.com/products/4-replaceable-brush-heads-multi-purpose-premium-kolinsky-sable-brush-with-rosewood-handles?variant=51356641591520,https://cdn.shopify.com/s/files/1/0631/8053/8080/files/Brush_Heads1_1.jpg?v=1784167400,,,,https://www.awin1.com/cread.php?awinmid=124092&awinaffid=3002879&ued=https%3A%2F%2Fartgoldenmaple.com%2Fproducts%2F4-replaceable-brush-heads-multi-purpose-premium-kolinsky-sable-brush-with-rosewood-handles%3Fvariant%3D51356641591520,,"Arts & Entertainment > Hobbies & Creative Arts > Arts & Crafts > Art & Crafting Tools > Craft Measuring & Marking Tools > Art Brushes",,,KTH-HB-1TGMT-Z,goldenmaple,1,in_stock,,,"17.99 USD",,,,,,,,new,,,,,,,,,,,,,,,,,,,,,,,,,,,,,,,,
124092,"Golden Maple",53361935941856,"Replaceable-Tip Kolinsky Sable Brush – Red Sandalwood Handle - Brush Handle","One Handle. Endless Tips. A Kolinsky Sable brush with a Red Sandalwood handle that lasts a lifetime. Replaceable tips in 4 sizes (3/0, 2/0, 0, and 1). Ergonomic, comfortable, and eco-friendly — less plastic waste. Comes in a gift box. Buy the handle once. Change the tip. Never buy a whole brush again.",https://artgoldenmaple.com/products/4-replaceable-brush-heads-multi-purpose-premium-kolinsky-sable-brush-with-rosewood-handles?variant=53361935941856,https://cdn.shopify.com/s/files/1/0631/8053/8080/files/Brush-Handle-_Excluding-Brush-Head.jpg?v=1777099116,,,,https://www.awin1.com/cread.php?awinmid=124092&awinaffid=3002879&ued=https%3A%2F%2Fartgoldenmaple.com%2Fproducts%2F4-replaceable-brush-heads-multi-purpose-premium-kolinsky-sable-brush-with-rosewood-handles%3Fvariant%3D53361935941856,,"Arts & Entertainment > Hobbies & Creative Arts > Arts & Crafts > Art & Crafting Tools > Craft Measuring & Marking Tools > Art Brushes",,,KTH-HB-HTM-DM-MY,goldenmaple,1,in_stock,,,"16.99 USD",,,,,,,,new,,,,,,,,,,,,,,,,,,,,,,,,,,,,,,,,
124092,"Golden Maple",48580012572896,"Golden Maple Master I Brush Cleaner & Preserver,   Cleaning Soap, 30g","Gentle Yet Deep CleansingEffectively dissolves and lifts away dried acrylic, oil, and watercolor paint from brush fibers without harsh chemicals. Preserves brush shape and integrity for long-lasting use. Quick & EfficientNo soaking required. Simply work the soap into wet bristles, rinse, and your brushes are clean and ready for next use. Saves time and extends painting sessions. Long-Lasting & Cost-EffectiveA little goes a long way. One bar lasts for months, making it a sustainable and economical choice compared to liquid cleaners or frequent brush replacement. Perfect For: Professional & hobby artists Studio & outdoor painting Brush maintenance after heavy use Restoring old or neglected brushes",https://artgoldenmaple.com/products/brush-cleaner-preserver-cleaning-soap?variant=48580012572896,https://cdn.shopify.com/s/files/1/0631/8053/8080/files/GoldenMapleMasterIBrushCleaner_Preserver_CleaningSoap_30g_1.webp?v=1783750294,,,,https://www.awin1.com/cread.php?awinmid=124092&awinaffid=3002879&ued=https%3A%2F%2Fartgoldenmaple.com%2Fproducts%2Fbrush-cleaner-preserver-cleaning-soap%3Fvariant%3D48580012572896,,,,,WS-XBZ-30g,goldenmaple,1,in_stock,,,"10.99 USD",,,,,,,,new,,,,,,,,,,,,,,,,,,,,,,,,,,,,,,,,
124092,"Golden Maple",48580089348320,"Premium Kolinsky Sable Arrow Shaped Miniature Painting Brush – 5pcs/set","Premium Kolinsky Sable Arrow Shaped Miniature Painting Brush – Black & Gold Handle Set for Miniature Painting Elevate your miniature painting craft with the Golden Maple Kolinsky Sable Brush Set—meticulously crafted for hobbyists, professional painters, and Warhammer enthusiasts alike. This 5-piece kit (3 Spear Point/Arrow shape, 2 Round shape) combines Siberian Kolinsky sable hair’s unrivaled performance with ergonomic design, delivering precision, versatility, and durability for every painting technique, from ultra-fine details to smooth basecoats.",https://artgoldenmaple.com/products/premium-kolinsky-sable-arrow-shaped-miniature-painting-brus?variant=48580089348320,https://cdn.shopify.com/s/files/1/0631/8053/8080/files/PremiumKolinskySableArrowShapedMiniaturePaintingBrush_5pcsset_2.webp?v=1784785830,,,,https://www.awin1.com/cread.php?awinmid=124092&awinaffid=3002879&ued=https%3A%2F%2Fartgoldenmaple.com%2Fproducts%2Fpremium-kolinsky-sable-arrow-shaped-miniature-painting-brus%3Fvariant%3D48580089348320,,"Arts & Entertainment > Hobbies & Creative Arts > Arts & Crafts > Art & Crafting Tools > Craft Measuring & Marking Tools > Art Brushes",,,PBK-BKGD-T5-llx-zuhe,goldenmaple,1,in_stock,,,"49.99 USD",,,,,,,,new,,,,,,,,,,,,,,,,,,,,,,,,,,,,,,,,
124092,"Golden Maple",53102475706592,"81-Hole Wooden Paint Rack Organizer for Miniature Paints - Standard - Walnut Color","Keep your miniature paint collection organized and within reach. This wooden rack features 81 holes sized perfectly for standard paint bottles, making it ideal for hobbyists and serious painters alike. The sturdy construction holds bottles securely while the open design lets you see your entire color palette at a glance. Compact enough for a workspace shelf, spacious enough for growing collections. A practical storage solution that keeps your paints accessible and your workspace tidy. Easy Assembly – No Glue Required This wooden paint rack comes with clear, step-by-step instructions for a hassle-free setup. Unlike many other organizers, it assembles without glue—wooden fasteners are included to lock everything in place for a sturdy, durable build. Thoughtful Design for Painters Designed specifically for miniature painting enthusiasts, this organizer holds paints from popular brands like Golden Maple, Citadel, Vallejo, Apple Barrel, FolkArt, and more. Its clean, minimalist look keeps your workspace tidy while keeping your collection within easy reach. 81 Holes – Spacious Yet Compact With 81 individual slots, this rack accommodates a wide range of paint bottles. Please note it works best with paint containers up to 26mm in diameter. The rack can be positioned vertically or horizontally, giving you flexibility to arrange your workspace exactly how you like it. Built from Natural Wood – Lightweight and Durable Crafted from smooth, lightweight wood, this organizer is easy to move around and built to last. The natural finish adds a subtle touch to any workspace. Whether you’re treating yourself or shopping for a fellow hobbyist, it also makes a thoughtful gift for anyone who loves painting miniatures.",https://artgoldenmaple.com/products/81-hole-wooden-paint-rack-organizer-for-miniature-paints?variant=53102475706592,https://cdn.shopify.com/s/files/1/0631/8053/8080/files/81holoes.jpg?v=1785466830,,,,https://www.awin1.com/cread.php?awinmid=124092&awinaffid=3002879&ued=https%3A%2F%2Fartgoldenmaple.com%2Fproducts%2F81-hole-wooden-paint-rack-organizer-for-miniature-paints%3Fvariant%3D53102475706592,,"Arts & Entertainment > Hobbies & Creative Arts > Arts & Crafts > Craft Organisation",,,WS-JC-YLJ-ZH-1,goldenmaple,1,in_stock,,,"39.99 USD",,,,,,,,new,,,,,,,,,,,,,,,,,,,,,,,,,,,,,,,,
124092,"Golden Maple",53102475739360,"81-Hole Wooden Paint Rack Organizer for Miniature Paints - Premium - Natural","Keep your miniature paint collection organized and within reach. This wooden rack features 81 holes sized perfectly for standard paint bottles, making it ideal for hobbyists and serious painters alike. The sturdy construction holds bottles securely while the open design lets you see your entire color palette at a glance. Compact enough for a workspace shelf, spacious enough for growing collections. A practical storage solution that keeps your paints accessible and your workspace tidy. Easy Assembly – No Glue Required This wooden paint rack comes with clear, step-by-step instructions for a hassle-free setup. Unlike many other organizers, it assembles without glue—wooden fasteners are included to lock everything in place for a sturdy, durable build. Thoughtful Design for Painters Designed specifically for miniature painting enthusiasts, this organizer holds paints from popular brands like Golden Maple, Citadel, Vallejo, Apple Barrel, FolkArt, and more. Its clean, minimalist look keeps your workspace tidy while keeping your collection within easy reach. 81 Holes – Spacious Yet Compact With 81 individual slots, this rack accommodates a wide range of paint bottles. Please note it works best with paint containers up to 26mm in diameter. The rack can be positioned vertically or horizontally, giving you flexibility to arrange your workspace exactly how you like it. Built from Natural Wood – Lightweight and Durable Crafted from smooth, lightweight wood, this organizer is easy to move around and built to last. The natural finish adds a subtle touch to any workspace. Whether you’re treating yourself or shopping for a fellow hobbyist, it also makes a thoughtful gift for anyone who loves painting miniatures.",https://artgoldenmaple.com/products/81-hole-wooden-paint-rack-organizer-for-miniature-paints?variant=53102475739360,https://cdn.shopify.com/s/files/1/0631/8053/8080/files/81holes_1.jpg?v=1785466830,,,,https://www.awin1.com/cread.php?awinmid=124092&awinaffid=3002879&ued=https%3A%2F%2Fartgoldenmaple.com%2Fproducts%2F81-hole-wooden-paint-rack-organizer-for-miniature-paints%3Fvariant%3D53102475739360,,"Arts & Entertainment > Hobbies & Creative Arts > Arts & Crafts > Craft Organisation",,,C-WS-JCMKH02,goldenmaple,1,out_of_stock,,,"49.99 USD",,,,,,,,new,,,,,,,,,,,,,,,,,,,,,,,,,,,,,,,,
124092,"Golden Maple",51284073185504,"Clear Sealed Miniature Case for Ita Bag - Small","Clear acrylic display case designed for miniature collectibles and ita bag accessories. Features a sealed construction to protect contents from dust and damage while showcasing your collection with crystal-clear visibility from all angles. Ideal for preserving delicate miniatures, figurines, and decorative pieces. Compact size fits seamlessly into ita bags or display shelves. Durable acrylic construction ensures long-lasting clarity and protection for your treasured items. Worried about rain ruining your ita bag display?Built with durable ABS and stainless steel, this case is fully sealed, waterproof, and dustproof. No more stress about unexpected weather or dirty commutes—your miniatures stay clean and safe. Tired of pins and charms getting scratched or knocked loose inside your bag?The removable foam padding keeps your collectibles gently but firmly in place. Whether you're heading to a convention or just commuting, your models won't shift, rattle, or get damaged. Want to show off your miniatures without exposing them to the elements?The crystal-clear design lets your pins, charms, and models shine through while staying fully protected. Clip it onto your backpack or purse, and turn your everyday carry into a personal gallery. Need something lightweight that won't weigh down your bag?This case is compact, portable, and easy to store. The clear shell makes it simple to swap out displays on the fly, and the sturdy build means you can carry your favorites with confidence—every single day.",https://artgoldenmaple.com/products/clear-sealed-miniature-case-for-ita-bag?variant=51284073185504,https://cdn.shopify.com/s/files/1/0631/8053/8080/files/Clear_Sealed_Miniature_Case_for_Ita_Bag_9.jpg?v=1774938319,,,,https://www.awin1.com/cread.php?awinmid=124092&awinaffid=3002879&ued=https%3A%2F%2Fartgoldenmaple.com%2Fproducts%2Fclear-sealed-miniature-case-for-ita-bag%3Fvariant%3D51284073185504,,,,,WS-ZCTB-XH-JC-ZH,goldenmaple,1,in_stock,,,"17.99 USD",,,,,,,,new,,,,,,,,,,,,,,,,,,,,,,,,,,,,,,,,
124092,"Golden Maple",51284073218272,"Clear Sealed Miniature Case for Ita Bag - Custom (Eagle Clip Strap + Divider + Double-Sided Gel)","Clear acrylic display case designed for miniature collectibles and ita bag accessories. Features a sealed construction to protect contents from dust and damage while showcasing your collection with crystal-clear visibility from all angles. Ideal for preserving delicate miniatures, figurines, and decorative pieces. Compact size fits seamlessly into ita bags or display shelves. Durable acrylic construction ensures long-lasting clarity and protection for your treasured items. Worried about rain ruining your ita bag display?Built with durable ABS and stainless steel, this case is fully sealed, waterproof, and dustproof. No more stress about unexpected weather or dirty commutes—your miniatures stay clean and safe. Tired of pins and charms getting scratched or knocked loose inside your bag?The removable foam padding keeps your collectibles gently but firmly in place. Whether you're heading to a convention or just commuting, your models won't shift, rattle, or get damaged. Want to show off your miniatures without exposing them to the elements?The crystal-clear design lets your pins, charms, and models shine through while staying fully protected. Clip it onto your backpack or purse, and turn your everyday carry into a personal gallery. Need something lightweight that won't weigh down your bag?This case is compact, portable, and easy to store. The clear shell makes it simple to swap out displays on the fly, and the sturdy build means you can carry your favorites with confidence—every single day.",https://artgoldenmaple.com/products/clear-sealed-miniature-case-for-ita-bag?variant=51284073218272,https://cdn.shopify.com/s/files/1/0631/8053/8080/files/Clear_Sealed_Miniature_Case_for_Ita_Bag_7.jpg?v=1774938319,,,,https://www.awin1.com/cread.php?awinmid=124092&awinaffid=3002879&ued=https%3A%2F%2Fartgoldenmaple.com%2Fproducts%2Fclear-sealed-miniature-case-for-ita-bag%3Fvariant%3D51284073218272,,,,,WS-ZCTB-XH-ZH,goldenmaple,1,in_stock,,,"21.99 USD",,,,,,,,new,,,,,,,,,,,,,,,,,,,,,,,,,,,,,,,,
124092,"Golden Maple",51284073251040,"Clear Sealed Miniature Case for Ita Bag - Medium","Clear acrylic display case designed for miniature collectibles and ita bag accessories. Features a sealed construction to protect contents from dust and damage while showcasing your collection with crystal-clear visibility from all angles. Ideal for preserving delicate miniatures, figurines, and decorative pieces. Compact size fits seamlessly into ita bags or display shelves. Durable acrylic construction ensures long-lasting clarity and protection for your treasured items. Worried about rain ruining your ita bag display?Built with durable ABS and stainless steel, this case is fully sealed, waterproof, and dustproof. No more stress about unexpected weather or dirty commutes—your miniatures stay clean and safe. Tired of pins and charms getting scratched or knocked loose inside your bag?The removable foam padding keeps your collectibles gently but firmly in place. Whether you're heading to a convention or just commuting, your models won't shift, rattle, or get damaged. Want to show off your miniatures without exposing them to the elements?The crystal-clear design lets your pins, charms, and models shine through while staying fully protected. Clip it onto your backpack or purse, and turn your everyday carry into a personal gallery. Need something lightweight that won't weigh down your bag?This case is compact, portable, and easy to store. The clear shell makes it simple to swap out displays on the fly, and the sturdy build means you can carry your favorites with confidence—every single day.",https://artgoldenmaple.com/products/clear-sealed-miniature-case-for-ita-bag?variant=51284073251040,https://cdn.shopify.com/s/files/1/0631/8053/8080/files/Clear_Sealed_Miniature_Case_for_Ita_Bag_8.jpg?v=1774938319,,,,https://www.awin1.com/cread.php?awinmid=124092&awinaffid=3002879&ued=https%3A%2F%2Fartgoldenmaple.com%2Fproducts%2Fclear-sealed-miniature-case-for-ita-bag%3Fvariant%3D51284073251040,,,,,WS-ZCTB-ZH-JC-ZH,goldenmaple,1,in_stock,,,"27.99 USD",,,,,,,,new,,,,,,,,,,,,,,,,,,,,,,,,,,,,,,,,
124092,"Golden Maple",51426367570144,"Travel-Ready Miniatures Carrying Storage Case with Handle","Hard shell protection for your miniatures. This travel-ready case features a crush-resistant composite exterior, two layers of customizable pluck foam, and a compact design that fits in any backpack or luggage. Built for Warhammer 40K, D&D, and tabletop gamers who actually transport their armies. Hard Shell Protection: Rigid composite plastic exterior resists crushing and impact. Your minis arrive intact, even in stacked luggage. Customizable Foam: Two pluckable, shock-absorbing foam trays. Press and tear to fit infantry, monsters, or odd-shaped vehicles. Compact Travel Size: 29.5 x 26.5 x 9.5cm. Fits easily in backpacks or carry-on luggage. No more lugging a bulky case. Secure Handle & Latches: Folding carry handle plus reinforced latches. No weak straps, no accidental openings. Pick it up and go.",https://artgoldenmaple.com/products/miniatures-carrying-storage-case-with-handle?variant=51426367570144,https://cdn.shopify.com/s/files/1/0631/8053/8080/files/MiniaturesCarryingStorageCasewithHandle_1.jpg?v=1775890258,,,,https://www.awin1.com/cread.php?awinmid=124092&awinaffid=3002879&ued=https%3A%2F%2Fartgoldenmaple.com%2Fproducts%2Fminiatures-carrying-storage-case-with-handle%3Fvariant%3D51426367570144,,,,,WS-STX-A-ZH,goldenmaple,1,in_stock,,,"39.99 USD",,,,,,,,new,,,,,,,,,,,,,,,,,,,,,,,,,,,,,,,,
124092,"Golden Maple",52129651261664,"Purple-black 360° Ergonomic Sandalwood Painting Handle with Stable Base - Purple-black","Meet the painting handle that fixes all of it. Crafted from natural Sandalwood, this handle gives you a non-slip grip that actually breathes with your hand – no more sweaty palms, no more winter chills. The stability-focused base is deliberately weighted and widened so your miniature stays put, even if you accidentally bump the table. 360° rotatable setting cap lets you reach every angle without touching wet paint. And the built-in strong magnets lock your miniature in place – no wobble, no shifting, just pure control.",https://artgoldenmaple.com/products/ergonomic-sandalwood-painting-handle-perfect-for-warhammer-d-d-scale-models?variant=52129651261664,https://cdn.shopify.com/s/files/1/0631/8053/8080/files/ErgonomicSandalwoodPaintingHandle_PerfectforWarhammer_D_D_ScaleModels_1_Purple-black.jpg?v=1778145468,,,,https://www.awin1.com/cread.php?awinmid=124092&awinaffid=3002879&ued=https%3A%2F%2Fartgoldenmaple.com%2Fproducts%2Fergonomic-sandalwood-painting-handle-perfect-for-warhammer-d-d-scale-models%3Fvariant%3D52129651261664,,,,,C-WS-SBZGT01,goldenmaple,1,in_stock,,,"33.99 USD",,,,,,,,new,,,,,,,,,,,,,,,,,,,,,,,,,,,,,,,,
124092,"Golden Maple",52580272013536,"Purple-black 360° Ergonomic Sandalwood Painting Handle with Stable Base - Yellow","Meet the painting handle that fixes all of it. Crafted from natural Sandalwood, this handle gives you a non-slip grip that actually breathes with your hand – no more sweaty palms, no more winter chills. The stability-focused base is deliberately weighted and widened so your miniature stays put, even if you accidentally bump the table. 360° rotatable setting cap lets you reach every angle without touching wet paint. And the built-in strong magnets lock your miniature in place – no wobble, no shifting, just pure control.",https://artgoldenmaple.com/products/ergonomic-sandalwood-painting-handle-perfect-for-warhammer-d-d-scale-models?variant=52580272013536,https://cdn.shopify.com/s/files/1/0631/8053/8080/files/360_Ergonomic_Sandalwood_Painting_Handle_with_Stable_Base_Yellow_1_Yellow.jpg?v=1778146142,,,,https://www.awin1.com/cread.php?awinmid=124092&awinaffid=3002879&ued=https%3A%2F%2Fartgoldenmaple.com%2Fproducts%2Fergonomic-sandalwood-painting-handle-perfect-for-warhammer-d-d-scale-models%3Fvariant%3D52580272013536,,,,,C-WS-SBWHT01,goldenmaple,1,in_stock,,,"33.99 USD",,,,,,,,new,,,,,,,,,,,,,,,,,,,,,,,,,,,,,,,,
124092,"Golden Maple",52360726020320,"Replacement Clamp-Style Grip Head 5pcs - Yellow 5PCS","Take your miniature painting to the next level with this 5-pack of Replacement Clamp-Style Grip Heads – the ultimate upgrade for hobbyists who demand precision, stability, and efficiency. Say goodbye to wobbly models, sticky putty residue, and heartbreaking drops. Say hello to a secure, adjustable, magnetic-ready clamping system that lets you paint faster, safer, and with total confidence.",https://artgoldenmaple.com/products/replacement-clamp-style-grip-head-5pcs?variant=52360726020320,https://cdn.shopify.com/s/files/1/0631/8053/8080/files/ReplacementClamp-StyleGripHead5pcs.jpg?v=1777441641,,,,https://www.awin1.com/cread.php?awinmid=124092&awinaffid=3002879&ued=https%3A%2F%2Fartgoldenmaple.com%2Fproducts%2Freplacement-clamp-style-grip-head-5pcs%3Fvariant%3D52360726020320,,,,,WS-SB-TH-JC-THG-ZH,goldenmaple,1,in_stock,,,"15.99 USD",,,,,,,,new,,,,,,,,,,,,,,,,,,,,,,,,,,,,,,,,
124092,"Golden Maple",53035282596064,"Replacement Clamp-Style Grip Head 5pcs - Black 5PCS","Take your miniature painting to the next level with this 5-pack of Replacement Clamp-Style Grip Heads – the ultimate upgrade for hobbyists who demand precision, stability, and efficiency. Say goodbye to wobbly models, sticky putty residue, and heartbreaking drops. Say hello to a secure, adjustable, magnetic-ready clamping system that lets you paint faster, safer, and with total confidence.",https://artgoldenmaple.com/products/replacement-clamp-style-grip-head-5pcs?variant=53035282596064,https://cdn.shopify.com/s/files/1/0631/8053/8080/files/Replacement_Clamp-Style_Grip_Head_5pcs_black_1.jpg?v=1781140668,,,,https://www.awin1.com/cread.php?awinmid=124092&awinaffid=3002879&ued=https%3A%2F%2Fartgoldenmaple.com%2Fproducts%2Freplacement-clamp-style-grip-head-5pcs%3Fvariant%3D53035282596064,,,,,C-WS-JCBLX01,goldenmaple,1,out_of_stock,,,"15.99 USD",,,,,,,,new,,,,,,,,,,,,,,,,,,,,,,,,,,,,,,,,
124092,"Golden Maple",53036304761056,"Replacement Clamp-Style Grip Head 5pcs - Green 5PCS","Take your miniature painting to the next level with this 5-pack of Replacement Clamp-Style Grip Heads – the ultimate upgrade for hobbyists who demand precision, stability, and efficiency. Say goodbye to wobbly models, sticky putty residue, and heartbreaking drops. Say hello to a secure, adjustable, magnetic-ready clamping system that lets you paint faster, safer, and with total confidence.",https://artgoldenmaple.com/products/replacement-clamp-style-grip-head-5pcs?variant=53036304761056,https://cdn.shopify.com/s/files/1/0631/8053/8080/files/Replacement_Clamp-Style_Grip_Head_5pcs_Green.jpg?v=1781157631,,,,https://www.awin1.com/cread.php?awinmid=124092&awinaffid=3002879&ued=https%3A%2F%2Fartgoldenmaple.com%2Fproducts%2Freplacement-clamp-style-grip-head-5pcs%3Fvariant%3D53036304761056,,,,,C-WS-JCGRX01,goldenmaple,1,out_of_stock,,,"15.99 USD",,,,,,,,new,,,,,,,,,,,,,,,,,,,,,,,,,,,,,,,,
124092,"Golden Maple",52780027838688,"Replacement Clamp-Style Grip Head 5pcs - Painting Handle+Grip Head Yellow 5pcs","Take your miniature painting to the next level with this 5-pack of Replacement Clamp-Style Grip Heads – the ultimate upgrade for hobbyists who demand precision, stability, and efficiency. Say goodbye to wobbly models, sticky putty residue, and heartbreaking drops. Say hello to a secure, adjustable, magnetic-ready clamping system that lets you paint faster, safer, and with total confidence.",https://artgoldenmaple.com/products/replacement-clamp-style-grip-head-5pcs?variant=52780027838688,https://cdn.shopify.com/s/files/1/0631/8053/8080/files/Grip_Head_5pcs_1.jpg?v=1783912059,,,,https://www.awin1.com/cread.php?awinmid=124092&awinaffid=3002879&ued=https%3A%2F%2Fartgoldenmaple.com%2Fproducts%2Freplacement-clamp-style-grip-head-5pcs%3Fvariant%3D52780027838688,,,,,C-WS-SBSMYE1201,goldenmaple,1,out_of_stock,,,"32.99 USD",,,,,,,,new,,,,,,,,,,,,,,,,,,,,,,,,,,,,,,,,
124092,"Golden Maple",53371840889056,"Replacement Clamp-Style Grip Head 5pcs - Strong Magnet Upgrade – Black Red","Take your miniature painting to the next level with this 5-pack of Replacement Clamp-Style Grip Heads – the ultimate upgrade for hobbyists who demand precision, stability, and efficiency. Say goodbye to wobbly models, sticky putty residue, and heartbreaking drops. Say hello to a secure, adjustable, magnetic-ready clamping system that lets you paint faster, safer, and with total confidence.",https://artgoldenmaple.com/products/replacement-clamp-style-grip-head-5pcs?variant=53371840889056,https://cdn.shopify.com/s/files/1/0631/8053/8080/files/Grip_Head_5pcs_2.jpg?v=1783912060,,,,https://www.awin1.com/cread.php?awinmid=124092&awinaffid=3002879&ued=https%3A%2F%2Fartgoldenmaple.com%2Fproducts%2Freplacement-clamp-style-grip-head-5pcs%3Fvariant%3D53371840889056,,,,,C-WS-QCXBR01,goldenmaple,1,out_of_stock,,,"20.99 USD",,,,,,,,new,,,,,,,,,,,,,,,,,,,,,,,,,,,,,,,,
124092,"Golden Maple",53371840921824,"Replacement Clamp-Style Grip Head 5pcs - Strong Magnet Upgrade – Pink Blue","Take your miniature painting to the next level with this 5-pack of Replacement Clamp-Style Grip Heads – the ultimate upgrade for hobbyists who demand precision, stability, and efficiency. Say goodbye to wobbly models, sticky putty residue, and heartbreaking drops. Say hello to a secure, adjustable, magnetic-ready clamping system that lets you paint faster, safer, and with total confidence.",https://artgoldenmaple.com/products/replacement-clamp-style-grip-head-5pcs?variant=53371840921824,https://cdn.shopify.com/s/files/1/0631/8053/8080/files/Grip_Head_5pcs_3.jpg?v=1783912059,,,,https://www.awin1.com/cread.php?awinmid=124092&awinaffid=3002879&ued=https%3A%2F%2Fartgoldenmaple.com%2Fproducts%2Freplacement-clamp-style-grip-head-5pcs%3Fvariant%3D53371840921824,,,,,C-WS-QCXBL01,goldenmaple,1,out_of_stock,,,"20.99 USD",,,,,,,,new,,,,,,,,,,,,,,,,,,,,,,,,,,,,,,,,
124092,"Golden Maple",53371840954592,"Replacement Clamp-Style Grip Head 5pcs - Strong Magnet Upgrade – Neon Green","Take your miniature painting to the next level with this 5-pack of Replacement Clamp-Style Grip Heads – the ultimate upgrade for hobbyists who demand precision, stability, and efficiency. Say goodbye to wobbly models, sticky putty residue, and heartbreaking drops. Say hello to a secure, adjustable, magnetic-ready clamping system that lets you paint faster, safer, and with total confidence.",https://artgoldenmaple.com/products/replacement-clamp-style-grip-head-5pcs?variant=53371840954592,https://cdn.shopify.com/s/files/1/0631/8053/8080/files/Grip_Head_5pcs_4.jpg?v=1783912060,,,,https://www.awin1.com/cread.php?awinmid=124092&awinaffid=3002879&ued=https%3A%2F%2Fartgoldenmaple.com%2Fproducts%2Freplacement-clamp-style-grip-head-5pcs%3Fvariant%3D53371840954592,,,,,C-WS-QCXYG01,goldenmaple,1,out_of_stock,,,"20.99 USD",,,,,,,,new,,,,,,,,,,,,,,,,,,,,,,,,,,,,,,,,
124092,"Golden Maple",52442272923872,"2-in-1 Paint Brush Holder & Phone Stand","Keep your painting space tidy and your phone within sight with this 2-in-1 Paint Brush Holder & Phone Stand. Crafted from solid wood, this compact desktop organizer combines brush storage and a phone stand in one space-saving design. Whether you're following a tutorial, referencing digital art, or just listening to music while you paint, your phone stays upright and visible – right next to your most-used brushes. Solid Wood ConstructionMade from durable real wood – sturdy, stable, and built to last on your painting desk. 9 Brush SlotsHolds up to 9 paint brushes of various sizes. Keeps them organized, upright, and within easy reach. Built-in Phone SlotA dedicated groove holds your phone securely in place – perfect for watching tutorials, viewing reference images, or taking progress shots mid-paint. Space-Saving Desktop DesignCombines two essential tools into one. Fits perfectly on any workbench, hobby desk, or studio table without taking up extra room. Size: 20 × 8 × 6.8 cmHole diameter: 1.5 cmMaterial: Solid woodFunction: Paint Brush + phone stand (2-in-1)",https://artgoldenmaple.com/products/2-in-1-brush-holder-phone-stand-1?variant=52442272923872,https://cdn.shopify.com/s/files/1/0631/8053/8080/files/2-in-1_Paint_Brush_Holder_Phone_Stand_1.jpg?v=1778307779,,,,https://www.awin1.com/cread.php?awinmid=124092&awinaffid=3002879&ued=https%3A%2F%2Fartgoldenmaple.com%2Fproducts%2F2-in-1-brush-holder-phone-stand-1%3Fvariant%3D52442272923872,,,,,WS-HBJZ,goldenmaple,1,in_stock,,,"18.99 USD",,,,,,,,new,,,,,,,,,,,,,,,,,,,,,,,,,,,,,,,,
124092,"Golden Maple",52952428511456,"Miniature Paint Set: 18 x 20ml Acrylic Paints – Non-Toxic, Water-Based for Model Painting","Whether you're just starting out or looking for a reliable everyday paint, this 18-color acrylic set makes miniature painting easier and more enjoyable. The self-leveling formula glides smoothly onto models with minimal brush strokes and dries to a beautiful true matte finish. From the leak-proof dropper bottle to the child-safe cap, every detail is designed to keep your paints fresh, your workspace clean, and your painting flow uninterrupted. Brush or airbrush – your minis have never looked better. PET Dropper-Tip BottleThe dropper-style tip minimizes air exposure, keeping your paint fresh and preventing it from drying out or forming clumps inside the bottle. No more wasted paint or unexpected crusty surprises. 20ml Large CapacityGenerous 20ml bottles give you more paint for your money. Fewer repurchases mean more time doing what you love – painting. Perfect for beginners building their first collection. Built-in Glass BeadA glass bead is pre-installed in each bottle. Just shake for a few seconds, and the paint mixes quickly and evenly – no stirring, no extra tools, no hassle. Beginner-Friendly FormulaFormulated specifically for new painters. The paint flows smoothly and levels itself on the model, reducing visible brush strokes. Dries to a pure matte finish that looks great on any miniature. Thins easily with water for airbrushing.(Press-to-open child-resistant cap included for safety – peace of mind for households with kids.)",https://artgoldenmaple.com/products/miniature-paint-set-18-x-20ml-acrylic-paints-non-toxic-water-based-for-model-painting?variant=52952428511456,https://cdn.shopify.com/s/files/1/0631/8053/8080/files/MiniaturePaintSet18x20mlAcrylicPaints_Non-Toxic_Water-BasedforModelPainting_1.jpg?v=1778292540,,,,https://www.awin1.com/cread.php?awinmid=124092&awinaffid=3002879&ued=https%3A%2F%2Fartgoldenmaple.com%2Fproducts%2Fminiature-paint-set-18-x-20ml-acrylic-paints-non-toxic-water-based-for-model-painting%3Fvariant%3D52952428511456,,"Arts & Entertainment > Hobbies & Creative Arts > Arts & Crafts > Art & Crafting Materials > Craft Paint, Ink & Glaze > Art & Craft Paint",,,C-WS-YLX1801,goldenmaple,1,out_of_stock,,,"24.99 USD",,,,,,,,new,,,,,,,,,,,,,,,,,,,,,,,,,,,,,,,,
124092,"Golden Maple",53025714634976,"2/0, 1, 2, 4 Kolinsky Sable Detail Brush & L, S Dry Brush - 6pcs/set with Brush Cleaner & Wooden Gift Box - Brush Set","Give the gift of miniature painting — all in one beautiful, eco-friendly box. This 6-piece set includes 4 Kolinsky Sable brushes for precision details, 2 goat hair brushes for blending and drybrushing, plus a gentle brush cleaner and a reusable wooden storage box. Ready to gift — no plastic, no waste, just quality tools that last. Ready to gift — no extra wrapping needed. Comes in a premium wooden gift box, elegantly packaged and ready to present. No need to hunt for wrapping paper — just add a card and you're done.4 Kolinsky Sable + 2 Goat Hair brushes. The 4 Kolinsky Sable brushes offer exceptional spring, a razor-sharp tip, and smooth paint flow — perfect for fine details, layering, and edge highlights. The 2 goat hair brushes are soft and absorbent — ideal for blending, drybrushing, washes, and weathering effects.Brush cleaner included — extends brush life. This gentle, natural formula removes dried paint residue without damaging bristles. It keeps brush tips sharp and prevents splitting, so your brushes last longer and perform better with every use.Reusable wooden box — more than just packaging. The wooden box isn't just for shipping — it's a keepsake. Use it to store brushes, protect tools, or display finished miniatures. Built to last and designed to be used again and again.",https://artgoldenmaple.com/products/brush-set-with-brush-cleaner-wooden-gift-box?variant=53025714634976,https://cdn.shopify.com/s/files/1/0631/8053/8080/files/BOX.jpg?v=1782440601,,,,https://www.awin1.com/cread.php?awinmid=124092&awinaffid=3002879&ued=https%3A%2F%2Fartgoldenmaple.com%2Fproducts%2Fbrush-set-with-brush-cleaner-wooden-gift-box%3Fvariant%3D53025714634976,,,,,C-WS-MHNTT601,goldenmaple,1,out_of_stock,,,"65.99 USD",,,,,,,,new,,,,,,,,,,,,,,,,,,,,,,,,,,,,,,,,
124092,"Golden Maple",53026088681696,"2-in-1 Portable Brush Washer & Drying Stand","The Portable Artist Brush Washer is a durable stainless steel cleaning tank for painters who need efficiency on the go. It works with water, oil, and acrylic paints, plus spirits and turpentine. The spring holder keeps brushes organized, while the removable filter screen separates paint sediment for cleaner solvent reuse. Sturdy MaterialCrafted from durable stainless steel, the washer offers long-lasting performance and resistance to rust — built to survive daily use in any painting environment. Versatile CompatibilityThe washer is ideal for all types of paints including water, oil, and acrylic, and compatible with various cleaning fluids like spirits, turpentine, and more. Convenient Brush OrganizerThe washer features a spring holder that accommodates different brush sizes, keeping your workspace organized and brushes dry when not in use. Effortless CleaningThe package includes a lift-out filter screen that simplifies cleaning, effectively separating paint sediment from cleaning or thinning solvents for cleaner reuse.",https://artgoldenmaple.com/products/portable-brush-washer-stainless-steel-with-spring-holder?variant=53026088681696,https://cdn.shopify.com/s/files/1/0631/8053/8080/files/PortableBrushWasher_StainlessSteelwithSpringHolder_1.jpg?v=1781063645,,,,https://www.awin1.com/cread.php?awinmid=124092&awinaffid=3002879&ued=https%3A%2F%2Fartgoldenmaple.com%2Fproducts%2Fportable-brush-washer-stainless-steel-with-spring-holder%3Fvariant%3D53026088681696,,"Arts & Entertainment > Hobbies & Creative Arts > Arts & Crafts > Art & Crafting Tool Accessories",,,WS-HBXBT,goldenmaple,1,out_of_stock,,,"18.99 USD",,,,,,,,new,,,,,,,,,,,,,,,,,,,,,,,,,,,,,,,,
124092,"Golden Maple",53044540571872,"Gold NMM(Non Metallic Metal) Color Miniature Paint Set: 6 Bottles x 20 ml","Artist's TipReady to use straight from the bottle with no dilution required for standard painting. Simply dilute with water or acrylic medium when using advanced techniques like glazing. 【DESIGNED FOR GOLD NMM PAINT SET】Formulated to simulate realistic gold textures in non-metallic metal painting. This master-grade palette features 6 specialized shades: GMM.001 and GMM.003 serve as bright highlight colors, GMM.002 and GMM.004 act as smooth midtones, and GMM.005 and GMM.006 provide dark shadow tones. Offering master-level quality, this set is highly accessible and suitable for all painters, from beginners to advanced hobbyists. 【EXCELLENT CONSISTENCY FOR NMM PAINTING】This acrylic formula features a smooth, fluid consistency rather than a thick texture. This naturally thin quality is designed for seamless color transitions, making it highly effective for glazing and wet blending techniques. Paint flows smoothly to prevent brush marks or patchiness. 【VERSATILE NON METALLIC METAL PAINT APPLICATION】As a dedicated color topcoat, this formulation is highly versatile for both brush painting and airbrushing. It applies beautifully over primed surfaces on 3D prints, wood, plastic, resin, and metal miniatures, providing smooth coverage and an even flow for any hobby model. 【AIRTIGHT CAP TO PROTECT YOUR NMM PAINT】The protective airtight bottle cap design provides a secure, leak-proof seal. This barrier prevents air from entering, keeping your acrylic color from drying out, thickening, or clumping inside the bottle, so your paint remains fresh and ready to use. 【STANDARD 20ML BOTTLES FOR NON METALLIC METAL】Each set contains standard 20ml bottles, offering a practical volume that easily meets most miniature painting needs. With a compact height comparable to a standard MAC lipstick, these bottles store neatly in your workspace while supplying ample paint for multiple figures.",https://artgoldenmaple.com/products/gold-nmm-miniature-paint-set?variant=53044540571872,https://cdn.shopify.com/s/files/1/0631/8053/8080/files/GoldNMM_NonMetallicMetal_ColorMiniaturePaintSet6Bottlesx20ml_1.jpg?v=1781173357,,,,https://www.awin1.com/cread.php?awinmid=124092&awinaffid=3002879&ued=https%3A%2F%2Fartgoldenmaple.com%2Fproducts%2Fgold-nmm-miniature-paint-set%3Fvariant%3D53044540571872,,,,,C-WS-YLJNX01,goldenmaple,1,out_of_stock,,,"23.99 USD",,,,,,,,new,,,,,,,,,,,,,,,,,,,,,,,,,,,,,,,,
124092,"Golden Maple",53105246732512,"Stabilized Wood Ergonomic Painting Handle with 360° Rotation — Includes 3 Anti-Tip Bases, 2 Caps & 3 Steady - 1 Handle + 2 Caps + 3 Bases + 3 Stands","Crafted from natural stabilized wood with a unique grain pattern, this ergonomic painting handle features 360° rotation, interchangeable magnetic and bearing discs, customizable hand supports, and a magnetic storage base. Compact yet weighted for stability, it keeps you comfortable through long painting sessions — so you can focus on your art, not your grip. Unique Stabilized Wood — One-of-a-Kind DesignMade from natural stabilized wood, each handle features a distinct grain pattern and rich texture. No two are exactly alike — your handle is as unique as your painting style. Durable, elegant, and built to last. 2 Interchangeable Rotating Discs — Magnetic & BearingSwitch between two disc types in seconds. The Magnetic Disc offers damped, controlled rotation with a satisfying resistance — perfect for precision painting, edge work, and fine details. The Bearing Disc delivers effortless, smooth spinning — ideal for quick coverage, model display, and stress-free fidgeting. One handle, two ways to paint. 3 Interchangeable Hand Supports — DIY Your Perfect GripChoose any 2 supports to create your ideal hold — whether you prefer a traditional grip, a pencil grip, or something in between. Designed for different painting styles and hand positions, these supports reduce fatigue, improve stability, and let you paint the way that feels most natural to you. The hidden bonus? Mix and match to find what works best for you. Magnetic Storage Base — Organize, Display & ShareThe magnetic base keeps all your accessories neatly organized and securely attached — no more cluttered desk. Arrange them any way you like with the magnetic connection. When painting's done, flip it into a display stand to show off your finished model. Perfect for photos and sharing your work. Plus, the anti-tip design keeps your handle steady and upright — no more knocked-over handles mid-paint.",https://artgoldenmaple.com/products/stabilized-wood-ergonomic-painting-handle-with-360-rotation-includes-3-anti-tip-bases-2-caps-3-steady-stands?variant=53105246732512,https://cdn.shopify.com/s/files/1/0631/8053/8080/files/StabilizedWoodErgonomicPaintingHandlewith360_Rotation_Includes3Anti-TipBases_2Caps_3SteadyStands_1.png?v=1781778842,,,,https://www.awin1.com/cread.php?awinmid=124092&awinaffid=3002879&ued=https%3A%2F%2Fartgoldenmaple.com%2Fproducts%2Fstabilized-wood-ergonomic-painting-handle-with-360-rotation-includes-3-anti-tip-bases-2-caps-3-steady-stands%3Fvariant%3D53105246732512,,,,,WSSB-WDMSB-ZH-MY,goldenmaple,1,out_of_stock,,,"44.99 USD",,,,,,,,new,,,,,,,,,,,,,,,,,,,,,,,,,,,,,,,,
124092,"Golden Maple",53192556773600,"Precision Craft Knife Set - Includes 6 Replacement Blades for Miniature & Model Making","The Craft Knife with 6 Replacement Blades is a versatile cutting & grinding tool for miniature painters, hobbyists, and DIY enthusiasts. Includes 1 knife and 6 blades — perfect for trimming 3D prints, cutting stencils, and carving foam terrain. Weighted front-end for balanced control, wooden handle for comfortable grip, and high-carbon steel blades for clean, precise cuts. Precision High-Carbon Steel Blades — Sharp & Clean Cuts Made from high-carbon steel with a black oxide coating for extra rust resistance, the blades deliver clean, precise cuts on paper, cardstock, vinyl, foam, thin plastics, and other lightweight materials. Perfect for stencils, scrapbooking, and intricate model work. Balanced Weighted Handle — Front-Heavy for Better Control The handle features a 14g metal weight at the front (60% of total weight), shifting the center of gravity forward. This design gives you greater stability and control during slow, precise cuts — reducing hand fatigue and improving accuracy on fine details. Versatile Blade Compatibility — Works with Other Tools Once the blade is removed, the handle can also hold other tools with a round shank diameter of 3.0–3.2mm — including scribers, scrapers, and carving tools. One handle, multiple uses. Carbide Grit Sanding Blades Included — For Tight Gaps & CrevicesThe set includes 3 carbide grit sanding blades — made from stainless steel with a durable carbide coating. These are not sandpaper blades; they're built for deeper surface work in narrow gaps, grooves, and crevices where regular sandpaper won't fit. The stainless steel construction also allows for wet sanding, giving you more flexibility when finishing delicate miniature parts and 3D prints.",https://artgoldenmaple.com/products/precision-craft-knife-set-includes-6-replacement-blades-for-miniature-model-making?variant=53192556773600,https://cdn.shopify.com/s/files/1/0631/8053/8080/files/1_3_2f80ab69-20d7-47a8-9a37-6981bd2881ae.jpg?v=1782717479,,,,https://www.awin1.com/cread.php?awinmid=124092&awinaffid=3002879&ued=https%3A%2F%2Fartgoldenmaple.com%2Fproducts%2Fprecision-craft-knife-set-includes-6-replacement-blades-for-miniature-model-making%3Fvariant%3D53192556773600,,,,,C-WS-BDMNT01,goldenmaple,1,out_of_stock,,,"22.99 USD",,,,,,,,new,,,,,,,,,,,,,,,,,,,,,,,,,,,,,,,,
124092,"Golden Maple",53251724509408,"3-in-1 Extra-Large Wet Palette Kit for Miniature Painting - Magnetic & Ventilated - Wet Palette+Brush Washer+Palette Cup","The Extra-Large Wet Palette gives you more space than A4 paper — 11.8 x 7.88 inches of room for all your paints, blends, and large brushes. Magnetic accessories snap on anywhere around the palette for a custom setup. Adjustable top vents control humidity while painting and keep the sponge mold-free when closed. Complete with brush washer, palette cup, sponge, and 50 sheets of paper — ready to paint out of the box. Extra-Large Surface — Wider Than A4 Paper 11.8 x 7.88 inches of working space — bigger than A4 paper. Room for all your paints, blends, and washes. Paint with large brushes without bumping colors. No more crowded palette, no more limits. Magnetic Modular Design — Attach Anywhere, Arrange Any Way Brush washer and palette cups snap on magnetically around your wet palette — attach anywhere, reposition anytime. Secure, stable, and completely customizable. Build your perfect setup. Adjustable Top Vents — Control Humidity, Prevent Mold Open the vents to adjust internal moisture while painting. Close them when not in use to keep the sponge dry and mold-free. Fresh sponge, longer life. Complete Kit — Everything You Need to Start Includes 1 extra-large wet palette, 1 brush washer, 1 palette cup, 2 absorbent sponge, and 50 sheets of premium wet palette paper. Ready to paint right out of the box.",https://artgoldenmaple.com/products/extra-large-wet-palette-for-miniature-painting-magnetic-ventilated?variant=53251724509408,https://cdn.shopify.com/s/files/1/0631/8053/8080/files/Extra-LargeWetPaletteforMiniaturePainting_Magnetic_Ventilated_4.jpg?v=1782555761,,,,https://www.awin1.com/cread.php?awinmid=124092&awinaffid=3002879&ued=https%3A%2F%2Fartgoldenmaple.com%2Fproducts%2Fextra-large-wet-palette-for-miniature-painting-magnetic-ventilated%3Fvariant%3D53251724509408,,,,,C-WS-SPXOG02,goldenmaple,1,out_of_stock,,,"45.99 USD",,,,,,,,new,,,,,,,,,,,,,,,,,,,,,,,,,,,,,,,,
124092,"Golden Maple",53723304296672,"3-in-1 Extra-Large Wet Palette Kit for Miniature Painting - Magnetic & Ventilated - Paper - 1 Pack (50 Sheets)","The Extra-Large Wet Palette gives you more space than A4 paper — 11.8 x 7.88 inches of room for all your paints, blends, and large brushes. Magnetic accessories snap on anywhere around the palette for a custom setup. Adjustable top vents control humidity while painting and keep the sponge mold-free when closed. Complete with brush washer, palette cup, sponge, and 50 sheets of paper — ready to paint out of the box. Extra-Large Surface — Wider Than A4 Paper 11.8 x 7.88 inches of working space — bigger than A4 paper. Room for all your paints, blends, and washes. Paint with large brushes without bumping colors. No more crowded palette, no more limits. Magnetic Modular Design — Attach Anywhere, Arrange Any Way Brush washer and palette cups snap on magnetically around your wet palette — attach anywhere, reposition anytime. Secure, stable, and completely customizable. Build your perfect setup. Adjustable Top Vents — Control Humidity, Prevent Mold Open the vents to adjust internal moisture while painting. Close them when not in use to keep the sponge dry and mold-free. Fresh sponge, longer life. Complete Kit — Everything You Need to Start Includes 1 extra-large wet palette, 1 brush washer, 1 palette cup, 2 absorbent sponge, and 50 sheets of premium wet palette paper. Ready to paint right out of the box.",https://artgoldenmaple.com/products/extra-large-wet-palette-for-miniature-painting-magnetic-ventilated?variant=53723304296672,https://cdn.shopify.com/s/files/1/0631/8053/8080/files/Wet_Palette_Kit_SKU_2.jpg?v=1786670204,,,,https://www.awin1.com/cread.php?awinmid=124092&awinaffid=3002879&ued=https%3A%2F%2Fartgoldenmaple.com%2Fproducts%2Fextra-large-wet-palette-for-miniature-painting-magnetic-ventilated%3Fvariant%3D53723304296672,,,,,P-WS-SZXWH02,goldenmaple,1,out_of_stock,,,"9.99 USD",,,,,,,,new,,,,,,,,,,,,,,,,,,,,,,,,,,,,,,,,
124092,"Golden Maple",53723304329440,"3-in-1 Extra-Large Wet Palette Kit for Miniature Painting - Magnetic & Ventilated - Paper - 2 Pack (100 Sheets)","The Extra-Large Wet Palette gives you more space than A4 paper — 11.8 x 7.88 inches of room for all your paints, blends, and large brushes. Magnetic accessories snap on anywhere around the palette for a custom setup. Adjustable top vents control humidity while painting and keep the sponge mold-free when closed. Complete with brush washer, palette cup, sponge, and 50 sheets of paper — ready to paint out of the box. Extra-Large Surface — Wider Than A4 Paper 11.8 x 7.88 inches of working space — bigger than A4 paper. Room for all your paints, blends, and washes. Paint with large brushes without bumping colors. No more crowded palette, no more limits. Magnetic Modular Design — Attach Anywhere, Arrange Any Way Brush washer and palette cups snap on magnetically around your wet palette — attach anywhere, reposition anytime. Secure, stable, and completely customizable. Build your perfect setup. Adjustable Top Vents — Control Humidity, Prevent Mold Open the vents to adjust internal moisture while painting. Close them when not in use to keep the sponge dry and mold-free. Fresh sponge, longer life. Complete Kit — Everything You Need to Start Includes 1 extra-large wet palette, 1 brush washer, 1 palette cup, 2 absorbent sponge, and 50 sheets of premium wet palette paper. Ready to paint right out of the box.",https://artgoldenmaple.com/products/extra-large-wet-palette-for-miniature-painting-magnetic-ventilated?variant=53723304329440,https://cdn.shopify.com/s/files/1/0631/8053/8080/files/Wet_Palette_Kit_SKU.jpg?v=1786670204,,,,https://www.awin1.com/cread.php?awinmid=124092&awinaffid=3002879&ued=https%3A%2F%2Fartgoldenmaple.com%2Fproducts%2Fextra-large-wet-palette-for-miniature-painting-magnetic-ventilated%3Fvariant%3D53723304329440,,,,,P-WS-SZXWH03,goldenmaple,1,out_of_stock,,,"14.99 USD",,,,,,,,new,,,,,,,,,,,,,,,,,,,,,,,,,,,,,,,,
124092,"Golden Maple",53252072603872,"100pcs Self-Adhesive Sandpaper Set - 400/600/800/1000/1200 Grit for Model Kits, Gundam & Miniature Finishing - #400","The 100-Piece Self-Adhesive Sandpaper Set covers everything from rough shaping to mirror finishing — 5 fine grits (400 to 1200) with strong PSA backing that stays put on flat or curved surfaces. Ultra-fine grit removes scratches without damaging plastic or resin, and wet/dry compatibility means smoother results with less dust. Perfect for model kits, Gundam, 3D prints, and miniatures. 5 Fine Grits — From Shaping to Mirror Finish Includes 100 sheets — 20 each of 400, 600, 800, 1000, and 1200 grit. Start rough, finish smooth. Perfect for final sanding, removing scratches, and achieving a glossy polish on models, 3D prints, and clear coats. Strong PSA Adhesion — Stays Put, Won't Curl Premium pressure-sensitive adhesive backing bonds firmly to sanding blocks and curved surfaces. No curling, no peeling, no lifting — giving you full control over every stroke. Fine Polishing — No Surface Damage Ultra-fine grit progression (1000-1200) gradually removes micro-scratches left by coarser papers — leaving a smooth, scratch-free finish without eating into plastic or resin surfaces. Safe for clear parts and painted coats. Wet & Dry Compatible — Longer Lasting Use with water for a smoother finish and less dust. Rinse to restore sharpness — each sheet lasts longer than ordinary sandpaper. More value, less waste.",https://artgoldenmaple.com/products/100pcs-self-adhesive-sandpaper-set-400-600-800-1000-1200-grit-for-model-kits-gundam-miniature-finishing?variant=53252072603872,https://cdn.shopify.com/s/files/1/0631/8053/8080/files/400_53552f2a-9325-47f7-a633-f5e9fa65ac25.jpg?v=1782788715,,,,https://www.awin1.com/cread.php?awinmid=124092&awinaffid=3002879&ued=https%3A%2F%2Fartgoldenmaple.com%2Fproducts%2F100pcs-self-adhesive-sandpaper-set-400-600-800-1000-1200-grit-for-model-kits-gundam-miniature-finishing%3Fvariant%3D53252072603872,,,,,WS-BJSZ-400-ZH,goldenmaple,1,out_of_stock,,,"7.99 USD",,,,,,,,new,,,,,,,,,,,,,,,,,,,,,,,,,,,,,,,,
124092,"Golden Maple",53252072636640,"100pcs Self-Adhesive Sandpaper Set - 400/600/800/1000/1200 Grit for Model Kits, Gundam & Miniature Finishing - #600","The 100-Piece Self-Adhesive Sandpaper Set covers everything from rough shaping to mirror finishing — 5 fine grits (400 to 1200) with strong PSA backing that stays put on flat or curved surfaces. Ultra-fine grit removes scratches without damaging plastic or resin, and wet/dry compatibility means smoother results with less dust. Perfect for model kits, Gundam, 3D prints, and miniatures. 5 Fine Grits — From Shaping to Mirror Finish Includes 100 sheets — 20 each of 400, 600, 800, 1000, and 1200 grit. Start rough, finish smooth. Perfect for final sanding, removing scratches, and achieving a glossy polish on models, 3D prints, and clear coats. Strong PSA Adhesion — Stays Put, Won't Curl Premium pressure-sensitive adhesive backing bonds firmly to sanding blocks and curved surfaces. No curling, no peeling, no lifting — giving you full control over every stroke. Fine Polishing — No Surface Damage Ultra-fine grit progression (1000-1200) gradually removes micro-scratches left by coarser papers — leaving a smooth, scratch-free finish without eating into plastic or resin surfaces. Safe for clear parts and painted coats. Wet & Dry Compatible — Longer Lasting Use with water for a smoother finish and less dust. Rinse to restore sharpness — each sheet lasts longer than ordinary sandpaper. More value, less waste.",https://artgoldenmaple.com/products/100pcs-self-adhesive-sandpaper-set-400-600-800-1000-1200-grit-for-model-kits-gundam-miniature-finishing?variant=53252072636640,https://cdn.shopify.com/s/files/1/0631/8053/8080/files/600.jpg?v=1782788716,,,,https://www.awin1.com/cread.php?awinmid=124092&awinaffid=3002879&ued=https%3A%2F%2Fartgoldenmaple.com%2Fproducts%2F100pcs-self-adhesive-sandpaper-set-400-600-800-1000-1200-grit-for-model-kits-gundam-miniature-finishing%3Fvariant%3D53252072636640,,,,,WS-BJSZ-600-ZH,goldenmaple,1,out_of_stock,,,"7.99 USD",,,,,,,,new,,,,,,,,,,,,,,,,,,,,,,,,,,,,,,,,
124092,"Golden Maple",53252072669408,"100pcs Self-Adhesive Sandpaper Set - 400/600/800/1000/1200 Grit for Model Kits, Gundam & Miniature Finishing - #800","The 100-Piece Self-Adhesive Sandpaper Set covers everything from rough shaping to mirror finishing — 5 fine grits (400 to 1200) with strong PSA backing that stays put on flat or curved surfaces. Ultra-fine grit removes scratches without damaging plastic or resin, and wet/dry compatibility means smoother results with less dust. Perfect for model kits, Gundam, 3D prints, and miniatures. 5 Fine Grits — From Shaping to Mirror Finish Includes 100 sheets — 20 each of 400, 600, 800, 1000, and 1200 grit. Start rough, finish smooth. Perfect for final sanding, removing scratches, and achieving a glossy polish on models, 3D prints, and clear coats. Strong PSA Adhesion — Stays Put, Won't Curl Premium pressure-sensitive adhesive backing bonds firmly to sanding blocks and curved surfaces. No curling, no peeling, no lifting — giving you full control over every stroke. Fine Polishing — No Surface Damage Ultra-fine grit progression (1000-1200) gradually removes micro-scratches left by coarser papers — leaving a smooth, scratch-free finish without eating into plastic or resin surfaces. Safe for clear parts and painted coats. Wet & Dry Compatible — Longer Lasting Use with water for a smoother finish and less dust. Rinse to restore sharpness — each sheet lasts longer than ordinary sandpaper. More value, less waste.",https://artgoldenmaple.com/products/100pcs-self-adhesive-sandpaper-set-400-600-800-1000-1200-grit-for-model-kits-gundam-miniature-finishing?variant=53252072669408,https://cdn.shopify.com/s/files/1/0631/8053/8080/files/800.jpg?v=1782788716,,,,https://www.awin1.com/cread.php?awinmid=124092&awinaffid=3002879&ued=https%3A%2F%2Fartgoldenmaple.com%2Fproducts%2F100pcs-self-adhesive-sandpaper-set-400-600-800-1000-1200-grit-for-model-kits-gundam-miniature-finishing%3Fvariant%3D53252072669408,,,,,WS-BJSZ-800-ZH,goldenmaple,1,out_of_stock,,,"7.99 USD",,,,,,,,new,,,,,,,,,,,,,,,,,,,,,,,,,,,,,,,,
124092,"Golden Maple",53252072702176,"100pcs Self-Adhesive Sandpaper Set - 400/600/800/1000/1200 Grit for Model Kits, Gundam & Miniature Finishing - #1000","The 100-Piece Self-Adhesive Sandpaper Set covers everything from rough shaping to mirror finishing — 5 fine grits (400 to 1200) with strong PSA backing that stays put on flat or curved surfaces. Ultra-fine grit removes scratches without damaging plastic or resin, and wet/dry compatibility means smoother results with less dust. Perfect for model kits, Gundam, 3D prints, and miniatures. 5 Fine Grits — From Shaping to Mirror Finish Includes 100 sheets — 20 each of 400, 600, 800, 1000, and 1200 grit. Start rough, finish smooth. Perfect for final sanding, removing scratches, and achieving a glossy polish on models, 3D prints, and clear coats. Strong PSA Adhesion — Stays Put, Won't Curl Premium pressure-sensitive adhesive backing bonds firmly to sanding blocks and curved surfaces. No curling, no peeling, no lifting — giving you full control over every stroke. Fine Polishing — No Surface Damage Ultra-fine grit progression (1000-1200) gradually removes micro-scratches left by coarser papers — leaving a smooth, scratch-free finish without eating into plastic or resin surfaces. Safe for clear parts and painted coats. Wet & Dry Compatible — Longer Lasting Use with water for a smoother finish and less dust. Rinse to restore sharpness — each sheet lasts longer than ordinary sandpaper. More value, less waste.",https://artgoldenmaple.com/products/100pcs-self-adhesive-sandpaper-set-400-600-800-1000-1200-grit-for-model-kits-gundam-miniature-finishing?variant=53252072702176,https://cdn.shopify.com/s/files/1/0631/8053/8080/files/1000.jpg?v=1782788716,,,,https://www.awin1.com/cread.php?awinmid=124092&awinaffid=3002879&ued=https%3A%2F%2Fartgoldenmaple.com%2Fproducts%2F100pcs-self-adhesive-sandpaper-set-400-600-800-1000-1200-grit-for-model-kits-gundam-miniature-finishing%3Fvariant%3D53252072702176,,,,,WS-BJSZ-1000-ZH,goldenmaple,1,out_of_stock,,,"7.99 USD",,,,,,,,new,,,,,,,,,,,,,,,,,,,,,,,,,,,,,,,,
124092,"Golden Maple",53252072734944,"100pcs Self-Adhesive Sandpaper Set - 400/600/800/1000/1200 Grit for Model Kits, Gundam & Miniature Finishing - #1200","The 100-Piece Self-Adhesive Sandpaper Set covers everything from rough shaping to mirror finishing — 5 fine grits (400 to 1200) with strong PSA backing that stays put on flat or curved surfaces. Ultra-fine grit removes scratches without damaging plastic or resin, and wet/dry compatibility means smoother results with less dust. Perfect for model kits, Gundam, 3D prints, and miniatures. 5 Fine Grits — From Shaping to Mirror Finish Includes 100 sheets — 20 each of 400, 600, 800, 1000, and 1200 grit. Start rough, finish smooth. Perfect for final sanding, removing scratches, and achieving a glossy polish on models, 3D prints, and clear coats. Strong PSA Adhesion — Stays Put, Won't Curl Premium pressure-sensitive adhesive backing bonds firmly to sanding blocks and curved surfaces. No curling, no peeling, no lifting — giving you full control over every stroke. Fine Polishing — No Surface Damage Ultra-fine grit progression (1000-1200) gradually removes micro-scratches left by coarser papers — leaving a smooth, scratch-free finish without eating into plastic or resin surfaces. Safe for clear parts and painted coats. Wet & Dry Compatible — Longer Lasting Use with water for a smoother finish and less dust. Rinse to restore sharpness — each sheet lasts longer than ordinary sandpaper. More value, less waste.",https://artgoldenmaple.com/products/100pcs-self-adhesive-sandpaper-set-400-600-800-1000-1200-grit-for-model-kits-gundam-miniature-finishing?variant=53252072734944,https://cdn.shopify.com/s/files/1/0631/8053/8080/files/1200.jpg?v=1782788715,,,,https://www.awin1.com/cread.php?awinmid=124092&awinaffid=3002879&ued=https%3A%2F%2Fartgoldenmaple.com%2Fproducts%2F100pcs-self-adhesive-sandpaper-set-400-600-800-1000-1200-grit-for-model-kits-gundam-miniature-finishing%3Fvariant%3D53252072734944,,,,,WS-BJSZ-1200-ZH,goldenmaple,1,out_of_stock,,,"7.99 USD",,,,,,,,new,,,,,,,,,,,,,,,,,,,,,,,,,,,,,,,,
124092,"Golden Maple",53252090036448,"100pcs Self-Adhesive Sandpaper Set - 400/600/800/1000/1200 Grit for Model Kits, Gundam & Miniature Finishing - #400/600/800/1000/1200","The 100-Piece Self-Adhesive Sandpaper Set covers everything from rough shaping to mirror finishing — 5 fine grits (400 to 1200) with strong PSA backing that stays put on flat or curved surfaces. Ultra-fine grit removes scratches without damaging plastic or resin, and wet/dry compatibility means smoother results with less dust. Perfect for model kits, Gundam, 3D prints, and miniatures. 5 Fine Grits — From Shaping to Mirror Finish Includes 100 sheets — 20 each of 400, 600, 800, 1000, and 1200 grit. Start rough, finish smooth. Perfect for final sanding, removing scratches, and achieving a glossy polish on models, 3D prints, and clear coats. Strong PSA Adhesion — Stays Put, Won't Curl Premium pressure-sensitive adhesive backing bonds firmly to sanding blocks and curved surfaces. No curling, no peeling, no lifting — giving you full control over every stroke. Fine Polishing — No Surface Damage Ultra-fine grit progression (1000-1200) gradually removes micro-scratches left by coarser papers — leaving a smooth, scratch-free finish without eating into plastic or resin surfaces. Safe for clear parts and painted coats. Wet & Dry Compatible — Longer Lasting Use with water for a smoother finish and less dust. Rinse to restore sharpness — each sheet lasts longer than ordinary sandpaper. More value, less waste.",https://artgoldenmaple.com/products/100pcs-self-adhesive-sandpaper-set-400-600-800-1000-1200-grit-for-model-kits-gundam-miniature-finishing?variant=53252090036448,https://cdn.shopify.com/s/files/1/0631/8053/8080/files/0_752f81fb-078d-44ac-ae64-602e7516bb9f.jpg?v=1782802380,,,,https://www.awin1.com/cread.php?awinmid=124092&awinaffid=3002879&ued=https%3A%2F%2Fartgoldenmaple.com%2Fproducts%2F100pcs-self-adhesive-sandpaper-set-400-600-800-1000-1200-grit-for-model-kits-gundam-miniature-finishing%3Fvariant%3D53252090036448,,,,,C-WS-BJXT601,goldenmaple,1,out_of_stock,,,"14.99 USD",,,,,,,,new,,,,,,,,,,,,,,,,,,,,,,,,,,,,,,,,
124092,"Golden Maple",53425215733984,"Ultrasonic Paint Brush Cleaner — Portable Deep Cleaning - US","The Ultrasonic Paint Brush Cleaner penetrates deep into the ferrule to dissolve dried acrylic that hand washing can't reach — bringing dead brushes back to life in minutes. Safe, simple, and built for miniature painters who want to stop throwing away expensive brushes and start keeping them sharp. One machine, endless uses across your entire painting workflow. Deep Cleaning — No Dead Zones, No Residue Acrylic paint dries hard and builds up in the ferrule where hand washing can't reach. That residue forces bristles apart, ruining the tip and killing your brush. Ultrasonic cavitation penetrates deep into the gap between bristles and metal — shaking loose cured acrylic that's been dried for days. Even brushes you thought were dead come back with sharp tips, ready to paint again. Optimized for Acrylics — Gentle on Brush Fiber Acrylic forms a tough, waterproof film once dried — water alone won't dissolve it. With a small amount of mild brush cleaner, the ultrasonic action accelerates emulsification and penetration. A few minutes of cleaning removes far more residue than scrubbing or soaking ever could — you can actually see the paint flushing out. Clean multiple brushes at once — no need to scrub each one by hand. Choose from 5 preset times (90, 180, 300, 480, or 600 seconds) to match the job — a quick rinse or a deep clean for stubborn residue. The digital display shows the countdown, and the machine shuts off automatically when done. While it runs, you can keep painting, mixing colors, or assembling models. Your hands stay free, and your brushes stay clean. Zero-Skill Operation — Safe for Beginners & Delicate Tips Just add water and a little brush cleaner, drop in your brushes, press start. That's it. Brushes suspend above the tank floor — no crushed tips, no damaged bristles. No special technique required.",https://artgoldenmaple.com/products/ultrasonic-paint-brush-cleaner-portable-deep-cleaning?variant=53425215733984,https://cdn.shopify.com/s/files/1/0631/8053/8080/files/UltrasonicPaintBrushCleaner_PortableDeepCleaning_2.jpg?v=1782814355,,,,https://www.awin1.com/cread.php?awinmid=124092&awinaffid=3002879&ued=https%3A%2F%2Fartgoldenmaple.com%2Fproducts%2Fultrasonic-paint-brush-cleaner-portable-deep-cleaning%3Fvariant%3D53425215733984,,,,,C-WS-CSXWT01,goldenmaple,1,out_of_stock,,,"99.99 USD",,,,,,,,new,,,,,,,,,,,,,,,,,,,,,,,,,,,,,,,,
124092,"Golden Maple",53425215799520,"Ultrasonic Paint Brush Cleaner — Portable Deep Cleaning - UK","The Ultrasonic Paint Brush Cleaner penetrates deep into the ferrule to dissolve dried acrylic that hand washing can't reach — bringing dead brushes back to life in minutes. Safe, simple, and built for miniature painters who want to stop throwing away expensive brushes and start keeping them sharp. One machine, endless uses across your entire painting workflow. Deep Cleaning — No Dead Zones, No Residue Acrylic paint dries hard and builds up in the ferrule where hand washing can't reach. That residue forces bristles apart, ruining the tip and killing your brush. Ultrasonic cavitation penetrates deep into the gap between bristles and metal — shaking loose cured acrylic that's been dried for days. Even brushes you thought were dead come back with sharp tips, ready to paint again. Optimized for Acrylics — Gentle on Brush Fiber Acrylic forms a tough, waterproof film once dried — water alone won't dissolve it. With a small amount of mild brush cleaner, the ultrasonic action accelerates emulsification and penetration. A few minutes of cleaning removes far more residue than scrubbing or soaking ever could — you can actually see the paint flushing out. Clean multiple brushes at once — no need to scrub each one by hand. Choose from 5 preset times (90, 180, 300, 480, or 600 seconds) to match the job — a quick rinse or a deep clean for stubborn residue. The digital display shows the countdown, and the machine shuts off automatically when done. While it runs, you can keep painting, mixing colors, or assembling models. Your hands stay free, and your brushes stay clean. Zero-Skill Operation — Safe for Beginners & Delicate Tips Just add water and a little brush cleaner, drop in your brushes, press start. That's it. Brushes suspend above the tank floor — no crushed tips, no damaged bristles. No special technique required.",https://artgoldenmaple.com/products/ultrasonic-paint-brush-cleaner-portable-deep-cleaning?variant=53425215799520,https://cdn.shopify.com/s/files/1/0631/8053/8080/files/UltrasonicPaintBrushCleaner_PortableDeepCleaning_2.jpg?v=1782814355,,,,https://www.awin1.com/cread.php?awinmid=124092&awinaffid=3002879&ued=https%3A%2F%2Fartgoldenmaple.com%2Fproducts%2Fultrasonic-paint-brush-cleaner-portable-deep-cleaning%3Fvariant%3D53425215799520,,,,,C-WS-CSXWT03,goldenmaple,1,out_of_stock,,,"99.99 USD",,,,,,,,new,,,,,,,,,,,,,,,,,,,,,,,,,,,,,,,,
124092,"Golden Maple",53425215766752,"Ultrasonic Paint Brush Cleaner — Portable Deep Cleaning - EU","The Ultrasonic Paint Brush Cleaner penetrates deep into the ferrule to dissolve dried acrylic that hand washing can't reach — bringing dead brushes back to life in minutes. Safe, simple, and built for miniature painters who want to stop throwing away expensive brushes and start keeping them sharp. One machine, endless uses across your entire painting workflow. Deep Cleaning — No Dead Zones, No Residue Acrylic paint dries hard and builds up in the ferrule where hand washing can't reach. That residue forces bristles apart, ruining the tip and killing your brush. Ultrasonic cavitation penetrates deep into the gap between bristles and metal — shaking loose cured acrylic that's been dried for days. Even brushes you thought were dead come back with sharp tips, ready to paint again. Optimized for Acrylics — Gentle on Brush Fiber Acrylic forms a tough, waterproof film once dried — water alone won't dissolve it. With a small amount of mild brush cleaner, the ultrasonic action accelerates emulsification and penetration. A few minutes of cleaning removes far more residue than scrubbing or soaking ever could — you can actually see the paint flushing out. Clean multiple brushes at once — no need to scrub each one by hand. Choose from 5 preset times (90, 180, 300, 480, or 600 seconds) to match the job — a quick rinse or a deep clean for stubborn residue. The digital display shows the countdown, and the machine shuts off automatically when done. While it runs, you can keep painting, mixing colors, or assembling models. Your hands stay free, and your brushes stay clean. Zero-Skill Operation — Safe for Beginners & Delicate Tips Just add water and a little brush cleaner, drop in your brushes, press start. That's it. Brushes suspend above the tank floor — no crushed tips, no damaged bristles. No special technique required.",https://artgoldenmaple.com/products/ultrasonic-paint-brush-cleaner-portable-deep-cleaning?variant=53425215766752,https://cdn.shopify.com/s/files/1/0631/8053/8080/files/UltrasonicPaintBrushCleaner_PortableDeepCleaning_2.jpg?v=1782814355,,,,https://www.awin1.com/cread.php?awinmid=124092&awinaffid=3002879&ued=https%3A%2F%2Fartgoldenmaple.com%2Fproducts%2Fultrasonic-paint-brush-cleaner-portable-deep-cleaning%3Fvariant%3D53425215766752,,,,,C-WS-CSXWT02,goldenmaple,1,out_of_stock,,,"99.99 USD",,,,,,,,new,,,,,,,,,,,,,,,,,,,,,,,,,,,,,,,,
124092,"Golden Maple",53425215832288,"Ultrasonic Paint Brush Cleaner — Portable Deep Cleaning - AU","The Ultrasonic Paint Brush Cleaner penetrates deep into the ferrule to dissolve dried acrylic that hand washing can't reach — bringing dead brushes back to life in minutes. Safe, simple, and built for miniature painters who want to stop throwing away expensive brushes and start keeping them sharp. One machine, endless uses across your entire painting workflow. Deep Cleaning — No Dead Zones, No Residue Acrylic paint dries hard and builds up in the ferrule where hand washing can't reach. That residue forces bristles apart, ruining the tip and killing your brush. Ultrasonic cavitation penetrates deep into the gap between bristles and metal — shaking loose cured acrylic that's been dried for days. Even brushes you thought were dead come back with sharp tips, ready to paint again. Optimized for Acrylics — Gentle on Brush Fiber Acrylic forms a tough, waterproof film once dried — water alone won't dissolve it. With a small amount of mild brush cleaner, the ultrasonic action accelerates emulsification and penetration. A few minutes of cleaning removes far more residue than scrubbing or soaking ever could — you can actually see the paint flushing out. Clean multiple brushes at once — no need to scrub each one by hand. Choose from 5 preset times (90, 180, 300, 480, or 600 seconds) to match the job — a quick rinse or a deep clean for stubborn residue. The digital display shows the countdown, and the machine shuts off automatically when done. While it runs, you can keep painting, mixing colors, or assembling models. Your hands stay free, and your brushes stay clean. Zero-Skill Operation — Safe for Beginners & Delicate Tips Just add water and a little brush cleaner, drop in your brushes, press start. That's it. Brushes suspend above the tank floor — no crushed tips, no damaged bristles. No special technique required.",https://artgoldenmaple.com/products/ultrasonic-paint-brush-cleaner-portable-deep-cleaning?variant=53425215832288,https://cdn.shopify.com/s/files/1/0631/8053/8080/files/UltrasonicPaintBrushCleaner_PortableDeepCleaning_2.jpg?v=1782814355,,,,https://www.awin1.com/cread.php?awinmid=124092&awinaffid=3002879&ued=https%3A%2F%2Fartgoldenmaple.com%2Fproducts%2Fultrasonic-paint-brush-cleaner-portable-deep-cleaning%3Fvariant%3D53425215832288,,,,,C-WS-CSXWT04,goldenmaple,1,out_of_stock,,,"99.99 USD",,,,,,,,new,,,,,,,,,,,,,,,,,,,,,,,,,,,,,,,,
124092,"Golden Maple",53427549208800,"Hand Drill Set for Miniature Painting — Pin Vise with 10 Bits & 10 Collets, Ideal for Models & 3D Prints","The Pin Vise Hand Drill Set delivers smooth, wobble‑free drilling for miniature models, resin kits, and 3D prints. Dual‑bearing 360° rotation, a secure knurled aluminum grip, and a four‑jaw collet chuck ensure precision and control. Includes 10 tungsten steel bits and 10 micro collets for quick, tool‑free changes. Compact, durable, and built for the painting desk. Smooth 360° Rotation — No Wobble, No Fuss Dual‑bearing design delivers silky, concentric rotation with minimal runout. Drill straight, clean holes every time — even in fragile resin or thin plastic. Firm & Comfortable Grip — Built to Last Knurled aluminum handle provides a secure, non‑slip hold. Metal construction ensures durability, and the corrosion‑resistant finish keeps it looking and performing like new over years of use. Quick Bit Changes — One Tool, Endless Possibilities Includes 10 tungsten steel drill bits and 10 micro collets covering multiple shank sizes. The four‑jaw chuck holds bits securely with a locking mechanism — swap bits in seconds without tools. Built for Miniature Painting & Model Making Perfect for drilling pin holes, pinning parts, and detailing resin kits, 3D prints, and plastic models. Compact and portable, it fits right into your painting workspace — no workshop required.",https://artgoldenmaple.com/products/mini-hand-drill-set?variant=53427549208800,https://cdn.shopify.com/s/files/1/0631/8053/8080/files/HandDrillSet_1.jpg?v=1782888564,,,,https://www.awin1.com/cread.php?awinmid=124092&awinaffid=3002879&ued=https%3A%2F%2Fartgoldenmaple.com%2Fproducts%2Fmini-hand-drill-set%3Fvariant%3D53427549208800,,,,,P-WS-SZXSV01,goldenmaple,1,out_of_stock,,,"18.99 USD",,,,,,,,new,,,,,,,,,,,,,,,,,,,,,,,,,,,,,,,,
124092,"Golden Maple",53343879528672,"Miniature Office Desk Set – Computer Table, Chair, Monitor & Accessories for Diorama Display - Gray","Artist's Tip Before customizing your 1:8 scale miniature components, remember to peel the pre-applied stickers off the books and monitor screen. A light coat of plastic primer will help your acrylic paints adhere smoothly to the surfaces. 【REPLICATE YOUR OWN WORKSPACE】 This set allows you to build a custom scene, or even recreate your actual paint station as a 1:8 replica miniature office desk. Arrange the layout to mirror your real-life hobby workspace, creating a detailed mini diorama of your own creative corner. 【PAINT AND CUSTOMIZE EVERY PIECE】 Every individual component in this set can be custom painted to match the color theme of your miniature diorama. Simply peel off the pre-applied stickers on the books and monitor before painting. This gives you a clean surface to apply custom screen graphics, weathered wood finishes, or hand-painted book covers. 【COMPLETE 7-PIECE WORKSPACE SET】 The set includes a miniature computer desk, coordinating chair, monitor, keyboard, mouse, mini books, and file organizer. Because these pieces are individual and unattached, you have full freedom to position, modify, and paint each accessory separately. 【ACCURATE 1:8 SCALE MODELING】 Crafted specifically as a 1:8 scale miniature set, the dimensions match standard modeling proportions. Each customized piece sits naturally alongside other 1:8 scale figures, miniature paint racks, or modeling accessories in your diorama.",https://artgoldenmaple.com/products/miniature-office-desk-set?variant=53343879528672,https://cdn.shopify.com/s/files/1/0631/8053/8080/files/3_bd35ae32-7bd6-4e12-8b00-63c474840748.jpg?v=1783477386,,,,https://www.awin1.com/cread.php?awinmid=124092&awinaffid=3002879&ued=https%3A%2F%2Fartgoldenmaple.com%2Fproducts%2Fminiature-office-desk-set%3Fvariant%3D53343879528672,,,,,C-WS-GZSGY01,goldenmaple,1,out_of_stock,,,"9.99 USD",,,,,,,,new,,,,,,,,,,,,,,,,,,,,,,,,,,,,,,,,
124092,"Golden Maple",53343879561440,"Miniature Office Desk Set – Computer Table, Chair, Monitor & Accessories for Diorama Display - White","Artist's Tip Before customizing your 1:8 scale miniature components, remember to peel the pre-applied stickers off the books and monitor screen. A light coat of plastic primer will help your acrylic paints adhere smoothly to the surfaces. 【REPLICATE YOUR OWN WORKSPACE】 This set allows you to build a custom scene, or even recreate your actual paint station as a 1:8 replica miniature office desk. Arrange the layout to mirror your real-life hobby workspace, creating a detailed mini diorama of your own creative corner. 【PAINT AND CUSTOMIZE EVERY PIECE】 Every individual component in this set can be custom painted to match the color theme of your miniature diorama. Simply peel off the pre-applied stickers on the books and monitor before painting. This gives you a clean surface to apply custom screen graphics, weathered wood finishes, or hand-painted book covers. 【COMPLETE 7-PIECE WORKSPACE SET】 The set includes a miniature computer desk, coordinating chair, monitor, keyboard, mouse, mini books, and file organizer. Because these pieces are individual and unattached, you have full freedom to position, modify, and paint each accessory separately. 【ACCURATE 1:8 SCALE MODELING】 Crafted specifically as a 1:8 scale miniature set, the dimensions match standard modeling proportions. Each customized piece sits naturally alongside other 1:8 scale figures, miniature paint racks, or modeling accessories in your diorama.",https://artgoldenmaple.com/products/miniature-office-desk-set?variant=53343879561440,https://cdn.shopify.com/s/files/1/0631/8053/8080/files/2_f6262b54-7ca8-4622-9610-3aa6e8c1b044.jpg?v=1783477386,,,,https://www.awin1.com/cread.php?awinmid=124092&awinaffid=3002879&ued=https%3A%2F%2Fartgoldenmaple.com%2Fproducts%2Fminiature-office-desk-set%3Fvariant%3D53343879561440,,,,,C-WS-GZSWY01,goldenmaple,1,out_of_stock,,,"9.99 USD",,,,,,,,new,,,,,,,,,,,,,,,,,,,,,,,,,,,,,,,,
124092,"Golden Maple",53340180873440,"360° Rotary Craft Cutter – Precision Swivel Blade Pen for Stencils, Scrapbooking & DIY Crafts - Red","Precision cutting made easy. This 360° rotary craft knife glides through decals, masking tape, stencils, and paper. The swivel blade follows your hand naturally, allowing you to focus on building rather than adjusting your tool. Lightweight and ergonomic, it is designed for hobbyists who require clean, reliable cuts. Effortless Curve and Camouflage Cutting This specialized modeling knife is designed to cut smooth curves, circles, and intricate shapes. It is ideal for crafting delicate flower petals, cloud shapes, and custom masking stencils for WWII camouflage painting. Easily navigate complex patterns without constantly repositioning your wrist. 360° Swivel Stainless Steel Blade The high-quality stainless steel blade rotates smoothly in any direction, resisting bending or dulling. It maintains its edge through multiple projects, from trimming thick cardstock to slicing delicate masking tape. Ergonomic Grip for Long Projects Designed to fit your hand naturally, the comfortable handle reduces fatigue during long cutting sessions. Whether you are prepping parts for a model kit or cutting dozens of detailed decals, this hobby knife keeps your hand steady and comfortable. Versatile Tool for Creative Crafts A practical addition to your workbench, this tool is ideal for trimming decals, shaping paper terrain, or preparing custom sticker layouts. It is a reliable choice for scale modelers, scrapbookers, and DIY hobbyists alike.",https://artgoldenmaple.com/products/360-rotary-craft-cutter?variant=53340180873440,https://cdn.shopify.com/s/files/1/0631/8053/8080/files/6_cec96423-e47d-48e7-8c1c-4239fb68b9fc.jpg?v=1783501656,,,,https://www.awin1.com/cread.php?awinmid=124092&awinaffid=3002879&ued=https%3A%2F%2Fartgoldenmaple.com%2Fproducts%2F360-rotary-craft-cutter%3Fvariant%3D53340180873440,,,,,P-WS-BDSRD01,goldenmaple,1,out_of_stock,,,"7.99 USD",,,,,,,,new,,,,,,,,,,,,,,,,,,,,,,,,,,,,,,,,
124092,"Golden Maple",53340180906208,"360° Rotary Craft Cutter – Precision Swivel Blade Pen for Stencils, Scrapbooking & DIY Crafts - White","Precision cutting made easy. This 360° rotary craft knife glides through decals, masking tape, stencils, and paper. The swivel blade follows your hand naturally, allowing you to focus on building rather than adjusting your tool. Lightweight and ergonomic, it is designed for hobbyists who require clean, reliable cuts. Effortless Curve and Camouflage Cutting This specialized modeling knife is designed to cut smooth curves, circles, and intricate shapes. It is ideal for crafting delicate flower petals, cloud shapes, and custom masking stencils for WWII camouflage painting. Easily navigate complex patterns without constantly repositioning your wrist. 360° Swivel Stainless Steel Blade The high-quality stainless steel blade rotates smoothly in any direction, resisting bending or dulling. It maintains its edge through multiple projects, from trimming thick cardstock to slicing delicate masking tape. Ergonomic Grip for Long Projects Designed to fit your hand naturally, the comfortable handle reduces fatigue during long cutting sessions. Whether you are prepping parts for a model kit or cutting dozens of detailed decals, this hobby knife keeps your hand steady and comfortable. Versatile Tool for Creative Crafts A practical addition to your workbench, this tool is ideal for trimming decals, shaping paper terrain, or preparing custom sticker layouts. It is a reliable choice for scale modelers, scrapbookers, and DIY hobbyists alike.",https://artgoldenmaple.com/products/360-rotary-craft-cutter?variant=53340180906208,https://cdn.shopify.com/s/files/1/0631/8053/8080/files/5_2601d0d1-07d4-4ad9-8bf7-28468c9ef483.jpg?v=1783501656,,,,https://www.awin1.com/cread.php?awinmid=124092&awinaffid=3002879&ued=https%3A%2F%2Fartgoldenmaple.com%2Fproducts%2F360-rotary-craft-cutter%3Fvariant%3D53340180906208,,,,,P-WS-BDSWT01,goldenmaple,1,out_of_stock,,,"7.99 USD",,,,,,,,new,,,,,,,,,,,,,,,,,,,,,,,,,,,,,,,,
124092,"Golden Maple",53340180938976,"360° Rotary Craft Cutter – Precision Swivel Blade Pen for Stencils, Scrapbooking & DIY Crafts - Green","Precision cutting made easy. This 360° rotary craft knife glides through decals, masking tape, stencils, and paper. The swivel blade follows your hand naturally, allowing you to focus on building rather than adjusting your tool. Lightweight and ergonomic, it is designed for hobbyists who require clean, reliable cuts. Effortless Curve and Camouflage Cutting This specialized modeling knife is designed to cut smooth curves, circles, and intricate shapes. It is ideal for crafting delicate flower petals, cloud shapes, and custom masking stencils for WWII camouflage painting. Easily navigate complex patterns without constantly repositioning your wrist. 360° Swivel Stainless Steel Blade The high-quality stainless steel blade rotates smoothly in any direction, resisting bending or dulling. It maintains its edge through multiple projects, from trimming thick cardstock to slicing delicate masking tape. Ergonomic Grip for Long Projects Designed to fit your hand naturally, the comfortable handle reduces fatigue during long cutting sessions. Whether you are prepping parts for a model kit or cutting dozens of detailed decals, this hobby knife keeps your hand steady and comfortable. Versatile Tool for Creative Crafts A practical addition to your workbench, this tool is ideal for trimming decals, shaping paper terrain, or preparing custom sticker layouts. It is a reliable choice for scale modelers, scrapbookers, and DIY hobbyists alike.",https://artgoldenmaple.com/products/360-rotary-craft-cutter?variant=53340180938976,https://cdn.shopify.com/s/files/1/0631/8053/8080/files/4_d82aa157-fd00-4f97-835e-1c9881d383dd.jpg?v=1783501657,,,,https://www.awin1.com/cread.php?awinmid=124092&awinaffid=3002879&ued=https%3A%2F%2Fartgoldenmaple.com%2Fproducts%2F360-rotary-craft-cutter%3Fvariant%3D53340180938976,,,,,P-WS-BDSGN01,goldenmaple,1,out_of_stock,,,"7.99 USD",,,,,,,,new,,,,,,,,,,,,,,,,,,,,,,,,,,,,,,,,
124092,"Golden Maple",53340180971744,"360° Rotary Craft Cutter – Precision Swivel Blade Pen for Stencils, Scrapbooking & DIY Crafts - Orange","Precision cutting made easy. This 360° rotary craft knife glides through decals, masking tape, stencils, and paper. The swivel blade follows your hand naturally, allowing you to focus on building rather than adjusting your tool. Lightweight and ergonomic, it is designed for hobbyists who require clean, reliable cuts. Effortless Curve and Camouflage Cutting This specialized modeling knife is designed to cut smooth curves, circles, and intricate shapes. It is ideal for crafting delicate flower petals, cloud shapes, and custom masking stencils for WWII camouflage painting. Easily navigate complex patterns without constantly repositioning your wrist. 360° Swivel Stainless Steel Blade The high-quality stainless steel blade rotates smoothly in any direction, resisting bending or dulling. It maintains its edge through multiple projects, from trimming thick cardstock to slicing delicate masking tape. Ergonomic Grip for Long Projects Designed to fit your hand naturally, the comfortable handle reduces fatigue during long cutting sessions. Whether you are prepping parts for a model kit or cutting dozens of detailed decals, this hobby knife keeps your hand steady and comfortable. Versatile Tool for Creative Crafts A practical addition to your workbench, this tool is ideal for trimming decals, shaping paper terrain, or preparing custom sticker layouts. It is a reliable choice for scale modelers, scrapbookers, and DIY hobbyists alike.",https://artgoldenmaple.com/products/360-rotary-craft-cutter?variant=53340180971744,https://cdn.shopify.com/s/files/1/0631/8053/8080/files/3_56ad28f7-169b-4ef6-81e8-52eefa84fe8f.jpg?v=1783501657,,,,https://www.awin1.com/cread.php?awinmid=124092&awinaffid=3002879&ued=https%3A%2F%2Fartgoldenmaple.com%2Fproducts%2F360-rotary-craft-cutter%3Fvariant%3D53340180971744,,,,,P-WS-BDSOG01,goldenmaple,1,out_of_stock,,,"7.99 USD",,,,,,,,new,,,,,,,,,,,,,,,,,,,,,,,,,,,,,,,,
124092,"Golden Maple",53340181004512,"360° Rotary Craft Cutter – Precision Swivel Blade Pen for Stencils, Scrapbooking & DIY Crafts - Black","Precision cutting made easy. This 360° rotary craft knife glides through decals, masking tape, stencils, and paper. The swivel blade follows your hand naturally, allowing you to focus on building rather than adjusting your tool. Lightweight and ergonomic, it is designed for hobbyists who require clean, reliable cuts. Effortless Curve and Camouflage Cutting This specialized modeling knife is designed to cut smooth curves, circles, and intricate shapes. It is ideal for crafting delicate flower petals, cloud shapes, and custom masking stencils for WWII camouflage painting. Easily navigate complex patterns without constantly repositioning your wrist. 360° Swivel Stainless Steel Blade The high-quality stainless steel blade rotates smoothly in any direction, resisting bending or dulling. It maintains its edge through multiple projects, from trimming thick cardstock to slicing delicate masking tape. Ergonomic Grip for Long Projects Designed to fit your hand naturally, the comfortable handle reduces fatigue during long cutting sessions. Whether you are prepping parts for a model kit or cutting dozens of detailed decals, this hobby knife keeps your hand steady and comfortable. Versatile Tool for Creative Crafts A practical addition to your workbench, this tool is ideal for trimming decals, shaping paper terrain, or preparing custom sticker layouts. It is a reliable choice for scale modelers, scrapbookers, and DIY hobbyists alike.",https://artgoldenmaple.com/products/360-rotary-craft-cutter?variant=53340181004512,https://cdn.shopify.com/s/files/1/0631/8053/8080/files/7_bdd10aff-a929-491e-a878-0b6e1581f310.jpg?v=1783501656,,,,https://www.awin1.com/cread.php?awinmid=124092&awinaffid=3002879&ued=https%3A%2F%2Fartgoldenmaple.com%2Fproducts%2F360-rotary-craft-cutter%3Fvariant%3D53340181004512,,,,,P-WS-BDSBK01,goldenmaple,1,out_of_stock,,,"7.99 USD",,,,,,,,new,,,,,,,,,,,,,,,,,,,,,,,,,,,,,,,,
124092,"Golden Maple",53605496094944,"Tape Cutter & Dispenser – Desktop Organizer for Washi Tape, Masking Tape & Sticker Rolls - Tape Cutter *1","Hobbyist's Tip Declutter your workspace with this stackable tape cutter & dispenser. This masking tape dispenser holds multiple rolls securely—keep your most-used tapes in the middle tier to easily tear exact lengths with one hand. 【STACKABLE SPACE SAVING DESIGN】 Stack multiple units vertically to store more rolls without taking up extra desk space. This modular masking tape dispenser lets you expand your desktop storage capacity upward as your collection of masking and washi tape grows. 【INTEGRATED DUAL CUTTING TEETH】 The built-in masking tape cutter features two rows of cutting teeth in different specifications to handle both thick paper and thin plastic tapes. Simply pull and press down to tear the exact length you need cleanly—no scissors required. 【WIDE COMPATIBILITY WITH ROLLS】 This versatile tape cutter & dispenser fits most standard masking tape, painter's tape, sticker rolls, and washi tape available on the market. It easily accommodates different roll widths, making it a highly adaptable addition to your workbench. 【ORGANIZED AND ACCESSIBLE WORKSPACE】 Keep your work area organized and free of loose rolls. This convenient desktop organizer for washi tape and sticker rolls keeps every roll upright, accessible, and ready for immediate use during your model building or crafting sessions.",https://artgoldenmaple.com/products/masking-washi-tape-dispenser-organizer?variant=53605496094944,https://cdn.shopify.com/s/files/1/0631/8053/8080/files/TapeCutter_Dispenser_DesktopOrganizerforWashiTape_MaskingTape_StickerRolls_8.jpg?v=1784108791,,,,https://www.awin1.com/cread.php?awinmid=124092&awinaffid=3002879&ued=https%3A%2F%2Fartgoldenmaple.com%2Fproducts%2Fmasking-washi-tape-dispenser-organizer%3Fvariant%3D53605496094944,,"Office Supplies > Office Instruments > Tape Dispensers",,,P-WS-QGSCL01,goldenmaple,1,out_of_stock,,,"9.99 USD",,,,,,,,new,,,,,,,,,,,,,,,,,,,,,,,,,,,,,,,,
124092,"Golden Maple",53606421922016,"Tape Cutter & Dispenser – Desktop Organizer for Washi Tape, Masking Tape & Sticker Rolls - Tape Cutter+	0.8cm Masking Tape","Hobbyist's Tip Declutter your workspace with this stackable tape cutter & dispenser. This masking tape dispenser holds multiple rolls securely—keep your most-used tapes in the middle tier to easily tear exact lengths with one hand. 【STACKABLE SPACE SAVING DESIGN】 Stack multiple units vertically to store more rolls without taking up extra desk space. This modular masking tape dispenser lets you expand your desktop storage capacity upward as your collection of masking and washi tape grows. 【INTEGRATED DUAL CUTTING TEETH】 The built-in masking tape cutter features two rows of cutting teeth in different specifications to handle both thick paper and thin plastic tapes. Simply pull and press down to tear the exact length you need cleanly—no scissors required. 【WIDE COMPATIBILITY WITH ROLLS】 This versatile tape cutter & dispenser fits most standard masking tape, painter's tape, sticker rolls, and washi tape available on the market. It easily accommodates different roll widths, making it a highly adaptable addition to your workbench. 【ORGANIZED AND ACCESSIBLE WORKSPACE】 Keep your work area organized and free of loose rolls. This convenient desktop organizer for washi tape and sticker rolls keeps every roll upright, accessible, and ready for immediate use during your model building or crafting sessions.",https://artgoldenmaple.com/products/masking-washi-tape-dispenser-organizer?variant=53606421922016,https://cdn.shopify.com/s/files/1/0631/8053/8080/files/0.8.jpg?v=1784861454,,,,https://www.awin1.com/cread.php?awinmid=124092&awinaffid=3002879&ued=https%3A%2F%2Fartgoldenmaple.com%2Fproducts%2Fmasking-washi-tape-dispenser-organizer%3Fvariant%3D53606421922016,,"Office Supplies > Office Instruments > Tape Dispensers",,,C-WS-ZHSCL01,goldenmaple,1,out_of_stock,,,"18.99 USD",,,,,,,,new,,,,,,,,,,,,,,,,,,,,,,,,,,,,,,,,
124092,"Golden Maple",53606421954784,"Tape Cutter & Dispenser – Desktop Organizer for Washi Tape, Masking Tape & Sticker Rolls - Tape Cutter+	1cm Masking Tape","Hobbyist's Tip Declutter your workspace with this stackable tape cutter & dispenser. This masking tape dispenser holds multiple rolls securely—keep your most-used tapes in the middle tier to easily tear exact lengths with one hand. 【STACKABLE SPACE SAVING DESIGN】 Stack multiple units vertically to store more rolls without taking up extra desk space. This modular masking tape dispenser lets you expand your desktop storage capacity upward as your collection of masking and washi tape grows. 【INTEGRATED DUAL CUTTING TEETH】 The built-in masking tape cutter features two rows of cutting teeth in different specifications to handle both thick paper and thin plastic tapes. Simply pull and press down to tear the exact length you need cleanly—no scissors required. 【WIDE COMPATIBILITY WITH ROLLS】 This versatile tape cutter & dispenser fits most standard masking tape, painter's tape, sticker rolls, and washi tape available on the market. It easily accommodates different roll widths, making it a highly adaptable addition to your workbench. 【ORGANIZED AND ACCESSIBLE WORKSPACE】 Keep your work area organized and free of loose rolls. This convenient desktop organizer for washi tape and sticker rolls keeps every roll upright, accessible, and ready for immediate use during your model building or crafting sessions.",https://artgoldenmaple.com/products/masking-washi-tape-dispenser-organizer?variant=53606421954784,https://cdn.shopify.com/s/files/1/0631/8053/8080/files/1_d703482b-02ae-4ff9-8a31-21f46b99fb36.jpg?v=1784861453,,,,https://www.awin1.com/cread.php?awinmid=124092&awinaffid=3002879&ued=https%3A%2F%2Fartgoldenmaple.com%2Fproducts%2Fmasking-washi-tape-dispenser-organizer%3Fvariant%3D53606421954784,,"Office Supplies > Office Instruments > Tape Dispensers",,,C-WS-ZHSCL02,goldenmaple,1,out_of_stock,,,"18.99 USD",,,,,,,,new,,,,,,,,,,,,,,,,,,,,,,,,,,,,,,,,
124092,"Golden Maple",53606421987552,"Tape Cutter & Dispenser – Desktop Organizer for Washi Tape, Masking Tape & Sticker Rolls - Tape Cutter+	1.2cm Masking Tape","Hobbyist's Tip Declutter your workspace with this stackable tape cutter & dispenser. This masking tape dispenser holds multiple rolls securely—keep your most-used tapes in the middle tier to easily tear exact lengths with one hand. 【STACKABLE SPACE SAVING DESIGN】 Stack multiple units vertically to store more rolls without taking up extra desk space. This modular masking tape dispenser lets you expand your desktop storage capacity upward as your collection of masking and washi tape grows. 【INTEGRATED DUAL CUTTING TEETH】 The built-in masking tape cutter features two rows of cutting teeth in different specifications to handle both thick paper and thin plastic tapes. Simply pull and press down to tear the exact length you need cleanly—no scissors required. 【WIDE COMPATIBILITY WITH ROLLS】 This versatile tape cutter & dispenser fits most standard masking tape, painter's tape, sticker rolls, and washi tape available on the market. It easily accommodates different roll widths, making it a highly adaptable addition to your workbench. 【ORGANIZED AND ACCESSIBLE WORKSPACE】 Keep your work area organized and free of loose rolls. This convenient desktop organizer for washi tape and sticker rolls keeps every roll upright, accessible, and ready for immediate use during your model building or crafting sessions.",https://artgoldenmaple.com/products/masking-washi-tape-dispenser-organizer?variant=53606421987552,https://cdn.shopify.com/s/files/1/0631/8053/8080/files/1.2.jpg?v=1784861453,,,,https://www.awin1.com/cread.php?awinmid=124092&awinaffid=3002879&ued=https%3A%2F%2Fartgoldenmaple.com%2Fproducts%2Fmasking-washi-tape-dispenser-organizer%3Fvariant%3D53606421987552,,"Office Supplies > Office Instruments > Tape Dispensers",,,C-WS-ZHSCL03,goldenmaple,1,out_of_stock,,,"18.99 USD",,,,,,,,new,,,,,,,,,,,,,,,,,,,,,,,,,,,,,,,,
124092,"Golden Maple",53620811268320,"Silver NMM (Non Metallic Metal) Color Miniature Paint Set: 6 Bottles x 20 ml","Artist's Tip Use this silver NMM paint set straight from the bottle for base coating, or dilute it with water for glazes. This 6-color set simplifies non-metallic metal paint techniques by providing pre-sorted highlights, midtones, and shadow shades. 【SILVER NMM PAINT SET SHADES】 This specialized silver NMM paint set features six coordinated colors: GMM.001 and GMM.008 for highlights, GMM.009 and GMM.010 for midtones, and GMM.011 and GMM.012 for shadows. This high-quality selection is suitable for painters of all experience levels. 【FLUID NMM ACRYLIC PAINT FORMULA】 Our NMM acrylic paint is formulated with a fluid, naturally thin consistency rather than a heavy, thick texture. This smooth flow makes it highly effective for seamless color transitions, glazing, and wet-blending without leaving harsh brush marks. 【VERSATILE SURFACE COVERAGE】 This non-metallic metal paint is suitable for both brush painting and airbrushing. It provides smooth coverage over primed surfaces on 3D prints, wood, plastic, resin, and metal scale models. 【AIRTIGHT BOTTLE PROTECTION】 The leak-proof airtight cap provides a secure seal to prevent air from entering. This keeps your acrylic paint set fresh and prevents the color from drying out, thickening, or clumping inside the bottle. 【COMPACT 20ML CAPACITY BOTTLES】 Each set features compact 20ml bottles that offer a practical volume for multiple projects. With a height comparable to a standard lipstick, these bottles store neatly in your miniature painting set organizer while supplying ample paint.",https://artgoldenmaple.com/products/silver-nmm-miniature-paint-set?variant=53620811268320,https://cdn.shopify.com/s/files/1/0631/8053/8080/files/SilverNMM_NonMetallicMetal_ColorMiniaturePaintSet6Bottlesx20ml_1.jpg?v=1784775250,,,,https://www.awin1.com/cread.php?awinmid=124092&awinaffid=3002879&ued=https%3A%2F%2Fartgoldenmaple.com%2Fproducts%2Fsilver-nmm-miniature-paint-set%3Fvariant%3D53620811268320,,,,,C-WS-YLB0601,goldenmaple,1,out_of_stock,,,"23.99 USD",,,,,,,,new,,,,,,,,,,,,,,,,,,,,,,,,,,,,,,,,
124092,"Golden Maple",53756877144288,"81-Hole Wooden Paint Rack Organizer for Miniature Paints - Premium - Natural","Keep your miniature paint collection perfectly organized and within easy reach. Crafted from premium 5mm thickened engineered pine wood, this space-saving paint rack holds up to 81 paint bottles while taking up minimal desktop space. UPGRADED 5MM THICKENED COMPOSITE PINE WOOD Built with 5mm thick composite pine wood boards, this upgraded paint storage rack offers superior durability and resistance to warping. The smooth finish adds a clean aesthetic to your hobby workbench, free from harsh chemical odors. LARGE CAPACITY & PERFECT FIT (81 SLOTS) Designed specifically for miniature painting hobbyists, this paint bottle holder features 81 individual compartments (each measuring 2.6 cm x 2.6 cm / 1"" x 1""). It comfortably accommodates standard 26mm paint bottles from popular brands like Vallejo, Citadel, Golden Maple, Apple Barrel, and FolkArt. DUAL-ANGLE DISPLAY & COMPACT FOOTPRINT Measuring 32 cm x 39 cm (12.6"" x 15.4""), this compact desktop paint organizer maximizes your vertical storage. For ultimate flexibility, it features dual positioning options: ● Upright Standing: Features a unique wave-shaped bottom base for extra stability on your desk. ● Lying Flat: Lay it horizontally on a shelf or drawer to fit your preferred workspace layout. EASY ASSEMBLY WITH RUBBER RINGS Quick slot-together assembly with no glue or tools needed. Includes durable rubber rings to secure joints, while the two-piece backboard adds maximum structure support.",https://artgoldenmaple.com/products/81-hole-wooden-miniature-paint-rack?variant=53756877144288,https://cdn.shopify.com/s/files/1/0631/8053/8080/files/81holes_1.jpg?v=1785466830,,,,https://www.awin1.com/cread.php?awinmid=124092&awinaffid=3002879&ued=https%3A%2F%2Fartgoldenmaple.com%2Fproducts%2F81-hole-wooden-miniature-paint-rack%3Fvariant%3D53756877144288,,"Arts & Entertainment > Hobbies & Creative Arts > Arts & Crafts > Craft Organisation",,,C-WS-JCMKH02,goldenmaple,1,out_of_stock,,,"49.99 USD",,,,,,,,new,,,,,,,,,,,,,,,,,,,,,,,,,,,,,,,,
124092,"Golden Maple",53756877111520,"81-Hole Wooden Paint Rack Organizer for Miniature Paints - Standard - Walnut Color","Keep your miniature paint collection perfectly organized and within easy reach. Crafted from premium 5mm thickened engineered pine wood, this space-saving paint rack holds up to 81 paint bottles while taking up minimal desktop space. UPGRADED 5MM THICKENED COMPOSITE PINE WOOD Built with 5mm thick composite pine wood boards, this upgraded paint storage rack offers superior durability and resistance to warping. The smooth finish adds a clean aesthetic to your hobby workbench, free from harsh chemical odors. LARGE CAPACITY & PERFECT FIT (81 SLOTS) Designed specifically for miniature painting hobbyists, this paint bottle holder features 81 individual compartments (each measuring 2.6 cm x 2.6 cm / 1"" x 1""). It comfortably accommodates standard 26mm paint bottles from popular brands like Vallejo, Citadel, Golden Maple, Apple Barrel, and FolkArt. DUAL-ANGLE DISPLAY & COMPACT FOOTPRINT Measuring 32 cm x 39 cm (12.6"" x 15.4""), this compact desktop paint organizer maximizes your vertical storage. For ultimate flexibility, it features dual positioning options: ● Upright Standing: Features a unique wave-shaped bottom base for extra stability on your desk. ● Lying Flat: Lay it horizontally on a shelf or drawer to fit your preferred workspace layout. EASY ASSEMBLY WITH RUBBER RINGS Quick slot-together assembly with no glue or tools needed. Includes durable rubber rings to secure joints, while the two-piece backboard adds maximum structure support.",https://artgoldenmaple.com/products/81-hole-wooden-miniature-paint-rack?variant=53756877111520,https://cdn.shopify.com/s/files/1/0631/8053/8080/files/81holoes.jpg?v=1785466830,,,,https://www.awin1.com/cread.php?awinmid=124092&awinaffid=3002879&ued=https%3A%2F%2Fartgoldenmaple.com%2Fproducts%2F81-hole-wooden-miniature-paint-rack%3Fvariant%3D53756877111520,,"Arts & Entertainment > Hobbies & Creative Arts > Arts & Crafts > Craft Organisation",,,WS-JC-YLJ-ZH-1,goldenmaple,1,out_of_stock,,,"39.99 USD",,,,,,,,new,,,,,,,,,,,,,,,,,,,,,,,,,,,,,,,,
124092,"Golden Maple",53924190879968,"Ergonomic Painting Handle with 5 Magnetic Clamp Heads – Perfect for Warhammer, D&D & Scale Models - Painting Handle+Strong Magnet Upgrade – Black Red","Enhance your miniature painting experience with our Ergonomic Painting Handle, featuring a Strong Magnetic Clamping System. Suitable for Warhammer, D&D, and scale models, this tool aims to provide precision, comfort, and secure model holding. 【Stable Painting Control】An integrated metal bracket offers an anti-shake design, contributing to more stable detail painting and precision model work. 【360° Rotational Access】The 360° rotatable cap allows for easy adjustment of your model's position, helping to make miniature painting more convenient. 【5 Secure Magnetic Clamp Heads】Our strong magnetic clamping system provides a reliable, glue-free grip. These adjustable clamps aim to securely hold most small miniatures, reducing the risk of drops and wobbles often associated with alternative methods. Includes 5 replacement clamp heads for efficient model changing during batch painting or when working on multiple miniatures. 【Versatile Handle & Stand】The detachable base can function as an extendable handle or convert into a useful painting stand. This offers adaptability for various painting preferences and setups. 【Enhanced Stability & Comfort】Internal magnets contribute to the overall stability of the holder during use. An ergonomic grip with a raised ring is designed to provide comfort and help manage moisture during longer painting sessions.",https://artgoldenmaple.com/products/ergonomic-painting-handle-magnetic-clamp-set?variant=53924190879968,https://cdn.shopify.com/s/files/1/0631/8053/8080/files/Black.jpg?v=1786419106,,,,https://www.awin1.com/cread.php?awinmid=124092&awinaffid=3002879&ued=https%3A%2F%2Fartgoldenmaple.com%2Fproducts%2Fergonomic-painting-handle-magnetic-clamp-set%3Fvariant%3D53924190879968,,"Arts & Entertainment > Hobbies & Creative Arts > Arts & Crafts > Art & Crafting Tools",,,C-WS-MZSBQCXBR01,goldenmaple,1,out_of_stock,,,"37.99 USD",,,,,,,,new,,,,,,,,,,,,,,,,,,,,,,,,,,,,,,,,
124092,"Golden Maple",53924190912736,"Ergonomic Painting Handle with 5 Magnetic Clamp Heads – Perfect for Warhammer, D&D & Scale Models - Painting Handle+Strong Magnet Upgrade – Pink Blue","Enhance your miniature painting experience with our Ergonomic Painting Handle, featuring a Strong Magnetic Clamping System. Suitable for Warhammer, D&D, and scale models, this tool aims to provide precision, comfort, and secure model holding. 【Stable Painting Control】An integrated metal bracket offers an anti-shake design, contributing to more stable detail painting and precision model work. 【360° Rotational Access】The 360° rotatable cap allows for easy adjustment of your model's position, helping to make miniature painting more convenient. 【5 Secure Magnetic Clamp Heads】Our strong magnetic clamping system provides a reliable, glue-free grip. These adjustable clamps aim to securely hold most small miniatures, reducing the risk of drops and wobbles often associated with alternative methods. Includes 5 replacement clamp heads for efficient model changing during batch painting or when working on multiple miniatures. 【Versatile Handle & Stand】The detachable base can function as an extendable handle or convert into a useful painting stand. This offers adaptability for various painting preferences and setups. 【Enhanced Stability & Comfort】Internal magnets contribute to the overall stability of the holder during use. An ergonomic grip with a raised ring is designed to provide comfort and help manage moisture during longer painting sessions.",https://artgoldenmaple.com/products/ergonomic-painting-handle-magnetic-clamp-set?variant=53924190912736,https://cdn.shopify.com/s/files/1/0631/8053/8080/files/ErgonomicPaintingHandle_1.jpg?v=1786418790,,,,https://www.awin1.com/cread.php?awinmid=124092&awinaffid=3002879&ued=https%3A%2F%2Fartgoldenmaple.com%2Fproducts%2Fergonomic-painting-handle-magnetic-clamp-set%3Fvariant%3D53924190912736,,"Arts & Entertainment > Hobbies & Creative Arts > Arts & Crafts > Art & Crafting Tools",,,C-WS-MZSBQCXBL01,goldenmaple,1,out_of_stock,,,"37.99 USD",,,,,,,,new,,,,,,,,,,,,,,,,,,,,,,,,,,,,,,,,
124092,"Golden Maple",53924190945504,"Ergonomic Painting Handle with 5 Magnetic Clamp Heads – Perfect for Warhammer, D&D & Scale Models - Painting Handle+Strong Magnet Upgrade – Neon Green","Enhance your miniature painting experience with our Ergonomic Painting Handle, featuring a Strong Magnetic Clamping System. Suitable for Warhammer, D&D, and scale models, this tool aims to provide precision, comfort, and secure model holding. 【Stable Painting Control】An integrated metal bracket offers an anti-shake design, contributing to more stable detail painting and precision model work. 【360° Rotational Access】The 360° rotatable cap allows for easy adjustment of your model's position, helping to make miniature painting more convenient. 【5 Secure Magnetic Clamp Heads】Our strong magnetic clamping system provides a reliable, glue-free grip. These adjustable clamps aim to securely hold most small miniatures, reducing the risk of drops and wobbles often associated with alternative methods. Includes 5 replacement clamp heads for efficient model changing during batch painting or when working on multiple miniatures. 【Versatile Handle & Stand】The detachable base can function as an extendable handle or convert into a useful painting stand. This offers adaptability for various painting preferences and setups. 【Enhanced Stability & Comfort】Internal magnets contribute to the overall stability of the holder during use. An ergonomic grip with a raised ring is designed to provide comfort and help manage moisture during longer painting sessions.",https://artgoldenmaple.com/products/ergonomic-painting-handle-magnetic-clamp-set?variant=53924190945504,https://cdn.shopify.com/s/files/1/0631/8053/8080/files/Green.jpg?v=1786419106,,,,https://www.awin1.com/cread.php?awinmid=124092&awinaffid=3002879&ued=https%3A%2F%2Fartgoldenmaple.com%2Fproducts%2Fergonomic-painting-handle-magnetic-clamp-set%3Fvariant%3D53924190945504,,"Arts & Entertainment > Hobbies & Creative Arts > Arts & Crafts > Art & Crafting Tools",,,C-WS-MZSBQCXYG01,goldenmaple,1,out_of_stock,,,"37.99 USD",,,,,,,,new,,,,,,,,,,,,,,,,,,,,,,,,,,,,,,,,
124092,"Golden Maple",53981448339680,"Ergonomic Painting Handle with 5 Magnetic Clamp Heads – Perfect for Warhammer, D&D & Scale Models - Strong Magnet Upgrade – Black Red","Enhance your miniature painting experience with our Ergonomic Painting Handle, featuring a Strong Magnetic Clamping System. Suitable for Warhammer, D&D, and scale models, this tool aims to provide precision, comfort, and secure model holding. 【Stable Painting Control】An integrated metal bracket offers an anti-shake design, contributing to more stable detail painting and precision model work. 【360° Rotational Access】The 360° rotatable cap allows for easy adjustment of your model's position, helping to make miniature painting more convenient. 【5 Secure Magnetic Clamp Heads】Our strong magnetic clamping system provides a reliable, glue-free grip. These adjustable clamps aim to securely hold most small miniatures, reducing the risk of drops and wobbles often associated with alternative methods. Includes 5 replacement clamp heads for efficient model changing during batch painting or when working on multiple miniatures. 【Versatile Handle & Stand】The detachable base can function as an extendable handle or convert into a useful painting stand. This offers adaptability for various painting preferences and setups. 【Enhanced Stability & Comfort】Internal magnets contribute to the overall stability of the holder during use. An ergonomic grip with a raised ring is designed to provide comfort and help manage moisture during longer painting sessions.",https://artgoldenmaple.com/products/ergonomic-painting-handle-magnetic-clamp-set?variant=53981448339680,https://cdn.shopify.com/s/files/1/0631/8053/8080/files/Grip_Head_5pcs_2.jpg?v=1783912060,,,,https://www.awin1.com/cread.php?awinmid=124092&awinaffid=3002879&ued=https%3A%2F%2Fartgoldenmaple.com%2Fproducts%2Fergonomic-painting-handle-magnetic-clamp-set%3Fvariant%3D53981448339680,,"Arts & Entertainment > Hobbies & Creative Arts > Arts & Crafts > Art & Crafting Tools",,,C-WS-QCXBR01,goldenmaple,1,out_of_stock,,,"20.99 USD",,,,,,,,new,,,,,,,,,,,,,,,,,,,,,,,,,,,,,,,,
124092,"Golden Maple",53981448372448,"Ergonomic Painting Handle with 5 Magnetic Clamp Heads – Perfect for Warhammer, D&D & Scale Models - Strong Magnet Upgrade – Pink Blue","Enhance your miniature painting experience with our Ergonomic Painting Handle, featuring a Strong Magnetic Clamping System. Suitable for Warhammer, D&D, and scale models, this tool aims to provide precision, comfort, and secure model holding. 【Stable Painting Control】An integrated metal bracket offers an anti-shake design, contributing to more stable detail painting and precision model work. 【360° Rotational Access】The 360° rotatable cap allows for easy adjustment of your model's position, helping to make miniature painting more convenient. 【5 Secure Magnetic Clamp Heads】Our strong magnetic clamping system provides a reliable, glue-free grip. These adjustable clamps aim to securely hold most small miniatures, reducing the risk of drops and wobbles often associated with alternative methods. Includes 5 replacement clamp heads for efficient model changing during batch painting or when working on multiple miniatures. 【Versatile Handle & Stand】The detachable base can function as an extendable handle or convert into a useful painting stand. This offers adaptability for various painting preferences and setups. 【Enhanced Stability & Comfort】Internal magnets contribute to the overall stability of the holder during use. An ergonomic grip with a raised ring is designed to provide comfort and help manage moisture during longer painting sessions.",https://artgoldenmaple.com/products/ergonomic-painting-handle-magnetic-clamp-set?variant=53981448372448,https://cdn.shopify.com/s/files/1/0631/8053/8080/files/Grip_Head_5pcs_3.jpg?v=1783912059,,,,https://www.awin1.com/cread.php?awinmid=124092&awinaffid=3002879&ued=https%3A%2F%2Fartgoldenmaple.com%2Fproducts%2Fergonomic-painting-handle-magnetic-clamp-set%3Fvariant%3D53981448372448,,"Arts & Entertainment > Hobbies & Creative Arts > Arts & Crafts > Art & Crafting Tools",,,C-WS-QCXBL01,goldenmaple,1,out_of_stock,,,"20.99 USD",,,,,,,,new,,,,,,,,,,,,,,,,,,,,,,,,,,,,,,,,
124092,"Golden Maple",53981448405216,"Ergonomic Painting Handle with 5 Magnetic Clamp Heads – Perfect for Warhammer, D&D & Scale Models - Strong Magnet Upgrade – Neon Green","Enhance your miniature painting experience with our Ergonomic Painting Handle, featuring a Strong Magnetic Clamping System. Suitable for Warhammer, D&D, and scale models, this tool aims to provide precision, comfort, and secure model holding. 【Stable Painting Control】An integrated metal bracket offers an anti-shake design, contributing to more stable detail painting and precision model work. 【360° Rotational Access】The 360° rotatable cap allows for easy adjustment of your model's position, helping to make miniature painting more convenient. 【5 Secure Magnetic Clamp Heads】Our strong magnetic clamping system provides a reliable, glue-free grip. These adjustable clamps aim to securely hold most small miniatures, reducing the risk of drops and wobbles often associated with alternative methods. Includes 5 replacement clamp heads for efficient model changing during batch painting or when working on multiple miniatures. 【Versatile Handle & Stand】The detachable base can function as an extendable handle or convert into a useful painting stand. This offers adaptability for various painting preferences and setups. 【Enhanced Stability & Comfort】Internal magnets contribute to the overall stability of the holder during use. An ergonomic grip with a raised ring is designed to provide comfort and help manage moisture during longer painting sessions.",https://artgoldenmaple.com/products/ergonomic-painting-handle-magnetic-clamp-set?variant=53981448405216,https://cdn.shopify.com/s/files/1/0631/8053/8080/files/Grip_Head_5pcs_4.jpg?v=1783912060,,,,https://www.awin1.com/cread.php?awinmid=124092&awinaffid=3002879&ued=https%3A%2F%2Fartgoldenmaple.com%2Fproducts%2Fergonomic-painting-handle-magnetic-clamp-set%3Fvariant%3D53981448405216,,"Arts & Entertainment > Hobbies & Creative Arts > Arts & Crafts > Art & Crafting Tools",,,C-WS-QCXYG01,goldenmaple,1,out_of_stock,,,"20.99 USD",,,,,,,,new,,,,,,,,,,,,,,,,,,,,,,,,,,,,,,,,
124092,"Golden Maple",53937133879520,"Yellow 360° Ergonomic Sandalwood Painting Handle with Stable Base - Yellow","Meet the painting handle that fixes all of it. Crafted from natural Sandalwood, this handle gives you a non-slip grip that actually breathes with your hand – no more sweaty palms, no more winter chills. The stability-focused base is deliberately weighted and widened so your miniature stays put, even if you accidentally bump the table. 360° rotatable setting cap lets you reach every angle without touching wet paint. And the built-in strong magnets lock your miniature in place – no wobble, no shifting, just pure control.",https://artgoldenmaple.com/products/360-ergonomic-sandalwood-painting-handle-with-stable-base-yellow?variant=53937133879520,https://cdn.shopify.com/s/files/1/0631/8053/8080/files/360_Ergonomic_Sandalwood_Painting_Handle_with_Stable_Base_Yellow_1_Yellow.jpg?v=1778146142,,,,https://www.awin1.com/cread.php?awinmid=124092&awinaffid=3002879&ued=https%3A%2F%2Fartgoldenmaple.com%2Fproducts%2F360-ergonomic-sandalwood-painting-handle-with-stable-base-yellow%3Fvariant%3D53937133879520,,,,,C-WS-SBWHT01,goldenmaple,1,out_of_stock,,,"33.99 USD",,,,,,,,new,,,,,,,,,,,,,,,,,,,,,,,,,,,,,,,,
124092,"Golden Maple",53937133846752,"Yellow 360° Ergonomic Sandalwood Painting Handle with Stable Base - Purple-black","Meet the painting handle that fixes all of it. Crafted from natural Sandalwood, this handle gives you a non-slip grip that actually breathes with your hand – no more sweaty palms, no more winter chills. The stability-focused base is deliberately weighted and widened so your miniature stays put, even if you accidentally bump the table. 360° rotatable setting cap lets you reach every angle without touching wet paint. And the built-in strong magnets lock your miniature in place – no wobble, no shifting, just pure control.",https://artgoldenmaple.com/products/360-ergonomic-sandalwood-painting-handle-with-stable-base-yellow?variant=53937133846752,https://cdn.shopify.com/s/files/1/0631/8053/8080/files/ErgonomicSandalwoodPaintingHandle_PerfectforWarhammer_D_D_ScaleModels_1_Purple-black.jpg?v=1778145468,,,,https://www.awin1.com/cread.php?awinmid=124092&awinaffid=3002879&ued=https%3A%2F%2Fartgoldenmaple.com%2Fproducts%2F360-ergonomic-sandalwood-painting-handle-with-stable-base-yellow%3Fvariant%3D53937133846752,,,,,C-WS-SBZGT01,goldenmaple,1,out_of_stock,,,"33.99 USD",,,,,,,,new,,,,,,,,,,,,,,,,,,,,,,,,,,,,,,,,
124092,"Golden Maple",54327708614880,"Series 1 | Game Color Miniature Paint Set: 16 Bottles x 20 ml","ARTIST'S TIPIdeal for detailed painting and layering. For best results, avoid excessive water when applying heavy wet-on-wet techniques on fantasy models. [COMPREHENSIVE COLOR SELECTION]This set features 16 essential shades covering armor metallics, flesh tones, leather, and fabric. A complete miniature paint solution to start painting immediately without missing key colors. [HIGHLY PIGMENTED ACRYLIC FORMULA]Formulated with concentrated pigments for bold coverage and smooth flow. These acrylic paints maintain rich vibrancy during base coating and fine detailing, even when thinned. [VERSATILE FOR ALL TECHNIQUES]Perfect for both speed painting and meticulous layering. Delivers consistent performance across all wargaming miniatures and tabletop figures. [CUSTOM COLOR BLENDING]Includes 2 empty mixing bottles to blend unique shades and build a personalized palette for your army without extra purchases. [ALL-IN-ONE MINIATURE PAINT SET]The new Game Color Series delivers a high-performance experience. Includes 16 concentrated 20 ml paints to cover every step from base coats to fine detail work.",https://artgoldenmaple.com/products/series-1-game-color-miniature-paint-set?variant=54327708614880,https://cdn.shopify.com/s/files/1/0631/8053/8080/files/Series1GameColorMiniaturePaintSet16Bottlesx20ml_1.jpg?v=1787299669,,,,https://www.awin1.com/cread.php?awinmid=124092&awinaffid=3002879&ued=https%3A%2F%2Fartgoldenmaple.com%2Fproducts%2Fseries-1-game-color-miniature-paint-set%3Fvariant%3D54327708614880,,,,,C-WS-YLX1601,goldenmaple,1,out_of_stock,,,"25.99 USD",,,,,,,,new,,,,,,,,,,,,,,,,,,,,,,,,,,,,,,,,
124092,"Golden Maple",54327715561696,"Series 2 | Game Color Miniature Paint Set: 16 Bottles x 20 ml","ARTIST'S TIPIdeal for detailed painting and layering. For best results, avoid excessive water when applying heavy wet-on-wet techniques on fantasy models. [COMPREHENSIVE COLOR SELECTION]This set features 16 essential shades covering armor metallics, flesh tones, leather, and fabric. A complete miniature paint solution to start painting immediately without missing key colors. [HIGHLY PIGMENTED ACRYLIC FORMULA]Formulated with concentrated pigments for bold coverage and smooth flow. These acrylic paints maintain rich vibrancy during base coating and fine detailing, even when thinned. [VERSATILE FOR ALL TECHNIQUES]Perfect for both speed painting and meticulous layering. Delivers consistent performance across all wargaming miniatures and tabletop figures. [CUSTOM COLOR BLENDING]Includes 2 empty mixing bottles to blend unique shades and build a personalized palette for your army without extra purchases. [ALL-IN-ONE MINIATURE PAINT SET]The new Game Color Series delivers a high-performance experience. Includes 16 concentrated 20 ml paints to cover every step from base coats to fine detail work.",https://artgoldenmaple.com/products/series-2-game-color-miniature-paint-set?variant=54327715561696,https://cdn.shopify.com/s/files/1/0631/8053/8080/files/Series2GameColorMiniaturePaintSet16Bottlesx20ml_9.jpg?v=1787300031,,,,https://www.awin1.com/cread.php?awinmid=124092&awinaffid=3002879&ued=https%3A%2F%2Fartgoldenmaple.com%2Fproducts%2Fseries-2-game-color-miniature-paint-set%3Fvariant%3D54327715561696,,,,,C-WS-YLX1602,goldenmaple,1,out_of_stock,,,"25.99 USD",,,,,,,,new,,,,,,,,,,,,,,,,,,,,,,,,,,,,,,,,
