data_feed_id,merchant_id,merchant_name,aw_product_id,aw_deep_link,aw_image_url,aw_thumb_url,category_id,category_name,brand_id,brand_name,merchant_product_id,merchant_category,upc,isbn,model_number,product_name,description,merchant_deep_link,merchant_thumb_url,merchant_image_url,search_price,rrp_price,commission_group,keywords,custom_1,custom_2,custom_3,custom_4,custom_5,reviews,basket_link,product_short_description,merchant_product_second_category,merchant_product_third_category,stock_status
105368,109230,Tsarbomba,41882883891,https://www.awin1.com/pclick.php?p=41882883891&a=3002879&m=109230,https://images2.productserve.com/?w=200&h=200&bg=white&trim=5&t=letterbox&url=ssl%3Acdn.shopify.com%2Fs%2Ffiles%2F1%2F0540%2F8145%2F4255%2Ffiles%2F8204Q_8e219a74-f00f-4f39-bd35-49f30a73341b.png%3Fv%3D1724725312&feedId=105368&k=20d0ea1e055ef0900e00e2df80c7ea336add2d23,https://images2.productserve.com/?w=70&h=70&bg=white&trim=5&t=letterbox&url=ssl%3Acdn.shopify.com%2Fs%2Ffiles%2F1%2F0540%2F8145%2F4255%2Ffiles%2F4_f5287239-f41c-41d3-b140-eff6d15dd0e9.jpg%3Fv%3D1724725333%C3%AF%C2%BC%C5%92https%3A%2F%2Fcdn.shopify.com%2Fs%2Ffiles%2F1%2F0540%2F8145%2F4255%2Ffiles%2F8204Q-SBK-1.jpg%3Fv%3D1721201192&feedId=105368&k=3818a5e76ca5071d69c971a8e950eb61684ab5ba,544,"Men's Watches",,43mm*50.5mm*14mm,TB8204Q-31,TB8204Q-31,,,7.62704E+11,"Elemental Series-Calendar Version TB8204Q Silver Black","Stylish barrel-shaped quartz chronograph silver black watch with Japanese VK67 movement, 316L stainless steel case, sapphire crystal, 50m water resistance, A-grade lume, and silicone strap.",https://tsarbomba.com/products/tsarbomba8204q1?variant=40899441655983,https://cdn.shopify.com/s/files/1/0540/8145/4255/files/4_f5287239-f41c-41d3-b140-eff6d15dd0e9.jpg?v=1724725333ï¼Œhttps://cdn.shopify.com/s/files/1/0540/8145/4255/files/8204Q-SBK-1.jpg?v=1721201192,https://cdn.shopify.com/s/files/1/0540/8145/4255/files/8204Q_8e219a74-f00f-4f39-bd35-49f30a73341b.png?v=1724725312,219.99,219.99,21.999,,USD,"TSAR BOMBA WATCH",new,male,"Silver Black",,,,"Stylish barrel-shaped quartz chronograph silver black watch with Japanese VK67 movement, 316L stainless steel case, sapphire crystal, 50m water resistance, A-grade lume, and silicone strap.",,instock
105368,109230,Tsarbomba,41882883892,https://www.awin1.com/pclick.php?p=41882883892&a=3002879&m=109230,https://images2.productserve.com/?w=200&h=200&bg=white&trim=5&t=letterbox&url=ssl%3Acdn.shopify.com%2Fs%2Ffiles%2F1%2F0540%2F8145%2F4255%2Ffiles%2F11_b109c8a8-d4a5-41a3-bae6-2cd0082e1fb3.png%3Fv%3D1729565302&feedId=105368&k=342f7367d89e3e2487752b52fcfd147aba8031ee,https://images2.productserve.com/?w=70&h=70&bg=white&trim=5&t=letterbox&url=ssl%3Acdn.shopify.com%2Fs%2Ffiles%2F1%2F0540%2F8145%2F4255%2Ffiles%2F64.jpg%3Fv%3D1724725333%2Chttps%3A%2F%2Fcdn.shopify.com%2Fs%2Ffiles%2F1%2F0540%2F8145%2F4255%2Ffiles%2F60_6baba1a3-ddef-4426-ae4b-818b34408135.jpg%3Fv%3D1724725333&feedId=105368&k=0bce1576adaea349594dbbe21f520f654a5134a9,544,"Men's Watches",,43mm*50.5mm*14mm,TB8204Q-36,TB8204Q-36,,,7.62704E+11,"Elemental Series-Calendar Version TB8204Q Elite Blue","Stylish barrel-shaped quartz chronograph elite blue watch with Japanese VK67 movement, 316L stainless steel case, sapphire crystal, 50m water resistance, A-grade lume, and silicone strap.",https://tsarbomba.com/products/tsarbomba8204q1?variant=43777237876992,"https://cdn.shopify.com/s/files/1/0540/8145/4255/files/64.jpg?v=1724725333,https://cdn.shopify.com/s/files/1/0540/8145/4255/files/60_6baba1a3-ddef-4426-ae4b-818b34408135.jpg?v=1724725333",https://cdn.shopify.com/s/files/1/0540/8145/4255/files/11_b109c8a8-d4a5-41a3-bae6-2cd0082e1fb3.png?v=1729565302,219.99,219.99,21.999,,USD,"TSAR BOMBA WATCH",new,male,"Elite Blue",,,,"Stylish barrel-shaped quartz chronograph elite blue watch with Japanese VK67 movement, 316L stainless steel case, sapphire crystal, 50m water resistance, A-grade lume, and silicone strap.",,instock
105368,109230,Tsarbomba,41882883893,https://www.awin1.com/pclick.php?p=41882883893&a=3002879&m=109230,https://images2.productserve.com/?w=200&h=200&bg=white&trim=5&t=letterbox&url=ssl%3Acdn.shopify.com%2Fs%2Ffiles%2F1%2F0540%2F8145%2F4255%2Ffiles%2F10_67c5dd4c-3faa-4852-baae-805bd8c372d7.png%3Fv%3D1729565303&feedId=105368&k=d449536aed6007f3e499b50810a18a3ed0698e63,https://images2.productserve.com/?w=70&h=70&bg=white&trim=5&t=letterbox&url=ssl%3Acdn.shopify.com%2Fs%2Ffiles%2F1%2F0540%2F8145%2F4255%2Ffiles%2F8204_8af42317-273d-4e58-995d-a466042e4b09.jpg%3Fv%3D1724725333%2Chttps%3A%2F%2Fcdn.shopify.com%2Fs%2Ffiles%2F1%2F0540%2F8145%2F4255%2Ffiles%2F8204Q-SBL-2.jpg%3Fv%3D1721201192&feedId=105368&k=7b2bfda27cf964d6a3c1d643251c7077ec6e38a4,544,"Men's Watches",,43mm*50.5mm*15.5mm,TB8204Q-14,TB8204Q-14,,,7.17299E+11,"Elemental Series-Calendar Version TB8204Q Silver Blue","Stylish barrel-shaped quartz chronograph silver blue watch with Japanese VK67 movement, 316L stainless steel case, sapphire crystal, 50m water resistance, A-grade lume, and silicone strap.",https://tsarbomba.com/products/tsarbomba8204q1?variant=40899441590447,"https://cdn.shopify.com/s/files/1/0540/8145/4255/files/8204_8af42317-273d-4e58-995d-a466042e4b09.jpg?v=1724725333,https://cdn.shopify.com/s/files/1/0540/8145/4255/files/8204Q-SBL-2.jpg?v=1721201192",https://cdn.shopify.com/s/files/1/0540/8145/4255/files/10_67c5dd4c-3faa-4852-baae-805bd8c372d7.png?v=1729565303,219.99,219.99,21.999,,USD,"TSAR BOMBA WATCH",new,male,"Silver Blue",,,,"Stylish barrel-shaped quartz chronograph silver blue watch with Japanese VK67 movement, 316L stainless steel case, sapphire crystal, 50m water resistance, A-grade lume, and silicone strap.",,instock
105368,109230,Tsarbomba,41882883894,https://www.awin1.com/pclick.php?p=41882883894&a=3002879&m=109230,https://images2.productserve.com/?w=200&h=200&bg=white&trim=5&t=letterbox&url=ssl%3Acdn.shopify.com%2Fs%2Ffiles%2F1%2F0540%2F8145%2F4255%2Ffiles%2F9_c9ad9715-38b7-4c3c-bf79-00ccb598b697.png%3Fv%3D1729565302&feedId=105368&k=51e800314290f2bc43682ed1304639f6a88d36fd,https://images2.productserve.com/?w=70&h=70&bg=white&trim=5&t=letterbox&url=ssl%3Acdn.shopify.com%2Fs%2Ffiles%2F1%2F0540%2F8145%2F4255%2Ffiles%2F11_e8c6a6d5-53d4-4a3e-9f08-863bdc04c01a.jpg%3Fv%3D1724725333%2Chttps%3A%2F%2Fcdn.shopify.com%2Fs%2Ffiles%2F1%2F0540%2F8145%2F4255%2Ffiles%2F8204Q-SR-2.jpg%3Fv%3D1721201192&feedId=105368&k=9167829360490f6c9de7f770ea4dff6fc6989822,544,"Men's Watches",,43mm*50.5mm*14mm,TB8204Q-33,TB8204Q-33,,,7.62704E+11,"Elemental Series-Calendar Version TB8204Q Silver Red","Stylish barrel-shaped quartz chronograph silver red watch with Japanese VK67 movement, 316L stainless steel case, sapphire crystal, 50m water resistance, A-grade lume, and silicone strap.",https://tsarbomba.com/products/tsarbomba8204q1?variant=40899441623215,"https://cdn.shopify.com/s/files/1/0540/8145/4255/files/11_e8c6a6d5-53d4-4a3e-9f08-863bdc04c01a.jpg?v=1724725333,https://cdn.shopify.com/s/files/1/0540/8145/4255/files/8204Q-SR-2.jpg?v=1721201192",https://cdn.shopify.com/s/files/1/0540/8145/4255/files/9_c9ad9715-38b7-4c3c-bf79-00ccb598b697.png?v=1729565302,219.99,219.99,21.999,,USD,"TSAR BOMBA WATCH",new,male,"Silver Red",,,,"Stylish barrel-shaped quartz chronograph silver red watch with Japanese VK67 movement, 316L stainless steel case, sapphire crystal, 50m water resistance, A-grade lume, and silicone strap.",,instock
105368,109230,Tsarbomba,41882883895,https://www.awin1.com/pclick.php?p=41882883895&a=3002879&m=109230,https://images2.productserve.com/?w=200&h=200&bg=white&trim=5&t=letterbox&url=ssl%3Acdn.shopify.com%2Fs%2Ffiles%2F1%2F0540%2F8145%2F4255%2Ffiles%2F6_a002fb59-e406-41e4-9373-8163ce4a8483.png%3Fv%3D1729565302&feedId=105368&k=2ee768f8e983ff128dbd9bc22109d89797e1ab33,https://images2.productserve.com/?w=70&h=70&bg=white&trim=5&t=letterbox&url=ssl%3Acdn.shopify.com%2Fs%2Ffiles%2F1%2F0540%2F8145%2F4255%2Ffiles%2F14_ddf18dc8-a9f0-4232-b9b9-1f3ab7cf3bf8.jpg%3Fv%3D1724725333%2Chttps%3A%2F%2Fcdn.shopify.com%2Fs%2Ffiles%2F1%2F0540%2F8145%2F4255%2Ffiles%2F8204Q-GBK-2.jpg%3Fv%3D1721201192&feedId=105368&k=bce4a75d0b065f1956a24e9240341ccedd95bddf,544,"Men's Watches",,43mm*50.5mm*14mm,TB8204Q-35,TB8204Q-35,,,7.62704E+11,"Elemental Series-Calendar Version TB8204Q Golden Black","Stylish barrel-shaped quartz chronograph golden black watch with Japanese VK67 movement, 316L stainless steel case, sapphire crystal, 50m water resistance, A-grade lume, and silicone strap.",https://tsarbomba.com/products/tsarbomba8204q1?variant=40899441918127,"https://cdn.shopify.com/s/files/1/0540/8145/4255/files/14_ddf18dc8-a9f0-4232-b9b9-1f3ab7cf3bf8.jpg?v=1724725333,https://cdn.shopify.com/s/files/1/0540/8145/4255/files/8204Q-GBK-2.jpg?v=1721201192",https://cdn.shopify.com/s/files/1/0540/8145/4255/files/6_a002fb59-e406-41e4-9373-8163ce4a8483.png?v=1729565302,219.99,219.99,21.999,,USD,"TSAR BOMBA WATCH",new,male,"Golden Black",,,,"Stylish barrel-shaped quartz chronograph golden black watch with Japanese VK67 movement, 316L stainless steel case, sapphire crystal, 50m water resistance, A-grade lume, and silicone strap.",,instock
105368,109230,Tsarbomba,41882883896,https://www.awin1.com/pclick.php?p=41882883896&a=3002879&m=109230,https://images2.productserve.com/?w=200&h=200&bg=white&trim=5&t=letterbox&url=ssl%3Acdn.shopify.com%2Fs%2Ffiles%2F1%2F0540%2F8145%2F4255%2Ffiles%2F7_2445524c-a990-45c4-ab76-fd6fe70c0f7a.png%3Fv%3D1729565303&feedId=105368&k=0bed040108bf9aa518a2f6f4a85871eb0bbe8671,https://images2.productserve.com/?w=70&h=70&bg=white&trim=5&t=letterbox&url=ssl%3Acdn.shopify.com%2Fs%2Ffiles%2F1%2F0540%2F8145%2F4255%2Ffiles%2F22_bc700677-9e0c-447c-b42e-9f91e27c1281.jpg%3Fv%3D1724725333%2Chttps%3A%2F%2Fcdn.shopify.com%2Fs%2Ffiles%2F1%2F0540%2F8145%2F4255%2Ffiles%2F19_97b9733b-0383-4af7-bb2d-3895c0e0bf76.jpg%3Fv%3D1724725333&feedId=105368&k=3e0226507229f2fdeb98368017cd1b8729114a3d,544,"Men's Watches",,43mm*50.5mm*15.5mm,TB8204Q-05,TB8204Q-05,,,7.62704E+11,"Elemental Series-Calendar Version TB8204Q Golden Blue","Stylish barrel-shaped quartz chronograph golden blue watch with Japanese VK67 movement, 316L stainless steel case, sapphire crystal, 50m water resistance, A-grade lume, and silicone strap.",https://tsarbomba.com/products/tsarbomba8204q1?variant=40899441885359,"https://cdn.shopify.com/s/files/1/0540/8145/4255/files/22_bc700677-9e0c-447c-b42e-9f91e27c1281.jpg?v=1724725333,https://cdn.shopify.com/s/files/1/0540/8145/4255/files/19_97b9733b-0383-4af7-bb2d-3895c0e0bf76.jpg?v=1724725333",https://cdn.shopify.com/s/files/1/0540/8145/4255/files/7_2445524c-a990-45c4-ab76-fd6fe70c0f7a.png?v=1729565303,219.99,219.99,21.999,,USD,"TSAR BOMBA WATCH",new,male,"Golden Blue",,,,"Stylish barrel-shaped quartz chronograph golden blue watch with Japanese VK67 movement, 316L stainless steel case, sapphire crystal, 50m water resistance, A-grade lume, and silicone strap.",,instock
105368,109230,Tsarbomba,41882883897,https://www.awin1.com/pclick.php?p=41882883897&a=3002879&m=109230,https://images2.productserve.com/?w=200&h=200&bg=white&trim=5&t=letterbox&url=ssl%3Acdn.shopify.com%2Fs%2Ffiles%2F1%2F0540%2F8145%2F4255%2Ffiles%2F2_f1d6dd78-9f48-40f7-8455-3c3318b7f1bb.png%3Fv%3D1729565303&feedId=105368&k=c1945cd2ae7afbfdd494cfe553fe711419ecdc98,https://images2.productserve.com/?w=70&h=70&bg=white&trim=5&t=letterbox&url=ssl%3Acdn.shopify.com%2Fs%2Ffiles%2F1%2F0540%2F8145%2F4255%2Ffiles%2F26_30aa45a0-64f2-44b3-b64a-6a7efe92d495.jpg%3Fv%3D1724725333%2Chttps%3A%2F%2Fcdn.shopify.com%2Fs%2Ffiles%2F1%2F0540%2F8145%2F4255%2Ffiles%2F24_3cc62930-1454-4d63-b916-d3a1b8c2ac9e.jpg%3Fv%3D1724725333&feedId=105368&k=0f83ae455e82f8f8ee8e57e4e51c074c1aebbb92,544,"Men's Watches",,43mm*50.5mm*15.5mm,TB8204Q-12,TB8204Q-12,,,7.17021E+11,"Elemental Series-Calendar Version TB8204Q Black Orange","Stylish barrel-shaped quartz chronograph black orange watch with Japanese VK67 movement, 316L stainless steel case, sapphire crystal, 50m water resistance, A-grade lume, and silicone strap.",https://tsarbomba.com/products/tsarbomba8204q1?variant=40899441721519,"https://cdn.shopify.com/s/files/1/0540/8145/4255/files/26_30aa45a0-64f2-44b3-b64a-6a7efe92d495.jpg?v=1724725333,https://cdn.shopify.com/s/files/1/0540/8145/4255/files/24_3cc62930-1454-4d63-b916-d3a1b8c2ac9e.jpg?v=1724725333",https://cdn.shopify.com/s/files/1/0540/8145/4255/files/2_f1d6dd78-9f48-40f7-8455-3c3318b7f1bb.png?v=1729565303,219.99,219.99,21.999,,USD,"TSAR BOMBA WATCH",new,male,"Black Orange",,,,"Stylish barrel-shaped quartz chronograph black orange watch with Japanese VK67 movement, 316L stainless steel case, sapphire crystal, 50m water resistance, A-grade lume, and silicone strap.",,instock
105368,109230,Tsarbomba,41882883898,https://www.awin1.com/pclick.php?p=41882883898&a=3002879&m=109230,https://images2.productserve.com/?w=200&h=200&bg=white&trim=5&t=letterbox&url=ssl%3Acdn.shopify.com%2Fs%2Ffiles%2F1%2F0540%2F8145%2F4255%2Ffiles%2F8_d9da19f8-570c-4b04-89d2-31e400d0e7b9.png%3Fv%3D1729565303&feedId=105368&k=c6f626ade3793cfec7fcf5dbcfd72312424c964d,https://images2.productserve.com/?w=70&h=70&bg=white&trim=5&t=letterbox&url=ssl%3Acdn.shopify.com%2Fs%2Ffiles%2F1%2F0540%2F8145%2F4255%2Ffiles%2F31_dc35bc5b-f2f0-4813-90a7-aa3a9fc31a6e.jpg%3Fv%3D1724725333%2Chttps%3A%2F%2Fcdn.shopify.com%2Fs%2Ffiles%2F1%2F0540%2F8145%2F4255%2Ffiles%2F34_ad1acb4a-3596-435a-aa49-8e77bdb2029e.jpg%3Fv%3D1724725333&feedId=105368&k=c16ec091196757bdde7c511460f1b4ceb3e4c76f,544,"Men's Watches",,43mm*50.5mm*15.5mm,TB8204Q-11,TB8204Q-11,,,7.17299E+11,"Elemental Series-Calendar Version TB8204Q Silver Orange","Stylish barrel-shaped quartz chronograph silver orange watch with Japanese VK67 movement, 316L stainless steel case, sapphire crystal, 50m water resistance, A-grade lume, and silicone strap.",https://tsarbomba.com/products/tsarbomba8204q1?variant=40899441950895,"https://cdn.shopify.com/s/files/1/0540/8145/4255/files/31_dc35bc5b-f2f0-4813-90a7-aa3a9fc31a6e.jpg?v=1724725333,https://cdn.shopify.com/s/files/1/0540/8145/4255/files/34_ad1acb4a-3596-435a-aa49-8e77bdb2029e.jpg?v=1724725333",https://cdn.shopify.com/s/files/1/0540/8145/4255/files/8_d9da19f8-570c-4b04-89d2-31e400d0e7b9.png?v=1729565303,219.99,219.99,21.999,,USD,"TSAR BOMBA WATCH",new,male,"Silver Orange",,,,"Stylish barrel-shaped quartz chronograph silver orange watch with Japanese VK67 movement, 316L stainless steel case, sapphire crystal, 50m water resistance, A-grade lume, and silicone strap.",,instock
105368,109230,Tsarbomba,41882883899,https://www.awin1.com/pclick.php?p=41882883899&a=3002879&m=109230,https://images2.productserve.com/?w=200&h=200&bg=white&trim=5&t=letterbox&url=ssl%3Acdn.shopify.com%2Fs%2Ffiles%2F1%2F0540%2F8145%2F4255%2Ffiles%2F5_11d7054d-b856-4bbd-bc98-aadf9ea8ea49.png%3Fv%3D1729565302&feedId=105368&k=4125a702045bb7e458e32b48f0bc60fcabbe0be1,https://images2.productserve.com/?w=70&h=70&bg=white&trim=5&t=letterbox&url=ssl%3Acdn.shopify.com%2Fs%2Ffiles%2F1%2F0540%2F8145%2F4255%2Ffiles%2F38.jpg%3Fv%3D1724725333%2Chttps%3A%2F%2Fcdn.shopify.com%2Fs%2Ffiles%2F1%2F0540%2F8145%2F4255%2Ffiles%2F37.jpg%3Fv%3D1724725333&feedId=105368&k=8b5b2db6976a6aebdeb65a8f4f204650e69def21,544,"Men's Watches",,43mm*50.5mm*15.5mm,TB8204Q-07,TB8204Q-07,,,7.62704E+11,"Elemental Series-Calendar Version TB8204Q Black Yellow","Stylish barrel-shaped quartz chronograph black yellow watch with Japanese VK67 movement, 316L stainless steel case, sapphire crystal, 50m water resistance, A-grade lume, and silicone strap.",https://tsarbomba.com/products/tsarbomba8204q1?variant=40899441787055,"https://cdn.shopify.com/s/files/1/0540/8145/4255/files/38.jpg?v=1724725333,https://cdn.shopify.com/s/files/1/0540/8145/4255/files/37.jpg?v=1724725333",https://cdn.shopify.com/s/files/1/0540/8145/4255/files/5_11d7054d-b856-4bbd-bc98-aadf9ea8ea49.png?v=1729565302,219.99,219.99,21.999,,USD,"TSAR BOMBA WATCH",new,male,"Black Yellow",,,,"Stylish barrel-shaped quartz chronograph black yellow watch with Japanese VK67 movement, 316L stainless steel case, sapphire crystal, 50m water resistance, A-grade lume, and silicone strap.",,instock
105368,109230,Tsarbomba,41882883900,https://www.awin1.com/pclick.php?p=41882883900&a=3002879&m=109230,https://images2.productserve.com/?w=200&h=200&bg=white&trim=5&t=letterbox&url=ssl%3Acdn.shopify.com%2Fs%2Ffiles%2F1%2F0540%2F8145%2F4255%2Ffiles%2F3_58099c98-2596-4cc6-a580-2d7141864ac0.png%3Fv%3D1729565303&feedId=105368&k=70606970d0deadf374e38a40a324172642063de1,https://images2.productserve.com/?w=70&h=70&bg=white&trim=5&t=letterbox&url=ssl%3Acdn.shopify.com%2Fs%2Ffiles%2F1%2F0540%2F8145%2F4255%2Ffiles%2F45_7bf22865-f96f-41eb-bb95-967dfcd79dcd.jpg%3Fv%3D1724725333%2Chttps%3A%2F%2Fcdn.shopify.com%2Fs%2Ffiles%2F1%2F0540%2F8145%2F4255%2Ffiles%2F42_a19aeb74-1e4c-4111-a902-c9c86ae1af7a.jpg%3Fv%3D1724725333&feedId=105368&k=18e066a23413be2d7d2a258397b1cc4805b12150,544,"Men's Watches",,43mm*50.5mm*14mm,TB8204Q-38,TB8204Q-38,,,7.17299E+11,"Elemental Series-Calendar Version TB8204Q Olive Green","Stylish barrel-shaped quartz chronograph olive green watch with Japanese VK67 movement, 316L stainless steel case, sapphire crystal, 50m water resistance, A-grade lume, and silicone strap.",https://tsarbomba.com/products/tsarbomba8204q1?variant=40899441688751,"https://cdn.shopify.com/s/files/1/0540/8145/4255/files/45_7bf22865-f96f-41eb-bb95-967dfcd79dcd.jpg?v=1724725333,https://cdn.shopify.com/s/files/1/0540/8145/4255/files/42_a19aeb74-1e4c-4111-a902-c9c86ae1af7a.jpg?v=1724725333",https://cdn.shopify.com/s/files/1/0540/8145/4255/files/3_58099c98-2596-4cc6-a580-2d7141864ac0.png?v=1729565303,219.99,219.99,21.999,,USD,"TSAR BOMBA WATCH",new,male,"Olive Green",,,,"Stylish barrel-shaped quartz chronograph olive green watch with Japanese VK67 movement, 316L stainless steel case, sapphire crystal, 50m water resistance, A-grade lume, and silicone strap.",,instock
105368,109230,Tsarbomba,41882883901,https://www.awin1.com/pclick.php?p=41882883901&a=3002879&m=109230,https://images2.productserve.com/?w=200&h=200&bg=white&trim=5&t=letterbox&url=ssl%3Acdn.shopify.com%2Fs%2Ffiles%2F1%2F0540%2F8145%2F4255%2Ffiles%2F4_6a4df62e-9358-46df-b915-47b1cd361a86.png%3Fv%3D1729565303&feedId=105368&k=a509fc87b3869654dcc7fa445c0994d3f6f51847,https://images2.productserve.com/?w=70&h=70&bg=white&trim=5&t=letterbox&url=ssl%3Acdn.shopify.com%2Fs%2Ffiles%2F1%2F0540%2F8145%2F4255%2Ffiles%2F49.jpg%3Fv%3D1724725333%2Chttps%3A%2F%2Fcdn.shopify.com%2Fs%2Ffiles%2F1%2F0540%2F8145%2F4255%2Ffiles%2F48.jpg%3Fv%3D1724725333&feedId=105368&k=4d83939e604c76bc2b736a5bfcbee17e598283c4,544,"Men's Watches",,43mm*50.5mm*14mm,TB8204Q-37,TB8204Q-37,,,7.17299E+11,"Elemental Series-Calendar Version TB8204Q Black Red","Stylish barrel-shaped quartz chronograph black red watch with Japanese VK67 movement, 316L stainless steel case, sapphire crystal, 50m water resistance, A-grade lume, and silicone strap.",https://tsarbomba.com/products/tsarbomba8204q1?variant=40899441754287,"https://cdn.shopify.com/s/files/1/0540/8145/4255/files/49.jpg?v=1724725333,https://cdn.shopify.com/s/files/1/0540/8145/4255/files/48.jpg?v=1724725333",https://cdn.shopify.com/s/files/1/0540/8145/4255/files/4_6a4df62e-9358-46df-b915-47b1cd361a86.png?v=1729565303,219.99,219.99,21.999,,USD,"TSAR BOMBA WATCH",new,male,"Black Red",,,,"Stylish barrel-shaped quartz chronograph black red watch with Japanese VK67 movement, 316L stainless steel case, sapphire crystal, 50m water resistance, A-grade lume, and silicone strap.",,instock
105368,109230,Tsarbomba,41882883902,https://www.awin1.com/pclick.php?p=41882883902&a=3002879&m=109230,https://images2.productserve.com/?w=200&h=200&bg=white&trim=5&t=letterbox&url=ssl%3Acdn.shopify.com%2Fs%2Ffiles%2F1%2F0540%2F8145%2F4255%2Ffiles%2F8208CF_8d99ac5c-7296-4614-b98f-504039f9185e.png%3Fv%3D1724724279&feedId=105368&k=010af4d403ff9bafc498b4e8dd2628b550eff1cc,https://images2.productserve.com/?w=70&h=70&bg=white&trim=5&t=letterbox&url=ssl%3Acdn.shopify.com%2Fs%2Ffiles%2F1%2F0540%2F8145%2F4255%2Ffiles%2F8208CF_5.jpg%3Fv%3D1724724836%2Chttps%3A%2F%2Fcdn.shopify.com%2Fs%2Ffiles%2F1%2F0540%2F8145%2F4255%2Ffiles%2F3_f9adf3d0-825c-40ae-baf2-257409e8894a.jpg%3Fv%3D1724724836&feedId=105368&k=a9773f1724ea5f27849fa6f2d5e0ee523f2f64ff,544,"Men's Watches",,43mm*50.5mm*15.5mm,TB8208CF-08,TB8208CF-08,,,7.62704E+11,"Elemental Series-Carbon Fiber Automatic Watch TB8208CF Cool Black","Skeleton barrel-shaped automatic cool black watch with Japanese 82S0 movement, carbon fiber bezel, 316L steel case, sapphire crystal, 50m water resistance, A-grade lume, and silicone strap.",https://tsarbomba.com/products/tb8208cf?variant=42908746842368,"https://cdn.shopify.com/s/files/1/0540/8145/4255/files/8208CF_5.jpg?v=1724724836,https://cdn.shopify.com/s/files/1/0540/8145/4255/files/3_f9adf3d0-825c-40ae-baf2-257409e8894a.jpg?v=1724724836",https://cdn.shopify.com/s/files/1/0540/8145/4255/files/8208CF_8d99ac5c-7296-4614-b98f-504039f9185e.png?v=1724724279,499.99,499.99,49.999,,USD,"TSAR BOMBA WATCH",new,male,"Cool Black",,,,"Skeleton barrel-shaped automatic cool black watch with Japanese 82S0 movement, carbon fiber bezel, 316L steel case, sapphire crystal, 50m water resistance, A-grade lume, and silicone strap.",,instock
105368,109230,Tsarbomba,41882883903,https://www.awin1.com/pclick.php?p=41882883903&a=3002879&m=109230,https://images2.productserve.com/?w=200&h=200&bg=white&trim=5&t=letterbox&url=ssl%3Acdn.shopify.com%2Fs%2Ffiles%2F1%2F0540%2F8145%2F4255%2Ffiles%2F5_a3f0b41c-6145-47b6-b4fe-0ccdd45b776a.png%3Fv%3D1729648478&feedId=105368&k=6c1c25554d9c879310eef6cca1794b5eea9cace1,https://images2.productserve.com/?w=70&h=70&bg=white&trim=5&t=letterbox&url=ssl%3Acdn.shopify.com%2Fs%2Ffiles%2F1%2F0540%2F8145%2F4255%2Ffiles%2F8208CF_2.jpg%3Fv%3D1724724836%2Chttps%3A%2F%2Fcdn.shopify.com%2Fs%2Ffiles%2F1%2F0540%2F8145%2F4255%2Ffiles%2F19_2d9ecbbc-9cca-4fd1-809d-b0e6c1f537cf.jpg%3Fv%3D1724724836&feedId=105368&k=cb65845139f43332f07f4c824796716061684092,544,"Men's Watches",,43mm*50.5mm*15.5mm,TB8208CF-06,TB8208CF-06,,,7.62704E+11,"Elemental Series-Carbon Fiber Automatic Watch TB8208CF White Blue","Skeleton barrel-shaped automatic white blue watch with Japanese 82S0 movement, carbon fiber bezel, 316L steel case, sapphire crystal, 50m water resistance, A-grade lume, and silicone strap.",https://tsarbomba.com/products/tb8208cf?variant=43443691847936,"https://cdn.shopify.com/s/files/1/0540/8145/4255/files/8208CF_2.jpg?v=1724724836,https://cdn.shopify.com/s/files/1/0540/8145/4255/files/19_2d9ecbbc-9cca-4fd1-809d-b0e6c1f537cf.jpg?v=1724724836",https://cdn.shopify.com/s/files/1/0540/8145/4255/files/5_a3f0b41c-6145-47b6-b4fe-0ccdd45b776a.png?v=1729648478,499.99,499.99,49.999,,USD,"TSAR BOMBA WATCH",new,male,"White Blue",,,,"Skeleton barrel-shaped automatic white blue watch with Japanese 82S0 movement, carbon fiber bezel, 316L steel case, sapphire crystal, 50m water resistance, A-grade lume, and silicone strap.",,instock
105368,109230,Tsarbomba,41882883904,https://www.awin1.com/pclick.php?p=41882883904&a=3002879&m=109230,https://images2.productserve.com/?w=200&h=200&bg=white&trim=5&t=letterbox&url=ssl%3Acdn.shopify.com%2Fs%2Ffiles%2F1%2F0540%2F8145%2F4255%2Ffiles%2F11_9f14f597-3ba7-4a6a-8080-e5400d911aca.png%3Fv%3D1729648478&feedId=105368&k=2d1b9076df8331d67b2365c22b4773738b5a22a8,https://images2.productserve.com/?w=70&h=70&bg=white&trim=5&t=letterbox&url=ssl%3Acdn.shopify.com%2Fs%2Ffiles%2F1%2F0540%2F8145%2F4255%2Ffiles%2F8208CF_8f21a122-fd25-4199-92a9-fb71e763a5a5.jpg%3Fv%3D1724724836%2Chttps%3A%2F%2Fcdn.shopify.com%2Fs%2Ffiles%2F1%2F0540%2F8145%2F4255%2Ffiles%2F5_dbc2f150-64e8-448b-a209-87c964818ded.jpg%3Fv%3D1724724836&feedId=105368&k=a1f9e8e39f94ca5119c6e9567bbc08938b28969d,544,"Men's Watches",,43mm*50.5mm*15.5mm,TB8208CF-07,TB8208CF-07,,,7.62704E+11,"Elemental Series-Carbon Fiber Automatic Watch TB8208CF Bull Red","Skeleton barrel-shaped automatic bull red watch with Japanese 82S0 movement, carbon fiber bezel, 316L steel case, sapphire crystal, 50m water resistance, A-grade lume, and silicone strap.",https://tsarbomba.com/products/tb8208cf?variant=43462391890176,"https://cdn.shopify.com/s/files/1/0540/8145/4255/files/8208CF_8f21a122-fd25-4199-92a9-fb71e763a5a5.jpg?v=1724724836,https://cdn.shopify.com/s/files/1/0540/8145/4255/files/5_dbc2f150-64e8-448b-a209-87c964818ded.jpg?v=1724724836",https://cdn.shopify.com/s/files/1/0540/8145/4255/files/11_9f14f597-3ba7-4a6a-8080-e5400d911aca.png?v=1729648478,499.99,499.99,49.999,,USD,"TSAR BOMBA WATCH",new,male,"Bull Red",,,,"Skeleton barrel-shaped automatic bull red watch with Japanese 82S0 movement, carbon fiber bezel, 316L steel case, sapphire crystal, 50m water resistance, A-grade lume, and silicone strap.",,instock
105368,109230,Tsarbomba,41882883905,https://www.awin1.com/pclick.php?p=41882883905&a=3002879&m=109230,https://images2.productserve.com/?w=200&h=200&bg=white&trim=5&t=letterbox&url=ssl%3Acdn.shopify.com%2Fs%2Ffiles%2F1%2F0540%2F8145%2F4255%2Ffiles%2F1_c4945da3-6781-49b3-a1b2-64c1a09d916e.png%3Fv%3D1729648478&feedId=105368&k=b5b7a95a9421c3db1343f481c96a95147be187fa,https://images2.productserve.com/?w=70&h=70&bg=white&trim=5&t=letterbox&url=ssl%3Acdn.shopify.com%2Fs%2Ffiles%2F1%2F0540%2F8145%2F4255%2Ffiles%2F8208CF_7.jpg%3Fv%3D1724724836%2Chttps%3A%2F%2Fcdn.shopify.com%2Fs%2Ffiles%2F1%2F0540%2F8145%2F4255%2Ffiles%2F4_9cb92746-78d0-4aa5-8b37-bbb3b8d1477a.jpg%3Fv%3D1724724836&feedId=105368&k=f553c07906556bb490c0109cfe395489b146c1b7,544,"Men's Watches",,43mm*50.5mm*15.5mm,TB8208CF-05,TB8208CF-05,,,7.62704E+11,"Elemental Series-Carbon Fiber Automatic Watch TB8208CF Elite White","Skeleton barrel-shaped automatic elite white watch with Japanese 82S0 movement, carbon fiber bezel, 316L steel case, sapphire crystal, 50m water resistance, A-grade lume, and silicone strap.",https://tsarbomba.com/products/tb8208cf?variant=43568931766528,"https://cdn.shopify.com/s/files/1/0540/8145/4255/files/8208CF_7.jpg?v=1724724836,https://cdn.shopify.com/s/files/1/0540/8145/4255/files/4_9cb92746-78d0-4aa5-8b37-bbb3b8d1477a.jpg?v=1724724836",https://cdn.shopify.com/s/files/1/0540/8145/4255/files/1_c4945da3-6781-49b3-a1b2-64c1a09d916e.png?v=1729648478,499.99,499.99,49.999,,USD,"TSAR BOMBA WATCH",new,male,"Elite White",,,,"Skeleton barrel-shaped automatic elite white watch with Japanese 82S0 movement, carbon fiber bezel, 316L steel case, sapphire crystal, 50m water resistance, A-grade lume, and silicone strap.",,instock
105368,109230,Tsarbomba,41882883906,https://www.awin1.com/pclick.php?p=41882883906&a=3002879&m=109230,https://images2.productserve.com/?w=200&h=200&bg=white&trim=5&t=letterbox&url=ssl%3Acdn.shopify.com%2Fs%2Ffiles%2F1%2F0540%2F8145%2F4255%2Ffiles%2F3_2ae22078-f973-4887-9618-3209f8f4ffcc.png%3Fv%3D1729648478&feedId=105368&k=ef7866c0d1016605d073a7c99688c3db8c41fda4,https://images2.productserve.com/?w=70&h=70&bg=white&trim=5&t=letterbox&url=ssl%3Acdn.shopify.com%2Fs%2Ffiles%2F1%2F0540%2F8145%2F4255%2Ffiles%2F6_8b73251c-f12c-4e85-91f9-f3aecb71f685.jpg%3Fv%3D1724724836%2Chttps%3A%2F%2Fcdn.shopify.com%2Fs%2Ffiles%2F1%2F0540%2F8145%2F4255%2Ffiles%2F7_7ff98d99-38e2-4098-97a3-cdf2ce2bfe84.jpg%3Fv%3D1724724836&feedId=105368&k=dd7e18aa70157736403d2f76546f0a7083561763,544,"Men's Watches",,43mm*50.5mm*15.5mm,TB8208CF-10,TB8208CF-10,,,7.62704E+11,"Elemental Series-Carbon Fiber Automatic Watch TB8208CF Elegant White","Skeleton barrel-shaped automatic elegant white watch with Japanese 82S0 movement, carbon fiber bezel, 316L steel case, sapphire crystal, 50m water resistance, A-grade lume, and silicone strap.",https://tsarbomba.com/products/tb8208cf?variant=42908754313472,"https://cdn.shopify.com/s/files/1/0540/8145/4255/files/6_8b73251c-f12c-4e85-91f9-f3aecb71f685.jpg?v=1724724836,https://cdn.shopify.com/s/files/1/0540/8145/4255/files/7_7ff98d99-38e2-4098-97a3-cdf2ce2bfe84.jpg?v=1724724836",https://cdn.shopify.com/s/files/1/0540/8145/4255/files/3_2ae22078-f973-4887-9618-3209f8f4ffcc.png?v=1729648478,499.99,499.99,49.999,,USD,"TSAR BOMBA WATCH",new,male,"Elegant White",,,,"Skeleton barrel-shaped automatic elegant white watch with Japanese 82S0 movement, carbon fiber bezel, 316L steel case, sapphire crystal, 50m water resistance, A-grade lume, and silicone strap.",,instock
105368,109230,Tsarbomba,41882883907,https://www.awin1.com/pclick.php?p=41882883907&a=3002879&m=109230,https://images2.productserve.com/?w=200&h=200&bg=white&trim=5&t=letterbox&url=ssl%3Acdn.shopify.com%2Fs%2Ffiles%2F1%2F0540%2F8145%2F4255%2Ffiles%2F10_4a4fd7e7-fc35-426c-a5ad-9ce7c09a63d9.png%3Fv%3D1729648478&feedId=105368&k=526ae7db01e425eb585b927e451b36e7671b8068,https://images2.productserve.com/?w=70&h=70&bg=white&trim=5&t=letterbox&url=ssl%3Acdn.shopify.com%2Fs%2Ffiles%2F1%2F0540%2F8145%2F4255%2Ffiles%2F14_dca99f50-a18a-482f-b015-521717622d1a.jpg%3Fv%3D1724724836%2Chttps%3A%2F%2Fcdn.shopify.com%2Fs%2Ffiles%2F1%2F0540%2F8145%2F4255%2Ffiles%2F5_8d16de8d-4ff1-480a-8cba-238f6a0a8bc0.jpg%3Fv%3D1724724836&feedId=105368&k=c986b839973ae386f19dcc2b82cb7138c56cfb9e,544,"Men's Watches",,43mm*50.5mm*15.5mm,TB8208CF-09,TB8208CF-09,,,7.62704E+11,"Elemental Series-Carbon Fiber Automatic Watch TB8208CF Passion Red","Skeleton barrel-shaped automatic passion red watch with Japanese 82S0 movement, carbon fiber bezel, 316L steel case, sapphire crystal, 50m water resistance, A-grade lume, and silicone strap.",https://tsarbomba.com/products/tb8208cf?variant=42908752281856,"https://cdn.shopify.com/s/files/1/0540/8145/4255/files/14_dca99f50-a18a-482f-b015-521717622d1a.jpg?v=1724724836,https://cdn.shopify.com/s/files/1/0540/8145/4255/files/5_8d16de8d-4ff1-480a-8cba-238f6a0a8bc0.jpg?v=1724724836",https://cdn.shopify.com/s/files/1/0540/8145/4255/files/10_4a4fd7e7-fc35-426c-a5ad-9ce7c09a63d9.png?v=1729648478,499.99,499.99,49.999,,USD,"TSAR BOMBA WATCH",new,male,"Passion Red",,,,"Skeleton barrel-shaped automatic passion red watch with Japanese 82S0 movement, carbon fiber bezel, 316L steel case, sapphire crystal, 50m water resistance, A-grade lume, and silicone strap.",,instock
105368,109230,Tsarbomba,41882883908,https://www.awin1.com/pclick.php?p=41882883908&a=3002879&m=109230,https://images2.productserve.com/?w=200&h=200&bg=white&trim=5&t=letterbox&url=ssl%3Acdn.shopify.com%2Fs%2Ffiles%2F1%2F0540%2F8145%2F4255%2Ffiles%2F13_7e652dea-36de-4328-8663-4846da8ad766.png%3Fv%3D1729648478&feedId=105368&k=bdc900e5986cc0d12c952744f669c95222a7d090,https://images2.productserve.com/?w=70&h=70&bg=white&trim=5&t=letterbox&url=ssl%3Acdn.shopify.com%2Fs%2Ffiles%2F1%2F0540%2F8145%2F4255%2Ffiles%2F2_3bb0044c-d9cd-4b9b-9b0b-cd571aa4e681.jpg%3Fv%3D1724724836%2Chttps%3A%2F%2Fcdn.shopify.com%2Fs%2Ffiles%2F1%2F0540%2F8145%2F4255%2Ffiles%2F1_e1ecc8b0-4687-4546-a8b0-db3c4efbc006.jpg%3Fv%3D1724724836&feedId=105368&k=7440371f33a0630b1072e8bf35d1a4cd7b3ab357,544,"Men's Watches",,43mm*50.5mm*15.5mm,TB8208CF-11,TB8208CF-11,,,7.62704E+11,"Elemental Series-Carbon Fiber Automatic Watch TB8208CF Fashion Blue","Skeleton barrel-shaped automatic fashion blue watch with Japanese 82S0 movement, carbon fiber bezel, 316L steel case, sapphire crystal, 50m water resistance, A-grade lume, and silicone strap.",https://tsarbomba.com/products/tb8208cf?variant=43316664631552,"https://cdn.shopify.com/s/files/1/0540/8145/4255/files/2_3bb0044c-d9cd-4b9b-9b0b-cd571aa4e681.jpg?v=1724724836,https://cdn.shopify.com/s/files/1/0540/8145/4255/files/1_e1ecc8b0-4687-4546-a8b0-db3c4efbc006.jpg?v=1724724836",https://cdn.shopify.com/s/files/1/0540/8145/4255/files/13_7e652dea-36de-4328-8663-4846da8ad766.png?v=1729648478,499.99,499.99,49.999,,USD,"TSAR BOMBA WATCH",new,male,"Fashion Blue",,,,"Skeleton barrel-shaped automatic fashion blue watch with Japanese 82S0 movement, carbon fiber bezel, 316L steel case, sapphire crystal, 50m water resistance, A-grade lume, and silicone strap.",,instock
105368,109230,Tsarbomba,41882883909,https://www.awin1.com/pclick.php?p=41882883909&a=3002879&m=109230,https://images2.productserve.com/?w=200&h=200&bg=white&trim=5&t=letterbox&url=ssl%3Acdn.shopify.com%2Fs%2Ffiles%2F1%2F0540%2F8145%2F4255%2Ffiles%2FTB8219L-05_05499c89-c008-4a04-85d5-df57f848cba8.png%3Fv%3D1733015587&feedId=105368&k=533c02fa585114718abca4315e6edfcd5505ac32,https://images2.productserve.com/?w=70&h=70&bg=white&trim=5&t=letterbox&url=ssl%3Acdn.shopify.com%2Fs%2Ffiles%2F1%2F0540%2F8145%2F4255%2Ffiles%2FTB8219L-05.png%3Fv%3D1733015584%2Chttps%3A%2F%2Fcdn.shopify.com%2Fs%2Ffiles%2F1%2F0540%2F8145%2F4255%2Ffiles%2FTB8219L-05_da3d13f1-b665-4f3a-8188-ede052dd963a.png%3Fv%3D1733015588&feedId=105368&k=7220557c352a66f01fed234f8bd81002a8f225fb,547,"Women's Watches",,35mm*39.5mm*11mm,TB8219L-05,TB8219L-05,,,7.17701E+11,"Elemental Series-Women's Watch TB8219 Green","Elegant barrel-shaped women's quartz green watch with Swiss movement, mother-of-pearl dial, 316L stainless steel case, sapphire crystal, 30m water resistance, A-grade lume, and fluoro rubber strap.",https://tsarbomba.com/products/tb8219?variant=46125100892416,"https://cdn.shopify.com/s/files/1/0540/8145/4255/files/TB8219L-05.png?v=1733015584,https://cdn.shopify.com/s/files/1/0540/8145/4255/files/TB8219L-05_da3d13f1-b665-4f3a-8188-ede052dd963a.png?v=1733015588",https://cdn.shopify.com/s/files/1/0540/8145/4255/files/TB8219L-05_05499c89-c008-4a04-85d5-df57f848cba8.png?v=1733015587,299.99,299.99,29.999,,USD,"TSAR BOMBA WATCH",new,female,Green,,,,"Elegant barrel-shaped women's quartz green watch with Swiss movement, mother-of-pearl dial, 316L stainless steel case, sapphire crystal, 30m water resistance, A-grade lume, and fluoro rubber strap.",,instock
105368,109230,Tsarbomba,41882883910,https://www.awin1.com/pclick.php?p=41882883910&a=3002879&m=109230,https://images2.productserve.com/?w=200&h=200&bg=white&trim=5&t=letterbox&url=ssl%3Acdn.shopify.com%2Fs%2Ffiles%2F1%2F0540%2F8145%2F4255%2Ffiles%2FTB8219L-06_c56dbe0b-d601-4d80-974a-88a5632095f6.png%3Fv%3D1733015587&feedId=105368&k=b31aa7dccbbfadaeb4e62dded43f96379a4f9763,https://images2.productserve.com/?w=70&h=70&bg=white&trim=5&t=letterbox&url=ssl%3Acdn.shopify.com%2Fs%2Ffiles%2F1%2F0540%2F8145%2F4255%2Ffiles%2FTB8219L-06.png%3Fv%3D1733015584%2Chttps%3A%2F%2Fcdn.shopify.com%2Fs%2Ffiles%2F1%2F0540%2F8145%2F4255%2Ffiles%2FTB8219L-06_44938e51-927c-4ec8-9643-2063747be5d3.png%3Fv%3D1733015588&feedId=105368&k=04afa59cd53ffb24f90a0c2530aa8ed281bcadfe,547,"Women's Watches",,35mm*39.5mm*11mm,TB8219L-06,TB8219L-06,,,7.17701E+11,"Elemental Series-Women's Watch TB8219 Gray","Elegant barrel-shaped women's quartz gray watch with Swiss movement, mother-of-pearl dial, 316L stainless steel case, sapphire crystal, 30m water resistance, A-grade lume, and fluoro rubber strap.",https://tsarbomba.com/products/tb8219?variant=46125100925184,"https://cdn.shopify.com/s/files/1/0540/8145/4255/files/TB8219L-06.png?v=1733015584,https://cdn.shopify.com/s/files/1/0540/8145/4255/files/TB8219L-06_44938e51-927c-4ec8-9643-2063747be5d3.png?v=1733015588",https://cdn.shopify.com/s/files/1/0540/8145/4255/files/TB8219L-06_c56dbe0b-d601-4d80-974a-88a5632095f6.png?v=1733015587,299.99,299.99,29.999,,USD,"TSAR BOMBA WATCH",new,female,Gray,,,,"Elegant barrel-shaped women's quartz gray watch with Swiss movement, mother-of-pearl dial, 316L stainless steel case, sapphire crystal, 30m water resistance, A-grade lume, and fluoro rubber strap.",,instock
105368,109230,Tsarbomba,41882883911,https://www.awin1.com/pclick.php?p=41882883911&a=3002879&m=109230,https://images2.productserve.com/?w=200&h=200&bg=white&trim=5&t=letterbox&url=ssl%3Acdn.shopify.com%2Fs%2Ffiles%2F1%2F0540%2F8145%2F4255%2Ffiles%2FTB8219L-03_460d8bc5-5023-47a1-80a0-22c6d42ce192.png%3Fv%3D1733015585&feedId=105368&k=5a3eebfe4f06329e1245c8e93d95d41328c75440,https://images2.productserve.com/?w=70&h=70&bg=white&trim=5&t=letterbox&url=ssl%3Acdn.shopify.com%2Fs%2Ffiles%2F1%2F0540%2F8145%2F4255%2Ffiles%2FTB8219L-03.png%3Fv%3D1733015583%2Chttps%3A%2F%2Fcdn.shopify.com%2Fs%2Ffiles%2F1%2F0540%2F8145%2F4255%2Ffiles%2FTB8219L-03_79c135a4-9ef4-4ad4-ac06-82c59624aa5f.png%3Fv%3D1733015586&feedId=105368&k=ca17dd7d6bd62478ab2bbd8fcfee0ee6614a5f92,547,"Women's Watches",,35mm*39.5mm*11mm,TB8219L-03,TB8219L-03,,,7.17701E+11,"Elemental Series-Women's Watch TB8219 White Blue","Elegant barrel-shaped women's quartz white blue watch with Swiss movement, mother-of-pearl dial, 316L stainless steel case, sapphire crystal, 30m water resistance, A-grade lume, and fluoro rubber strap.",https://tsarbomba.com/products/tb8219?variant=46125101023488,"https://cdn.shopify.com/s/files/1/0540/8145/4255/files/TB8219L-03.png?v=1733015583,https://cdn.shopify.com/s/files/1/0540/8145/4255/files/TB8219L-03_79c135a4-9ef4-4ad4-ac06-82c59624aa5f.png?v=1733015586",https://cdn.shopify.com/s/files/1/0540/8145/4255/files/TB8219L-03_460d8bc5-5023-47a1-80a0-22c6d42ce192.png?v=1733015585,299.99,299.99,29.999,,USD,"TSAR BOMBA WATCH",new,female,"White Blue",,,,"Elegant barrel-shaped women's quartz white blue watch with Swiss movement, mother-of-pearl dial, 316L stainless steel case, sapphire crystal, 30m water resistance, A-grade lume, and fluoro rubber strap.",,instock
105368,109230,Tsarbomba,41882883912,https://www.awin1.com/pclick.php?p=41882883912&a=3002879&m=109230,https://images2.productserve.com/?w=200&h=200&bg=white&trim=5&t=letterbox&url=ssl%3Acdn.shopify.com%2Fs%2Ffiles%2F1%2F0540%2F8145%2F4255%2Ffiles%2FTB8219L-02_04940c36-7898-4e9c-a19d-9ec9e3e68b2f.png%3Fv%3D1733015588&feedId=105368&k=c008b1b888fffaf6ab61175e405daa0e7f54d790,https://images2.productserve.com/?w=70&h=70&bg=white&trim=5&t=letterbox&url=ssl%3Acdn.shopify.com%2Fs%2Ffiles%2F1%2F0540%2F8145%2F4255%2Ffiles%2FTB8219L-02.png%3Fv%3D1733015582%2Chttps%3A%2F%2Fcdn.shopify.com%2Fs%2Ffiles%2F1%2F0540%2F8145%2F4255%2Ffiles%2FTB8219L-02_e22ae5be-0bff-434f-8732-d0c391fe8e58.png%3Fv%3D1733015588&feedId=105368&k=307565ffc718ff3822c42476c6b863dfcceb411d,547,"Women's Watches",,35mm*39.5mm*11mm,TB8219L-02,TB8219L-02,,,7.17701E+11,"Elemental Series-Women's Watch TB8219 Pink","Elegant barrel-shaped women's quartz pink watch with Swiss movement, mother-of-pearl dial, 316L stainless steel case, sapphire crystal, 30m water resistance, A-grade lume, and fluoro rubber strap.",https://tsarbomba.com/products/tb8219?variant=46125100990720,"https://cdn.shopify.com/s/files/1/0540/8145/4255/files/TB8219L-02.png?v=1733015582,https://cdn.shopify.com/s/files/1/0540/8145/4255/files/TB8219L-02_e22ae5be-0bff-434f-8732-d0c391fe8e58.png?v=1733015588",https://cdn.shopify.com/s/files/1/0540/8145/4255/files/TB8219L-02_04940c36-7898-4e9c-a19d-9ec9e3e68b2f.png?v=1733015588,299.99,299.99,29.999,,USD,"TSAR BOMBA WATCH",new,female,Pink,,,,"Elegant barrel-shaped women's quartz pink watch with Swiss movement, mother-of-pearl dial, 316L stainless steel case, sapphire crystal, 30m water resistance, A-grade lume, and fluoro rubber strap.",,instock
105368,109230,Tsarbomba,41882883913,https://www.awin1.com/pclick.php?p=41882883913&a=3002879&m=109230,https://images2.productserve.com/?w=200&h=200&bg=white&trim=5&t=letterbox&url=ssl%3Acdn.shopify.com%2Fs%2Ffiles%2F1%2F0540%2F8145%2F4255%2Ffiles%2FTB8219L-04_b24167b9-75a5-4721-98aa-9c2db0468d57.png%3Fv%3D1733015588&feedId=105368&k=8fddf5a5f61598d54fb88cb8dd9f70075c89fa65,https://images2.productserve.com/?w=70&h=70&bg=white&trim=5&t=letterbox&url=ssl%3Acdn.shopify.com%2Fs%2Ffiles%2F1%2F0540%2F8145%2F4255%2Ffiles%2FTB8219L-04.png%3Fv%3D1733015583%2Chttps%3A%2F%2Fcdn.shopify.com%2Fs%2Ffiles%2F1%2F0540%2F8145%2F4255%2Ffiles%2FTB8219L-04_59767a56-c681-49e3-949a-b99dfa82f719.png%3Fv%3D1733015588&feedId=105368&k=2b79c4704be3d2c447021aa29dae6100b01d6f5e,547,"Women's Watches",,35mm*39.5mm*11mm,TB8219L-04,TB8219L-04,,,7.17701E+11,"Elemental Series-Women's Watch TB8219 White Green","Elegant barrel-shaped women's quartz white green watch with Swiss movement, mother-of-pearl dial, 316L stainless steel case, sapphire crystal, 30m water resistance, A-grade lume, and fluoro rubber strap.",https://tsarbomba.com/products/tb8219?variant=46141823779072,"https://cdn.shopify.com/s/files/1/0540/8145/4255/files/TB8219L-04.png?v=1733015583,https://cdn.shopify.com/s/files/1/0540/8145/4255/files/TB8219L-04_59767a56-c681-49e3-949a-b99dfa82f719.png?v=1733015588",https://cdn.shopify.com/s/files/1/0540/8145/4255/files/TB8219L-04_b24167b9-75a5-4721-98aa-9c2db0468d57.png?v=1733015588,299.99,299.99,29.999,,USD,"TSAR BOMBA WATCH",new,female,"White Green",,,,"Elegant barrel-shaped women's quartz white green watch with Swiss movement, mother-of-pearl dial, 316L stainless steel case, sapphire crystal, 30m water resistance, A-grade lume, and fluoro rubber strap.",,instock
105368,109230,Tsarbomba,41882883914,https://www.awin1.com/pclick.php?p=41882883914&a=3002879&m=109230,https://images2.productserve.com/?w=200&h=200&bg=white&trim=5&t=letterbox&url=ssl%3Acdn.shopify.com%2Fs%2Ffiles%2F1%2F0540%2F8145%2F4255%2Ffiles%2FTB8219L-01_2e5bdbc3-1e67-4f9e-81f0-5e834f0b2353.png%3Fv%3D1733015588&feedId=105368&k=42fc22c415a3bdf29285b0f354add1423f2f9311,https://images2.productserve.com/?w=70&h=70&bg=white&trim=5&t=letterbox&url=ssl%3Acdn.shopify.com%2Fs%2Ffiles%2F1%2F0540%2F8145%2F4255%2Ffiles%2FTB8219L-01.png%3Fv%3D1733015585%2Chttps%3A%2F%2Fcdn.shopify.com%2Fs%2Ffiles%2F1%2F0540%2F8145%2F4255%2Ffiles%2FTB8219L-01_02d1d984-8660-400c-abd2-cd5c00dd46d8.png%3Fv%3D1733015588&feedId=105368&k=5a9473ec7e7adefa11715e79305b76b7fda1f897,547,"Women's Watches",,35mm*39.5mm*11mm,TB8219L-01,TB8219L-01,,,7.17701E+11,"Elemental Series-Women's Watch TB8219 Blue","Elegant barrel-shaped women's quartz blue watch with Swiss movement, mother-of-pearl dial, 316L stainless steel case, sapphire crystal, 30m water resistance, A-grade lume, and fluoro rubber strap.",https://tsarbomba.com/products/tb8219?variant=46125100957952,"https://cdn.shopify.com/s/files/1/0540/8145/4255/files/TB8219L-01.png?v=1733015585,https://cdn.shopify.com/s/files/1/0540/8145/4255/files/TB8219L-01_02d1d984-8660-400c-abd2-cd5c00dd46d8.png?v=1733015588",https://cdn.shopify.com/s/files/1/0540/8145/4255/files/TB8219L-01_2e5bdbc3-1e67-4f9e-81f0-5e834f0b2353.png?v=1733015588,299.99,299.99,29.999,,USD,"TSAR BOMBA WATCH",new,female,Blue,,,,"Elegant barrel-shaped women's quartz blue watch with Swiss movement, mother-of-pearl dial, 316L stainless steel case, sapphire crystal, 30m water resistance, A-grade lume, and fluoro rubber strap.",,instock
105368,109230,Tsarbomba,41882883915,https://www.awin1.com/pclick.php?p=41882883915&a=3002879&m=109230,https://images2.productserve.com/?w=200&h=200&bg=white&trim=5&t=letterbox&url=ssl%3Acdn.shopify.com%2Fs%2Ffiles%2F1%2F0540%2F8145%2F4255%2Ffiles%2FTB8219GY-1.png%3Fv%3D1732697955&feedId=105368&k=460b1dd433421b91044715e1fc788c0db11ebb68,https://images2.productserve.com/?w=70&h=70&bg=white&trim=5&t=letterbox&url=ssl%3Acdn.shopify.com%2Fs%2Ffiles%2F1%2F0540%2F8145%2F4255%2Ffiles%2FTB8219GY-3.png%3Fv%3D1732697955%2Chttps%3A%2F%2Fcdn.shopify.com%2Fs%2Ffiles%2F1%2F0540%2F8145%2F4255%2Ffiles%2FTB8219GY-4.png%3Fv%3D1732697955&feedId=105368&k=f55603bed6e638d8222f21cc7737308fc7ce36e5,547,"Women's Watches",,35mm*39.5mm*11mm,TB8219LA-03,TB8219LA-03,,,7.17701E+11,"Elemental Series-Women's Watch TB8219 Arab Gray","Elegant barrel-shaped women's quartz arab gray watch with Swiss movement, mother-of-pearl dial, 316L stainless steel case, sapphire crystal, 30m water resistance, A-grade lume, and fluoro rubber strap.",https://tsarbomba.com/products/tb8219?variant=46141823811840,"https://cdn.shopify.com/s/files/1/0540/8145/4255/files/TB8219GY-3.png?v=1732697955,https://cdn.shopify.com/s/files/1/0540/8145/4255/files/TB8219GY-4.png?v=1732697955",https://cdn.shopify.com/s/files/1/0540/8145/4255/files/TB8219GY-1.png?v=1732697955,299.99,299.99,29.999,,USD,"TSAR BOMBA WATCH",new,female,"Arab Gray",,,,"Elegant barrel-shaped women's quartz arab gray watch with Swiss movement, mother-of-pearl dial, 316L stainless steel case, sapphire crystal, 30m water resistance, A-grade lume, and fluoro rubber strap.",,instock
105368,109230,Tsarbomba,41882883916,https://www.awin1.com/pclick.php?p=41882883916&a=3002879&m=109230,https://images2.productserve.com/?w=200&h=200&bg=white&trim=5&t=letterbox&url=ssl%3Acdn.shopify.com%2Fs%2Ffiles%2F1%2F0540%2F8145%2F4255%2Ffiles%2FTB8219LA-G1.png%3Fv%3D1733123284&feedId=105368&k=889c01bc662ea0cadd11f9c5f70985f2706873e8,https://images2.productserve.com/?w=70&h=70&bg=white&trim=5&t=letterbox&url=ssl%3Acdn.shopify.com%2Fs%2Ffiles%2F1%2F0540%2F8145%2F4255%2Ffiles%2FTB8219LA-G2.png%3Fv%3D1733123282%2Chttps%3A%2F%2Fcdn.shopify.com%2Fs%2Ffiles%2F1%2F0540%2F8145%2F4255%2Ffiles%2FTB8219LA-G3.png%3Fv%3D1733123284&feedId=105368&k=faaeab09e15a2fe837be02997590b4535cf361e5,547,"Women's Watches",,35mm*39.5mm*11mm,TB8219LA-01,TB8219LA-01,,,7.17701E+11,"Elemental Series-Women's Watch TB8219 Arab Green","Elegant barrel-shaped women's quartz arab green watch with Swiss movement, mother-of-pearl dial, 316L stainless steel case, sapphire crystal, 30m water resistance, A-grade lume, and fluoro rubber strap.",https://tsarbomba.com/products/tb8219?variant=46144898498816,"https://cdn.shopify.com/s/files/1/0540/8145/4255/files/TB8219LA-G2.png?v=1733123282,https://cdn.shopify.com/s/files/1/0540/8145/4255/files/TB8219LA-G3.png?v=1733123284",https://cdn.shopify.com/s/files/1/0540/8145/4255/files/TB8219LA-G1.png?v=1733123284,299.99,299.99,29.999,,USD,"TSAR BOMBA WATCH",new,female,"Arab Green",,,,"Elegant barrel-shaped women's quartz arab green watch with Swiss movement, mother-of-pearl dial, 316L stainless steel case, sapphire crystal, 30m water resistance, A-grade lume, and fluoro rubber strap.",,instock
105368,109230,Tsarbomba,41882883917,https://www.awin1.com/pclick.php?p=41882883917&a=3002879&m=109230,https://images2.productserve.com/?w=200&h=200&bg=white&trim=5&t=letterbox&url=ssl%3Acdn.shopify.com%2Fs%2Ffiles%2F1%2F0540%2F8145%2F4255%2Ffiles%2FTB8219LA-W1.png%3Fv%3D1733123285&feedId=105368&k=03fac64a032bee388f316a9fdece0ef894ab8740,https://images2.productserve.com/?w=70&h=70&bg=white&trim=5&t=letterbox&url=ssl%3Acdn.shopify.com%2Fs%2Ffiles%2F1%2F0540%2F8145%2F4255%2Ffiles%2FTB8219LA-W2.png%3Fv%3D1733123283%2Chttps%3A%2F%2Fcdn.shopify.com%2Fs%2Ffiles%2F1%2F0540%2F8145%2F4255%2Ffiles%2FTB8219LA-W3.png%3Fv%3D1733123284&feedId=105368&k=88668e8823da99c4699bcfd1c88d9a34e7dd7efe,547,"Women's Watches",,35mm*39.5mm*11mm,TB8219LA-02,TB8219LA-02,,,7.17701E+11,"Elemental Series-Women's Watch TB8219 Arab White","Elegant barrel-shaped women's quartz arab white watch with Swiss movement, mother-of-pearl dial, 316L stainless steel case, sapphire crystal, 30m water resistance, A-grade lume, and fluoro rubber strap.",https://tsarbomba.com/products/tb8219?variant=46144898531584,"https://cdn.shopify.com/s/files/1/0540/8145/4255/files/TB8219LA-W2.png?v=1733123283,https://cdn.shopify.com/s/files/1/0540/8145/4255/files/TB8219LA-W3.png?v=1733123284",https://cdn.shopify.com/s/files/1/0540/8145/4255/files/TB8219LA-W1.png?v=1733123285,299.99,299.99,29.999,,USD,"TSAR BOMBA WATCH",new,female,"Arab White",,,,"Elegant barrel-shaped women's quartz arab white watch with Swiss movement, mother-of-pearl dial, 316L stainless steel case, sapphire crystal, 30m water resistance, A-grade lume, and fluoro rubber strap.",,instock
105368,109230,Tsarbomba,41882883918,https://www.awin1.com/pclick.php?p=41882883918&a=3002879&m=109230,https://images2.productserve.com/?w=200&h=200&bg=white&trim=5&t=letterbox&url=ssl%3Acdn.shopify.com%2Fs%2Ffiles%2F1%2F0540%2F8145%2F4255%2Ffiles%2F8213CF.png%3Fv%3D1725876619&feedId=105368&k=c3f3ba568b29b6b7017f0f132af112f1686df8fd,https://images2.productserve.com/?w=70&h=70&bg=white&trim=5&t=letterbox&url=ssl%3Acdn.shopify.com%2Fs%2Ffiles%2F1%2F0540%2F8145%2F4255%2Ffiles%2F6_682fd2e7-e1b1-414f-bde2-e50eb1dd5df4.jpg%3Fv%3D1725876671%2Chttps%3A%2F%2Fcdn.shopify.com%2Fs%2Ffiles%2F1%2F0540%2F8145%2F4255%2Ffiles%2F2_c26593b2-9ba1-4816-bd4d-ea9a3a43af8a.jpg%3Fv%3D1721986113&feedId=105368&k=8237435fc8599414bd778246a1579fd031b73bb6,544,"Men's Watches",,44mm*52mm*13mm,TB8213A-06,TB8213A-06,,,7.1702E+11,"Reactor-Interchangeable Automatic Watch Carbon Fiber","Interchangeable automatic watch with a Japanese movement, a unique dial, carbon fiber bezel, 316L stainless steel case, sapphire crystal, 100m water resistance, A-grade lume, and fluoro rubber strap.",https://tsarbomba.com/products/tb8213?variant=43829917384960,"https://cdn.shopify.com/s/files/1/0540/8145/4255/files/6_682fd2e7-e1b1-414f-bde2-e50eb1dd5df4.jpg?v=1725876671,https://cdn.shopify.com/s/files/1/0540/8145/4255/files/2_c26593b2-9ba1-4816-bd4d-ea9a3a43af8a.jpg?v=1721986113",https://cdn.shopify.com/s/files/1/0540/8145/4255/files/8213CF.png?v=1725876619,749.99,749.99,74.999,,USD,"TSAR BOMBA WATCH",new,male,"Carbon Fiber Black",,,,"Interchangeable automatic watch with a Japanese movement, a unique dial, carbon fiber bezel, 316L stainless steel case, sapphire crystal, 100m water resistance, A-grade lume, and fluoro rubber strap.",,instock
105368,109230,Tsarbomba,41882883919,https://www.awin1.com/pclick.php?p=41882883919&a=3002879&m=109230,https://images2.productserve.com/?w=200&h=200&bg=white&trim=5&t=letterbox&url=ssl%3Acdn.shopify.com%2Fs%2Ffiles%2F1%2F0540%2F8145%2F4255%2Ffiles%2F8213GBK.png%3Fv%3D1735030259&feedId=105368&k=fa13099fa2af149582b9b16865892632fdcc221c,https://images2.productserve.com/?w=70&h=70&bg=white&trim=5&t=letterbox&url=ssl%3Acdn.shopify.com%2Fs%2Ffiles%2F1%2F0540%2F8145%2F4255%2Ffiles%2F4_ec421527-0be6-4a67-b8b5-1bcecefd9584.jpg%3Fv%3D1735030259%2Chttps%3A%2F%2Fcdn.shopify.com%2Fs%2Ffiles%2F1%2F0540%2F8145%2F4255%2Ffiles%2F3_a003fbae-f636-43fd-a01b-c8b1277a35c0.jpg%3Fv%3D1735030259&feedId=105368&k=75477bef6d9436d0b753263357b478f988dbdb84,544,"Men's Watches",,44mm*52mm*13mm,TB8213A-07,TB8213A-07,,,7.1702E+11,"Reactor-Interchangeable Automatic Watch Golden Black","Interchangeable automatic golden black watch with a Japanese movement, a unique dial, 316L stainless steel case, sapphire crystal, 100m water resistance, A-grade lume, and fluoro rubber strap.",https://tsarbomba.com/products/tb8213?variant=43829917483264,"https://cdn.shopify.com/s/files/1/0540/8145/4255/files/4_ec421527-0be6-4a67-b8b5-1bcecefd9584.jpg?v=1735030259,https://cdn.shopify.com/s/files/1/0540/8145/4255/files/3_a003fbae-f636-43fd-a01b-c8b1277a35c0.jpg?v=1735030259",https://cdn.shopify.com/s/files/1/0540/8145/4255/files/8213GBK.png?v=1735030259,649.99,649.99,64.999,,USD,"TSAR BOMBA WATCH",new,male,"Golden Black",,,,"Interchangeable automatic golden black watch with a Japanese movement, a unique dial, 316L stainless steel case, sapphire crystal, 100m water resistance, A-grade lume, and fluoro rubber strap.",,instock
105368,109230,Tsarbomba,41882883920,https://www.awin1.com/pclick.php?p=41882883920&a=3002879&m=109230,https://images2.productserve.com/?w=200&h=200&bg=white&trim=5&t=letterbox&url=ssl%3Acdn.shopify.com%2Fs%2Ffiles%2F1%2F0540%2F8145%2F4255%2Ffiles%2F8213SBL.png%3Fv%3D1735030259&feedId=105368&k=8b6cd0dea43697bb44b41fd1ac7a379bfc7c162a,https://images2.productserve.com/?w=70&h=70&bg=white&trim=5&t=letterbox&url=ssl%3Acdn.shopify.com%2Fs%2Ffiles%2F1%2F0540%2F8145%2F4255%2Ffiles%2F14_3f1f8f61-c0f8-449d-ac36-320e2a22d00d.jpg%3Fv%3D1735030259%2Chttps%3A%2F%2Fcdn.shopify.com%2Fs%2Ffiles%2F1%2F0540%2F8145%2F4255%2Ffiles%2F5_ae2aad3d-d436-413e-ad91-bf239684452a.jpg%3Fv%3D1735030259&feedId=105368&k=2e27cf9641f34cc529f5c076d208c528902d45eb,544,"Men's Watches",,44mm*52mm*13mm,TB8213A-03,TB8213A-03,,,7.1702E+11,"Reactor-Interchangeable Automatic Watch Silver Blue","Interchangeable automatic silver blue watch with a Japanese movement, a unique dial, 316L stainless steel case, sapphire crystal, 100m water resistance, A-grade lume, and fluoro rubber strap.",https://tsarbomba.com/products/tb8213?variant=43829917417728,"https://cdn.shopify.com/s/files/1/0540/8145/4255/files/14_3f1f8f61-c0f8-449d-ac36-320e2a22d00d.jpg?v=1735030259,https://cdn.shopify.com/s/files/1/0540/8145/4255/files/5_ae2aad3d-d436-413e-ad91-bf239684452a.jpg?v=1735030259",https://cdn.shopify.com/s/files/1/0540/8145/4255/files/8213SBL.png?v=1735030259,649.99,649.99,64.999,,USD,"TSAR BOMBA WATCH",new,male,"Silver Blue",,,,"Interchangeable automatic silver blue watch with a Japanese movement, a unique dial, 316L stainless steel case, sapphire crystal, 100m water resistance, A-grade lume, and fluoro rubber strap.",,instock
105368,109230,Tsarbomba,41882883921,https://www.awin1.com/pclick.php?p=41882883921&a=3002879&m=109230,https://images2.productserve.com/?w=200&h=200&bg=white&trim=5&t=letterbox&url=ssl%3Acdn.shopify.com%2Fs%2Ffiles%2F1%2F0540%2F8145%2F4255%2Ffiles%2F8213SBK.png%3Fv%3D1735030259&feedId=105368&k=0331e9fe9779c984f450a2cfc5a65c97680741ea,https://images2.productserve.com/?w=70&h=70&bg=white&trim=5&t=letterbox&url=ssl%3Acdn.shopify.com%2Fs%2Ffiles%2F1%2F0540%2F8145%2F4255%2Ffiles%2F10_042de8f5-7412-420a-ba1c-03e0bec892cd.jpg%3Fv%3D1735030259%2Chttps%3A%2F%2Fcdn.shopify.com%2Fs%2Ffiles%2F1%2F0540%2F8145%2F4255%2Ffiles%2F16-1.jpg%3Fv%3D1735030259&feedId=105368&k=be9e2a24792c42bab32653753b458bb207b5213d,544,"Men's Watches",,44mm*52mm*13mm,TB8213A-02,TB8213A-02,,,7.1702E+11,"Reactor-Interchangeable Automatic Watch Silver Black","Interchangeable automatic silver black watch with a Japanese movement, a unique dial, 316L stainless steel case, sapphire crystal, 100m water resistance, A-grade lume, and fluoro rubber strap.",https://tsarbomba.com/products/tb8213?variant=43829917450496,"https://cdn.shopify.com/s/files/1/0540/8145/4255/files/10_042de8f5-7412-420a-ba1c-03e0bec892cd.jpg?v=1735030259,https://cdn.shopify.com/s/files/1/0540/8145/4255/files/16-1.jpg?v=1735030259",https://cdn.shopify.com/s/files/1/0540/8145/4255/files/8213SBK.png?v=1735030259,649.99,649.99,64.999,,USD,"TSAR BOMBA WATCH",new,male,"Silver Black",,,,"Interchangeable automatic silver black watch with a Japanese movement, a unique dial, 316L stainless steel case, sapphire crystal, 100m water resistance, A-grade lume, and fluoro rubber strap.",,instock
105368,109230,Tsarbomba,41882883922,https://www.awin1.com/pclick.php?p=41882883922&a=3002879&m=109230,https://images2.productserve.com/?w=200&h=200&bg=white&trim=5&t=letterbox&url=ssl%3Acdn.shopify.com%2Fs%2Ffiles%2F1%2F0540%2F8145%2F4255%2Ffiles%2F8213SO.png%3Fv%3D1725876622&feedId=105368&k=739b566cb7c23d3fb7301246a5ad4891ea6a1df5,https://images2.productserve.com/?w=70&h=70&bg=white&trim=5&t=letterbox&url=ssl%3Acdn.shopify.com%2Fs%2Ffiles%2F1%2F0540%2F8145%2F4255%2Ffiles%2F8_68ab454d-3bfa-433e-88e9-92e4ff59f196.jpg%3Fv%3D1725876780%2Chttps%3A%2F%2Fcdn.shopify.com%2Fs%2Ffiles%2F1%2F0540%2F8145%2F4255%2Ffiles%2F7_ed6541bb-23be-441a-a372-bcbe52c4c15a.jpg%3Fv%3D1721986113&feedId=105368&k=a1d785790f3d1df2f9eb132eeb4d5bb4625e8f3c,544,"Men's Watches",,44mm*52mm*13mm,TB8213A-01,TB8213A-01,,,7.1702E+11,"Reactor-Interchangeable Automatic Watch Silver Orange","Interchangeable automatic silver orange watch with a Japanese movement, a unique dial, 316L stainless steel case, sapphire crystal, 100m water resistance, A-grade lume, and fluoro rubber strap.",https://tsarbomba.com/products/tb8213?variant=43829917516032,"https://cdn.shopify.com/s/files/1/0540/8145/4255/files/8_68ab454d-3bfa-433e-88e9-92e4ff59f196.jpg?v=1725876780,https://cdn.shopify.com/s/files/1/0540/8145/4255/files/7_ed6541bb-23be-441a-a372-bcbe52c4c15a.jpg?v=1721986113",https://cdn.shopify.com/s/files/1/0540/8145/4255/files/8213SO.png?v=1725876622,649.99,649.99,64.999,,USD,"TSAR BOMBA WATCH",new,male,"Silver Orange",,,,"Interchangeable automatic silver orange watch with a Japanese movement, a unique dial, 316L stainless steel case, sapphire crystal, 100m water resistance, A-grade lume, and fluoro rubber strap.",,instock
105368,109230,Tsarbomba,41882883923,https://www.awin1.com/pclick.php?p=41882883923&a=3002879&m=109230,https://images2.productserve.com/?w=200&h=200&bg=white&trim=5&t=letterbox&url=ssl%3Acdn.shopify.com%2Fs%2Ffiles%2F1%2F0540%2F8145%2F4255%2Ffiles%2F8213SR.png%3Fv%3D1725876622&feedId=105368&k=8be791395bb07dd238ef28e2142cf6c099a935fd,https://images2.productserve.com/?w=70&h=70&bg=white&trim=5&t=letterbox&url=ssl%3Acdn.shopify.com%2Fs%2Ffiles%2F1%2F0540%2F8145%2F4255%2Ffiles%2F11_6266588a-08b4-4931-b257-46dd29a6c5dd.jpg%3Fv%3D1725876780%2Chttps%3A%2F%2Fcdn.shopify.com%2Fs%2Ffiles%2F1%2F0540%2F8145%2F4255%2Ffiles%2F17_389a4fba-f525-4472-9b61-d77311b9b6be.jpg%3Fv%3D1721986113&feedId=105368&k=5519c966bb7626b2ea6523bb52c1177cd0d946f1,544,"Men's Watches",,44mm*52mm*13mm,TB8213A-04,TB8213A-04,,,7.1702E+11,"Reactor-Interchangeable Automatic Watch Silver Red","Interchangeable automatic silver red watch with a Japanese movement, a unique dial, 316L stainless steel case, sapphire crystal, 100m water resistance, A-grade lume, and fluoro rubber strap.",https://tsarbomba.com/products/tb8213?variant=43829918007552,"https://cdn.shopify.com/s/files/1/0540/8145/4255/files/11_6266588a-08b4-4931-b257-46dd29a6c5dd.jpg?v=1725876780,https://cdn.shopify.com/s/files/1/0540/8145/4255/files/17_389a4fba-f525-4472-9b61-d77311b9b6be.jpg?v=1721986113",https://cdn.shopify.com/s/files/1/0540/8145/4255/files/8213SR.png?v=1725876622,649.99,649.99,64.999,,USD,"TSAR BOMBA WATCH",new,male,"Silver Red",,,,"Interchangeable automatic silver red watch with a Japanese movement, a unique dial, 316L stainless steel case, sapphire crystal, 100m water resistance, A-grade lume, and fluoro rubber strap.",,instock
105368,109230,Tsarbomba,41882883924,https://www.awin1.com/pclick.php?p=41882883924&a=3002879&m=109230,https://images2.productserve.com/?w=200&h=200&bg=white&trim=5&t=letterbox&url=ssl%3Acdn.shopify.com%2Fs%2Ffiles%2F1%2F0540%2F8145%2F4255%2Ffiles%2F8213BY.png%3Fv%3D1725876621&feedId=105368&k=d5ef840661431f449a1e6aa68913a326ddffaecb,https://images2.productserve.com/?w=70&h=70&bg=white&trim=5&t=letterbox&url=ssl%3Acdn.shopify.com%2Fs%2Ffiles%2F1%2F0540%2F8145%2F4255%2Ffiles%2F1_44344b89-e79d-4520-aabe-397516e053b8.jpg%3Fv%3D1725876671%2Chttps%3A%2F%2Fcdn.shopify.com%2Fs%2Ffiles%2F1%2F0540%2F8145%2F4255%2Ffiles%2F1_6a64baeb-732e-4f71-9429-39522d2d6b62.jpg%3Fv%3D1721986113&feedId=105368&k=63bb9f4e99e17af3c78d1e136366e1129d90fb77,544,"Men's Watches",,44mm*52mm*13mm,TB8213A-05,TB8213A-05,,,7.1702E+11,"Reactor-Interchangeable Automatic Watch Black Yellow","Interchangeable automatic black yellow watch with a Japanese movement, a unique dial, 316L stainless steel case, sapphire crystal, 100m water resistance, A-grade lume, and fluoro rubber strap.",https://tsarbomba.com/products/tb8213?variant=43829917548800,"https://cdn.shopify.com/s/files/1/0540/8145/4255/files/1_44344b89-e79d-4520-aabe-397516e053b8.jpg?v=1725876671,https://cdn.shopify.com/s/files/1/0540/8145/4255/files/1_6a64baeb-732e-4f71-9429-39522d2d6b62.jpg?v=1721986113",https://cdn.shopify.com/s/files/1/0540/8145/4255/files/8213BY.png?v=1725876621,649.99,649.99,64.999,,USD,"TSAR BOMBA WATCH",new,male,"Black Yellow",,,,"Interchangeable automatic black yellow watch with a Japanese movement, a unique dial, 316L stainless steel case, sapphire crystal, 100m water resistance, A-grade lume, and fluoro rubber strap.",,instock
105368,109230,Tsarbomba,41882883925,https://www.awin1.com/pclick.php?p=41882883925&a=3002879&m=109230,https://images2.productserve.com/?w=200&h=200&bg=white&trim=5&t=letterbox&url=ssl%3Acdn.shopify.com%2Fs%2Ffiles%2F1%2F0540%2F8145%2F4255%2Ffiles%2F1_0720aba6-5bc5-4354-9545-06a391d4e5bb.png%3Fv%3D1725701028&feedId=105368&k=40e6779b8549d32bf87b311e7b3d728f00ae84c7,https://images2.productserve.com/?w=70&h=70&bg=white&trim=5&t=letterbox&url=ssl%3Acdn.shopify.com%2Fs%2Ffiles%2F1%2F0540%2F8145%2F4255%2Ffiles%2F1_404185ed-aa0f-479b-8e2c-8c0583afad7f.jpg%3Fv%3D1725701042%2Chttps%3A%2F%2Fcdn.shopify.com%2Fs%2Ffiles%2F1%2F0540%2F8145%2F4255%2Ffiles%2F2.7-9.jpg%3Fv%3D1725701042&feedId=105368&k=3f657f5813d7599ff322b875bbcdaff2bb07d543,544,"Men's Watches",,46mm*50.7mm*14.3mm,TB8216TF-01,TB8216TF-01,,,7.1702E+11,"Neutron-Limited Edition Black","Interchangeable strap automatic watch with Japanese movement and power reserve dial, carbon fiber bezel, titanium case, sapphire crystal, 50m water resistance, A-grade lume, and fluoro rubber strap.",https://tsarbomba.com/products/tb8216?variant=44337398612224,"https://cdn.shopify.com/s/files/1/0540/8145/4255/files/1_404185ed-aa0f-479b-8e2c-8c0583afad7f.jpg?v=1725701042,https://cdn.shopify.com/s/files/1/0540/8145/4255/files/2.7-9.jpg?v=1725701042",https://cdn.shopify.com/s/files/1/0540/8145/4255/files/1_0720aba6-5bc5-4354-9545-06a391d4e5bb.png?v=1725701028,999.99,999.99,99.999,,USD,"TSAR BOMBA WATCH",new,male,Black,,,,"Interchangeable strap automatic watch with Japanese movement and power reserve dial, carbon fiber bezel, titanium case, sapphire crystal, 50m water resistance, A-grade lume, and fluoro rubber strap.",,instock
105368,109230,Tsarbomba,41882883926,https://www.awin1.com/pclick.php?p=41882883926&a=3002879&m=109230,https://images2.productserve.com/?w=200&h=200&bg=white&trim=5&t=letterbox&url=ssl%3Acdn.shopify.com%2Fs%2Ffiles%2F1%2F0540%2F8145%2F4255%2Ffiles%2F2_ebc59c28-d32c-4a9a-859b-3eddf69a1eef.png%3Fv%3D1725701028&feedId=105368&k=23923462d4cbe0b9a8d4a5de3c73cb312420c389,https://images2.productserve.com/?w=70&h=70&bg=white&trim=5&t=letterbox&url=ssl%3Acdn.shopify.com%2Fs%2Ffiles%2F1%2F0540%2F8145%2F4255%2Ffiles%2F6_adeae7bf-09f3-4cc4-92d8-badb802289a4.jpg%3Fv%3D1725701042%2Chttps%3A%2F%2Fcdn.shopify.com%2Fs%2Ffiles%2F1%2F0540%2F8145%2F4255%2Ffiles%2F2.19-3.jpg%3Fv%3D1725701042&feedId=105368&k=8a3fdf45962997e41350ad72a20539e947f47263,544,"Men's Watches",,46mm*50.7mm*14.3mm,TB8216TF-02,TB8216TF-02,,,7.1702E+11,"Neutron-Limited Edition Red","Interchangeable strap automatic watch with Japanese movement and power reserve dial, carbon fiber bezel, titanium case, sapphire crystal, 50m water resistance, A-grade lume, and fluoro rubber strap.",https://tsarbomba.com/products/tb8216?variant=44337398644992,"https://cdn.shopify.com/s/files/1/0540/8145/4255/files/6_adeae7bf-09f3-4cc4-92d8-badb802289a4.jpg?v=1725701042,https://cdn.shopify.com/s/files/1/0540/8145/4255/files/2.19-3.jpg?v=1725701042",https://cdn.shopify.com/s/files/1/0540/8145/4255/files/2_ebc59c28-d32c-4a9a-859b-3eddf69a1eef.png?v=1725701028,999.99,999.99,99.999,,USD,"TSAR BOMBA WATCH",new,male,Red,,,,"Interchangeable strap automatic watch with Japanese movement and power reserve dial, carbon fiber bezel, titanium case, sapphire crystal, 50m water resistance, A-grade lume, and fluoro rubber strap.",,instock
105368,109230,Tsarbomba,41882883927,https://www.awin1.com/pclick.php?p=41882883927&a=3002879&m=109230,https://images2.productserve.com/?w=200&h=200&bg=white&trim=5&t=letterbox&url=ssl%3Acdn.shopify.com%2Fs%2Ffiles%2F1%2F0540%2F8145%2F4255%2Ffiles%2F3_85f7b869-bdac-4bcd-8d00-1ced710064c7.png%3Fv%3D1725701028&feedId=105368&k=57880a3b935352df9a91239fbf62bbb302653d85,https://images2.productserve.com/?w=70&h=70&bg=white&trim=5&t=letterbox&url=ssl%3Acdn.shopify.com%2Fs%2Ffiles%2F1%2F0540%2F8145%2F4255%2Ffiles%2F2_f020c6c5-0d11-4986-8628-7d1830eb0d2d.jpg%3Fv%3D1725701042%2Chttps%3A%2F%2Fcdn.shopify.com%2Fs%2Ffiles%2F1%2F0540%2F8145%2F4255%2Ffiles%2F8_0c7ef702-6bf0-4853-88d3-2111c075bddb.png%3Fv%3D1728965400&feedId=105368&k=58f1955cf9c2573c50428406cbf797b2e8cb2aac,544,"Men's Watches",,46mm*50.7mm*14.3mm,TB8216TF-03,TB8216TF-03,,,7.1702E+11,"Neutron-Limited Edition Blue","Interchangeable strap automatic watch with Japanese movement and power reserve dial, carbon fiber bezel, titanium case, sapphire crystal, 50m water resistance, A-grade lume, and fluoro rubber strap.",https://tsarbomba.com/products/tb8216?variant=44337398677760,"https://cdn.shopify.com/s/files/1/0540/8145/4255/files/2_f020c6c5-0d11-4986-8628-7d1830eb0d2d.jpg?v=1725701042,https://cdn.shopify.com/s/files/1/0540/8145/4255/files/8_0c7ef702-6bf0-4853-88d3-2111c075bddb.png?v=1728965400",https://cdn.shopify.com/s/files/1/0540/8145/4255/files/3_85f7b869-bdac-4bcd-8d00-1ced710064c7.png?v=1725701028,999.99,999.99,99.999,,USD,"TSAR BOMBA WATCH",new,male,Blue,,,,"Interchangeable strap automatic watch with Japanese movement and power reserve dial, carbon fiber bezel, titanium case, sapphire crystal, 50m water resistance, A-grade lume, and fluoro rubber strap.",,instock
105368,109230,Tsarbomba,41882883928,https://www.awin1.com/pclick.php?p=41882883928&a=3002879&m=109230,https://images2.productserve.com/?w=200&h=200&bg=white&trim=5&t=letterbox&url=ssl%3Acdn.shopify.com%2Fs%2Ffiles%2F1%2F0540%2F8145%2F4255%2Ffiles%2F8211Q_34a13ef0-cae5-43b9-9ebb-2307808525ac.png%3Fv%3D1724724279&feedId=105368&k=7e1b88d208f3ec773912650c05448bad4b704215,https://images2.productserve.com/?w=70&h=70&bg=white&trim=5&t=letterbox&url=ssl%3Acdn.shopify.com%2Fs%2Ffiles%2F1%2F0540%2F8145%2F4255%2Ffiles%2F4_171539cf-3bbb-44f0-8f9c-2611afb2a677.jpg%3Fv%3D1724725997%2Chttps%3A%2F%2Fcdn.shopify.com%2Fs%2Ffiles%2F1%2F0540%2F8145%2F4255%2Ffiles%2F1_fe4b96f2-99aa-4557-a889-7aa98973f5df.jpg%3Fv%3D1724725997&feedId=105368&k=1216abf91f73efe224d0f0594fb6a6e4f5a75d5a,544,"Men's Watches",,46mm*51.5mm*15mm,TB8211Q-01,TB8211Q-01,,,7.62704E+11,"Elemental Series-Quartz Watch TB8211Q Silver Black","Stylish barrel-shaped quartz chronograph silver black watch with Japanese YN92 movement, 316L stainless steel case, sapphire crystal, 50m water resistance, A-grade lume, and silicone strap.",https://tsarbomba.com/products/tb8211q?variant=43263261442304,"https://cdn.shopify.com/s/files/1/0540/8145/4255/files/4_171539cf-3bbb-44f0-8f9c-2611afb2a677.jpg?v=1724725997,https://cdn.shopify.com/s/files/1/0540/8145/4255/files/1_fe4b96f2-99aa-4557-a889-7aa98973f5df.jpg?v=1724725997",https://cdn.shopify.com/s/files/1/0540/8145/4255/files/8211Q_34a13ef0-cae5-43b9-9ebb-2307808525ac.png?v=1724724279,249.99,249.99,24.999,,USD,"TSAR BOMBA WATCH",new,male,"Silver Black",,,,"Stylish barrel-shaped quartz chronograph silver black watch with Japanese YN92 movement, 316L stainless steel case, sapphire crystal, 50m water resistance, A-grade lume, and silicone strap.",,instock
105368,109230,Tsarbomba,41882883929,https://www.awin1.com/pclick.php?p=41882883929&a=3002879&m=109230,https://images2.productserve.com/?w=200&h=200&bg=white&trim=5&t=letterbox&url=ssl%3Acdn.shopify.com%2Fs%2Ffiles%2F1%2F0540%2F8145%2F4255%2Ffiles%2F8211Q_GBK-1.png%3Fv%3D1732270913&feedId=105368&k=aa0963743386178bd160fd109ba82a139beba7f4,https://images2.productserve.com/?w=70&h=70&bg=white&trim=5&t=letterbox&url=ssl%3Acdn.shopify.com%2Fs%2Ffiles%2F1%2F0540%2F8145%2F4255%2Ffiles%2F8211.jpg%3Fv%3D1724725997%2Chttps%3A%2F%2Fcdn.shopify.com%2Fs%2Ffiles%2F1%2F0540%2F8145%2F4255%2Ffiles%2F4_2c35a839-825f-4e72-bdaa-c0666a161526.jpg%3Fv%3D1724725997&feedId=105368&k=84ff81b56115b89040835f6f564f00e7e7c9974b,544,"Men's Watches",,46mm*51.5mm*15mm,TB8211Q-05,TB8211Q-05,,,7.62704E+11,"Elemental Series-Quartz Watch TB8211Q Gold Black","Stylish barrel-shaped quartz chronograph gold black watch with Japanese YN92 movement, 316L stainless steel case, sapphire crystal, 50m water resistance, A-grade lume, and silicone strap.",https://tsarbomba.com/products/tb8211q?variant=43263261540608,"https://cdn.shopify.com/s/files/1/0540/8145/4255/files/8211.jpg?v=1724725997,https://cdn.shopify.com/s/files/1/0540/8145/4255/files/4_2c35a839-825f-4e72-bdaa-c0666a161526.jpg?v=1724725997",https://cdn.shopify.com/s/files/1/0540/8145/4255/files/8211Q_GBK-1.png?v=1732270913,249.99,249.99,24.999,,USD,"TSAR BOMBA WATCH",new,male,"Gold Black",,,,"Stylish barrel-shaped quartz chronograph gold black watch with Japanese YN92 movement, 316L stainless steel case, sapphire crystal, 50m water resistance, A-grade lume, and silicone strap.",,instock
105368,109230,Tsarbomba,41882883930,https://www.awin1.com/pclick.php?p=41882883930&a=3002879&m=109230,https://images2.productserve.com/?w=200&h=200&bg=white&trim=5&t=letterbox&url=ssl%3Acdn.shopify.com%2Fs%2Ffiles%2F1%2F0540%2F8145%2F4255%2Ffiles%2F7db5aac5b2284007ec57ad1e49f6e8d2.png%3Fv%3D1730516058&feedId=105368&k=e3506a976095378d8ca3e3932f06bb0c38b4e136,https://images2.productserve.com/?w=70&h=70&bg=white&trim=5&t=letterbox&url=ssl%3Acdn.shopify.com%2Fs%2Ffiles%2F1%2F0540%2F8145%2F4255%2Ffiles%2F8211_2.jpg%3Fv%3D1724725997%2Chttps%3A%2F%2Fcdn.shopify.com%2Fs%2Ffiles%2F1%2F0540%2F8145%2F4255%2Ffiles%2F3_7cd12058-490a-431e-9d2c-28f2351493bb.jpg%3Fv%3D1724725997&feedId=105368&k=6ff9759c0d7bccfea51786c84486e35c6c7ac3be,544,"Men's Watches",,46mm*51.5mm*15mm,TB8211Q-03,TB8211Q-03,,,7.62704E+11,"Elemental Series-Quartz Watch TB8211Q Silver Blue","Stylish barrel-shaped quartz chronograph silver blue watch with Japanese YN92 movement, 316L stainless steel case, sapphire crystal, 50m water resistance, A-grade lume, and silicone strap.",https://tsarbomba.com/products/tb8211q?variant=43263261573376,"https://cdn.shopify.com/s/files/1/0540/8145/4255/files/8211_2.jpg?v=1724725997,https://cdn.shopify.com/s/files/1/0540/8145/4255/files/3_7cd12058-490a-431e-9d2c-28f2351493bb.jpg?v=1724725997",https://cdn.shopify.com/s/files/1/0540/8145/4255/files/7db5aac5b2284007ec57ad1e49f6e8d2.png?v=1730516058,249.99,249.99,24.999,,USD,"TSAR BOMBA WATCH",new,male,"Sliver Blue",,,,"Stylish barrel-shaped quartz chronograph silver blue watch with Japanese YN92 movement, 316L stainless steel case, sapphire crystal, 50m water resistance, A-grade lume, and silicone strap.",,instock
105368,109230,Tsarbomba,41882883931,https://www.awin1.com/pclick.php?p=41882883931&a=3002879&m=109230,https://images2.productserve.com/?w=200&h=200&bg=white&trim=5&t=letterbox&url=ssl%3Acdn.shopify.com%2Fs%2Ffiles%2F1%2F0540%2F8145%2F4255%2Ffiles%2Fc92259f41a03715e5f5069a8203a89b9_7d441cd8-84da-447a-abf1-6df4a755b841.png%3Fv%3D1730516057&feedId=105368&k=1c63d59f6d80949a8b20a6e0816fe6f7e256ed2d,https://images2.productserve.com/?w=70&h=70&bg=white&trim=5&t=letterbox&url=ssl%3Acdn.shopify.com%2Fs%2Ffiles%2F1%2F0540%2F8145%2F4255%2Ffiles%2F8211_3.jpg%3Fv%3D1724725997%2Chttps%3A%2F%2Fcdn.shopify.com%2Fs%2Ffiles%2F1%2F0540%2F8145%2F4255%2Ffiles%2F5_3c268964-f544-45cd-a3fa-b7559a19da28.jpg%3Fv%3D1724725997&feedId=105368&k=0ce2560df40cd56c13b564ebce1be08e5c9a8661,544,"Men's Watches",,46mm*51.5mm*15mm,TB8211Q-04,TB8211Q-04,,,7.62704E+11,"Elemental Series-Quartz Watch TB8211Q Black","Stylish barrel-shaped quartz chronograph black watch with Japanese YN92 movement, 316L stainless steel case, sapphire crystal, 50m water resistance, A-grade lume, and silicone strap.",https://tsarbomba.com/products/tb8211q?variant=43263261507840,"https://cdn.shopify.com/s/files/1/0540/8145/4255/files/8211_3.jpg?v=1724725997,https://cdn.shopify.com/s/files/1/0540/8145/4255/files/5_3c268964-f544-45cd-a3fa-b7559a19da28.jpg?v=1724725997",https://cdn.shopify.com/s/files/1/0540/8145/4255/files/c92259f41a03715e5f5069a8203a89b9_7d441cd8-84da-447a-abf1-6df4a755b841.png?v=1730516057,249.99,249.99,24.999,,USD,"TSAR BOMBA WATCH",new,male,Black,,,,"Stylish barrel-shaped quartz chronograph black watch with Japanese YN92 movement, 316L stainless steel case, sapphire crystal, 50m water resistance, A-grade lume, and silicone strap.",,instock
105368,109230,Tsarbomba,41882883932,https://www.awin1.com/pclick.php?p=41882883932&a=3002879&m=109230,https://images2.productserve.com/?w=200&h=200&bg=white&trim=5&t=letterbox&url=ssl%3Acdn.shopify.com%2Fs%2Ffiles%2F1%2F0540%2F8145%2F4255%2Ffiles%2F5bc9b171dab2a1c1cb352dcd17f2b80d_f9292b17-5883-4d32-abe2-a614517b9e7d.png%3Fv%3D1730516058&feedId=105368&k=009228fc684fbb6b209ebb5444bde9bd64e65315,https://images2.productserve.com/?w=70&h=70&bg=white&trim=5&t=letterbox&url=ssl%3Acdn.shopify.com%2Fs%2Ffiles%2F1%2F0540%2F8145%2F4255%2Ffiles%2F2_4f433583-2f9c-44dc-8834-f74fd2a8d7a5.jpg%3Fv%3D1724725997%2Chttps%3A%2F%2Fcdn.shopify.com%2Fs%2Ffiles%2F1%2F0540%2F8145%2F4255%2Ffiles%2F14_fedeb75c-5a6e-47f0-a97a-16a290d91488.jpg%3Fv%3D1724725997&feedId=105368&k=74b22fd4f5223ea5ee1cfaa3bcfffff2b5f19e8d,544,"Men's Watches",,46mm*51.5mm*15mm,TB8211Q-02,TB8211Q-02,,,7.62704E+11,"Elemental Series-Quartz Watch TB8211Q Silver Orange","Stylish barrel-shaped quartz chronograph silver orange watch with Japanese YN92 movement, 316L stainless steel case, sapphire crystal, 50m water resistance, A-grade lume, and silicone strap.",https://tsarbomba.com/products/tb8211q?variant=43263261606144,"https://cdn.shopify.com/s/files/1/0540/8145/4255/files/2_4f433583-2f9c-44dc-8834-f74fd2a8d7a5.jpg?v=1724725997,https://cdn.shopify.com/s/files/1/0540/8145/4255/files/14_fedeb75c-5a6e-47f0-a97a-16a290d91488.jpg?v=1724725997",https://cdn.shopify.com/s/files/1/0540/8145/4255/files/5bc9b171dab2a1c1cb352dcd17f2b80d_f9292b17-5883-4d32-abe2-a614517b9e7d.png?v=1730516058,249.99,249.99,24.999,,USD,"TSAR BOMBA WATCH",new,male,"Silver Orange",,,,"Stylish barrel-shaped quartz chronograph silver orange watch with Japanese YN92 movement, 316L stainless steel case, sapphire crystal, 50m water resistance, A-grade lume, and silicone strap.",,instock
105368,109230,Tsarbomba,41882883933,https://www.awin1.com/pclick.php?p=41882883933&a=3002879&m=109230,https://images2.productserve.com/?w=200&h=200&bg=white&trim=5&t=letterbox&url=ssl%3Acdn.shopify.com%2Fs%2Ffiles%2F1%2F0540%2F8145%2F4255%2Ffiles%2F7c642409c56ee964686801b72f66f398.png%3Fv%3D1730516058&feedId=105368&k=0397f98f1eb967f6e5626ed6707115e282fa02ea,https://images2.productserve.com/?w=70&h=70&bg=white&trim=5&t=letterbox&url=ssl%3Acdn.shopify.com%2Fs%2Ffiles%2F1%2F0540%2F8145%2F4255%2Ffiles%2F6_da0af345-6b6e-4e9f-b698-2a15e20b4980.jpg%3Fv%3D1724725997%2Chttps%3A%2F%2Fcdn.shopify.com%2Fs%2Ffiles%2F1%2F0540%2F8145%2F4255%2Ffiles%2F18_e0dbebe1-6dc2-4457-8270-89c393d23ded.jpg%3Fv%3D1724725997&feedId=105368&k=abb8af1ec4709560b588cca6639895a511af3006,544,"Men's Watches",,46mm*51.5mm*15mm,TB8211Q-06,TB8211Q-06,,,7.62704E+11,"Elemental Series-Quartz Watch TB8211Q Silver Yellow","Stylish barrel-shaped quartz chronograph silver yellow watch with Japanese YN92 movement, 316L stainless steel case, sapphire crystal, 50m water resistance, A-grade lume, and silicone strap.",https://tsarbomba.com/products/tb8211q?variant=43263261638912,"https://cdn.shopify.com/s/files/1/0540/8145/4255/files/6_da0af345-6b6e-4e9f-b698-2a15e20b4980.jpg?v=1724725997,https://cdn.shopify.com/s/files/1/0540/8145/4255/files/18_e0dbebe1-6dc2-4457-8270-89c393d23ded.jpg?v=1724725997",https://cdn.shopify.com/s/files/1/0540/8145/4255/files/7c642409c56ee964686801b72f66f398.png?v=1730516058,249.99,249.99,24.999,,USD,"TSAR BOMBA WATCH",new,male,"Silver Yellow",,,,"Stylish barrel-shaped quartz chronograph silver yellow watch with Japanese YN92 movement, 316L stainless steel case, sapphire crystal, 50m water resistance, A-grade lume, and silicone strap.",,instock
105368,109230,Tsarbomba,41882883934,https://www.awin1.com/pclick.php?p=41882883934&a=3002879&m=109230,https://images2.productserve.com/?w=200&h=200&bg=white&trim=5&t=letterbox&url=ssl%3Acdn.shopify.com%2Fs%2Ffiles%2F1%2F0540%2F8145%2F4255%2Ffiles%2FLake_Blue-1_8cdb1144-de86-4b5d-998d-558b30a5e94b.png%3Fv%3D1734571344&feedId=105368&k=f769e8b63f079c6478c7e42b6c2779f41d75fe16,https://images2.productserve.com/?w=70&h=70&bg=white&trim=5&t=letterbox&url=ssl%3Acdn.shopify.com%2Fs%2Ffiles%2F1%2F0540%2F8145%2F4255%2Ffiles%2Flake_blue-2_4f25448e-6d9d-47a9-8e41-2e67b7365a88.png%3Fv%3D1734571344%2Chttps%3A%2F%2Fcdn.shopify.com%2Fs%2Ffiles%2F1%2F0540%2F8145%2F4255%2Ffiles%2Flake_blue-3_aa2806a9-fa49-44eb-aa92-8891e9422700.png%3Fv%3D1734571344&feedId=105368&k=fe47aee1c1726cf88712c06affef43fc2a11f83e,544,"Men's Watches",,45mm*50.4mm*13.55mm,TB8218C-01LB,TB8218C-01LB,,,7.17701E+11,"Atomic-Interchangeable Ceramic Edition Lake Blue","Stylish barrel-shaped interchangeable automatic lake blue watch with Japanese 82S0 movement, ceramic bezel, 316L stainless steel case, sapphire crystal, 100m water resistance, A-grade lume, and fluoro rubber strap.",https://tsarbomba.com/products/tb8218c?variant=46173759275264,"https://cdn.shopify.com/s/files/1/0540/8145/4255/files/lake_blue-2_4f25448e-6d9d-47a9-8e41-2e67b7365a88.png?v=1734571344,https://cdn.shopify.com/s/files/1/0540/8145/4255/files/lake_blue-3_aa2806a9-fa49-44eb-aa92-8891e9422700.png?v=1734571344",https://cdn.shopify.com/s/files/1/0540/8145/4255/files/Lake_Blue-1_8cdb1144-de86-4b5d-998d-558b30a5e94b.png?v=1734571344,1099.9,1099.9,109.99,,USD,"TSAR BOMBA WATCH",new,male,"Lake Blue",,,,"Stylish barrel-shaped interchangeable automatic lake blue watch with Japanese 82S0 movement, ceramic bezel, 316L stainless steel case, sapphire crystal, 100m water resistance, A-grade lume, and fluoro rubber strap.",,instock
105368,109230,Tsarbomba,41882883935,https://www.awin1.com/pclick.php?p=41882883935&a=3002879&m=109230,https://images2.productserve.com/?w=200&h=200&bg=white&trim=5&t=letterbox&url=ssl%3Acdn.shopify.com%2Fs%2Ffiles%2F1%2F0540%2F8145%2F4255%2Ffiles%2F8218C.png%3Fv%3D1734571344&feedId=105368&k=a73ffe480f41ba004b5db2e872b7bbbc5cc421d9,https://images2.productserve.com/?w=70&h=70&bg=white&trim=5&t=letterbox&url=ssl%3Acdn.shopify.com%2Fs%2Ffiles%2F1%2F0540%2F8145%2F4255%2Ffiles%2F8218C-W2.jpg%3Fv%3D1734571344%2Chttps%3A%2F%2Fcdn.shopify.com%2Fs%2Ffiles%2F1%2F0540%2F8145%2F4255%2Ffiles%2F8218C-W1.jpg%3Fv%3D1734571344&feedId=105368&k=7d8ebbdec99f5e8f5fcb68dbe17f242ded63dc67,544,"Men's Watches",,45mm*50.4mm*13.55mm,TB8218C-01W,TB8218C-01W,,,7.17299E+11,"Atomic-Interchangeable Ceramic Edition White","Stylish barrel-shaped interchangeable automatic lake blue watch with Japanese 82S0 movement, ceramic bezel, 316L stainless steel case, sapphire crystal, 100m water resistance, A-grade lume, and fluoro rubber strap.",https://tsarbomba.com/products/tb8218c?variant=45868192923904,"https://cdn.shopify.com/s/files/1/0540/8145/4255/files/8218C-W2.jpg?v=1734571344,https://cdn.shopify.com/s/files/1/0540/8145/4255/files/8218C-W1.jpg?v=1734571344",https://cdn.shopify.com/s/files/1/0540/8145/4255/files/8218C.png?v=1734571344,1099.9,1099.9,109.99,,USD,"TSAR BOMBA WATCH",new,male,White,,,,"Stylish barrel-shaped interchangeable automatic lake blue watch with Japanese 82S0 movement, ceramic bezel, 316L stainless steel case, sapphire crystal, 100m water resistance, A-grade lume, and fluoro rubber strap.",,instock
105368,109230,Tsarbomba,41882883936,https://www.awin1.com/pclick.php?p=41882883936&a=3002879&m=109230,https://images2.productserve.com/?w=200&h=200&bg=white&trim=5&t=letterbox&url=ssl%3Acdn.shopify.com%2Fs%2Ffiles%2F1%2F0540%2F8145%2F4255%2Ffiles%2FKlein_Blue-1.png%3Fv%3D1734330641&feedId=105368&k=92a877d8f945ab5e640a4387720ffdced5c2df11,https://images2.productserve.com/?w=70&h=70&bg=white&trim=5&t=letterbox&url=ssl%3Acdn.shopify.com%2Fs%2Ffiles%2F1%2F0540%2F8145%2F4255%2Ffiles%2FKlein_Blue-2.png%3Fv%3D1734330641%2Chttps%3A%2F%2Fcdn.shopify.com%2Fs%2Ffiles%2F1%2F0540%2F8145%2F4255%2Ffiles%2FKlein_Blue-3.png%3Fv%3D1734330641&feedId=105368&k=366b2a5c96f002dcadcb6abf145e8cb7facd076b,544,"Men's Watches",,45mm*50.4mm*13.55mm,TB8218C-03KB,TB8218C-03KB,,,7.17299E+11,"Atomic-Interchangeable Ceramic Edition Klein Blue","Stylish barrel-shaped interchangeable automatic lake blue watch with Japanese 82S0 movement, ceramic bezel, 316L stainless steel case, sapphire crystal, 100m water resistance, A-grade lume, and fluoro rubber strap.",https://tsarbomba.com/products/tb8218c?variant=46173759308032,"https://cdn.shopify.com/s/files/1/0540/8145/4255/files/Klein_Blue-2.png?v=1734330641,https://cdn.shopify.com/s/files/1/0540/8145/4255/files/Klein_Blue-3.png?v=1734330641",https://cdn.shopify.com/s/files/1/0540/8145/4255/files/Klein_Blue-1.png?v=1734330641,1099.9,1099.9,109.99,,USD,"TSAR BOMBA WATCH",new,male,"Klein Blue",,,,"Stylish barrel-shaped interchangeable automatic lake blue watch with Japanese 82S0 movement, ceramic bezel, 316L stainless steel case, sapphire crystal, 100m water resistance, A-grade lume, and fluoro rubber strap.",,instock
105368,109230,Tsarbomba,41882883937,https://www.awin1.com/pclick.php?p=41882883937&a=3002879&m=109230,https://images2.productserve.com/?w=200&h=200&bg=white&trim=5&t=letterbox&url=ssl%3Acdn.shopify.com%2Fs%2Ffiles%2F1%2F0540%2F8145%2F4255%2Ffiles%2F8218C-LW.png%3Fv%3D1734330641&feedId=105368&k=7c985a643c2209a836a808c9954621796cdcb4c3,https://images2.productserve.com/?w=70&h=70&bg=white&trim=5&t=letterbox&url=ssl%3Acdn.shopify.com%2Fs%2Ffiles%2F1%2F0540%2F8145%2F4255%2Ffiles%2F8218C-LW2.jpg%3Fv%3D1734330641%2Chttps%3A%2F%2Fcdn.shopify.com%2Fs%2Ffiles%2F1%2F0540%2F8145%2F4255%2Ffiles%2F8218C-LW1.jpg%3Fv%3D1734330641&feedId=105368&k=2bdd3bbf1f7d4c5b24ed18bcb4b0f927133adaa3,544,"Men's Watches",,45mm*50.4mm*13.55mm,TB8218C-06LB,TB8218C-06LB,,,7.17701E+11,"Atomic-Interchangeable Ceramic Edition Light Blue","Stylish barrel-shaped interchangeable automatic lake blue watch with Japanese 82S0 movement, ceramic bezel, 316L stainless steel case, sapphire crystal, 100m water resistance, A-grade lume, and fluoro rubber strap.",https://tsarbomba.com/products/tb8218c?variant=45857511178496,"https://cdn.shopify.com/s/files/1/0540/8145/4255/files/8218C-LW2.jpg?v=1734330641,https://cdn.shopify.com/s/files/1/0540/8145/4255/files/8218C-LW1.jpg?v=1734330641",https://cdn.shopify.com/s/files/1/0540/8145/4255/files/8218C-LW.png?v=1734330641,1099.9,1099.9,109.99,,USD,"TSAR BOMBA WATCH",new,male,"Light Blue",,,,"Stylish barrel-shaped interchangeable automatic lake blue watch with Japanese 82S0 movement, ceramic bezel, 316L stainless steel case, sapphire crystal, 100m water resistance, A-grade lume, and fluoro rubber strap.",,instock
105368,109230,Tsarbomba,41882883938,https://www.awin1.com/pclick.php?p=41882883938&a=3002879&m=109230,https://images2.productserve.com/?w=200&h=200&bg=white&trim=5&t=letterbox&url=ssl%3Acdn.shopify.com%2Fs%2Ffiles%2F1%2F0540%2F8145%2F4255%2Ffiles%2F8218C-BW.png%3Fv%3D1734330641&feedId=105368&k=b2eab7bcc46881faf38385ad682372776706b0a7,https://images2.productserve.com/?w=70&h=70&bg=white&trim=5&t=letterbox&url=ssl%3Acdn.shopify.com%2Fs%2Ffiles%2F1%2F0540%2F8145%2F4255%2Ffiles%2F8218C-BW.jpg%3Fv%3D1734330641%2Chttps%3A%2F%2Fcdn.shopify.com%2Fs%2Ffiles%2F1%2F0540%2F8145%2F4255%2Ffiles%2F2_67cd5c76-5240-420f-90d7-adeca53aea2b.jpg%3Fv%3D1734330641&feedId=105368&k=6839b9058e458980ac45c3d258e77d03cad78e8a,544,"Men's Watches",,45mm*50.4mm*13.55mm,TB8218C-01BL,TB8218C-01BL,,,7.17299E+11,"Atomic-Interchangeable Ceramic Edition Blue","Stylish barrel-shaped interchangeable automatic lake blue watch with Japanese 82S0 movement, ceramic bezel, 316L stainless steel case, sapphire crystal, 100m water resistance, A-grade lume, and fluoro rubber strap.",https://tsarbomba.com/products/tb8218c?variant=45857511080192,"https://cdn.shopify.com/s/files/1/0540/8145/4255/files/8218C-BW.jpg?v=1734330641,https://cdn.shopify.com/s/files/1/0540/8145/4255/files/2_67cd5c76-5240-420f-90d7-adeca53aea2b.jpg?v=1734330641",https://cdn.shopify.com/s/files/1/0540/8145/4255/files/8218C-BW.png?v=1734330641,1099.9,1099.9,109.99,,USD,"TSAR BOMBA WATCH",new,male,Blue,,,,"Stylish barrel-shaped interchangeable automatic lake blue watch with Japanese 82S0 movement, ceramic bezel, 316L stainless steel case, sapphire crystal, 100m water resistance, A-grade lume, and fluoro rubber strap.",,instock
105368,109230,Tsarbomba,41882883939,https://www.awin1.com/pclick.php?p=41882883939&a=3002879&m=109230,https://images2.productserve.com/?w=200&h=200&bg=white&trim=5&t=letterbox&url=ssl%3Acdn.shopify.com%2Fs%2Ffiles%2F1%2F0540%2F8145%2F4255%2Ffiles%2F8218C-WB.png%3Fv%3D1734330641&feedId=105368&k=0a5f98fb888d43fed6202f2ee1df7ff8d8f0d3ee,https://images2.productserve.com/?w=70&h=70&bg=white&trim=5&t=letterbox&url=ssl%3Acdn.shopify.com%2Fs%2Ffiles%2F1%2F0540%2F8145%2F4255%2Ffiles%2F8218C-WB.jpg%3Fv%3D1736736370%2Chttps%3A%2F%2Fcdn.shopify.com%2Fs%2Ffiles%2F1%2F0540%2F8145%2F4255%2Ffiles%2F8_d3da4f0c-8c16-4065-8a9b-6ee539663428.jpg%3Fv%3D1736736370&feedId=105368&k=540eb4c75d39af179a6baa680f9dc369c8a54de7,544,"Men's Watches",,45mm*50.4mm*13.55mm,TB8218C-01WB,TB8218C-01WB,,,7.17701E+11,"Atomic-Interchangeable Ceramic Edition White Blue","Stylish barrel-shaped interchangeable automatic lake blue watch with Japanese 82S0 movement, ceramic bezel, 316L stainless steel case, sapphire crystal, 100m water resistance, A-grade lume, and fluoro rubber strap.",https://tsarbomba.com/products/tb8218c?variant=45857510981888,"https://cdn.shopify.com/s/files/1/0540/8145/4255/files/8218C-WB.jpg?v=1736736370,https://cdn.shopify.com/s/files/1/0540/8145/4255/files/8_d3da4f0c-8c16-4065-8a9b-6ee539663428.jpg?v=1736736370",https://cdn.shopify.com/s/files/1/0540/8145/4255/files/8218C-WB.png?v=1734330641,1099.9,1099.9,109.99,,USD,"TSAR BOMBA WATCH",new,male,"White Blue",,,,"Stylish barrel-shaped interchangeable automatic lake blue watch with Japanese 82S0 movement, ceramic bezel, 316L stainless steel case, sapphire crystal, 100m water resistance, A-grade lume, and fluoro rubber strap.",,instock
105368,109230,Tsarbomba,41882883940,https://www.awin1.com/pclick.php?p=41882883940&a=3002879&m=109230,https://images2.productserve.com/?w=200&h=200&bg=white&trim=5&t=letterbox&url=ssl%3Acdn.shopify.com%2Fs%2Ffiles%2F1%2F0540%2F8145%2F4255%2Ffiles%2F8218C-G.png%3Fv%3D1736736370&feedId=105368&k=ea9f8ef4f7dc3afecfd7e3becea37bbc3897ce5e,https://images2.productserve.com/?w=70&h=70&bg=white&trim=5&t=letterbox&url=ssl%3Acdn.shopify.com%2Fs%2Ffiles%2F1%2F0540%2F8145%2F4255%2Ffiles%2F8218C-G.jpg%3Fv%3D1736736370%2Chttps%3A%2F%2Fcdn.shopify.com%2Fs%2Ffiles%2F1%2F0540%2F8145%2F4255%2Ffiles%2F7_b56b206d-f68a-464f-9f78-4c734704b6e3.jpg%3Fv%3D1736736370&feedId=105368&k=3c7c818d168522d760c283d0769c5e9497e37c30,544,"Men's Watches",,45mm*50.4mm*13.55mm,TB8218C-01G,TB8218C-01G,,,7.17299E+11,"Atomic-Interchangeable Ceramic Edition Grey","Stylish barrel-shaped interchangeable automatic lake blue watch with Japanese 82S0 movement, ceramic bezel, 316L stainless steel case, sapphire crystal, 100m water resistance, A-grade lume, and fluoro rubber strap.",https://tsarbomba.com/products/tb8218c?variant=45857510949120,"https://cdn.shopify.com/s/files/1/0540/8145/4255/files/8218C-G.jpg?v=1736736370,https://cdn.shopify.com/s/files/1/0540/8145/4255/files/7_b56b206d-f68a-464f-9f78-4c734704b6e3.jpg?v=1736736370",https://cdn.shopify.com/s/files/1/0540/8145/4255/files/8218C-G.png?v=1736736370,1099.9,1099.9,109.99,,USD,"TSAR BOMBA WATCH",new,male,Grey,,,,"Stylish barrel-shaped interchangeable automatic lake blue watch with Japanese 82S0 movement, ceramic bezel, 316L stainless steel case, sapphire crystal, 100m water resistance, A-grade lume, and fluoro rubber strap.",,instock
105368,109230,Tsarbomba,41882883941,https://www.awin1.com/pclick.php?p=41882883941&a=3002879&m=109230,https://images2.productserve.com/?w=200&h=200&bg=white&trim=5&t=letterbox&url=ssl%3Acdn.shopify.com%2Fs%2Ffiles%2F1%2F0540%2F8145%2F4255%2Ffiles%2F8218C-GB.png%3Fv%3D1736736370&feedId=105368&k=47d03c6bf11eafc94e2d939a4ae5a7d3b03509c6,https://images2.productserve.com/?w=70&h=70&bg=white&trim=5&t=letterbox&url=ssl%3Acdn.shopify.com%2Fs%2Ffiles%2F1%2F0540%2F8145%2F4255%2Ffiles%2F8218C-GB.jpg%3Fv%3D1736736370%2Chttps%3A%2F%2Fcdn.shopify.com%2Fs%2Ffiles%2F1%2F0540%2F8145%2F4255%2Ffiles%2F3_99377b9c-33a2-47b9-89e3-a8b18017d2cc.jpg%3Fv%3D1736736370&feedId=105368&k=cb554cee25f5f4ee8d759688d78e9d34a14c1aa5,544,"Men's Watches",,45mm*50.4mm*13.55mm,TB8218C-03G,TB8218C-03G,,,7.17299E+11,"Atomic-Interchangeable Ceramic Edition Green","Stylish barrel-shaped interchangeable automatic lake blue watch with Japanese 82S0 movement, ceramic bezel, 316L stainless steel case, sapphire crystal, 100m water resistance, A-grade lume, and fluoro rubber strap.",https://tsarbomba.com/products/tb8218c?variant=45857511112960,"https://cdn.shopify.com/s/files/1/0540/8145/4255/files/8218C-GB.jpg?v=1736736370,https://cdn.shopify.com/s/files/1/0540/8145/4255/files/3_99377b9c-33a2-47b9-89e3-a8b18017d2cc.jpg?v=1736736370",https://cdn.shopify.com/s/files/1/0540/8145/4255/files/8218C-GB.png?v=1736736370,1099.9,1099.9,109.99,,USD,"TSAR BOMBA WATCH",new,male,Green,,,,"Stylish barrel-shaped interchangeable automatic lake blue watch with Japanese 82S0 movement, ceramic bezel, 316L stainless steel case, sapphire crystal, 100m water resistance, A-grade lume, and fluoro rubber strap.",,instock
105368,109230,Tsarbomba,41882883942,https://www.awin1.com/pclick.php?p=41882883942&a=3002879&m=109230,https://images2.productserve.com/?w=200&h=200&bg=white&trim=5&t=letterbox&url=ssl%3Acdn.shopify.com%2Fs%2Ffiles%2F1%2F0540%2F8145%2F4255%2Ffiles%2F8218C-GY.png%3Fv%3D1736736370&feedId=105368&k=b6af720e4e2877914161fd9ad6e7079367e912ec,https://images2.productserve.com/?w=70&h=70&bg=white&trim=5&t=letterbox&url=ssl%3Acdn.shopify.com%2Fs%2Ffiles%2F1%2F0540%2F8145%2F4255%2Ffiles%2F8218C-DGY.jpg%3Fv%3D1736736370%2Chttps%3A%2F%2Fcdn.shopify.com%2Fs%2Ffiles%2F1%2F0540%2F8145%2F4255%2Ffiles%2F4_816dbb09-80d5-4465-9092-b2bf10ea3d8b.jpg%3Fv%3D1736736370&feedId=105368&k=3a30e92137163e9ab5ef2a4fbd8b2f9e4c632e3f,544,"Men's Watches",,45mm*50.4mm*13.55mm,TB8218C-01DG,TB8218C-01DG,,,7.17701E+11,"Atomic-Interchangeable Ceramic Edition Dark Green","Stylish barrel-shaped interchangeable automatic lake blue watch with Japanese 82S0 movement, ceramic bezel, 316L stainless steel case, sapphire crystal, 100m water resistance, A-grade lume, and fluoro rubber strap.",https://tsarbomba.com/products/tb8218c?variant=45857511047424,"https://cdn.shopify.com/s/files/1/0540/8145/4255/files/8218C-DGY.jpg?v=1736736370,https://cdn.shopify.com/s/files/1/0540/8145/4255/files/4_816dbb09-80d5-4465-9092-b2bf10ea3d8b.jpg?v=1736736370",https://cdn.shopify.com/s/files/1/0540/8145/4255/files/8218C-GY.png?v=1736736370,1099.9,1099.9,109.99,,USD,"TSAR BOMBA WATCH",new,male,"Dark Green",,,,"Stylish barrel-shaped interchangeable automatic lake blue watch with Japanese 82S0 movement, ceramic bezel, 316L stainless steel case, sapphire crystal, 100m water resistance, A-grade lume, and fluoro rubber strap.",,instock
105368,109230,Tsarbomba,41882883943,https://www.awin1.com/pclick.php?p=41882883943&a=3002879&m=109230,https://images2.productserve.com/?w=200&h=200&bg=white&trim=5&t=letterbox&url=ssl%3Acdn.shopify.com%2Fs%2Ffiles%2F1%2F0540%2F8145%2F4255%2Ffiles%2F8218C-BG.png%3Fv%3D1736736370&feedId=105368&k=72358255b177b5e514334c9bfae42f13f6ceb204,https://images2.productserve.com/?w=70&h=70&bg=white&trim=5&t=letterbox&url=ssl%3Acdn.shopify.com%2Fs%2Ffiles%2F1%2F0540%2F8145%2F4255%2Ffiles%2F8218C-BG.jpg%3Fv%3D1734330641%2Chttps%3A%2F%2Fcdn.shopify.com%2Fs%2Ffiles%2F1%2F0540%2F8145%2F4255%2Ffiles%2F5_fac9d766-3474-4ac9-a6cf-77385d7ade88.jpg%3Fv%3D1734330641&feedId=105368&k=d85bb93ab34c7c2ecdf3fefd1eb1309549e6ddb1,544,"Men's Watches",,45mm*50.4mm*13.55mm,TB8218C-01BK,TB8218C-01BK,,,7.17701E+11,"Atomic-Interchangeable Ceramic Edition Black","Stylish barrel-shaped interchangeable automatic lake blue watch with Japanese 82S0 movement, ceramic bezel, 316L stainless steel case, sapphire crystal, 100m water resistance, A-grade lume, and fluoro rubber strap.",https://tsarbomba.com/products/tb8218c?variant=45857511145728,"https://cdn.shopify.com/s/files/1/0540/8145/4255/files/8218C-BG.jpg?v=1734330641,https://cdn.shopify.com/s/files/1/0540/8145/4255/files/5_fac9d766-3474-4ac9-a6cf-77385d7ade88.jpg?v=1734330641",https://cdn.shopify.com/s/files/1/0540/8145/4255/files/8218C-BG.png?v=1736736370,1099.9,1099.9,109.99,,USD,"TSAR BOMBA WATCH",new,male,Black,,,,"Stylish barrel-shaped interchangeable automatic lake blue watch with Japanese 82S0 movement, ceramic bezel, 316L stainless steel case, sapphire crystal, 100m water resistance, A-grade lume, and fluoro rubber strap.",,instock
105368,109230,Tsarbomba,41882883944,https://www.awin1.com/pclick.php?p=41882883944&a=3002879&m=109230,https://images2.productserve.com/?w=200&h=200&bg=white&trim=5&t=letterbox&url=ssl%3Acdn.shopify.com%2Fs%2Ffiles%2F1%2F0540%2F8145%2F4255%2Ffiles%2FTB8601-B.png%3Fv%3D1724663949&feedId=105368&k=3586c3bbcb73dde95769c8fad0e03c48420953fc,https://images2.productserve.com/?w=70&h=70&bg=white&trim=5&t=letterbox&url=ssl%3Acdn.shopify.com%2Fs%2Ffiles%2F1%2F0540%2F8145%2F4255%2Ffiles%2F8601B-box.jpg%3Fv%3D1724903554%2Chttps%3A%2F%2Fcdn.shopify.com%2Fs%2Ffiles%2F1%2F0540%2F8145%2F4255%2Ffiles%2Fef2909840e65e8fef88e20dc209ce066.jpg%3Fv%3D1723804002&feedId=105368&k=a30007d9ecfca29090cc7b731df303092de7a7c7,544,"Men's Watches",,43mm*53.5mm*14.5mm,TB8601-01,TB8601-01,,,7.17299E+11,"Dark Matter-Interchangeable Automatic Watch Dark Matter 1 Black Set","Stylish barrel-shaped interchangeable automatic watch with Japanese 82S7 movement, carbon fiber and 316L stainless steel bezel, 316L stainless steel case, sapphire crystal, 50m water resistance, A-grade lume, and fluoro rubber strap.",https://tsarbomba.com/products/tb8601?variant=45803552080128,"https://cdn.shopify.com/s/files/1/0540/8145/4255/files/8601B-box.jpg?v=1724903554,https://cdn.shopify.com/s/files/1/0540/8145/4255/files/ef2909840e65e8fef88e20dc209ce066.jpg?v=1723804002",https://cdn.shopify.com/s/files/1/0540/8145/4255/files/TB8601-B.png?v=1724663949,1200,1200,120,,USD,"TSAR BOMBA WATCH",new,male,"Black Set",,,,"Stylish barrel-shaped interchangeable automatic watch with Japanese 82S7 movement, carbon fiber and 316L stainless steel bezel, 316L stainless steel case, sapphire crystal, 50m water resistance, A-grade lume, and fluoro rubber strap.",,instock
105368,109230,Tsarbomba,41882883945,https://www.awin1.com/pclick.php?p=41882883945&a=3002879&m=109230,https://images2.productserve.com/?w=200&h=200&bg=white&trim=5&t=letterbox&url=ssl%3Acdn.shopify.com%2Fs%2Ffiles%2F1%2F0540%2F8145%2F4255%2Ffiles%2FTB8601-w.png%3Fv%3D1724663949&feedId=105368&k=654d34f407f330ad3692fae61e86dda80e25b5e7,https://images2.productserve.com/?w=70&h=70&bg=white&trim=5&t=letterbox&url=ssl%3Acdn.shopify.com%2Fs%2Ffiles%2F1%2F0540%2F8145%2F4255%2Ffiles%2F8601W-box.jpg%3Fv%3D1724903554%2Chttps%3A%2F%2Fcdn.shopify.com%2Fs%2Ffiles%2F1%2F0540%2F8145%2F4255%2Ffiles%2F8601L-1.png%3Fv%3D1724659905&feedId=105368&k=6baa0f30c5aafbf6f7833a52871c6ad6c13b79cc,544,"Men's Watches",,43mm*53.5mm*14.5mm,TB8601-02,TB8601-02,,,7.17299E+11,"Dark Matter-Interchangeable Automatic Watch Dark Matter 1 White Set","Stylish barrel-shaped interchangeable automatic watch with Japanese 82S7 movement, carbon fiber and 316L stainless steel bezel, 316L stainless steel case, sapphire crystal, 50m water resistance, A-grade lume, and fluoro rubber strap.",https://tsarbomba.com/products/tb8601?variant=45803552112896,"https://cdn.shopify.com/s/files/1/0540/8145/4255/files/8601W-box.jpg?v=1724903554,https://cdn.shopify.com/s/files/1/0540/8145/4255/files/8601L-1.png?v=1724659905",https://cdn.shopify.com/s/files/1/0540/8145/4255/files/TB8601-w.png?v=1724663949,1200,1200,120,,USD,"TSAR BOMBA WATCH",new,male,"White Set",,,,"Stylish barrel-shaped interchangeable automatic watch with Japanese 82S7 movement, carbon fiber and 316L stainless steel bezel, 316L stainless steel case, sapphire crystal, 50m water resistance, A-grade lume, and fluoro rubber strap.",,instock
105368,109230,Tsarbomba,41882883946,https://www.awin1.com/pclick.php?p=41882883946&a=3002879&m=109230,https://images2.productserve.com/?w=200&h=200&bg=white&trim=5&t=letterbox&url=ssl%3Acdn.shopify.com%2Fs%2Ffiles%2F1%2F0540%2F8145%2F4255%2Ffiles%2FTB8601-o.png%3Fv%3D1724663949&feedId=105368&k=5eeb581d31d62dd3787c922f1ee752ac96815809,https://images2.productserve.com/?w=70&h=70&bg=white&trim=5&t=letterbox&url=ssl%3Acdn.shopify.com%2Fs%2Ffiles%2F1%2F0540%2F8145%2F4255%2Ffiles%2F8601O-box.jpg%3Fv%3D1724903554%2Chttps%3A%2F%2Fcdn.shopify.com%2Fs%2Ffiles%2F1%2F0540%2F8145%2F4255%2Ffiles%2F8601BO-3.jpg%3Fv%3D1723458514&feedId=105368&k=68ca994155a31396854ea20abb761cdc414d8649,544,"Men's Watches",,43mm*53.5mm*14.5mm,TB8601-03,TB8601-03,,,7.17299E+11,"Dark Matter-Interchangeable Automatic Watch Dark Matter 1 Orange Set","Stylish barrel-shaped interchangeable automatic watch with Japanese 82S7 movement, carbon fiber and 316L stainless steel bezel, 316L stainless steel case, sapphire crystal, 50m water resistance, A-grade lume, and fluoro rubber strap.",https://tsarbomba.com/products/tb8601?variant=45803552145664,"https://cdn.shopify.com/s/files/1/0540/8145/4255/files/8601O-box.jpg?v=1724903554,https://cdn.shopify.com/s/files/1/0540/8145/4255/files/8601BO-3.jpg?v=1723458514",https://cdn.shopify.com/s/files/1/0540/8145/4255/files/TB8601-o.png?v=1724663949,1200,1200,120,,USD,"TSAR BOMBA WATCH",new,male,"Orange Set",,,,"Stylish barrel-shaped interchangeable automatic watch with Japanese 82S7 movement, carbon fiber and 316L stainless steel bezel, 316L stainless steel case, sapphire crystal, 50m water resistance, A-grade lume, and fluoro rubber strap.",,instock
105368,109230,Tsarbomba,41882883947,https://www.awin1.com/pclick.php?p=41882883947&a=3002879&m=109230,https://images2.productserve.com/?w=200&h=200&bg=white&trim=5&t=letterbox&url=ssl%3Acdn.shopify.com%2Fs%2Ffiles%2F1%2F0540%2F8145%2F4255%2Ffiles%2FTB8602O.png%3Fv%3D1733451674&feedId=105368&k=58b5e0d5e3f803d64610aebbb6b567646d125d69,https://images2.productserve.com/?w=70&h=70&bg=white&trim=5&t=letterbox&url=ssl%3Acdn.shopify.com%2Fs%2Ffiles%2F1%2F0540%2F8145%2F4255%2Ffiles%2Fdbd541aeda91fe3337491ca7cf3fc833.jpg%3Fv%3D1733900647%2Chttps%3A%2F%2Fcdn.shopify.com%2Fs%2Ffiles%2F1%2F0540%2F8145%2F4255%2Ffiles%2FTB8602CF-01_71003234-cd8d-4227-90df-b656a139b2a7.png%3Fv%3D1733900647&feedId=105368&k=6a8a9d502f3cc8f4363f9f530a2b7633c07b6c40,544,"Men's Watches",,43mm*53.5mm*14.5mm,TB8602-02,TB8602-02,,,7.17701E+11,"Dark Matter-Interchangeable Automatic Watch Dark Matter 2 Orange Set","Stylish barrel-shaped interchangeable automatic watch with Japanese YN84 movement, carbon fiber bezel, 316L stainless steel case, power reserve indicator dial, sapphire crystal, 100m water resistance, A-grade lume, and fluoro rubber strap.",https://tsarbomba.com/products/tb8602?variant=46160220094720,"https://cdn.shopify.com/s/files/1/0540/8145/4255/files/dbd541aeda91fe3337491ca7cf3fc833.jpg?v=1733900647,https://cdn.shopify.com/s/files/1/0540/8145/4255/files/TB8602CF-01_71003234-cd8d-4227-90df-b656a139b2a7.png?v=1733900647",https://cdn.shopify.com/s/files/1/0540/8145/4255/files/TB8602O.png?v=1733451674,1500,1500,150,,USD,"TSAR BOMBA WATCH",new,male,"Orange Set",,,,"Stylish barrel-shaped interchangeable automatic watch with Japanese YN84 movement, carbon fiber bezel, 316L stainless steel case, power reserve indicator dial, sapphire crystal, 100m water resistance, A-grade lume, and fluoro rubber strap.",,instock
105368,109230,Tsarbomba,41882883948,https://www.awin1.com/pclick.php?p=41882883948&a=3002879&m=109230,https://images2.productserve.com/?w=200&h=200&bg=white&trim=5&t=letterbox&url=ssl%3Acdn.shopify.com%2Fs%2Ffiles%2F1%2F0540%2F8145%2F4255%2Ffiles%2FTB8602CF-04_05e01e04-df38-43ed-bbb4-06ebe580abbe.png%3Fv%3D1733900647&feedId=105368&k=958fab4cb34b17901b9ece2dc050b09e5b7b6707,https://images2.productserve.com/?w=70&h=70&bg=white&trim=5&t=letterbox&url=ssl%3Acdn.shopify.com%2Fs%2Ffiles%2F1%2F0540%2F8145%2F4255%2Ffiles%2Fe4bfe1e5f6379a53519273e201266484.jpg%3Fv%3D1733900647%2Chttps%3A%2F%2Fcdn.shopify.com%2Fs%2Ffiles%2F1%2F0540%2F8145%2F4255%2Ffiles%2FTB8602CF-02_26efc07b-bc61-43e9-8201-d0fead5e7182.png%3Fv%3D1733900647&feedId=105368&k=5bf97b099868a752413ef72dfc6363c314a21bb8,544,"Men's Watches",,43mm*53.5mm*14.5mm,TB8602-01,TB8602-01,,,7.17701E+11,"Dark Matter-Interchangeable Automatic Watch Dark Matter 2 Blue Set","Stylish barrel-shaped interchangeable automatic watch with Japanese YN84 movement, carbon fiber bezel, 316L stainless steel case, power reserve indicator dial, sapphire crystal, 100m water resistance, A-grade lume, and fluoro rubber strap.",https://tsarbomba.com/products/tb8602?variant=46160744448256,"https://cdn.shopify.com/s/files/1/0540/8145/4255/files/e4bfe1e5f6379a53519273e201266484.jpg?v=1733900647,https://cdn.shopify.com/s/files/1/0540/8145/4255/files/TB8602CF-02_26efc07b-bc61-43e9-8201-d0fead5e7182.png?v=1733900647",https://cdn.shopify.com/s/files/1/0540/8145/4255/files/TB8602CF-04_05e01e04-df38-43ed-bbb4-06ebe580abbe.png?v=1733900647,1500,1500,150,,USD,"TSAR BOMBA WATCH",new,male,"Blue Set",,,,"Stylish barrel-shaped interchangeable automatic watch with Japanese YN84 movement, carbon fiber bezel, 316L stainless steel case, power reserve indicator dial, sapphire crystal, 100m water resistance, A-grade lume, and fluoro rubber strap.",,instock
105368,109230,Tsarbomba,41882883949,https://www.awin1.com/pclick.php?p=41882883949&a=3002879&m=109230,https://images2.productserve.com/?w=200&h=200&bg=white&trim=5&t=letterbox&url=ssl%3Acdn.shopify.com%2Fs%2Ffiles%2F1%2F0540%2F8145%2F4255%2Ffiles%2FTB8603BLB.png%3Fv%3D1733451732&feedId=105368&k=c4303197a1ae722a8bc23c1af9a7548bf72e2474,https://images2.productserve.com/?w=70&h=70&bg=white&trim=5&t=letterbox&url=ssl%3Acdn.shopify.com%2Fs%2Ffiles%2F1%2F0540%2F8145%2F4255%2Ffiles%2F8603BL.jpg%3Fv%3D1733899005%2Chttps%3A%2F%2Fcdn.shopify.com%2Fs%2Ffiles%2F1%2F0540%2F8145%2F4255%2Ffiles%2FTB8603BBL-2.png%3Fv%3D1733899005&feedId=105368&k=4a64032c0d78ab8cb512b4fbc8670923b015d055,544,"Men's Watches",,43mm*53.5mm*14.5mm,TB8603-01,TB8603-01,,,7.17701E+11,"Dark Matter-Interchangeable Automatic Watch Dark Matter 3 Blue Set","Stylish barrel-shaped interchangeable automatic watch with Swiss SW200-1 AJ movement, carbon fiber bezel, 316L stainless steel case, sapphire crystal, 100m water resistance, A-grade lume, and fluoro rubber strap.",https://tsarbomba.com/products/tb8603?variant=46160216391936,"https://cdn.shopify.com/s/files/1/0540/8145/4255/files/8603BL.jpg?v=1733899005,https://cdn.shopify.com/s/files/1/0540/8145/4255/files/TB8603BBL-2.png?v=1733899005",https://cdn.shopify.com/s/files/1/0540/8145/4255/files/TB8603BLB.png?v=1733451732,2000,2000,200,,USD,"TSAR BOMBA WATCH",new,male,"Blue Set",,,,"Stylish barrel-shaped interchangeable automatic watch with Swiss SW200-1 AJ movement, carbon fiber bezel, 316L stainless steel case, sapphire crystal, 100m water resistance, A-grade lume, and fluoro rubber strap.",,instock
105368,109230,Tsarbomba,41882883950,https://www.awin1.com/pclick.php?p=41882883950&a=3002879&m=109230,https://images2.productserve.com/?w=200&h=200&bg=white&trim=5&t=letterbox&url=ssl%3Acdn.shopify.com%2Fs%2Ffiles%2F1%2F0540%2F8145%2F4255%2Ffiles%2FTB8603RB.png%3Fv%3D1733899342&feedId=105368&k=21d5ee47c3ab4a828dfc3fc63ac162ca6ea92f23,https://images2.productserve.com/?w=70&h=70&bg=white&trim=5&t=letterbox&url=ssl%3Acdn.shopify.com%2Fs%2Ffiles%2F1%2F0540%2F8145%2F4255%2Ffiles%2F8603R.jpg%3Fv%3D1733899005%2Chttps%3A%2F%2Fcdn.shopify.com%2Fs%2Ffiles%2F1%2F0540%2F8145%2F4255%2Ffiles%2FTB8603BBK-2.png%3Fv%3D1733899005&feedId=105368&k=4fb5e0e8eeeab46105c011f7c0eb439cfd987304,544,"Men's Watches",,43mm*53.5mm*14.5mm,TB8603-02,TB8603-02,,,7.17701E+11,"Dark Matter-Interchangeable Automatic Watch Dark Matter 3 Red Set","Stylish barrel-shaped interchangeable automatic watch with Swiss SW200-1 AJ movement, carbon fiber bezel, 316L stainless steel case, sapphire crystal, 100m water resistance, A-grade lume, and fluoro rubber strap.",https://tsarbomba.com/products/tb8603?variant=46160216424704,"https://cdn.shopify.com/s/files/1/0540/8145/4255/files/8603R.jpg?v=1733899005,https://cdn.shopify.com/s/files/1/0540/8145/4255/files/TB8603BBK-2.png?v=1733899005",https://cdn.shopify.com/s/files/1/0540/8145/4255/files/TB8603RB.png?v=1733899342,2000,2000,200,,USD,"TSAR BOMBA WATCH",new,male,"Red Set",,,,"Stylish barrel-shaped interchangeable automatic watch with Swiss SW200-1 AJ movement, carbon fiber bezel, 316L stainless steel case, sapphire crystal, 100m water resistance, A-grade lume, and fluoro rubber strap.",,instock
105368,109230,Tsarbomba,41882883951,https://www.awin1.com/pclick.php?p=41882883951&a=3002879&m=109230,https://images2.productserve.com/?w=200&h=200&bg=white&trim=5&t=letterbox&url=ssl%3Acdn.shopify.com%2Fs%2Ffiles%2F1%2F0540%2F8145%2F4255%2Ffiles%2FTB8604-R2.png%3Fv%3D1725611278&feedId=105368&k=1ac8174d7486bb90faebb2aa9f46219261434ad9,https://images2.productserve.com/?w=70&h=70&bg=white&trim=5&t=letterbox&url=ssl%3Acdn.shopify.com%2Fs%2Ffiles%2F1%2F0540%2F8145%2F4255%2Ffiles%2FTB8604-Box1.jpg%3Fv%3D1725611537%2Chttps%3A%2F%2Fcdn.shopify.com%2Fs%2Ffiles%2F1%2F0540%2F8145%2F4255%2Ffiles%2FTB8604B1.jpg%3Fv%3D1727076951%2Chttps%3A%2F%2Fcdn.shopify.com%2Fs%2Ffiles%2F1%2F0540%2F8145%2F4255%2Ffiles%2F8604BL.jpg%3Fv%3D1727402682%2Chttps%3A%2F%2Fcdn.shopify.com%2Fs%2Ffiles%2F1%2F0540%2F8145%2F4255%2Ffiles%2FTB8604G.jpg%3Fv%3D1727076951%2Chttps%3A%2F%2Fcdn.shopify.com%2Fs%2Ffiles%2F1%2F0540%2F8145%2F4255%2Ffiles%2F8604O.jpg%3Fv%3D1727402659&feedId=105368&k=4d5371919e0fc414eb58dd21446db7c1b4295c90,544,"Men's Watches",,43mm*53.5mm*14.5mm,TB8604-01,TB8604-01,,,7.17299E+11,"Dark Matter-Rafael MÃ¡rquez Collaboration Limited Edition Dark Matter 4","Stylish barrel-shaped interchangeable automatic watch with Swiss SW500 movement, meteorite dial, carbon fiber bezel, 316L stainless steel case, sapphire crystal, 100m water resistance, A-grade lume, and fluoro rubber strap.",https://tsarbomba.com/products/tb8604,"https://cdn.shopify.com/s/files/1/0540/8145/4255/files/TB8604-Box1.jpg?v=1725611537,https://cdn.shopify.com/s/files/1/0540/8145/4255/files/TB8604B1.jpg?v=1727076951,https://cdn.shopify.com/s/files/1/0540/8145/4255/files/8604BL.jpg?v=1727402682,https://cdn.shopify.com/s/files/1/0540/8145/4255/files/TB8604G.jpg?v=1727076951,https://cdn.shopify.com/s/files/1/0540/8145/4255/files/8604O.jpg?v=1727402659",https://cdn.shopify.com/s/files/1/0540/8145/4255/files/TB8604-R2.png?v=1725611278,4999.9,4999.9,499.99,,USD,"TSAR BOMBA WATCH",new,male,"Red Set",,,,"Stylish barrel-shaped interchangeable automatic watch with Swiss SW500 movement, meteorite dial, carbon fiber bezel, 316L stainless steel case, sapphire crystal, 100m water resistance, A-grade lume, and fluoro rubber strap.",,instock
105368,109230,Tsarbomba,41882883952,https://www.awin1.com/pclick.php?p=41882883952&a=3002879&m=109230,https://images2.productserve.com/?w=200&h=200&bg=white&trim=5&t=letterbox&url=ssl%3Acdn.shopify.com%2Fs%2Ffiles%2F1%2F0540%2F8145%2F4255%2Ffiles%2F8207A.png%3Fv%3D1724724278&feedId=105368&k=2d0482fee8d3e6bcbb70a6f97568708386a2621f,https://images2.productserve.com/?w=70&h=70&bg=white&trim=5&t=letterbox&url=ssl%3Acdn.shopify.com%2Fs%2Ffiles%2F1%2F0540%2F8145%2F4255%2Ffiles%2F2_9bfe8921-c1eb-4405-8ef3-06cb048ddf69.png%3Fv%3D1728896919%2Chttps%3A%2F%2Fcdn.shopify.com%2Fs%2Ffiles%2F1%2F0540%2F8145%2F4255%2Ffiles%2FElemental_Series-Automatic_Watch_TB8207A_Black-3.jpg%3Fv%3D1724724349&feedId=105368&k=bd93a45f515905cc273203dbb53e0ca616610049,544,"Men's Watches",,43mm*50.5mm*15.5mm,TB8207A-02,TB8207A-02,,,7.62704E+11,"Elemental Series-Automatic Watch TB8207A Black","Stylish barrel-shaped automatic watch with Japanese 82S0 movement, 316L stainless steel bezel, butterfly design dial, 316L stainless steel case, sapphire crystal, 50m water resistance, A-grade lume, and silicone strap.",https://tsarbomba.com/products/tsarbombatb8207?variant=39761492541615,"https://cdn.shopify.com/s/files/1/0540/8145/4255/files/2_9bfe8921-c1eb-4405-8ef3-06cb048ddf69.png?v=1728896919,https://cdn.shopify.com/s/files/1/0540/8145/4255/files/Elemental_Series-Automatic_Watch_TB8207A_Black-3.jpg?v=1724724349",https://cdn.shopify.com/s/files/1/0540/8145/4255/files/8207A.png?v=1724724278,389.99,389.99,38.999,,USD,"TSAR BOMBA WATCH",new,male,Black,,,,"Stylish barrel-shaped automatic watch with Japanese 82S0 movement, 316L stainless steel bezel, butterfly design dial, 316L stainless steel case, sapphire crystal, 50m water resistance, A-grade lume, and silicone strap.",,instock
105368,109230,Tsarbomba,41882883953,https://www.awin1.com/pclick.php?p=41882883953&a=3002879&m=109230,https://images2.productserve.com/?w=200&h=200&bg=white&trim=5&t=letterbox&url=ssl%3Acdn.shopify.com%2Fs%2Ffiles%2F1%2F0540%2F8145%2F4255%2Ffiles%2F16_3cb7646b-6e92-4162-b64c-4eb148c230c3.png%3Fv%3D1729648120&feedId=105368&k=0ef83c639716f4cd35156eb7efd73f61c483387b,https://images2.productserve.com/?w=70&h=70&bg=white&trim=5&t=letterbox&url=ssl%3Acdn.shopify.com%2Fs%2Ffiles%2F1%2F0540%2F8145%2F4255%2Ffiles%2F9_ad522e38-0d4f-4a47-8c4d-575d1fe29466.png%3Fv%3D1728896919%2Chttps%3A%2F%2Fcdn.shopify.com%2Fs%2Ffiles%2F1%2F0540%2F8145%2F4255%2Ffiles%2FElemental_Series-Automatic_Watch_TB8207A_Silver_Blue-5.jpg%3Fv%3D1724724349&feedId=105368&k=793013db8b46b6d6b6307fb0fe1858370b4a5b68,544,"Men's Watches",,43mm*50.5mm*15.5mm,TB8207A-03,TB8207A-03,,,7.62704E+11,"Elemental Series-Automatic Watch TB8207A Silver Blue","Stylish barrel-shaped automatic watch with Japanese 82S0 movement, 316L stainless steel bezel, butterfly design dial, 316L stainless steel case, sapphire crystal, 50m water resistance, A-grade lume, and silicone strap.",https://tsarbomba.com/products/tsarbombatb8207?variant=42217309143296,"https://cdn.shopify.com/s/files/1/0540/8145/4255/files/9_ad522e38-0d4f-4a47-8c4d-575d1fe29466.png?v=1728896919,https://cdn.shopify.com/s/files/1/0540/8145/4255/files/Elemental_Series-Automatic_Watch_TB8207A_Silver_Blue-5.jpg?v=1724724349",https://cdn.shopify.com/s/files/1/0540/8145/4255/files/16_3cb7646b-6e92-4162-b64c-4eb148c230c3.png?v=1729648120,389.99,389.99,38.999,,USD,"TSAR BOMBA WATCH",new,male,"Silver Blue",,,,"Stylish barrel-shaped automatic watch with Japanese 82S0 movement, 316L stainless steel bezel, butterfly design dial, 316L stainless steel case, sapphire crystal, 50m water resistance, A-grade lume, and silicone strap.",,instock
105368,109230,Tsarbomba,41882883954,https://www.awin1.com/pclick.php?p=41882883954&a=3002879&m=109230,https://images2.productserve.com/?w=200&h=200&bg=white&trim=5&t=letterbox&url=ssl%3Acdn.shopify.com%2Fs%2Ffiles%2F1%2F0540%2F8145%2F4255%2Ffiles%2F8208A.png%3Fv%3D1724724279&feedId=105368&k=1c5b84bfc81f8e60bf1c26c14e42dbebbfa1734e,https://images2.productserve.com/?w=70&h=70&bg=white&trim=5&t=letterbox&url=ssl%3Acdn.shopify.com%2Fs%2Ffiles%2F1%2F0540%2F8145%2F4255%2Ffiles%2F4_cc6bfe50-7fd0-468f-8b80-41ab3e8064b1.png%3Fv%3D1728897143%2Chttps%3A%2F%2Fcdn.shopify.com%2Fs%2Ffiles%2F1%2F0540%2F8145%2F4255%2Ffiles%2FElemental_Series-Automatic_Watch_TB8208A_Gold_Black-9.jpg%3Fv%3D1724724381&feedId=105368&k=f05572d908bc7e090dba25245a1033e5e514d858,544,"Men's Watches",,43mm*50.5mm*15.5mm,TB8208A-16,TB8208A-16,,,7.62704E+11,"Elemental Series-Automatic Watch TB8208A Rose Gold Black","Stylish barrel-shaped automatic watch with Japanese 82S0 movement, 316L stainless steel bezel, double bridge design hollow dial, 316L stainless steel case, sapphire crystal, 50m water resistance, A-grade lume, and silicone strap.",https://tsarbomba.com/products/tb8208a?variant=42279399981312,"https://cdn.shopify.com/s/files/1/0540/8145/4255/files/4_cc6bfe50-7fd0-468f-8b80-41ab3e8064b1.png?v=1728897143,https://cdn.shopify.com/s/files/1/0540/8145/4255/files/Elemental_Series-Automatic_Watch_TB8208A_Gold_Black-9.jpg?v=1724724381",https://cdn.shopify.com/s/files/1/0540/8145/4255/files/8208A.png?v=1724724279,399.99,399.99,39.999,,USD,"TSAR BOMBA WATCH",new,male,"Rose Gold Black",,,,"Stylish barrel-shaped automatic watch with Japanese 82S0 movement, 316L stainless steel bezel, double bridge design hollow dial, 316L stainless steel case, sapphire crystal, 50m water resistance, A-grade lume, and silicone strap.",,instock
105368,109230,Tsarbomba,41882883955,https://www.awin1.com/pclick.php?p=41882883955&a=3002879&m=109230,https://images2.productserve.com/?w=200&h=200&bg=white&trim=5&t=letterbox&url=ssl%3Acdn.shopify.com%2Fs%2Ffiles%2F1%2F0540%2F8145%2F4255%2Ffiles%2F6_b80a9cf0-a335-4c4f-b113-f03b595a2990.png%3Fv%3D1729648191&feedId=105368&k=784544537a62d86aba33175798b10a1a00973598,https://images2.productserve.com/?w=70&h=70&bg=white&trim=5&t=letterbox&url=ssl%3Acdn.shopify.com%2Fs%2Ffiles%2F1%2F0540%2F8145%2F4255%2Ffiles%2F13_dd3b1e7c-38b6-435f-930e-42db6b852bb9.png%3Fv%3D1728897143%2Chttps%3A%2F%2Fcdn.shopify.com%2Fs%2Ffiles%2F1%2F0540%2F8145%2F4255%2Ffiles%2FElemental_Series-Automatic_Watch_TB8208A_Black_Orange-8.jpg%3Fv%3D1724724381&feedId=105368&k=773f9a9af34400c0a1b46090f9252d60819ff8bd,544,"Men's Watches",,43mm*50.5mm*15.5mm,TB8208A-01,TB8208A-01,,,7.62704E+11,"Elemental Series-Automatic Watch TB8208A Black Orange","Stylish barrel-shaped automatic watch with Japanese 82S0 movement, 316L stainless steel bezel, double bridge design hollow dial, 316L stainless steel case, sapphire crystal, 50m water resistance, A-grade lume, and silicone strap",https://tsarbomba.com/products/tb8208a?variant=40904895463599,"https://cdn.shopify.com/s/files/1/0540/8145/4255/files/13_dd3b1e7c-38b6-435f-930e-42db6b852bb9.png?v=1728897143,https://cdn.shopify.com/s/files/1/0540/8145/4255/files/Elemental_Series-Automatic_Watch_TB8208A_Black_Orange-8.jpg?v=1724724381",https://cdn.shopify.com/s/files/1/0540/8145/4255/files/6_b80a9cf0-a335-4c4f-b113-f03b595a2990.png?v=1729648191,399.99,399.99,39.999,,USD,"TSAR BOMBA WATCH",new,male,"Black Orange",,,,"Stylish barrel-shaped automatic watch with Japanese 82S0 movement, 316L stainless steel bezel, double bridge design hollow dial, 316L stainless steel case, sapphire crystal, 50m water resistance, A-grade lume, and silicone strap",,instock
105368,109230,Tsarbomba,41882883956,https://www.awin1.com/pclick.php?p=41882883956&a=3002879&m=109230,https://images2.productserve.com/?w=200&h=200&bg=white&trim=5&t=letterbox&url=ssl%3Acdn.shopify.com%2Fs%2Ffiles%2F1%2F0540%2F8145%2F4255%2Ffiles%2F7_9b134d89-8694-4410-a4c4-246d0c40dde3.png%3Fv%3D1729648191&feedId=105368&k=a4329ad8387b9746d777ce82d0b9335899b0fdd0,https://images2.productserve.com/?w=70&h=70&bg=white&trim=5&t=letterbox&url=ssl%3Acdn.shopify.com%2Fs%2Ffiles%2F1%2F0540%2F8145%2F4255%2Ffiles%2F2_38d75f65-62f0-49e0-9496-1f120cf5b2f7.png%3Fv%3D1729049760%2Chttps%3A%2F%2Fcdn.shopify.com%2Fs%2Ffiles%2F1%2F0540%2F8145%2F4255%2Ffiles%2FElemental_Series-Automatic_Watch_TB8208A_Black-8.jpg%3Fv%3D1724724381&feedId=105368&k=cc01682221cbb28d0cf06b9cb5018defa6d6e684,544,"Men's Watches",,43mm*50.5mm*15.5mm,TB8208A-15,TB8208A-15,,,7.62704E+11,"Elemental Series-Automatic Watch TB8208A Black","Stylish barrel-shaped automatic watch with Japanese 82S0 movement, 316L stainless steel bezel, double bridge design hollow dial, 316L stainless steel case, sapphire crystal, 50m water resistance, A-grade lume, and silicone strap",https://tsarbomba.com/products/tb8208a?variant=40904895365295,"https://cdn.shopify.com/s/files/1/0540/8145/4255/files/2_38d75f65-62f0-49e0-9496-1f120cf5b2f7.png?v=1729049760,https://cdn.shopify.com/s/files/1/0540/8145/4255/files/Elemental_Series-Automatic_Watch_TB8208A_Black-8.jpg?v=1724724381",https://cdn.shopify.com/s/files/1/0540/8145/4255/files/7_9b134d89-8694-4410-a4c4-246d0c40dde3.png?v=1729648191,399.99,399.99,39.999,,USD,"TSAR BOMBA WATCH",new,male,Black,,,,"Stylish barrel-shaped automatic watch with Japanese 82S0 movement, 316L stainless steel bezel, double bridge design hollow dial, 316L stainless steel case, sapphire crystal, 50m water resistance, A-grade lume, and silicone strap",,instock
105368,109230,Tsarbomba,41882883957,https://www.awin1.com/pclick.php?p=41882883957&a=3002879&m=109230,https://images2.productserve.com/?w=200&h=200&bg=white&trim=5&t=letterbox&url=ssl%3Acdn.shopify.com%2Fs%2Ffiles%2F1%2F0540%2F8145%2F4255%2Ffiles%2F8_8c237a05-8b33-40c8-86a1-30dd574c9517.png%3Fv%3D1729648191&feedId=105368&k=ecfb26ee831b314122f057bb5872cd0115eaa26d,https://images2.productserve.com/?w=70&h=70&bg=white&trim=5&t=letterbox&url=ssl%3Acdn.shopify.com%2Fs%2Ffiles%2F1%2F0540%2F8145%2F4255%2Ffiles%2F2_47230778-61ec-4bec-b5b6-ca9dd41c3c06.png%3Fv%3D1729049759%2Chttps%3A%2F%2Fcdn.shopify.com%2Fs%2Ffiles%2F1%2F0540%2F8145%2F4255%2Ffiles%2FElemental_Series-Automatic_Watch_TB8208A_Black_Yellow-4.jpg%3Fv%3D1724724381&feedId=105368&k=f92bfe6e0a2422a7b428a92e6dcee0cc5b50de1e,544,"Men's Watches",,43mm*50.5mm*15.5mm,TB8208A-13,TB8208A-13,,,7.62704E+11,"Elemental Series-Automatic Watch TB8208A Black Yellow","Stylish barrel-shaped automatic watch with Japanese 82S0 movement, 316L stainless steel bezel, double bridge design hollow dial, 316L stainless steel case, sapphire crystal, 50m water resistance, A-grade lume, and silicone strap",https://tsarbomba.com/products/tb8208a?variant=40904895430831,"https://cdn.shopify.com/s/files/1/0540/8145/4255/files/2_47230778-61ec-4bec-b5b6-ca9dd41c3c06.png?v=1729049759,https://cdn.shopify.com/s/files/1/0540/8145/4255/files/Elemental_Series-Automatic_Watch_TB8208A_Black_Yellow-4.jpg?v=1724724381",https://cdn.shopify.com/s/files/1/0540/8145/4255/files/8_8c237a05-8b33-40c8-86a1-30dd574c9517.png?v=1729648191,399.99,399.99,39.999,,USD,"TSAR BOMBA WATCH",new,male,"Black Yellow",,,,"Stylish barrel-shaped automatic watch with Japanese 82S0 movement, 316L stainless steel bezel, double bridge design hollow dial, 316L stainless steel case, sapphire crystal, 50m water resistance, A-grade lume, and silicone strap",,instock
105368,109230,Tsarbomba,41882883958,https://www.awin1.com/pclick.php?p=41882883958&a=3002879&m=109230,https://images2.productserve.com/?w=200&h=200&bg=white&trim=5&t=letterbox&url=ssl%3Acdn.shopify.com%2Fs%2Ffiles%2F1%2F0540%2F8145%2F4255%2Ffiles%2F12_47b533a0-d4b4-4103-85bc-f30208645146.png%3Fv%3D1729648191&feedId=105368&k=8396d17bafa22d424f43ac53fcd0d1ae1f4ff832,https://images2.productserve.com/?w=70&h=70&bg=white&trim=5&t=letterbox&url=ssl%3Acdn.shopify.com%2Fs%2Ffiles%2F1%2F0540%2F8145%2F4255%2Ffiles%2F19_02e3b9a9-0938-4ae1-9cc0-f9e266a0282f.png%3Fv%3D1728897143%2Chttps%3A%2F%2Fcdn.shopify.com%2Fs%2Ffiles%2F1%2F0540%2F8145%2F4255%2Ffiles%2FElemental_Series-Automatic_Watch_TB8208A_Gold_Blue-4.jpg%3Fv%3D1724724381&feedId=105368&k=579941fbda1afac54e38a0653fcc8fc0bfd6a87b,544,"Men's Watches",,43mm*50.5mm*15.5mm,TB8208A-08,TB8208A-08,,,7.62704E+11,"Elemental Series-Automatic Watch TB8208A Gold Blue","Stylish barrel-shaped automatic watch with Japanese 82S0 movement, 316L stainless steel bezel, double bridge design hollow dial, 316L stainless steel case, sapphire crystal, 50m water resistance, A-grade lume, and silicone strap",https://tsarbomba.com/products/tb8208a?variant=42291574997248,"https://cdn.shopify.com/s/files/1/0540/8145/4255/files/19_02e3b9a9-0938-4ae1-9cc0-f9e266a0282f.png?v=1728897143,https://cdn.shopify.com/s/files/1/0540/8145/4255/files/Elemental_Series-Automatic_Watch_TB8208A_Gold_Blue-4.jpg?v=1724724381",https://cdn.shopify.com/s/files/1/0540/8145/4255/files/12_47b533a0-d4b4-4103-85bc-f30208645146.png?v=1729648191,399.99,399.99,39.999,,USD,"TSAR BOMBA WATCH",new,male,"Gold Blue",,,,"Stylish barrel-shaped automatic watch with Japanese 82S0 movement, 316L stainless steel bezel, double bridge design hollow dial, 316L stainless steel case, sapphire crystal, 50m water resistance, A-grade lume, and silicone strap",,instock
105368,109230,Tsarbomba,41882883959,https://www.awin1.com/pclick.php?p=41882883959&a=3002879&m=109230,https://images2.productserve.com/?w=200&h=200&bg=white&trim=5&t=letterbox&url=ssl%3Acdn.shopify.com%2Fs%2Ffiles%2F1%2F0540%2F8145%2F4255%2Ffiles%2F15_b87b3aa7-e0de-4235-b6ac-4540aac12b32.png%3Fv%3D1729648191&feedId=105368&k=38a85a9a49becffcd523e30cf6f2a4b0e88aa178,https://images2.productserve.com/?w=70&h=70&bg=white&trim=5&t=letterbox&url=ssl%3Acdn.shopify.com%2Fs%2Ffiles%2F1%2F0540%2F8145%2F4255%2Ffiles%2F2_83ca184c-70e4-4042-9e09-9624f3c7abbf.png%3Fv%3D1729049759%2Chttps%3A%2F%2Fcdn.shopify.com%2Fs%2Ffiles%2F1%2F0540%2F8145%2F4255%2Ffiles%2F5bc9b171dab2a1c1cb352dcd17f2b80d.png%3Fv%3D1729049759&feedId=105368&k=6f8b2b185921a7f24eabbbe304e0a64e161cf4b3,544,"Men's Watches",,43mm*50.5mm*15.5mm,TB8208A-18,TB8208A-18,,,7.62704E+11,"Elemental Series-Automatic Watch TB8208A Silver Orange","Stylish barrel-shaped automatic watch with Japanese 82S0 movement, 316L stainless steel bezel, double bridge design hollow dial, 316L stainless steel case, sapphire crystal, 50m water resistance, A-grade lume, and silicone strap",https://tsarbomba.com/products/tb8208a?variant=42291575030016,"https://cdn.shopify.com/s/files/1/0540/8145/4255/files/2_83ca184c-70e4-4042-9e09-9624f3c7abbf.png?v=1729049759,https://cdn.shopify.com/s/files/1/0540/8145/4255/files/5bc9b171dab2a1c1cb352dcd17f2b80d.png?v=1729049759",https://cdn.shopify.com/s/files/1/0540/8145/4255/files/15_b87b3aa7-e0de-4235-b6ac-4540aac12b32.png?v=1729648191,399.99,399.99,39.999,,USD,"TSAR BOMBA WATCH",new,male,"Silver Orange",,,,"Stylish barrel-shaped automatic watch with Japanese 82S0 movement, 316L stainless steel bezel, double bridge design hollow dial, 316L stainless steel case, sapphire crystal, 50m water resistance, A-grade lume, and silicone strap",,instock
105368,109230,Tsarbomba,41882883960,https://www.awin1.com/pclick.php?p=41882883960&a=3002879&m=109230,https://images2.productserve.com/?w=200&h=200&bg=white&trim=5&t=letterbox&url=ssl%3Acdn.shopify.com%2Fs%2Ffiles%2F1%2F0540%2F8145%2F4255%2Ffiles%2F9_47b2814f-8591-4c82-96c7-e99a1c34acc4.png%3Fv%3D1729648191&feedId=105368&k=665290a72639da21bd6f47a3530b1734c3f78c87,https://images2.productserve.com/?w=70&h=70&bg=white&trim=5&t=letterbox&url=ssl%3Acdn.shopify.com%2Fs%2Ffiles%2F1%2F0540%2F8145%2F4255%2Ffiles%2F29_9accd570-2772-4343-b059-763a6161d9c0.png%3Fv%3D1728897146%2Chttps%3A%2F%2Fcdn.shopify.com%2Fs%2Ffiles%2F1%2F0540%2F8145%2F4255%2Ffiles%2FElemental_Series-Automatic_Watch_TB8208A_Black_Blue-3.jpg%3Fv%3D1724724381&feedId=105368&k=6c36dc8040c247c961a6f7ba0cbc63db4a4b5c7b,544,"Men's Watches",,43mm*50.5mm*15.5mm,TB8208A-01L,TB8208A-01L,,,7.62704E+11,"Elemental Series-Automatic Watch TB8208A Black Blue","Stylish barrel-shaped automatic watch with Japanese 82S0 movement, 316L stainless steel bezel, double bridge design hollow dial, 316L stainless steel case, sapphire crystal, 50m water resistance, A-grade lume, and silicone strap",https://tsarbomba.com/products/tb8208a?variant=42679904108800,"https://cdn.shopify.com/s/files/1/0540/8145/4255/files/29_9accd570-2772-4343-b059-763a6161d9c0.png?v=1728897146,https://cdn.shopify.com/s/files/1/0540/8145/4255/files/Elemental_Series-Automatic_Watch_TB8208A_Black_Blue-3.jpg?v=1724724381",https://cdn.shopify.com/s/files/1/0540/8145/4255/files/9_47b2814f-8591-4c82-96c7-e99a1c34acc4.png?v=1729648191,399.99,399.99,39.999,,USD,"TSAR BOMBA WATCH",new,male,"Black Blue",,,,"Stylish barrel-shaped automatic watch with Japanese 82S0 movement, 316L stainless steel bezel, double bridge design hollow dial, 316L stainless steel case, sapphire crystal, 50m water resistance, A-grade lume, and silicone strap",,instock
105368,109230,Tsarbomba,41882883961,https://www.awin1.com/pclick.php?p=41882883961&a=3002879&m=109230,https://images2.productserve.com/?w=200&h=200&bg=white&trim=5&t=letterbox&url=ssl%3Acdn.shopify.com%2Fs%2Ffiles%2F1%2F0540%2F8145%2F4255%2Ffiles%2F2_48428c55-2c43-4d6b-8cfe-a79644cf3690.png%3Fv%3D1729648191&feedId=105368&k=61ca1cf039a08a58c981b747b897583e4c8cfbfc,https://images2.productserve.com/?w=70&h=70&bg=white&trim=5&t=letterbox&url=ssl%3Acdn.shopify.com%2Fs%2Ffiles%2F1%2F0540%2F8145%2F4255%2Ffiles%2F7_b8b04e8b-a181-4ebe-9ad7-1c7b14fef7d0.png%3Fv%3D1728897144%2Chttps%3A%2F%2Fcdn.shopify.com%2Fs%2Ffiles%2F1%2F0540%2F8145%2F4255%2Ffiles%2F11_1bcb5cfd-5b7c-4528-82a3-c198313de277.png%3Fv%3D1728897142&feedId=105368&k=b1c5439cb0baf4a7cc3c709030e5ff840e0dd3e6,544,"Men's Watches",,43mm*50.5mm*15.5mm,TB8208A-11,TB8208A-11,,,7.62704E+11,"Elemental Series-Automatic Watch TB8208A Silver Blue","Stylish barrel-shaped automatic watch with Japanese 82S0 movement, 316L stainless steel bezel, double bridge design hollow dial, 316L stainless steel case, sapphire crystal, 50m water resistance, A-grade lume, and silicone strap",https://tsarbomba.com/products/tb8208a?variant=40904895529135,"https://cdn.shopify.com/s/files/1/0540/8145/4255/files/7_b8b04e8b-a181-4ebe-9ad7-1c7b14fef7d0.png?v=1728897144,https://cdn.shopify.com/s/files/1/0540/8145/4255/files/11_1bcb5cfd-5b7c-4528-82a3-c198313de277.png?v=1728897142",https://cdn.shopify.com/s/files/1/0540/8145/4255/files/2_48428c55-2c43-4d6b-8cfe-a79644cf3690.png?v=1729648191,399.99,399.99,39.999,,USD,"TSAR BOMBA WATCH",new,male,"Silver Blue",,,,"Stylish barrel-shaped automatic watch with Japanese 82S0 movement, 316L stainless steel bezel, double bridge design hollow dial, 316L stainless steel case, sapphire crystal, 50m water resistance, A-grade lume, and silicone strap",,instock
105368,109230,Tsarbomba,41882883962,https://www.awin1.com/pclick.php?p=41882883962&a=3002879&m=109230,https://images2.productserve.com/?w=200&h=200&bg=white&trim=5&t=letterbox&url=ssl%3Acdn.shopify.com%2Fs%2Ffiles%2F1%2F0540%2F8145%2F4255%2Ffiles%2F8209A.png%3Fv%3D1724724279&feedId=105368&k=7ed85b149ecfb9f800c62f80768fc33b2fc47657,https://images2.productserve.com/?w=70&h=70&bg=white&trim=5&t=letterbox&url=ssl%3Acdn.shopify.com%2Fs%2Ffiles%2F1%2F0540%2F8145%2F4255%2Ffiles%2FElemental_Series-Automatic_Watch_TB8209A_Silver_Blue-5.jpg%3Fv%3D1724724410%2Chttps%3A%2F%2Fcdn.shopify.com%2Fs%2Ffiles%2F1%2F0540%2F8145%2F4255%2Ffiles%2FElemental_Series-Automatic_Watch_TB8209A_Silver_Blue-7.jpg%3Fv%3D1724724410&feedId=105368&k=469337b5e7c3711eb81a7a2a0ab825c720e37bb9,544,"Men's Watches",,43mm*50.5mm*15.5mm,TB8209A-03,TB8209A-03,,,7.17164E+11,"Elemental Series-Automatic Watch TB8209A Silver Blue","Stylish barrel-shaped automatic watch with Japanese 82S0 movement, 316L stainless steel bezel, hollow dial, 316L stainless steel case, sapphire crystal, 50m water resistance, A-grade lume, and silicone strap.",https://tsarbomba.com/products/tsarbomba8209a?variant=42307570303232,"https://cdn.shopify.com/s/files/1/0540/8145/4255/files/Elemental_Series-Automatic_Watch_TB8209A_Silver_Blue-5.jpg?v=1724724410,https://cdn.shopify.com/s/files/1/0540/8145/4255/files/Elemental_Series-Automatic_Watch_TB8209A_Silver_Blue-7.jpg?v=1724724410",https://cdn.shopify.com/s/files/1/0540/8145/4255/files/8209A.png?v=1724724279,459.99,459.99,45.999,,USD,"TSAR BOMBA WATCH",new,male,"Silver Blue",,,,"Stylish barrel-shaped automatic watch with Japanese 82S0 movement, 316L stainless steel bezel, hollow dial, 316L stainless steel case, sapphire crystal, 50m water resistance, A-grade lume, and silicone strap.",,instock
105368,109230,Tsarbomba,41882883963,https://www.awin1.com/pclick.php?p=41882883963&a=3002879&m=109230,https://images2.productserve.com/?w=200&h=200&bg=white&trim=5&t=letterbox&url=ssl%3Acdn.shopify.com%2Fs%2Ffiles%2F1%2F0540%2F8145%2F4255%2Ffiles%2F8209A_6330bde5-307e-47c8-bf33-29dc9a76a6a9.png%3Fv%3D1727248294&feedId=105368&k=082fdfc2c0725accf5492fd6cff6dc28e8e71825,https://images2.productserve.com/?w=70&h=70&bg=white&trim=5&t=letterbox&url=ssl%3Acdn.shopify.com%2Fs%2Ffiles%2F1%2F0540%2F8145%2F4255%2Ffiles%2FElemental_Series-Automatic_Watch_TB8209A_Gold_Black-4.jpg%3Fv%3D1724724410%2Chttps%3A%2F%2Fcdn.shopify.com%2Fs%2Ffiles%2F1%2F0540%2F8145%2F4255%2Ffiles%2FElemental_Series-Automatic_Watch_TB8209A_Gold_Black-1.jpg%3Fv%3D1724724410&feedId=105368&k=acb24d2b73b464981fccc4b22ee97cb04b451c89,544,"Men's Watches",,43mm*50.5mm*15.5mm,TB8209A-05,TB8209A-05,,,7.17164E+11,"Elemental Series-Automatic Watch TB8209A Gold Black","Stylish barrel-shaped automatic watch with Japanese 82S0 movement, 316L stainless steel bezel, hollow dial, 316L stainless steel case, sapphire crystal, 50m water resistance, A-grade lume, and silicone strap.",https://tsarbomba.com/products/tsarbomba8209a?variant=42307575644416,"https://cdn.shopify.com/s/files/1/0540/8145/4255/files/Elemental_Series-Automatic_Watch_TB8209A_Gold_Black-4.jpg?v=1724724410,https://cdn.shopify.com/s/files/1/0540/8145/4255/files/Elemental_Series-Automatic_Watch_TB8209A_Gold_Black-1.jpg?v=1724724410",https://cdn.shopify.com/s/files/1/0540/8145/4255/files/8209A_6330bde5-307e-47c8-bf33-29dc9a76a6a9.png?v=1727248294,459.99,459.99,45.999,,USD,"TSAR BOMBA WATCH",new,male,"Gold Black",,,,"Stylish barrel-shaped automatic watch with Japanese 82S0 movement, 316L stainless steel bezel, hollow dial, 316L stainless steel case, sapphire crystal, 50m water resistance, A-grade lume, and silicone strap.",,instock
105368,109230,Tsarbomba,41882883964,https://www.awin1.com/pclick.php?p=41882883964&a=3002879&m=109230,https://images2.productserve.com/?w=200&h=200&bg=white&trim=5&t=letterbox&url=ssl%3Acdn.shopify.com%2Fs%2Ffiles%2F1%2F0540%2F8145%2F4255%2Ffiles%2F8209A_9f751d12-8fbc-4cb7-8347-50aaaeea2fea.png%3Fv%3D1727248294&feedId=105368&k=e90e799e0515a8514eee38a5204ff1b3b9182134,https://images2.productserve.com/?w=70&h=70&bg=white&trim=5&t=letterbox&url=ssl%3Acdn.shopify.com%2Fs%2Ffiles%2F1%2F0540%2F8145%2F4255%2Ffiles%2FElemental_Series-Automatic_Watch_TB8209A_Silver_Black-4.jpg%3Fv%3D1724724410%2Chttps%3A%2F%2Fcdn.shopify.com%2Fs%2Ffiles%2F1%2F0540%2F8145%2F4255%2Ffiles%2FElemental_Series-Automatic_Watch_TB8209A_Silver_Black-3.jpg%3Fv%3D1724724410&feedId=105368&k=10fe6ab68ad191144b5205b4de2bc4bb319d199c,544,"Men's Watches",,43mm*50.5mm*15.5mm,TB8209A-01,TB8209A-01,,,7.17164E+11,"Elemental Series-Automatic Watch TB8209A Silver Black","Stylish barrel-shaped automatic watch with Japanese 82S0 movement, 316L stainless steel bezel, hollow dial, 316L stainless steel case, sapphire crystal, 50m water resistance, A-grade lume, and silicone strap.",https://tsarbomba.com/products/tsarbomba8209a?variant=42307570663680,"https://cdn.shopify.com/s/files/1/0540/8145/4255/files/Elemental_Series-Automatic_Watch_TB8209A_Silver_Black-4.jpg?v=1724724410,https://cdn.shopify.com/s/files/1/0540/8145/4255/files/Elemental_Series-Automatic_Watch_TB8209A_Silver_Black-3.jpg?v=1724724410",https://cdn.shopify.com/s/files/1/0540/8145/4255/files/8209A_9f751d12-8fbc-4cb7-8347-50aaaeea2fea.png?v=1727248294,459.99,459.99,45.999,,USD,"TSAR BOMBA WATCH",new,male,"Silver Black",,,,"Stylish barrel-shaped automatic watch with Japanese 82S0 movement, 316L stainless steel bezel, hollow dial, 316L stainless steel case, sapphire crystal, 50m water resistance, A-grade lume, and silicone strap.",,instock
105368,109230,Tsarbomba,41882883965,https://www.awin1.com/pclick.php?p=41882883965&a=3002879&m=109230,https://images2.productserve.com/?w=200&h=200&bg=white&trim=5&t=letterbox&url=ssl%3Acdn.shopify.com%2Fs%2Ffiles%2F1%2F0540%2F8145%2F4255%2Ffiles%2Fc92259f41a03715e5f5069a8203a89b9.png%3Fv%3D1734572219&feedId=105368&k=511185fd1db0e8e3234b6ffcd0c40b8adbc1daf1,https://images2.productserve.com/?w=70&h=70&bg=white&trim=5&t=letterbox&url=ssl%3Acdn.shopify.com%2Fs%2Ffiles%2F1%2F0540%2F8145%2F4255%2Ffiles%2FElemental_Series-Automatic_Watch_TB8210A_Black-5.jpg%3Fv%3D1724724449%2Chttps%3A%2F%2Fcdn.shopify.com%2Fs%2Ffiles%2F1%2F0540%2F8145%2F4255%2Ffiles%2FElemental_Series-Automatic_Watch_TB8210A_Black-6.jpg%3Fv%3D1724724449&feedId=105368&k=1242927828317a2e31e3f34a540263289cddc30a,544,"Men's Watches",,45.5mm*51.5mm*15mm,TB8210A-04,TB8210A-04,,,7.62704E+11,"Elemental Series-Automatic Watch TB8210A Black","Stylish barrel-shaped automatic watch with Japanese YN88A movement, 316L stainless steel bezel, power reserve indicator dial, 316L stainless steel case, sapphire crystal, 50m water resistance, A-grade lume, and fluoro rubber strap.",https://tsarbomba.com/products/tb8210a?variant=43043622289664,"https://cdn.shopify.com/s/files/1/0540/8145/4255/files/Elemental_Series-Automatic_Watch_TB8210A_Black-5.jpg?v=1724724449,https://cdn.shopify.com/s/files/1/0540/8145/4255/files/Elemental_Series-Automatic_Watch_TB8210A_Black-6.jpg?v=1724724449",https://cdn.shopify.com/s/files/1/0540/8145/4255/files/c92259f41a03715e5f5069a8203a89b9.png?v=1734572219,499.99,499.99,49.999,,USD,"TSAR BOMBA WATCH",new,male,Black,,,,"Stylish barrel-shaped automatic watch with Japanese YN88A movement, 316L stainless steel bezel, power reserve indicator dial, 316L stainless steel case, sapphire crystal, 50m water resistance, A-grade lume, and fluoro rubber strap.",,instock
105368,109230,Tsarbomba,41882883966,https://www.awin1.com/pclick.php?p=41882883966&a=3002879&m=109230,https://images2.productserve.com/?w=200&h=200&bg=white&trim=5&t=letterbox&url=ssl%3Acdn.shopify.com%2Fs%2Ffiles%2F1%2F0540%2F8145%2F4255%2Ffiles%2Ff25caefdc82bf23cdc3a9b4c021da29d.png%3Fv%3D1730514156&feedId=105368&k=47abdc4be71849466c0e0d89da566296dd341ecf,https://images2.productserve.com/?w=70&h=70&bg=white&trim=5&t=letterbox&url=ssl%3Acdn.shopify.com%2Fs%2Ffiles%2F1%2F0540%2F8145%2F4255%2Ffiles%2FElemental_Series-Automatic_Watch_TB8210A_Silver_Black-8.jpg%3Fv%3D1724724449%2Chttps%3A%2F%2Fcdn.shopify.com%2Fs%2Ffiles%2F1%2F0540%2F8145%2F4255%2Ffiles%2FElemental_Series-Automatic_Watch_TB8210A_Silver_Black-6.jpg%3Fv%3D1724724449&feedId=105368&k=7fa5d46bc345c9bac40b90e0633e740a389ca113,544,"Men's Watches",,45.5mm*51.5mm*15mm,TB8210A-02,TB8210A-02,,,7.62704E+11,"Elemental Series-Automatic Watch TB8210A Silver Black","Stylish barrel-shaped automatic watch with Japanese YN88A movement, 316L stainless steel bezel, power reserve indicator dial, 316L stainless steel case, sapphire crystal, 50m water resistance, A-grade lume, and fluoro rubber strap.",https://tsarbomba.com/products/tb8210a?variant=43043622256896,"https://cdn.shopify.com/s/files/1/0540/8145/4255/files/Elemental_Series-Automatic_Watch_TB8210A_Silver_Black-8.jpg?v=1724724449,https://cdn.shopify.com/s/files/1/0540/8145/4255/files/Elemental_Series-Automatic_Watch_TB8210A_Silver_Black-6.jpg?v=1724724449",https://cdn.shopify.com/s/files/1/0540/8145/4255/files/f25caefdc82bf23cdc3a9b4c021da29d.png?v=1730514156,499.99,499.99,49.999,,USD,"TSAR BOMBA WATCH",new,male,"Silver Black",,,,"Stylish barrel-shaped automatic watch with Japanese YN88A movement, 316L stainless steel bezel, power reserve indicator dial, 316L stainless steel case, sapphire crystal, 50m water resistance, A-grade lume, and fluoro rubber strap.",,instock
105368,109230,Tsarbomba,41882883967,https://www.awin1.com/pclick.php?p=41882883967&a=3002879&m=109230,https://images2.productserve.com/?w=200&h=200&bg=white&trim=5&t=letterbox&url=ssl%3Acdn.shopify.com%2Fs%2Ffiles%2F1%2F0540%2F8145%2F4255%2Ffiles%2F20ef82a3a500ae465ad712af50a918e3.png%3Fv%3D1730514156&feedId=105368&k=9186f03c836bb47dfa02c0e45272978891414080,https://images2.productserve.com/?w=70&h=70&bg=white&trim=5&t=letterbox&url=ssl%3Acdn.shopify.com%2Fs%2Ffiles%2F1%2F0540%2F8145%2F4255%2Ffiles%2FElemental_Series-Automatic_Watch_TB8210A_Black_Orange-4.jpg%3Fv%3D1724724449%2Chttps%3A%2F%2Fcdn.shopify.com%2Fs%2Ffiles%2F1%2F0540%2F8145%2F4255%2Ffiles%2FElemental_Series-Automatic_Watch_TB8210A_Black_Orange-6.jpg%3Fv%3D1724724449&feedId=105368&k=dc76a0c1e05b45610eb7e012a365f78c4d24b7aa,544,"Men's Watches",,45.5mm*51.5mm*15mm,TB8210A-03,TB8210A-03,,,7.62704E+11,"Elemental Series-Automatic Watch TB8210A Black Orange","Stylish barrel-shaped automatic watch with Japanese YN88A movement, 316L stainless steel bezel, power reserve indicator dial, 316L stainless steel case, sapphire crystal, 50m water resistance, A-grade lume, and fluoro rubber strap.",https://tsarbomba.com/products/tb8210a?variant=43043625435392,"https://cdn.shopify.com/s/files/1/0540/8145/4255/files/Elemental_Series-Automatic_Watch_TB8210A_Black_Orange-4.jpg?v=1724724449,https://cdn.shopify.com/s/files/1/0540/8145/4255/files/Elemental_Series-Automatic_Watch_TB8210A_Black_Orange-6.jpg?v=1724724449",https://cdn.shopify.com/s/files/1/0540/8145/4255/files/20ef82a3a500ae465ad712af50a918e3.png?v=1730514156,499.99,499.99,49.999,,USD,"TSAR BOMBA WATCH",new,male,"Black Orange",,,,"Stylish barrel-shaped automatic watch with Japanese YN88A movement, 316L stainless steel bezel, power reserve indicator dial, 316L stainless steel case, sapphire crystal, 50m water resistance, A-grade lume, and fluoro rubber strap.",,instock
105368,109230,Tsarbomba,41882883968,https://www.awin1.com/pclick.php?p=41882883968&a=3002879&m=109230,https://images2.productserve.com/?w=200&h=200&bg=white&trim=5&t=letterbox&url=ssl%3Acdn.shopify.com%2Fs%2Ffiles%2F1%2F0540%2F8145%2F4255%2Ffiles%2F8212CF.png%3Fv%3D1724724278&feedId=105368&k=4aff41c11e7525804efba1f9d98889f54fda7070,https://images2.productserve.com/?w=70&h=70&bg=white&trim=5&t=letterbox&url=ssl%3Acdn.shopify.com%2Fs%2Ffiles%2F1%2F0540%2F8145%2F4255%2Ffiles%2F8212CF_2.jpg%3Fv%3D1724724509%2Chttps%3A%2F%2Fcdn.shopify.com%2Fs%2Ffiles%2F1%2F0540%2F8145%2F4255%2Ffiles%2F5_f0dc12fa-9a77-4bd9-a617-972046b81acb.jpg%3Fv%3D1724724509&feedId=105368&k=23f6865c4b64c9a7d5c0df66e4887ed9d1979159,544,"Men's Watches",,42.5mm*50.5mm*13.5mm,TB8212CF-01,TB8212CF-01,,,7.62704E+11,"Elemental Series-Automatic Watch TB8212 Carbon Fiber White","Stylish barrel-shaped automatic watch with Japanese YN88A movement, carbon fiber bezel, power reserve indicator dial, carbon fiber case, sapphire crystal, 50m water resistance, A-grade lume, and fluoro rubber strap.",https://tsarbomba.com/products/tb8212?variant=43566096843008,"https://cdn.shopify.com/s/files/1/0540/8145/4255/files/8212CF_2.jpg?v=1724724509,https://cdn.shopify.com/s/files/1/0540/8145/4255/files/5_f0dc12fa-9a77-4bd9-a617-972046b81acb.jpg?v=1724724509",https://cdn.shopify.com/s/files/1/0540/8145/4255/files/8212CF.png?v=1724724278,999.99,999.99,99.999,,USD,"TSAR BOMBA WATCH",new,male,White,,,,"Stylish barrel-shaped automatic watch with Japanese YN88A movement, carbon fiber bezel, power reserve indicator dial, carbon fiber case, sapphire crystal, 50m water resistance, A-grade lume, and fluoro rubber strap.",,instock
105368,109230,Tsarbomba,41882883969,https://www.awin1.com/pclick.php?p=41882883969&a=3002879&m=109230,https://images2.productserve.com/?w=200&h=200&bg=white&trim=5&t=letterbox&url=ssl%3Acdn.shopify.com%2Fs%2Ffiles%2F1%2F0540%2F8145%2F4255%2Ffiles%2F8212CF-B.png%3Fv%3D1730283216&feedId=105368&k=7925cebd77fb727662927f2000ddf1e28c549cd9,https://images2.productserve.com/?w=70&h=70&bg=white&trim=5&t=letterbox&url=ssl%3Acdn.shopify.com%2Fs%2Ffiles%2F1%2F0540%2F8145%2F4255%2Ffiles%2F8212CF.jpg%3Fv%3D1724724509%2Chttps%3A%2F%2Fcdn.shopify.com%2Fs%2Ffiles%2F1%2F0540%2F8145%2F4255%2Ffiles%2F8_830d76f1-1e40-472c-8b7b-4eed6dbadeab.jpg%3Fv%3D1724724509&feedId=105368&k=800074f44a4abdd825dbd07d29c75bfd00316414,544,"Men's Watches",,42.5mm*50.5mm*13.5mm,TB8212CF-04,TB8212CF-04,,,7.62704E+11,"Elemental Series-Automatic Watch TB8212 Carbon Fiber Black","Stylish barrel-shaped automatic watch with Japanese YN88A movement, carbon fiber bezel, power reserve indicator dial, carbon fiber case, sapphire crystal, 50m water resistance, A-grade lume, and fluoro rubber strap.",https://tsarbomba.com/products/tb8212?variant=43566096875776,"https://cdn.shopify.com/s/files/1/0540/8145/4255/files/8212CF.jpg?v=1724724509,https://cdn.shopify.com/s/files/1/0540/8145/4255/files/8_830d76f1-1e40-472c-8b7b-4eed6dbadeab.jpg?v=1724724509",https://cdn.shopify.com/s/files/1/0540/8145/4255/files/8212CF-B.png?v=1730283216,999.99,999.99,99.999,,USD,"TSAR BOMBA WATCH",new,male,Black,,,,"Stylish barrel-shaped automatic watch with Japanese YN88A movement, carbon fiber bezel, power reserve indicator dial, carbon fiber case, sapphire crystal, 50m water resistance, A-grade lume, and fluoro rubber strap.",,instock
105368,109230,Tsarbomba,41882883970,https://www.awin1.com/pclick.php?p=41882883970&a=3002879&m=109230,https://images2.productserve.com/?w=200&h=200&bg=white&trim=5&t=letterbox&url=ssl%3Acdn.shopify.com%2Fs%2Ffiles%2F1%2F0540%2F8145%2F4255%2Ffiles%2F8212CF-R.png%3Fv%3D1730283216&feedId=105368&k=878be3195551c6e0122a9520c6d596e5e774ca77,https://images2.productserve.com/?w=70&h=70&bg=white&trim=5&t=letterbox&url=ssl%3Acdn.shopify.com%2Fs%2Ffiles%2F1%2F0540%2F8145%2F4255%2Ffiles%2F14_fbfa61c3-37cc-45bf-8967-d6faf59fb845.jpg%3Fv%3D1724724509%2Chttps%3A%2F%2Fcdn.shopify.com%2Fs%2Ffiles%2F1%2F0540%2F8145%2F4255%2Ffiles%2F8_879f854a-975e-4cb7-a948-0c1f3fb10161.jpg%3Fv%3D1724724509&feedId=105368&k=8101d5009edc083bd1c00d5dac8add310251d9e6,544,"Men's Watches",,42.5mm*50.5mm*13.5mm,TB8212CF-02,TB8212CF-02,,,7.62704E+11,"Elemental Series-Automatic Watch TB8212 Carbon Fiber Red","Stylish barrel-shaped automatic watch with Japanese YN88A movement, carbon fiber bezel, power reserve indicator dial, carbon fiber case, sapphire crystal, 50m water resistance, A-grade lume, and fluoro rubber strap.",https://tsarbomba.com/products/tb8212?variant=43566096908544,"https://cdn.shopify.com/s/files/1/0540/8145/4255/files/14_fbfa61c3-37cc-45bf-8967-d6faf59fb845.jpg?v=1724724509,https://cdn.shopify.com/s/files/1/0540/8145/4255/files/8_879f854a-975e-4cb7-a948-0c1f3fb10161.jpg?v=1724724509",https://cdn.shopify.com/s/files/1/0540/8145/4255/files/8212CF-R.png?v=1730283216,999.99,999.99,99.999,,USD,"TSAR BOMBA WATCH",new,male,Red,,,,"Stylish barrel-shaped automatic watch with Japanese YN88A movement, carbon fiber bezel, power reserve indicator dial, carbon fiber case, sapphire crystal, 50m water resistance, A-grade lume, and fluoro rubber strap.",,instock
105368,109230,Tsarbomba,41882883971,https://www.awin1.com/pclick.php?p=41882883971&a=3002879&m=109230,https://images2.productserve.com/?w=200&h=200&bg=white&trim=5&t=letterbox&url=ssl%3Acdn.shopify.com%2Fs%2Ffiles%2F1%2F0540%2F8145%2F4255%2Ffiles%2F8212CF-Y.png%3Fv%3D1730283216&feedId=105368&k=a242c8ced6eef20e03a35d36941cc1c3d2944a16,https://images2.productserve.com/?w=70&h=70&bg=white&trim=5&t=letterbox&url=ssl%3Acdn.shopify.com%2Fs%2Ffiles%2F1%2F0540%2F8145%2F4255%2Ffiles%2F1_f73d9113-4752-4e00-ae14-c530607ff5ee.jpg%3Fv%3D1724724509%2Chttps%3A%2F%2Fcdn.shopify.com%2Fs%2Ffiles%2F1%2F0540%2F8145%2F4255%2Ffiles%2F7_3a5049d9-99ca-4eed-8a8b-5b8f440a8d6a.jpg%3Fv%3D1724724509&feedId=105368&k=593ff44c62bbc46adf5df93175c68d859e9a5fde,544,"Men's Watches",,42.5mm*50.5mm*13.5mm,TB8212CF-03,TB8212CF-03,,,7.62704E+11,"Elemental Series-Automatic Watch TB8212 Carbon Fiber Yellow","Stylish barrel-shaped automatic watch with Japanese YN88A movement, carbon fiber bezel, power reserve indicator dial, carbon fiber case, sapphire crystal, 50m water resistance, A-grade lume, and fluoro rubber strap.",https://tsarbomba.com/products/tb8212?variant=43566096941312,"https://cdn.shopify.com/s/files/1/0540/8145/4255/files/1_f73d9113-4752-4e00-ae14-c530607ff5ee.jpg?v=1724724509,https://cdn.shopify.com/s/files/1/0540/8145/4255/files/7_3a5049d9-99ca-4eed-8a8b-5b8f440a8d6a.jpg?v=1724724509",https://cdn.shopify.com/s/files/1/0540/8145/4255/files/8212CF-Y.png?v=1730283216,999.99,999.99,99.999,,USD,"TSAR BOMBA WATCH",new,male,Yellow,,,,"Stylish barrel-shaped automatic watch with Japanese YN88A movement, carbon fiber bezel, power reserve indicator dial, carbon fiber case, sapphire crystal, 50m water resistance, A-grade lume, and fluoro rubber strap.",,instock
105368,109230,Tsarbomba,41882883972,https://www.awin1.com/pclick.php?p=41882883972&a=3002879&m=109230,https://images2.productserve.com/?w=200&h=200&bg=white&trim=5&t=letterbox&url=ssl%3Acdn.shopify.com%2Fs%2Ffiles%2F1%2F0540%2F8145%2F4255%2Ffiles%2F8212C-SBK.png%3Fv%3D1737020375&feedId=105368&k=7da04b5c44c042ff3369ea31ba722e569040c28f,https://images2.productserve.com/?w=70&h=70&bg=white&trim=5&t=letterbox&url=ssl%3Acdn.shopify.com%2Fs%2Ffiles%2F1%2F0540%2F8145%2F4255%2Ffiles%2F2_1a25a03e-6033-4043-a043-cac46d54f302.jpg%3Fv%3D1737020375%2Chttps%3A%2F%2Fcdn.shopify.com%2Fs%2Ffiles%2F1%2F0540%2F8145%2F4255%2Ffiles%2F1_31436138-8889-4bf2-b2a0-1d57c9558501.jpg%3Fv%3D1737020375&feedId=105368&k=9ebfb8cb9a1c7b4bfce52379a3f75f33fe07128d,544,"Men's Watches",,42.5mm*50.5mm*13.5mm,TB8212C-05,TB8212C-05,,,7.17299E+11,"Elemental Series-Automatic Watch TB8212 Ceramic Titanium Silver","Stylish barrel-shaped automatic watch with Japanese YN88A movement, ceramic bezel, power reserve indicator dial, ceramic case, sapphire crystal, 50m water resistance, A-grade lume, and fluoro rubber strap",https://tsarbomba.com/products/tb8212?variant=45737532883200,"https://cdn.shopify.com/s/files/1/0540/8145/4255/files/2_1a25a03e-6033-4043-a043-cac46d54f302.jpg?v=1737020375,https://cdn.shopify.com/s/files/1/0540/8145/4255/files/1_31436138-8889-4bf2-b2a0-1d57c9558501.jpg?v=1737020375",https://cdn.shopify.com/s/files/1/0540/8145/4255/files/8212C-SBK.png?v=1737020375,999.99,999.99,99.999,,USD,"TSAR BOMBA WATCH",new,male,"Titanium Silver",,,,"Stylish barrel-shaped automatic watch with Japanese YN88A movement, ceramic bezel, power reserve indicator dial, ceramic case, sapphire crystal, 50m water resistance, A-grade lume, and fluoro rubber strap",,instock
105368,109230,Tsarbomba,41882883973,https://www.awin1.com/pclick.php?p=41882883973&a=3002879&m=109230,https://images2.productserve.com/?w=200&h=200&bg=white&trim=5&t=letterbox&url=ssl%3Acdn.shopify.com%2Fs%2Ffiles%2F1%2F0540%2F8145%2F4255%2Ffiles%2F8212C-B.png%3Fv%3D1737020580&feedId=105368&k=e818ab375570e53e24c0db4e396e474a76d26a87,https://images2.productserve.com/?w=70&h=70&bg=white&trim=5&t=letterbox&url=ssl%3Acdn.shopify.com%2Fs%2Ffiles%2F1%2F0540%2F8145%2F4255%2Ffiles%2F8212C_7c6eee12-2e8e-4f67-bb4d-9618ca1c6610.jpg%3Fv%3D1737020580%2Chttps%3A%2F%2Fcdn.shopify.com%2Fs%2Ffiles%2F1%2F0540%2F8145%2F4255%2Ffiles%2F9_916de8f6-4daa-408b-b4cd-be1071364e16.jpg%3Fv%3D1737020580&feedId=105368&k=53eb76804fa814c6d8e92fe2f76924f8d3d0622e,544,"Men's Watches",,42.5mm*50.5mm*13.5mm,TB8212C-02,TB8212C-02,,,7.62704E+11,"Elemental Series-Automatic Watch TB8212 Ceramic Black","Stylish barrel-shaped automatic watch with Japanese YN88A movement, ceramic bezel, power reserve indicator dial, ceramic case, sapphire crystal, 50m water resistance, A-grade lume, and fluoro rubber strap",https://tsarbomba.com/products/tb8212?variant=43953397989632,"https://cdn.shopify.com/s/files/1/0540/8145/4255/files/8212C_7c6eee12-2e8e-4f67-bb4d-9618ca1c6610.jpg?v=1737020580,https://cdn.shopify.com/s/files/1/0540/8145/4255/files/9_916de8f6-4daa-408b-b4cd-be1071364e16.jpg?v=1737020580",https://cdn.shopify.com/s/files/1/0540/8145/4255/files/8212C-B.png?v=1737020580,999.99,999.99,99.999,,USD,"TSAR BOMBA WATCH",new,male,Black,,,,"Stylish barrel-shaped automatic watch with Japanese YN88A movement, ceramic bezel, power reserve indicator dial, ceramic case, sapphire crystal, 50m water resistance, A-grade lume, and fluoro rubber strap",,instock
105368,109230,Tsarbomba,41882883974,https://www.awin1.com/pclick.php?p=41882883974&a=3002879&m=109230,https://images2.productserve.com/?w=200&h=200&bg=white&trim=5&t=letterbox&url=ssl%3Acdn.shopify.com%2Fs%2Ffiles%2F1%2F0540%2F8145%2F4255%2Ffiles%2F8212C-W.png%3Fv%3D1737020375&feedId=105368&k=8c3e1dea5e006947ade279ddf2b44c9ed790d38b,https://images2.productserve.com/?w=70&h=70&bg=white&trim=5&t=letterbox&url=ssl%3Acdn.shopify.com%2Fs%2Ffiles%2F1%2F0540%2F8145%2F4255%2Ffiles%2F8212C_2_ad58e2d0-fb37-4890-8498-78f424f8ec7a.jpg%3Fv%3D1737020580%2Chttps%3A%2F%2Fcdn.shopify.com%2Fs%2Ffiles%2F1%2F0540%2F8145%2F4255%2Ffiles%2F6_dbc757bd-1228-4c2d-be6d-f762f7bb07f4.jpg%3Fv%3D1737020580&feedId=105368&k=704db9c91492d66a936f66d60b5f232afa6e1c3a,544,"Men's Watches",,42.5mm*50.5mm*13.5mm,TB8212C-01,TB8212C-01,,,7.62704E+11,"Elemental Series-Automatic Watch TB8212 Ceramic White","Stylish barrel-shaped automatic watch with Japanese YN88A movement, ceramic bezel, power reserve indicator dial, ceramic case, sapphire crystal, 50m water resistance, A-grade lume, and fluoro rubber strap.",https://tsarbomba.com/products/tb8212?variant=43953397956864,"https://cdn.shopify.com/s/files/1/0540/8145/4255/files/8212C_2_ad58e2d0-fb37-4890-8498-78f424f8ec7a.jpg?v=1737020580,https://cdn.shopify.com/s/files/1/0540/8145/4255/files/6_dbc757bd-1228-4c2d-be6d-f762f7bb07f4.jpg?v=1737020580",https://cdn.shopify.com/s/files/1/0540/8145/4255/files/8212C-W.png?v=1737020375,999.99,999.99,99.999,,USD,"TSAR BOMBA WATCH",new,male,White,,,,"Stylish barrel-shaped automatic watch with Japanese YN88A movement, ceramic bezel, power reserve indicator dial, ceramic case, sapphire crystal, 50m water resistance, A-grade lume, and fluoro rubber strap.",,instock
105368,109230,Tsarbomba,41882883975,https://www.awin1.com/pclick.php?p=41882883975&a=3002879&m=109230,https://images2.productserve.com/?w=200&h=200&bg=white&trim=5&t=letterbox&url=ssl%3Acdn.shopify.com%2Fs%2Ffiles%2F1%2F0540%2F8145%2F4255%2Ffiles%2F8212C-R.png%3Fv%3D1737020375&feedId=105368&k=58e63155f62369db7e5ac30c6defc751a372e085,https://images2.productserve.com/?w=70&h=70&bg=white&trim=5&t=letterbox&url=ssl%3Acdn.shopify.com%2Fs%2Ffiles%2F1%2F0540%2F8145%2F4255%2Ffiles%2F9_34e5064a-c31c-4bf4-8f14-71ff6a23d02d.jpg%3Fv%3D1737020580%2Chttps%3A%2F%2Fcdn.shopify.com%2Fs%2Ffiles%2F1%2F0540%2F8145%2F4255%2Ffiles%2F11_d691999a-6333-4c4b-b13f-b6e357898b50.jpg%3Fv%3D1737020580&feedId=105368&k=0afafa10a2e97c075835987ae7e4d89ef390d84d,544,"Men's Watches",,42.5mm*50.5mm*13.5mm,TB8212C-03,TB8212C-03,,,7.62704E+11,"Elemental Series-Automatic Watch TB8212 Ceramic Red","Stylish barrel-shaped automatic watch with Japanese YN88A movement, ceramic bezel, power reserve indicator dial, ceramic case, sapphire crystal, 50m water resistance, A-grade lume, and fluoro rubber strap.",https://tsarbomba.com/products/tb8212?variant=43953398022400,"https://cdn.shopify.com/s/files/1/0540/8145/4255/files/9_34e5064a-c31c-4bf4-8f14-71ff6a23d02d.jpg?v=1737020580,https://cdn.shopify.com/s/files/1/0540/8145/4255/files/11_d691999a-6333-4c4b-b13f-b6e357898b50.jpg?v=1737020580",https://cdn.shopify.com/s/files/1/0540/8145/4255/files/8212C-R.png?v=1737020375,999.99,999.99,99.999,,USD,"TSAR BOMBA WATCH",new,male,Red,,,,"Stylish barrel-shaped automatic watch with Japanese YN88A movement, ceramic bezel, power reserve indicator dial, ceramic case, sapphire crystal, 50m water resistance, A-grade lume, and fluoro rubber strap.",,instock
105368,109230,Tsarbomba,41882883976,https://www.awin1.com/pclick.php?p=41882883976&a=3002879&m=109230,https://images2.productserve.com/?w=200&h=200&bg=white&trim=5&t=letterbox&url=ssl%3Acdn.shopify.com%2Fs%2Ffiles%2F1%2F0540%2F8145%2F4255%2Ffiles%2F8212C-BBL.png%3Fv%3D1721370545&feedId=105368&k=8514c2707c6a4bbd56533cb161893cd4d5967097,https://images2.productserve.com/?w=70&h=70&bg=white&trim=5&t=letterbox&url=ssl%3Acdn.shopify.com%2Fs%2Ffiles%2F1%2F0540%2F8145%2F4255%2Ffiles%2F5_12466be7-fa6e-495d-9249-7669039eee90.png%3Fv%3D1721199165%2Chttps%3A%2F%2Fcdn.shopify.com%2Fs%2Ffiles%2F1%2F0540%2F8145%2F4255%2Ffiles%2F04.png%3Fv%3D1721199165&feedId=105368&k=75f1fb3ecfa2eea59a2ee51a0eef6d8bc6bf381f,544,"Men's Watches",,42.5mm*50.5mm*13.5mm,TB8212C-04,TB8212C-04,,,7.17299E+11,"Elemental Series-Automatic Watch TB8212 Ceramic Blue","Stylish barrel-shaped automatic watch with Japanese YN88A movement, ceramic bezel, power reserve indicator dial, ceramic case, sapphire crystal, 50m water resistance, A-grade lume, and fluoro rubber strap.",https://tsarbomba.com/products/tb8212?variant=45737532850432,"https://cdn.shopify.com/s/files/1/0540/8145/4255/files/5_12466be7-fa6e-495d-9249-7669039eee90.png?v=1721199165,https://cdn.shopify.com/s/files/1/0540/8145/4255/files/04.png?v=1721199165",https://cdn.shopify.com/s/files/1/0540/8145/4255/files/8212C-BBL.png?v=1721370545,999.99,999.99,99.999,,USD,"TSAR BOMBA WATCH",new,male,Blue,,,,"Stylish barrel-shaped automatic watch with Japanese YN88A movement, ceramic bezel, power reserve indicator dial, ceramic case, sapphire crystal, 50m water resistance, A-grade lume, and fluoro rubber strap.",,instock
105368,109230,Tsarbomba,41882883977,https://www.awin1.com/pclick.php?p=41882883977&a=3002879&m=109230,https://images2.productserve.com/?w=200&h=200&bg=white&trim=5&t=letterbox&url=ssl%3Acdn.shopify.com%2Fs%2Ffiles%2F1%2F0540%2F8145%2F4255%2Ffiles%2F8204B-W.png%3Fv%3D1725673220&feedId=105368&k=018e144ad698547dc8d95db7091b0b829b8fde5a,https://images2.productserve.com/?w=70&h=70&bg=white&trim=5&t=letterbox&url=ssl%3Acdn.shopify.com%2Fs%2Ffiles%2F1%2F0540%2F8145%2F4255%2Ffiles%2F15_b92a9ee8-88b1-49f2-901f-0512b2cef8a9.jpg%3Fv%3D1736478193%2Chttps%3A%2F%2Fcdn.shopify.com%2Fs%2Ffiles%2F1%2F0540%2F8145%2F4255%2Ffiles%2F10_8736750e-4ed8-4f55-ab27-1b0352734c49.jpg%3Fv%3D1736478193&feedId=105368&k=eb12fa05741a40837b4b040f665c0b265ca70c7a,544,"Men's Watches",,43mm*50.5mm*15.5mm,TB8204B-01,TB8204B-01,,,7.62704E+11,"Elemental Series-Bio-ceramic Quartz Watch TB8204B White","Stylish barrel-shaped quartz watch with Japanese VK67 movement, bio-ceramic bezel, 316L stainless steel case, sapphire crystal, 50m water resistance, A-grade lume, and silicone strap.",https://tsarbomba.com/products/tb8204b?variant=43081586508032,"https://cdn.shopify.com/s/files/1/0540/8145/4255/files/15_b92a9ee8-88b1-49f2-901f-0512b2cef8a9.jpg?v=1736478193,https://cdn.shopify.com/s/files/1/0540/8145/4255/files/10_8736750e-4ed8-4f55-ab27-1b0352734c49.jpg?v=1736478193",https://cdn.shopify.com/s/files/1/0540/8145/4255/files/8204B-W.png?v=1725673220,219.99,219.99,21.999,,USD,"TSAR BOMBA WATCH",new,male,White,,,,"Stylish barrel-shaped quartz watch with Japanese VK67 movement, bio-ceramic bezel, 316L stainless steel case, sapphire crystal, 50m water resistance, A-grade lume, and silicone strap.",,instock
105368,109230,Tsarbomba,41882883978,https://www.awin1.com/pclick.php?p=41882883978&a=3002879&m=109230,https://images2.productserve.com/?w=200&h=200&bg=white&trim=5&t=letterbox&url=ssl%3Acdn.shopify.com%2Fs%2Ffiles%2F1%2F0540%2F8145%2F4255%2Ffiles%2F1_5f2cf777-bf32-42d9-a8ba-e1b68d47a5d0.png%3Fv%3D1736478193&feedId=105368&k=bd40dfacf90430b93216e411864b98ac7019e287,https://images2.productserve.com/?w=70&h=70&bg=white&trim=5&t=letterbox&url=ssl%3Acdn.shopify.com%2Fs%2Ffiles%2F1%2F0540%2F8145%2F4255%2Ffiles%2F18_fe08c811-2aa2-4b45-b2de-7974db1d6afc.jpg%3Fv%3D1736478193%2Chttps%3A%2F%2Fcdn.shopify.com%2Fs%2Ffiles%2F1%2F0540%2F8145%2F4255%2Ffiles%2F17_92bf567a-be63-4026-b0ba-4e1d9b7c010e.jpg%3Fv%3D1736478193&feedId=105368&k=e8dd8c6ce993dae252eae4919cfbb61410f6c8a4,544,"Men's Watches",,43mm*50.5mm*15.5mm,TB8204B-02,TB8204B-02,,,7.62704E+11,"Elemental Series-Bio-ceramic Quartz Watch TB8204B Blue","Stylish barrel-shaped quartz watch with Japanese VK67 movement, bio-ceramic bezel, 316L stainless steel case, sapphire crystal, 50m water resistance, A-grade lume, and silicone strap.",https://tsarbomba.com/products/tb8204b?variant=43081586573568,"https://cdn.shopify.com/s/files/1/0540/8145/4255/files/18_fe08c811-2aa2-4b45-b2de-7974db1d6afc.jpg?v=1736478193,https://cdn.shopify.com/s/files/1/0540/8145/4255/files/17_92bf567a-be63-4026-b0ba-4e1d9b7c010e.jpg?v=1736478193",https://cdn.shopify.com/s/files/1/0540/8145/4255/files/1_5f2cf777-bf32-42d9-a8ba-e1b68d47a5d0.png?v=1736478193,219.99,219.99,21.999,,USD,"TSAR BOMBA WATCH",new,male,Blue,,,,"Stylish barrel-shaped quartz watch with Japanese VK67 movement, bio-ceramic bezel, 316L stainless steel case, sapphire crystal, 50m water resistance, A-grade lume, and silicone strap.",,instock
105368,109230,Tsarbomba,41882883979,https://www.awin1.com/pclick.php?p=41882883979&a=3002879&m=109230,https://images2.productserve.com/?w=200&h=200&bg=white&trim=5&t=letterbox&url=ssl%3Acdn.shopify.com%2Fs%2Ffiles%2F1%2F0540%2F8145%2F4255%2Ffiles%2F03_7942ca04-15ad-43cd-8531-a2e917fb193d.png%3Fv%3D1730856684&feedId=105368&k=93a8399dd78bb0cc6ed268bbe20f7e89d116db09,https://images2.productserve.com/?w=70&h=70&bg=white&trim=5&t=letterbox&url=ssl%3Acdn.shopify.com%2Fs%2Ffiles%2F1%2F0540%2F8145%2F4255%2Ffiles%2F8d2ec1e27704e654efdfc6325141533f.png%3Fv%3D1728980818%2Chttps%3A%2F%2Fcdn.shopify.com%2Fs%2Ffiles%2F1%2F0540%2F8145%2F4255%2Ffiles%2F2_d223d07d-34f5-4b52-909c-9fcc0d838815.png%3Fv%3D1728980818&feedId=105368&k=bafc5a76df2d3f367bc16a173288fddf60c167f5,544,"Men's Watches",,43mm*50.5mm*15mm,TB8204QA-03,TB8204QA-03,,,7.17299E+11,"Elemental Series-Calendar Version TB8204QA Olive","Stylish barrel-shaped quartz watch with Japanese VK67 movement, bio-ceramic bezel, 316L stainless steel case, sapphire crystal, 50m water resistance, A-grade lume, and silicone strap.",https://tsarbomba.com/products/tb8204qa?variant=46013569925376,"https://cdn.shopify.com/s/files/1/0540/8145/4255/files/8d2ec1e27704e654efdfc6325141533f.png?v=1728980818,https://cdn.shopify.com/s/files/1/0540/8145/4255/files/2_d223d07d-34f5-4b52-909c-9fcc0d838815.png?v=1728980818",https://cdn.shopify.com/s/files/1/0540/8145/4255/files/03_7942ca04-15ad-43cd-8531-a2e917fb193d.png?v=1730856684,219.99,219.99,21.999,,USD,"TSAR BOMBA WATCH",new,male,Olive,,,,"Stylish barrel-shaped quartz watch with Japanese VK67 movement, bio-ceramic bezel, 316L stainless steel case, sapphire crystal, 50m water resistance, A-grade lume, and silicone strap.",,instock
105368,109230,Tsarbomba,41882883980,https://www.awin1.com/pclick.php?p=41882883980&a=3002879&m=109230,https://images2.productserve.com/?w=200&h=200&bg=white&trim=5&t=letterbox&url=ssl%3Acdn.shopify.com%2Fs%2Ffiles%2F1%2F0540%2F8145%2F4255%2Ffiles%2F02_2280acb0-9a8b-4395-a593-ea2d9381f7df.png%3Fv%3D1730856684&feedId=105368&k=be8ac0b51f9df33fd3d5fee7f010477255e72085,https://images2.productserve.com/?w=70&h=70&bg=white&trim=5&t=letterbox&url=ssl%3Acdn.shopify.com%2Fs%2Ffiles%2F1%2F0540%2F8145%2F4255%2Ffiles%2Fe44adefeb4b42888ae5147fd4090a60f_9220e490-20cf-4b76-86c2-d92949efc79f.png%3Fv%3D1737084389%2Chttps%3A%2F%2Fcdn.shopify.com%2Fs%2Ffiles%2F1%2F0540%2F8145%2F4255%2Ffiles%2F2_dbe871af-5671-4957-bfef-747009371305.png%3Fv%3D1737084389&feedId=105368&k=9eafaa546d44206b5cbfdda5240361ee85d91a2b,544,"Men's Watches",,43mm*50.5mm*15mm,TB8204QA-02,TB8204QA-02,,,7.17299E+11,"Elemental Series-Calendar Version TB8204QA Blue","Stylish barrel-shaped quartz watch with Japanese VK67 movement, bio-ceramic bezel, 316L stainless steel case, sapphire crystal, 50m water resistance, A-grade lume, and silicone strap.",https://tsarbomba.com/products/tb8204qa?variant=46013569958144,"https://cdn.shopify.com/s/files/1/0540/8145/4255/files/e44adefeb4b42888ae5147fd4090a60f_9220e490-20cf-4b76-86c2-d92949efc79f.png?v=1737084389,https://cdn.shopify.com/s/files/1/0540/8145/4255/files/2_dbe871af-5671-4957-bfef-747009371305.png?v=1737084389",https://cdn.shopify.com/s/files/1/0540/8145/4255/files/02_2280acb0-9a8b-4395-a593-ea2d9381f7df.png?v=1730856684,219.99,219.99,21.999,,USD,"TSAR BOMBA WATCH",new,male,Blue,,,,"Stylish barrel-shaped quartz watch with Japanese VK67 movement, bio-ceramic bezel, 316L stainless steel case, sapphire crystal, 50m water resistance, A-grade lume, and silicone strap.",,instock
105368,109230,Tsarbomba,41882883981,https://www.awin1.com/pclick.php?p=41882883981&a=3002879&m=109230,https://images2.productserve.com/?w=200&h=200&bg=white&trim=5&t=letterbox&url=ssl%3Acdn.shopify.com%2Fs%2Ffiles%2F1%2F0540%2F8145%2F4255%2Ffiles%2F01_e7c177d5-83a3-4e42-8e60-1351409b0e04.png%3Fv%3D1737084389&feedId=105368&k=2359a450edfca55d8d46e94cc3c98f2830f5f486,https://images2.productserve.com/?w=70&h=70&bg=white&trim=5&t=letterbox&url=ssl%3Acdn.shopify.com%2Fs%2Ffiles%2F1%2F0540%2F8145%2F4255%2Ffiles%2F1d8da7f161bd0af0b7aa2d053b4b515b_a278f919-73c3-4342-b29e-9785b658da1b.png%3Fv%3D1737084389%2Chttps%3A%2F%2Fcdn.shopify.com%2Fs%2Ffiles%2F1%2F0540%2F8145%2F4255%2Ffiles%2F2_874e10e2-c840-4cd5-a2ae-7861f5d0bb90.png%3Fv%3D1737084389&feedId=105368&k=f37a4857d46b14dd0f873b2d603c29678f891dc2,544,"Men's Watches",,43mm*50.5mm*15mm,TB8204QA-01,TB8204QA-01,,,7.17299E+11,"Elemental Series-Calendar Version TB8204QA White","Stylish barrel-shaped quartz watch with Japanese VK67 movement, bio-ceramic bezel, 316L stainless steel case, sapphire crystal, 50m water resistance, A-grade lume, and silicone strap.",https://tsarbomba.com/products/tb8204qa?variant=46013569990912,"https://cdn.shopify.com/s/files/1/0540/8145/4255/files/1d8da7f161bd0af0b7aa2d053b4b515b_a278f919-73c3-4342-b29e-9785b658da1b.png?v=1737084389,https://cdn.shopify.com/s/files/1/0540/8145/4255/files/2_874e10e2-c840-4cd5-a2ae-7861f5d0bb90.png?v=1737084389",https://cdn.shopify.com/s/files/1/0540/8145/4255/files/01_e7c177d5-83a3-4e42-8e60-1351409b0e04.png?v=1737084389,219.99,219.99,21.999,,USD,"TSAR BOMBA WATCH",new,male,White,,,,"Stylish barrel-shaped quartz watch with Japanese VK67 movement, bio-ceramic bezel, 316L stainless steel case, sapphire crystal, 50m water resistance, A-grade lume, and silicone strap.",,instock
105368,109230,Tsarbomba,41882883982,https://www.awin1.com/pclick.php?p=41882883982&a=3002879&m=109230,https://images2.productserve.com/?w=200&h=200&bg=white&trim=5&t=letterbox&url=ssl%3Acdn.shopify.com%2Fs%2Ffiles%2F1%2F0540%2F8145%2F4255%2Ffiles%2F05_dfe73cc8-9c19-4b0d-b8d3-3345227f802a.png%3Fv%3D1737084389&feedId=105368&k=a2cb29a1a05a3361fd0bb68f709c6bf8f472ced7,https://images2.productserve.com/?w=70&h=70&bg=white&trim=5&t=letterbox&url=ssl%3Acdn.shopify.com%2Fs%2Ffiles%2F1%2F0540%2F8145%2F4255%2Ffiles%2Fdf62e2424ce483280f206a8aebb91ed2.png%3Fv%3D1737084389%2Chttps%3A%2F%2Fcdn.shopify.com%2Fs%2Ffiles%2F1%2F0540%2F8145%2F4255%2Ffiles%2F2_070aad58-9b06-4afd-a8e4-76bd7cb9b308.png%3Fv%3D1737084389&feedId=105368&k=54be5cb8af8d9be70ebf4d8353b65d6bdf2861d2,544,"Men's Watches",,43mm*50.5mm*14mm,TB8204QA-05,TB8204QA-05,,,7.17299E+11,"Elemental Series-Calendar Version TB8204QA Light Blue","Stylish barrel-shaped quartz watch with Japanese VK67 movement, 316L stainless steel bezel, 316L stainless steel case, sapphire crystal, 50m water resistance, A-grade lume, and silicone strap.",https://tsarbomba.com/products/tb8204qa?variant=46013570023680,"https://cdn.shopify.com/s/files/1/0540/8145/4255/files/df62e2424ce483280f206a8aebb91ed2.png?v=1737084389,https://cdn.shopify.com/s/files/1/0540/8145/4255/files/2_070aad58-9b06-4afd-a8e4-76bd7cb9b308.png?v=1737084389",https://cdn.shopify.com/s/files/1/0540/8145/4255/files/05_dfe73cc8-9c19-4b0d-b8d3-3345227f802a.png?v=1737084389,219.99,219.99,21.999,,USD,"TSAR BOMBA WATCH",new,male,"Light Blue",,,,"Stylish barrel-shaped quartz watch with Japanese VK67 movement, 316L stainless steel bezel, 316L stainless steel case, sapphire crystal, 50m water resistance, A-grade lume, and silicone strap.",,instock
105368,109230,Tsarbomba,41882883983,https://www.awin1.com/pclick.php?p=41882883983&a=3002879&m=109230,https://images2.productserve.com/?w=200&h=200&bg=white&trim=5&t=letterbox&url=ssl%3Acdn.shopify.com%2Fs%2Ffiles%2F1%2F0540%2F8145%2F4255%2Ffiles%2F04_7911655b-dd76-424f-b660-c67f7c79ffda.png%3Fv%3D1737084389&feedId=105368&k=211cb1314992c501bb7cccc06a8c16a3eed40f08,https://images2.productserve.com/?w=70&h=70&bg=white&trim=5&t=letterbox&url=ssl%3Acdn.shopify.com%2Fs%2Ffiles%2F1%2F0540%2F8145%2F4255%2Ffiles%2F8f129f44766d230930f7e16a25f791e7_bc27507c-ac9a-48d2-a20f-472d1cf6ae24.png%3Fv%3D1737084389%2Chttps%3A%2F%2Fcdn.shopify.com%2Fs%2Ffiles%2F1%2F0540%2F8145%2F4255%2Ffiles%2F2_70ee4253-60fc-4781-bc8a-ad0dd8747902.png%3Fv%3D1737084389&feedId=105368&k=6fc56fef3d5282a503f5560995300f115d23b051,544,"Men's Watches",,43mm*50.5mm*14mm,TB8204QA-06,TB8204QA-06,,,7.17299E+11,"Elemental Series-Calendar Version TB8204QA Green","Stylish barrel-shaped quartz watch with Japanese VK67 movement, 316L stainless steel bezel, 316L stainless steel case, sapphire crystal, 50m water resistance, A-grade lume, and silicone strap.",https://tsarbomba.com/products/tb8204qa?variant=46013570056448,"https://cdn.shopify.com/s/files/1/0540/8145/4255/files/8f129f44766d230930f7e16a25f791e7_bc27507c-ac9a-48d2-a20f-472d1cf6ae24.png?v=1737084389,https://cdn.shopify.com/s/files/1/0540/8145/4255/files/2_70ee4253-60fc-4781-bc8a-ad0dd8747902.png?v=1737084389",https://cdn.shopify.com/s/files/1/0540/8145/4255/files/04_7911655b-dd76-424f-b660-c67f7c79ffda.png?v=1737084389,219.99,219.99,21.999,,USD,"TSAR BOMBA WATCH",new,male,Green,,,,"Stylish barrel-shaped quartz watch with Japanese VK67 movement, 316L stainless steel bezel, 316L stainless steel case, sapphire crystal, 50m water resistance, A-grade lume, and silicone strap.",,instock
105368,109230,Tsarbomba,41882883984,https://www.awin1.com/pclick.php?p=41882883984&a=3002879&m=109230,https://images2.productserve.com/?w=200&h=200&bg=white&trim=5&t=letterbox&url=ssl%3Acdn.shopify.com%2Fs%2Ffiles%2F1%2F0540%2F8145%2F4255%2Ffiles%2F8207CF.png%3Fv%3D1724724278&feedId=105368&k=5ed2e32d41c5b832d8a2126c10f61f31c5a88f71,https://images2.productserve.com/?w=70&h=70&bg=white&trim=5&t=letterbox&url=ssl%3Acdn.shopify.com%2Fs%2Ffiles%2F1%2F0540%2F8145%2F4255%2Ffiles%2F8207CF.jpg%3Fv%3D1724724780%2Chttps%3A%2F%2Fcdn.shopify.com%2Fs%2Ffiles%2F1%2F0540%2F8145%2F4255%2Ffiles%2F3_5c0fe5ef-3bee-44a0-8862-45e8b4d32efa.jpg%3Fv%3D1724724780&feedId=105368&k=4d64fdf98b47a9a4b89008556f82c04d67d2ea69,544,"Men's Watches",,43mm*50.5mm*16.8mm,TB8207CF-01,TB8207CF-01,,,7.62704E+11,"Elemental Series-Carbon Fiber Automatic Watch TB8207CF","Stylish barrel-shaped automatic watch with Japanese 82S0 movement, carbon fiber bezel, butterfly design dial, 316L stainless steel case, sapphire crystal, 50m water resistance, A-grade lume, and fluoro rubber strap.",https://tsarbomba.com/products/tb8207cf,"https://cdn.shopify.com/s/files/1/0540/8145/4255/files/8207CF.jpg?v=1724724780,https://cdn.shopify.com/s/files/1/0540/8145/4255/files/3_5c0fe5ef-3bee-44a0-8862-45e8b4d32efa.jpg?v=1724724780",https://cdn.shopify.com/s/files/1/0540/8145/4255/files/8207CF.png?v=1724724278,489.99,489.99,48.999,,USD,"TSAR BOMBA WATCH",new,male,Black,,,,"Stylish barrel-shaped automatic watch with Japanese 82S0 movement, carbon fiber bezel, butterfly design dial, 316L stainless steel case, sapphire crystal, 50m water resistance, A-grade lume, and fluoro rubber strap.",,instock
105368,109230,Tsarbomba,41882883985,https://www.awin1.com/pclick.php?p=41882883985&a=3002879&m=109230,https://images2.productserve.com/?w=200&h=200&bg=white&trim=5&t=letterbox&url=ssl%3Acdn.shopify.com%2Fs%2Ffiles%2F1%2F0540%2F8145%2F4255%2Ffiles%2F8209CF.png%3Fv%3D1724724279&feedId=105368&k=a3d566a3e31e818dfb2d38a7a0fc3697cf125788,https://images2.productserve.com/?w=70&h=70&bg=white&trim=5&t=letterbox&url=ssl%3Acdn.shopify.com%2Fs%2Ffiles%2F1%2F0540%2F8145%2F4255%2Ffiles%2F5_14119955-8f0e-4102-a026-715f1fba974e.jpg%3Fv%3D1724725479%2Chttps%3A%2F%2Fcdn.shopify.com%2Fs%2Ffiles%2F1%2F0540%2F8145%2F4255%2Ffiles%2F3_19768850-bb5d-4e4b-9db6-b6dccaff9ec3.jpg%3Fv%3D1724725479&feedId=105368&k=6a80e45b6b12fe48c5cfcaa342a3db86b51f83b3,544,"Men's Watches",,43mm*50.5mm*15.5mm,TB8209CF-04,TB8209CF-04,,,7.62704E+11,"Elemental Series-Carbon Fiber Automatic Watch TB8209CF Black Blue","Stylish barrel-shaped automatic watch with Japanese 82S0 movement, carbon fiber bezel, hollow dial, 316L stainless steel case, sapphire crystal, 50m water resistance, A-grade lume, and fluoro rubber strap.",https://tsarbomba.com/products/tb8209cf?variant=42651803451648,"https://cdn.shopify.com/s/files/1/0540/8145/4255/files/5_14119955-8f0e-4102-a026-715f1fba974e.jpg?v=1724725479,https://cdn.shopify.com/s/files/1/0540/8145/4255/files/3_19768850-bb5d-4e4b-9db6-b6dccaff9ec3.jpg?v=1724725479",https://cdn.shopify.com/s/files/1/0540/8145/4255/files/8209CF.png?v=1724724279,499.99,499.99,49.999,,USD,"TSAR BOMBA WATCH",new,male,"Black Blue",,,,"Stylish barrel-shaped automatic watch with Japanese 82S0 movement, carbon fiber bezel, hollow dial, 316L stainless steel case, sapphire crystal, 50m water resistance, A-grade lume, and fluoro rubber strap.",,instock
105368,109230,Tsarbomba,41882883986,https://www.awin1.com/pclick.php?p=41882883986&a=3002879&m=109230,https://images2.productserve.com/?w=200&h=200&bg=white&trim=5&t=letterbox&url=ssl%3Acdn.shopify.com%2Fs%2Ffiles%2F1%2F0540%2F8145%2F4255%2Ffiles%2F8209CF_243717e4-e488-4cae-a29c-1214a594655d.png%3Fv%3D1727248679&feedId=105368&k=f942fb9f35bd645b772871903709327495607336,https://images2.productserve.com/?w=70&h=70&bg=white&trim=5&t=letterbox&url=ssl%3Acdn.shopify.com%2Fs%2Ffiles%2F1%2F0540%2F8145%2F4255%2Ffiles%2F8209CF_3.jpg%3Fv%3D1724725479%2Chttps%3A%2F%2Fcdn.shopify.com%2Fs%2Ffiles%2F1%2F0540%2F8145%2F4255%2Ffiles%2F19_4554264f-f528-4353-855c-208386c0c568.jpg%3Fv%3D1724725479&feedId=105368&k=1ac5d6152a154c504787d5b72650b56320570239,544,"Men's Watches",,43mm*50.5mm*15.5mm,TB8209CF-01,TB8209CF-01,,,7.62704E+11,"Elemental Series-Carbon Fiber Automatic Watch TB8209CF Black","Stylish barrel-shaped automatic watch with Japanese 82S0 movement, carbon fiber bezel, hollow dial, 316L stainless steel case, sapphire crystal, 50m water resistance, A-grade lume, and fluoro rubber strap.",https://tsarbomba.com/products/tb8209cf?variant=42651803386112,"https://cdn.shopify.com/s/files/1/0540/8145/4255/files/8209CF_3.jpg?v=1724725479,https://cdn.shopify.com/s/files/1/0540/8145/4255/files/19_4554264f-f528-4353-855c-208386c0c568.jpg?v=1724725479",https://cdn.shopify.com/s/files/1/0540/8145/4255/files/8209CF_243717e4-e488-4cae-a29c-1214a594655d.png?v=1727248679,499.99,499.99,49.999,,USD,"TSAR BOMBA WATCH",new,male,Black,,,,"Stylish barrel-shaped automatic watch with Japanese 82S0 movement, carbon fiber bezel, hollow dial, 316L stainless steel case, sapphire crystal, 50m water resistance, A-grade lume, and fluoro rubber strap.",,instock
105368,109230,Tsarbomba,41882883987,https://www.awin1.com/pclick.php?p=41882883987&a=3002879&m=109230,https://images2.productserve.com/?w=200&h=200&bg=white&trim=5&t=letterbox&url=ssl%3Acdn.shopify.com%2Fs%2Ffiles%2F1%2F0540%2F8145%2F4255%2Ffiles%2F8209CF_dc1e7efb-c4cd-4b15-9640-eabcb51b2bb2.png%3Fv%3D1727248679&feedId=105368&k=5c4d7ffa25a991cfc32e0bf08e11b7ff52a11315,https://images2.productserve.com/?w=70&h=70&bg=white&trim=5&t=letterbox&url=ssl%3Acdn.shopify.com%2Fs%2Ffiles%2F1%2F0540%2F8145%2F4255%2Ffiles%2F10_feb12ac0-b49c-49d4-94f2-e2b24d7b5f2e.jpg%3Fv%3D1724725479%2Chttps%3A%2F%2Fcdn.shopify.com%2Fs%2Ffiles%2F1%2F0540%2F8145%2F4255%2Ffiles%2F11_63d577ea-a4b0-43d5-b689-4ec68100e9f2.jpg%3Fv%3D1724725479&feedId=105368&k=ab3abbf6a47c7aa4cbb92893969e13e9976ac2fc,544,"Men's Watches",,43mm*50.5mm*15.5mm,TB8209CF-06,TB8209CF-06,,,7.62704E+11,"Elemental Series-Carbon Fiber Automatic Watch TB8209CF White Blue","Stylish barrel-shaped automatic watch with Japanese 82S0 movement, carbon fiber bezel, hollow dial, 316L stainless steel case, sapphire crystal, 50m water resistance, A-grade lume, and fluoro rubber strap.",https://tsarbomba.com/products/tb8209cf?variant=43490321596672,"https://cdn.shopify.com/s/files/1/0540/8145/4255/files/10_feb12ac0-b49c-49d4-94f2-e2b24d7b5f2e.jpg?v=1724725479,https://cdn.shopify.com/s/files/1/0540/8145/4255/files/11_63d577ea-a4b0-43d5-b689-4ec68100e9f2.jpg?v=1724725479",https://cdn.shopify.com/s/files/1/0540/8145/4255/files/8209CF_dc1e7efb-c4cd-4b15-9640-eabcb51b2bb2.png?v=1727248679,499.99,499.99,49.999,,USD,"TSAR BOMBA WATCH",new,male,"White Blue",,,,"Stylish barrel-shaped automatic watch with Japanese 82S0 movement, carbon fiber bezel, hollow dial, 316L stainless steel case, sapphire crystal, 50m water resistance, A-grade lume, and fluoro rubber strap.",,instock
105368,109230,Tsarbomba,41882883988,https://www.awin1.com/pclick.php?p=41882883988&a=3002879&m=109230,https://images2.productserve.com/?w=200&h=200&bg=white&trim=5&t=letterbox&url=ssl%3Acdn.shopify.com%2Fs%2Ffiles%2F1%2F0540%2F8145%2F4255%2Ffiles%2F8209CF_bccfbdcd-a09a-4c9d-b2fd-097398dab7cc.png%3Fv%3D1727248679&feedId=105368&k=bea1dcf3f9f9389f191b9a9513c0a865271049fc,https://images2.productserve.com/?w=70&h=70&bg=white&trim=5&t=letterbox&url=ssl%3Acdn.shopify.com%2Fs%2Ffiles%2F1%2F0540%2F8145%2F4255%2Ffiles%2F15_b371e4ea-1433-489f-9db6-9c1a15795d06.jpg%3Fv%3D1724725479%2Chttps%3A%2F%2Fcdn.shopify.com%2Fs%2Ffiles%2F1%2F0540%2F8145%2F4255%2Ffiles%2F13_8d94fbed-37b7-4a7e-8bb5-fcc267ee6b6e.jpg%3Fv%3D1724725479&feedId=105368&k=b16c4506907f7a8dcde15d54ad9ac706ab77b498,544,"Men's Watches",,43mm*50.5mm*15.5mm,TB8209CF-03,TB8209CF-03,,,7.62704E+11,"Elemental Series-Carbon Fiber Automatic Watch TB8209CF Black White","Stylish barrel-shaped automatic watch with Japanese 82S0 movement, carbon fiber bezel, hollow dial, 316L stainless steel case, sapphire crystal, 50m water resistance, A-grade lume, and fluoro rubber strap.",https://tsarbomba.com/products/tb8209cf?variant=43490321563904,"https://cdn.shopify.com/s/files/1/0540/8145/4255/files/15_b371e4ea-1433-489f-9db6-9c1a15795d06.jpg?v=1724725479,https://cdn.shopify.com/s/files/1/0540/8145/4255/files/13_8d94fbed-37b7-4a7e-8bb5-fcc267ee6b6e.jpg?v=1724725479",https://cdn.shopify.com/s/files/1/0540/8145/4255/files/8209CF_bccfbdcd-a09a-4c9d-b2fd-097398dab7cc.png?v=1727248679,499.99,499.99,49.999,,USD,"TSAR BOMBA WATCH",new,male,"Black White",,,,"Stylish barrel-shaped automatic watch with Japanese 82S0 movement, carbon fiber bezel, hollow dial, 316L stainless steel case, sapphire crystal, 50m water resistance, A-grade lume, and fluoro rubber strap.",,instock
105368,109230,Tsarbomba,41882883989,https://www.awin1.com/pclick.php?p=41882883989&a=3002879&m=109230,https://images2.productserve.com/?w=200&h=200&bg=white&trim=5&t=letterbox&url=ssl%3Acdn.shopify.com%2Fs%2Ffiles%2F1%2F0540%2F8145%2F4255%2Ffiles%2F8209CF_ee5446d9-ca74-4e3e-b164-3f49e2478f70.png%3Fv%3D1727248679&feedId=105368&k=5ab1473133679d8aa1749cacce3ffa41e3fd61e6,https://images2.productserve.com/?w=70&h=70&bg=white&trim=5&t=letterbox&url=ssl%3Acdn.shopify.com%2Fs%2Ffiles%2F1%2F0540%2F8145%2F4255%2Ffiles%2F23_d102a412-5f82-4754-9457-2b69c4390f6b.jpg%3Fv%3D1724725479%2Chttps%3A%2F%2Fcdn.shopify.com%2Fs%2Ffiles%2F1%2F0540%2F8145%2F4255%2Ffiles%2F26_780dffa2-b5e4-4f7a-83de-33b27f85bacd.jpg%3Fv%3D1724725479&feedId=105368&k=fda103124ecb4825086d98dbaf60f7faec6ad947,544,"Men's Watches",,43mm*50.5mm*15.5mm,TB8209CF-02,TB8209CF-02,,,7.62704E+11,"Elemental Series-Carbon Fiber Automatic Watch TB8209CF Black Red","Stylish barrel-shaped automatic watch with Japanese 82S0 movement, carbon fiber bezel, hollow dial, 316L stainless steel case, sapphire crystal, 50m water resistance, A-grade lume, and fluoro rubber strap.",https://tsarbomba.com/products/tb8209cf?variant=42651803484416,"https://cdn.shopify.com/s/files/1/0540/8145/4255/files/23_d102a412-5f82-4754-9457-2b69c4390f6b.jpg?v=1724725479,https://cdn.shopify.com/s/files/1/0540/8145/4255/files/26_780dffa2-b5e4-4f7a-83de-33b27f85bacd.jpg?v=1724725479",https://cdn.shopify.com/s/files/1/0540/8145/4255/files/8209CF_ee5446d9-ca74-4e3e-b164-3f49e2478f70.png?v=1727248679,499.99,499.99,49.999,,USD,"TSAR BOMBA WATCH",new,male,"Black Red",,,,"Stylish barrel-shaped automatic watch with Japanese 82S0 movement, carbon fiber bezel, hollow dial, 316L stainless steel case, sapphire crystal, 50m water resistance, A-grade lume, and fluoro rubber strap.",,instock
105368,109230,Tsarbomba,41882883990,https://www.awin1.com/pclick.php?p=41882883990&a=3002879&m=109230,https://images2.productserve.com/?w=200&h=200&bg=white&trim=5&t=letterbox&url=ssl%3Acdn.shopify.com%2Fs%2Ffiles%2F1%2F0540%2F8145%2F4255%2Ffiles%2F8209CF_2fda10e8-8feb-4dc3-8463-1d64e20bc7a0.png%3Fv%3D1727248679&feedId=105368&k=5b22bac15456192b7111cd4a841eebc6f050c6a1,https://images2.productserve.com/?w=70&h=70&bg=white&trim=5&t=letterbox&url=ssl%3Acdn.shopify.com%2Fs%2Ffiles%2F1%2F0540%2F8145%2F4255%2Ffiles%2F6_61e91948-0b5e-4d33-9e1e-5497d96ddb93.jpg%3Fv%3D1724725479%2Chttps%3A%2F%2Fcdn.shopify.com%2Fs%2Ffiles%2F1%2F0540%2F8145%2F4255%2Ffiles%2F5_d14ca0b1-89df-4f79-88fd-d0e5c707ff08.jpg%3Fv%3D1724725479&feedId=105368&k=873efa00d6f996cb9b2b3465cb8227c2ee8f2eff,544,"Men's Watches",,43mm*50.5mm*15.5mm,TB8209CF-05,TB8209CF-05,,,7.62704E+11,"Elemental Series-Carbon Fiber Automatic Watch TB8209CF White","Stylish barrel-shaped automatic watch with Japanese 82S0 movement, carbon fiber bezel, hollow dial, 316L stainless steel case, sapphire crystal, 50m water resistance, A-grade lume, and fluoro rubber strap.",https://tsarbomba.com/products/tb8209cf?variant=42651803418880,"https://cdn.shopify.com/s/files/1/0540/8145/4255/files/6_61e91948-0b5e-4d33-9e1e-5497d96ddb93.jpg?v=1724725479,https://cdn.shopify.com/s/files/1/0540/8145/4255/files/5_d14ca0b1-89df-4f79-88fd-d0e5c707ff08.jpg?v=1724725479",https://cdn.shopify.com/s/files/1/0540/8145/4255/files/8209CF_2fda10e8-8feb-4dc3-8463-1d64e20bc7a0.png?v=1727248679,499.99,499.99,49.999,,USD,"TSAR BOMBA WATCH",new,male,White,,,,"Stylish barrel-shaped automatic watch with Japanese 82S0 movement, carbon fiber bezel, hollow dial, 316L stainless steel case, sapphire crystal, 50m water resistance, A-grade lume, and fluoro rubber strap.",,instock
105368,109230,Tsarbomba,41882883991,https://www.awin1.com/pclick.php?p=41882883991&a=3002879&m=109230,https://images2.productserve.com/?w=200&h=200&bg=white&trim=5&t=letterbox&url=ssl%3Acdn.shopify.com%2Fs%2Ffiles%2F1%2F0540%2F8145%2F4255%2Ffiles%2F8209CF_4a4acbef-5a00-4e12-8645-6c1b705d5d3e.png%3Fv%3D1727248679&feedId=105368&k=f37cced78fcee55a05da790603d51ac06bdf7833,https://images2.productserve.com/?w=70&h=70&bg=white&trim=5&t=letterbox&url=ssl%3Acdn.shopify.com%2Fs%2Ffiles%2F1%2F0540%2F8145%2F4255%2Ffiles%2F8_da915b43-f64e-4414-9e5f-3536732662e7.jpg%3Fv%3D1724725479%2Chttps%3A%2F%2Fcdn.shopify.com%2Fs%2Ffiles%2F1%2F0540%2F8145%2F4255%2Ffiles%2F7_106e3ca9-0fb6-4267-85fe-30d87512d157.jpg%3Fv%3D1724725479&feedId=105368&k=beb6c6e21640d800cb7eeb6a731c3c872757ef48,544,"Men's Watches",,43mm*50.5mm*15.5mm,TB8209CF-07,TB8209CF-07,,,7.62704E+11,"Elemental Series-Carbon Fiber Automatic Watch TB8209CF Bull Red","Stylish barrel-shaped automatic watch with Japanese 82S0 movement, carbon fiber bezel, hollow dial, 316L stainless steel case, sapphire crystal, 50m water resistance, A-grade lume, and fluoro rubber strap.",https://tsarbomba.com/products/tb8209cf?variant=43490321629440,"https://cdn.shopify.com/s/files/1/0540/8145/4255/files/8_da915b43-f64e-4414-9e5f-3536732662e7.jpg?v=1724725479,https://cdn.shopify.com/s/files/1/0540/8145/4255/files/7_106e3ca9-0fb6-4267-85fe-30d87512d157.jpg?v=1724725479",https://cdn.shopify.com/s/files/1/0540/8145/4255/files/8209CF_4a4acbef-5a00-4e12-8645-6c1b705d5d3e.png?v=1727248679,499.99,499.99,49.999,,USD,"TSAR BOMBA WATCH",new,male,"Bull Red",,,,"Stylish barrel-shaped automatic watch with Japanese 82S0 movement, carbon fiber bezel, hollow dial, 316L stainless steel case, sapphire crystal, 50m water resistance, A-grade lume, and fluoro rubber strap.",,instock
105368,109230,Tsarbomba,41882883992,https://www.awin1.com/pclick.php?p=41882883992&a=3002879&m=109230,https://images2.productserve.com/?w=200&h=200&bg=white&trim=5&t=letterbox&url=ssl%3Acdn.shopify.com%2Fs%2Ffiles%2F1%2F0540%2F8145%2F4255%2Ffiles%2F8210CF.png%3Fv%3D1724724279&feedId=105368&k=36cdc3c2e62a305483fade34dc9301998cd5089a,https://images2.productserve.com/?w=70&h=70&bg=white&trim=5&t=letterbox&url=ssl%3Acdn.shopify.com%2Fs%2Ffiles%2F1%2F0540%2F8145%2F4255%2Ffiles%2F8210CF.jpg%3Fv%3D1724724936%2Chttps%3A%2F%2Fcdn.shopify.com%2Fs%2Ffiles%2F1%2F0540%2F8145%2F4255%2Ffiles%2F1_3a7c9755-3d4b-46ff-be7a-0b0e27099e9d.jpg%3Fv%3D1724724936&feedId=105368&k=06a557ce61450e41f5d40c241936448cfc8b3856,544,"Men's Watches",,45.5mm*51.5mm*15mm,TB8210CF-02,TB8210CF-02,,,7.62704E+11,"Elemental Series-Carbon Fiber Automatic Watch TB8210CF Elite White","Stylish barrel-shaped automatic watch with Japanese YN88A movement, carbon fiber bezel, power reserve indicator dial, 316L stainless steel case, sapphire crystal, 50m water resistance, A-grade lume, and fluoro rubber strap.",https://tsarbomba.com/products/tb8210cf?variant=43043595092224,"https://cdn.shopify.com/s/files/1/0540/8145/4255/files/8210CF.jpg?v=1724724936,https://cdn.shopify.com/s/files/1/0540/8145/4255/files/1_3a7c9755-3d4b-46ff-be7a-0b0e27099e9d.jpg?v=1724724936",https://cdn.shopify.com/s/files/1/0540/8145/4255/files/8210CF.png?v=1724724279,599.99,599.99,59.999,,USD,"TSAR BOMBA WATCH",new,male,"Elite White",,,,"Stylish barrel-shaped automatic watch with Japanese YN88A movement, carbon fiber bezel, power reserve indicator dial, 316L stainless steel case, sapphire crystal, 50m water resistance, A-grade lume, and fluoro rubber strap.",,instock
105368,109230,Tsarbomba,41882883993,https://www.awin1.com/pclick.php?p=41882883993&a=3002879&m=109230,https://images2.productserve.com/?w=200&h=200&bg=white&trim=5&t=letterbox&url=ssl%3Acdn.shopify.com%2Fs%2Ffiles%2F1%2F0540%2F8145%2F4255%2Ffiles%2Fcf.png%3Fv%3D1730514330&feedId=105368&k=b6a0f39a449a2f5cdcdcb3dc11fc199db9a47697,https://images2.productserve.com/?w=70&h=70&bg=white&trim=5&t=letterbox&url=ssl%3Acdn.shopify.com%2Fs%2Ffiles%2F1%2F0540%2F8145%2F4255%2Ffiles%2F8210CF_2.jpg%3Fv%3D1724724936%2Chttps%3A%2F%2Fcdn.shopify.com%2Fs%2Ffiles%2F1%2F0540%2F8145%2F4255%2Ffiles%2F2_167d4853-db7f-47f4-b22a-4f402d00e186.jpg%3Fv%3D1724724936&feedId=105368&k=4f4afb218079db99d3fc346b288b9e3fe296d785,544,"Men's Watches",,45.5mm*51.5mm*15mm,TB8210CF-01,TB8210CF-01,,,7.62704E+11,"Elemental Series-Carbon Fiber Automatic Watch TB8210CF Cool Black","Stylish barrel-shaped automatic watch with Japanese YN88A movement, carbon fiber bezel, power reserve indicator dial, 316L stainless steel case, sapphire crystal, 50m water resistance, A-grade lume, and fluoro rubber strap.",https://tsarbomba.com/products/tb8210cf?variant=43043595059456,"https://cdn.shopify.com/s/files/1/0540/8145/4255/files/8210CF_2.jpg?v=1724724936,https://cdn.shopify.com/s/files/1/0540/8145/4255/files/2_167d4853-db7f-47f4-b22a-4f402d00e186.jpg?v=1724724936",https://cdn.shopify.com/s/files/1/0540/8145/4255/files/cf.png?v=1730514330,599.99,599.99,59.999,,USD,"TSAR BOMBA WATCH",new,male,"Cool Black",,,,"Stylish barrel-shaped automatic watch with Japanese YN88A movement, carbon fiber bezel, power reserve indicator dial, 316L stainless steel case, sapphire crystal, 50m water resistance, A-grade lume, and fluoro rubber strap.",,instock
105368,109230,Tsarbomba,41882883994,https://www.awin1.com/pclick.php?p=41882883994&a=3002879&m=109230,https://images2.productserve.com/?w=200&h=200&bg=white&trim=5&t=letterbox&url=ssl%3Acdn.shopify.com%2Fs%2Ffiles%2F1%2F0540%2F8145%2F4255%2Ffiles%2Fcf_809fd89d-f470-4954-bd88-9b49b8a4693b.png%3Fv%3D1730514330&feedId=105368&k=76d5e6c71171f2ef411f89f7e1b59cb2abc4c449,https://images2.productserve.com/?w=70&h=70&bg=white&trim=5&t=letterbox&url=ssl%3Acdn.shopify.com%2Fs%2Ffiles%2F1%2F0540%2F8145%2F4255%2Ffiles%2F6_8ff84ea6-f1b0-4aaf-89b6-2eaf71107f3f.jpg%3Fv%3D1724724936%2Chttps%3A%2F%2Fcdn.shopify.com%2Fs%2Ffiles%2F1%2F0540%2F8145%2F4255%2Ffiles%2F8_de715159-2edd-4e83-94e9-d201928ee26f.jpg%3Fv%3D1724724936&feedId=105368&k=b572f090a50790090b9dcda2dc9fafa19a42f4db,544,"Men's Watches",,45.5mm*51.5mm*15mm,TB8210CF-03,TB8210CF-03,,,7.62704E+11,"Elemental Series-Carbon Fiber Automatic Watch TB8210CF Passion Red","Stylish barrel-shaped automatic watch with Japanese YN88A movement, carbon fiber bezel, power reserve indicator dial, 316L stainless steel case, sapphire crystal, 50m water resistance, A-grade lume, and fluoro rubber strap.",https://tsarbomba.com/products/tb8210cf?variant=43043595124992,"https://cdn.shopify.com/s/files/1/0540/8145/4255/files/6_8ff84ea6-f1b0-4aaf-89b6-2eaf71107f3f.jpg?v=1724724936,https://cdn.shopify.com/s/files/1/0540/8145/4255/files/8_de715159-2edd-4e83-94e9-d201928ee26f.jpg?v=1724724936",https://cdn.shopify.com/s/files/1/0540/8145/4255/files/cf_809fd89d-f470-4954-bd88-9b49b8a4693b.png?v=1730514330,599.99,599.99,59.999,,USD,"TSAR BOMBA WATCH",new,male,"Passion Red",,,,"Stylish barrel-shaped automatic watch with Japanese YN88A movement, carbon fiber bezel, power reserve indicator dial, 316L stainless steel case, sapphire crystal, 50m water resistance, A-grade lume, and fluoro rubber strap.",,instock
105368,109230,Tsarbomba,41882883995,https://www.awin1.com/pclick.php?p=41882883995&a=3002879&m=109230,https://images2.productserve.com/?w=200&h=200&bg=white&trim=5&t=letterbox&url=ssl%3Acdn.shopify.com%2Fs%2Ffiles%2F1%2F0540%2F8145%2F4255%2Ffiles%2F8208C.png%3Fv%3D1724724279&feedId=105368&k=74fd1590461f27e32fa8b1477f6bd07dcf0edc58,https://images2.productserve.com/?w=70&h=70&bg=white&trim=5&t=letterbox&url=ssl%3Acdn.shopify.com%2Fs%2Ffiles%2F1%2F0540%2F8145%2F4255%2Ffiles%2FTB8208C-1.jpg%3Fv%3D1720778824%2Chttps%3A%2F%2Fcdn.shopify.com%2Fs%2Ffiles%2F1%2F0540%2F8145%2F4255%2Ffiles%2F3_23e0e3c6-f728-40e3-8fc7-e6c24f5514c0.jpg%3Fv%3D1724724978&feedId=105368&k=b034c5ced412fb270711f953250921a54085528c,544,"Men's Watches",,43mm*50.5mm*15.5mm,TB8208C-06,TB8208C-06,,,7.62704E+11,"Elemental Series-Ceramic Automatic Watch TB8208C Blue","Stylish barrel-shaped automatic watch with Japanese 82S0 movement, ceramic bezel, double bridge design hollow dial, ceramic case, sapphire crystal, 50m water resistance, A-grade lume, and fluoro rubber strap.",https://tsarbomba.com/products/tb8208c?variant=43064110776576,"https://cdn.shopify.com/s/files/1/0540/8145/4255/files/TB8208C-1.jpg?v=1720778824,https://cdn.shopify.com/s/files/1/0540/8145/4255/files/3_23e0e3c6-f728-40e3-8fc7-e6c24f5514c0.jpg?v=1724724978",https://cdn.shopify.com/s/files/1/0540/8145/4255/files/8208C.png?v=1724724279,549.99,549.99,54.999,,USD,"TSAR BOMBA WATCH",new,male,Blue,,,,"Stylish barrel-shaped automatic watch with Japanese 82S0 movement, ceramic bezel, double bridge design hollow dial, ceramic case, sapphire crystal, 50m water resistance, A-grade lume, and fluoro rubber strap.",,instock
105368,109230,Tsarbomba,41882883996,https://www.awin1.com/pclick.php?p=41882883996&a=3002879&m=109230,https://images2.productserve.com/?w=200&h=200&bg=white&trim=5&t=letterbox&url=ssl%3Acdn.shopify.com%2Fs%2Ffiles%2F1%2F0540%2F8145%2F4255%2Ffiles%2F8208C_8664ecaa-7f21-4493-8e1a-f64db603e6e9.png%3Fv%3D1727248061&feedId=105368&k=013bb6cc0f33ab8f11d945ed1767e2648a74f44c,https://images2.productserve.com/?w=70&h=70&bg=white&trim=5&t=letterbox&url=ssl%3Acdn.shopify.com%2Fs%2Ffiles%2F1%2F0540%2F8145%2F4255%2Ffiles%2F4_dc9dca24-c80b-4a03-8d5f-7504d5c55268.jpg%3Fv%3D1724724978%2Chttps%3A%2F%2Fcdn.shopify.com%2Fs%2Ffiles%2F1%2F0540%2F8145%2F4255%2Ffiles%2F1_ec4111cd-fc29-44c9-a3a2-0ed959015c97.jpg%3Fv%3D1724724978&feedId=105368&k=66941f5a992345e8903413c4cecd2246c73133f6,544,"Men's Watches",,43mm*50.5mm*15.5mm,TB8208C-07,TB8208C-07,,,7.62704E+11,"Elemental Series-Ceramic Automatic Watch TB8208C White Black","Stylish barrel-shaped automatic watch with Japanese 82S0 movement, ceramic bezel, double bridge design hollow dial, ceramic case, sapphire crystal, 50m water resistance, A-grade lume, and fluoro rubber strap.",https://tsarbomba.com/products/tb8208c?variant=43064110809344,"https://cdn.shopify.com/s/files/1/0540/8145/4255/files/4_dc9dca24-c80b-4a03-8d5f-7504d5c55268.jpg?v=1724724978,https://cdn.shopify.com/s/files/1/0540/8145/4255/files/1_ec4111cd-fc29-44c9-a3a2-0ed959015c97.jpg?v=1724724978",https://cdn.shopify.com/s/files/1/0540/8145/4255/files/8208C_8664ecaa-7f21-4493-8e1a-f64db603e6e9.png?v=1727248061,549.99,549.99,54.999,,USD,"TSAR BOMBA WATCH",new,male,"White Black",,,,"Stylish barrel-shaped automatic watch with Japanese 82S0 movement, ceramic bezel, double bridge design hollow dial, ceramic case, sapphire crystal, 50m water resistance, A-grade lume, and fluoro rubber strap.",,instock
105368,109230,Tsarbomba,41882883997,https://www.awin1.com/pclick.php?p=41882883997&a=3002879&m=109230,https://images2.productserve.com/?w=200&h=200&bg=white&trim=5&t=letterbox&url=ssl%3Acdn.shopify.com%2Fs%2Ffiles%2F1%2F0540%2F8145%2F4255%2Ffiles%2F8208C_53fe290c-0867-407a-9828-4c830bf08c24.png%3Fv%3D1727248063&feedId=105368&k=d2389d0b9ef9f1491cafc39d8c3338386c01f877,https://images2.productserve.com/?w=70&h=70&bg=white&trim=5&t=letterbox&url=ssl%3Acdn.shopify.com%2Fs%2Ffiles%2F1%2F0540%2F8145%2F4255%2Ffiles%2F9_5591e721-ebea-403f-be4f-4ed7e4d42ef0.png%3Fv%3D1728960235%2Chttps%3A%2F%2Fcdn.shopify.com%2Fs%2Ffiles%2F1%2F0540%2F8145%2F4255%2Ffiles%2F2_e87bbf01-9dfd-407d-83cd-35753b91d95f.jpg%3Fv%3D1724724978&feedId=105368&k=b3d09bf0835849739cb389b43d5d3bbe030c1363,544,"Men's Watches",,43mm*50.5mm*15.5mm,TB8208C-08,TB8208C-08,,,7.62704E+11,"Elemental Series-Ceramic Automatic Watch TB8208C White Red","Stylish barrel-shaped automatic watch with Japanese 82S0 movement, ceramic bezel, double bridge design hollow dial, ceramic case, sapphire crystal, 50m water resistance, A-grade lume, and fluoro rubber strap.",https://tsarbomba.com/products/tb8208c?variant=43064110842112,"https://cdn.shopify.com/s/files/1/0540/8145/4255/files/9_5591e721-ebea-403f-be4f-4ed7e4d42ef0.png?v=1728960235,https://cdn.shopify.com/s/files/1/0540/8145/4255/files/2_e87bbf01-9dfd-407d-83cd-35753b91d95f.jpg?v=1724724978",https://cdn.shopify.com/s/files/1/0540/8145/4255/files/8208C_53fe290c-0867-407a-9828-4c830bf08c24.png?v=1727248063,549.99,549.99,54.999,,USD,"TSAR BOMBA WATCH",new,male,"White Red",,,,"Stylish barrel-shaped automatic watch with Japanese 82S0 movement, ceramic bezel, double bridge design hollow dial, ceramic case, sapphire crystal, 50m water resistance, A-grade lume, and fluoro rubber strap.",,instock
105368,109230,Tsarbomba,41882883998,https://www.awin1.com/pclick.php?p=41882883998&a=3002879&m=109230,https://images2.productserve.com/?w=200&h=200&bg=white&trim=5&t=letterbox&url=ssl%3Acdn.shopify.com%2Fs%2Ffiles%2F1%2F0540%2F8145%2F4255%2Ffiles%2F8209C.png%3Fv%3D1724724278&feedId=105368&k=cb74454bac693cba27ef12f7e02a83e31101091f,https://images2.productserve.com/?w=70&h=70&bg=white&trim=5&t=letterbox&url=ssl%3Acdn.shopify.com%2Fs%2Ffiles%2F1%2F0540%2F8145%2F4255%2Ffiles%2F8_bc12de8d-050f-4aec-880e-65d47e8e8473.jpg%3Fv%3D1724725275%2Chttps%3A%2F%2Fcdn.shopify.com%2Fs%2Ffiles%2F1%2F0540%2F8145%2F4255%2Ffiles%2F7_a45699fc-2922-4899-9570-223be345dd4b.jpg%3Fv%3D1724725275&feedId=105368&k=2ecab747366f1a8631dab069f8ede437363db59a,544,"Men's Watches",,43mm*50.5mm*15.5mm,TB8209C-02,TB8209C-02,,,7.62704E+11,"Elemental Series-Ceramic Automatic Watch TB8209C White","Stylish barrel-shaped automatic watch with Japanese 82S0 movement, ceramic bezel, hollow dial, ceramic case, sapphire crystal, 50m water resistance, A-grade lume, and fluoro rubber strap.",https://tsarbomba.com/products/tb8209c?variant=43064114118912,"https://cdn.shopify.com/s/files/1/0540/8145/4255/files/8_bc12de8d-050f-4aec-880e-65d47e8e8473.jpg?v=1724725275,https://cdn.shopify.com/s/files/1/0540/8145/4255/files/7_a45699fc-2922-4899-9570-223be345dd4b.jpg?v=1724725275",https://cdn.shopify.com/s/files/1/0540/8145/4255/files/8209C.png?v=1724724278,649.99,649.99,64.999,,USD,"TSAR BOMBA WATCH",new,male,White,,,,"Stylish barrel-shaped automatic watch with Japanese 82S0 movement, ceramic bezel, hollow dial, ceramic case, sapphire crystal, 50m water resistance, A-grade lume, and fluoro rubber strap.",,instock
105368,109230,Tsarbomba,41882883999,https://www.awin1.com/pclick.php?p=41882883999&a=3002879&m=109230,https://images2.productserve.com/?w=200&h=200&bg=white&trim=5&t=letterbox&url=ssl%3Acdn.shopify.com%2Fs%2Ffiles%2F1%2F0540%2F8145%2F4255%2Ffiles%2F8209C_e9cbbd2a-6dc8-4a9e-9a6c-f49febe3aa70.png%3Fv%3D1727249064&feedId=105368&k=de29d7d62a2ba3887fa3ce59cc6fe2184fd0cd15,https://images2.productserve.com/?w=70&h=70&bg=white&trim=5&t=letterbox&url=ssl%3Acdn.shopify.com%2Fs%2Ffiles%2F1%2F0540%2F8145%2F4255%2Ffiles%2F4_b19c4c6e-5602-42df-a964-e0227a594c0e.jpg%3Fv%3D1724725275%2Chttps%3A%2F%2Fcdn.shopify.com%2Fs%2Ffiles%2F1%2F0540%2F8145%2F4255%2Ffiles%2F3_552d22c4-2265-42f6-82e2-5ac499488b71.jpg%3Fv%3D1724725275&feedId=105368&k=7478aef0dbaf9316db873f88d4a7e7c1c4fc0abe,544,"Men's Watches",,43mm*50.5mm*15.5mm,TB8209C-04,TB8209C-04,,,7.62704E+11,"Elemental Series-Ceramic Automatic Watch TB8209C Blue","Stylish barrel-shaped automatic watch with Japanese 82S0 movement, ceramic bezel, hollow dial, ceramic case, sapphire crystal, 50m water resistance, A-grade lume, and fluoro rubber strap.",https://tsarbomba.com/products/tb8209c?variant=43064114020608,"https://cdn.shopify.com/s/files/1/0540/8145/4255/files/4_b19c4c6e-5602-42df-a964-e0227a594c0e.jpg?v=1724725275,https://cdn.shopify.com/s/files/1/0540/8145/4255/files/3_552d22c4-2265-42f6-82e2-5ac499488b71.jpg?v=1724725275",https://cdn.shopify.com/s/files/1/0540/8145/4255/files/8209C_e9cbbd2a-6dc8-4a9e-9a6c-f49febe3aa70.png?v=1727249064,649.99,649.99,64.999,,USD,"TSAR BOMBA WATCH",new,male,Blue,,,,"Stylish barrel-shaped automatic watch with Japanese 82S0 movement, ceramic bezel, hollow dial, ceramic case, sapphire crystal, 50m water resistance, A-grade lume, and fluoro rubber strap.",,instock
105368,109230,Tsarbomba,41882884000,https://www.awin1.com/pclick.php?p=41882884000&a=3002879&m=109230,https://images2.productserve.com/?w=200&h=200&bg=white&trim=5&t=letterbox&url=ssl%3Acdn.shopify.com%2Fs%2Ffiles%2F1%2F0540%2F8145%2F4255%2Ffiles%2F8209C_94809bec-e7c5-4219-955f-94614bd00aaf.png%3Fv%3D1727249064&feedId=105368&k=a7f0d24a063da02a90a27b91c9c891b1d5f8513b,https://images2.productserve.com/?w=70&h=70&bg=white&trim=5&t=letterbox&url=ssl%3Acdn.shopify.com%2Fs%2Ffiles%2F1%2F0540%2F8145%2F4255%2Ffiles%2F2_f77c0702-8f7c-4ac3-a798-ac7488d90e1a.jpg%3Fv%3D1724725275%2Chttps%3A%2F%2Fcdn.shopify.com%2Fs%2Ffiles%2F1%2F0540%2F8145%2F4255%2Ffiles%2F6_0c328a68-ca6b-4c73-939b-019edd1ea90a.jpg%3Fv%3D1724725275&feedId=105368&k=48024e518b6ab5e6274af1a80e66382c3af74722,544,"Men's Watches",,43mm*50.5mm*15.5mm,TB8209C-03,TB8209C-03,,,7.62704E+11,"Elemental Series-Ceramic Automatic Watch TB8209C Black","Stylish barrel-shaped automatic watch with Japanese 82S0 movement, ceramic bezel, hollow dial, ceramic case, sapphire crystal, 50m water resistance, A-grade lume, and fluoro rubber strap.",https://tsarbomba.com/products/tb8209c?variant=43064114053376,"https://cdn.shopify.com/s/files/1/0540/8145/4255/files/2_f77c0702-8f7c-4ac3-a798-ac7488d90e1a.jpg?v=1724725275,https://cdn.shopify.com/s/files/1/0540/8145/4255/files/6_0c328a68-ca6b-4c73-939b-019edd1ea90a.jpg?v=1724725275",https://cdn.shopify.com/s/files/1/0540/8145/4255/files/8209C_94809bec-e7c5-4219-955f-94614bd00aaf.png?v=1727249064,649.99,649.99,64.999,,USD,"TSAR BOMBA WATCH",new,male,Black,,,,"Stylish barrel-shaped automatic watch with Japanese 82S0 movement, ceramic bezel, hollow dial, ceramic case, sapphire crystal, 50m water resistance, A-grade lume, and fluoro rubber strap.",,instock
105368,109230,Tsarbomba,41882884001,https://www.awin1.com/pclick.php?p=41882884001&a=3002879&m=109230,https://images2.productserve.com/?w=200&h=200&bg=white&trim=5&t=letterbox&url=ssl%3Acdn.shopify.com%2Fs%2Ffiles%2F1%2F0540%2F8145%2F4255%2Ffiles%2F8209C_97f25825-8bdb-4743-8ce7-820649f0b833.png%3Fv%3D1727249064&feedId=105368&k=332ce809e79d13ac85aa3d0238df11c61ff4c632,https://images2.productserve.com/?w=70&h=70&bg=white&trim=5&t=letterbox&url=ssl%3Acdn.shopify.com%2Fs%2Ffiles%2F1%2F0540%2F8145%2F4255%2Ffiles%2F3_4100eb8d-47b0-43f1-9e39-cc0ca8f8d2f2.jpg%3Fv%3D1724725275%2Chttps%3A%2F%2Fcdn.shopify.com%2Fs%2Ffiles%2F1%2F0540%2F8145%2F4255%2Ffiles%2F10_03189c7b-7317-449b-8129-53568099a6f9.jpg%3Fv%3D1724725275&feedId=105368&k=ab29b77f9285558ba1e8bffb7115a0b1ce4f8147,544,"Men's Watches",,43mm*50.5mm*15.5mm,TB8209C-01,TB8209C-01,,,7.62704E+11,"Elemental Series-Ceramic Automatic Watch TB8209C Red","Stylish barrel-shaped automatic watch with Japanese 82S0 movement, ceramic bezel, hollow dial, ceramic case, sapphire crystal, 50m water resistance, A-grade lume, and fluoro rubber strap.",https://tsarbomba.com/products/tb8209c?variant=43064114086144,"https://cdn.shopify.com/s/files/1/0540/8145/4255/files/3_4100eb8d-47b0-43f1-9e39-cc0ca8f8d2f2.jpg?v=1724725275,https://cdn.shopify.com/s/files/1/0540/8145/4255/files/10_03189c7b-7317-449b-8129-53568099a6f9.jpg?v=1724725275",https://cdn.shopify.com/s/files/1/0540/8145/4255/files/8209C_97f25825-8bdb-4743-8ce7-820649f0b833.png?v=1727249064,649.99,649.99,64.999,,USD,"TSAR BOMBA WATCH",new,male,Red,,,,"Stylish barrel-shaped automatic watch with Japanese 82S0 movement, ceramic bezel, hollow dial, ceramic case, sapphire crystal, 50m water resistance, A-grade lume, and fluoro rubber strap.",,instock
105368,109230,Tsarbomba,41882884002,https://www.awin1.com/pclick.php?p=41882884002&a=3002879&m=109230,https://images2.productserve.com/?w=200&h=200&bg=white&trim=5&t=letterbox&url=ssl%3Acdn.shopify.com%2Fs%2Ffiles%2F1%2F0540%2F8145%2F4255%2Ffiles%2F8208D.png%3Fv%3D1724724279&feedId=105368&k=ec62d927051e65d10d2b94545b23b96e433c8c07,https://images2.productserve.com/?w=70&h=70&bg=white&trim=5&t=letterbox&url=ssl%3Acdn.shopify.com%2Fs%2Ffiles%2F1%2F0540%2F8145%2F4255%2Ffiles%2F4_f3147c72-cc6d-4ca1-b722-2816af9a76a5.jpg%3Fv%3D1719474749%2Chttps%3A%2F%2Fcdn.shopify.com%2Fs%2Ffiles%2F1%2F0540%2F8145%2F4255%2Ffiles%2F2_8f004d1e-a33d-45f2-baa1-d46ad27c0d8f.jpg%3Fv%3D1719474749&feedId=105368&k=d597243d0b31636e27efc4070979fe420984d45b,544,"Men's Watches",,43mm*50.5mm*15.5mm,TB8208D-07,TB8208D-07,,,7.62704E+11,"Elemental Series-Cubic Zirconia Automatic Watch TB8208D Red","Stylish barrel-shaped automatic watch with Japanese 82S0 movement, cubic zirconium bezel, double bridge design hollow dial, 316L stainless steel case, sapphire crystal, 50m water resistance, A-grade lume, and fluoro rubber strap.",https://tsarbomba.com/products/tb8208dr?variant=42803512410368,"https://cdn.shopify.com/s/files/1/0540/8145/4255/files/4_f3147c72-cc6d-4ca1-b722-2816af9a76a5.jpg?v=1719474749,https://cdn.shopify.com/s/files/1/0540/8145/4255/files/2_8f004d1e-a33d-45f2-baa1-d46ad27c0d8f.jpg?v=1719474749",https://cdn.shopify.com/s/files/1/0540/8145/4255/files/8208D.png?v=1724724279,449.99,449.99,44.999,,USD,"TSAR BOMBA WATCH",new,male,Red,,,,"Stylish barrel-shaped automatic watch with Japanese 82S0 movement, cubic zirconium bezel, double bridge design hollow dial, 316L stainless steel case, sapphire crystal, 50m water resistance, A-grade lume, and fluoro rubber strap.",,instock
105368,109230,Tsarbomba,41882884003,https://www.awin1.com/pclick.php?p=41882884003&a=3002879&m=109230,https://images2.productserve.com/?w=200&h=200&bg=white&trim=5&t=letterbox&url=ssl%3Acdn.shopify.com%2Fs%2Ffiles%2F1%2F0540%2F8145%2F4255%2Ffiles%2F8208D_6a750632-904d-4be6-bb7c-70b9c0bc6e2a.png%3Fv%3D1727248206&feedId=105368&k=41bd0422daaf349edeb015e8c9f7721d1fad06d5,https://images2.productserve.com/?w=70&h=70&bg=white&trim=5&t=letterbox&url=ssl%3Acdn.shopify.com%2Fs%2Ffiles%2F1%2F0540%2F8145%2F4255%2Ffiles%2F19_bfe4a5e1-0b2d-4ea6-8c1d-82dae5f7914a.jpg%3Fv%3D1724725871%2Chttps%3A%2F%2Fcdn.shopify.com%2Fs%2Ffiles%2F1%2F0540%2F8145%2F4255%2Ffiles%2F18_3589e653-9b8b-49d6-ad7a-b4eaf9269ab2.jpg%3Fv%3D1724725871&feedId=105368&k=a28dd2dbe65a0e77af2a9aeb0e054d2808ec9b1c,544,"Men's Watches",,43mm*50.5mm*15.5mm,TB8208D-05,TB8208D-05,,,7.74197E+11,"Elemental Series-Cubic Zirconia Automatic Watch TB8208D White","Stylish barrel-shaped automatic watch with Japanese 82S0 movement, cubic zirconium bezel, double bridge design hollow dial, 316L stainless steel case, sapphire crystal, 50m water resistance, A-grade lume, and fluoro rubber strap.",https://tsarbomba.com/products/tb8208dr?variant=42803512279296,"https://cdn.shopify.com/s/files/1/0540/8145/4255/files/19_bfe4a5e1-0b2d-4ea6-8c1d-82dae5f7914a.jpg?v=1724725871,https://cdn.shopify.com/s/files/1/0540/8145/4255/files/18_3589e653-9b8b-49d6-ad7a-b4eaf9269ab2.jpg?v=1724725871",https://cdn.shopify.com/s/files/1/0540/8145/4255/files/8208D_6a750632-904d-4be6-bb7c-70b9c0bc6e2a.png?v=1727248206,449.99,449.99,44.999,,USD,"TSAR BOMBA WATCH",new,male,White,,,,"Stylish barrel-shaped automatic watch with Japanese 82S0 movement, cubic zirconium bezel, double bridge design hollow dial, 316L stainless steel case, sapphire crystal, 50m water resistance, A-grade lume, and fluoro rubber strap.",,instock
105368,109230,Tsarbomba,41882884004,https://www.awin1.com/pclick.php?p=41882884004&a=3002879&m=109230,https://images2.productserve.com/?w=200&h=200&bg=white&trim=5&t=letterbox&url=ssl%3Acdn.shopify.com%2Fs%2Ffiles%2F1%2F0540%2F8145%2F4255%2Ffiles%2F8208D_487391b5-0e1e-4131-8f2e-5909bd7edc93.png%3Fv%3D1727248206&feedId=105368&k=86e4a3c2504e18c54ffa3dad76158ab8d8019ecd,https://images2.productserve.com/?w=70&h=70&bg=white&trim=5&t=letterbox&url=ssl%3Acdn.shopify.com%2Fs%2Ffiles%2F1%2F0540%2F8145%2F4255%2Ffiles%2F3_bff066af-6363-43da-ae26-cadc40fe1542.jpg%3Fv%3D1724725871%2Chttps%3A%2F%2Fcdn.shopify.com%2Fs%2Ffiles%2F1%2F0540%2F8145%2F4255%2Ffiles%2F10_f7459c26-8f42-4142-a0c3-f806cd83e508.jpg%3Fv%3D1724725871&feedId=105368&k=c22107be805d4eca5a8e7d551e0fae41c11a6286,544,"Men's Watches",,43mm*50.5mm*15.5mm,TB8208D-06,TB8208D-06,,,7.74197E+11,"Elemental Series-Cubic Zirconia Automatic Watch TB8208D Black","Stylish barrel-shaped automatic watch with Japanese 82S0 movement, cubic zirconium bezel, double bridge design hollow dial, 316L stainless steel case, sapphire crystal, 50m water resistance, A-grade lume, and fluoro rubber strap.",https://tsarbomba.com/products/tb8208dr?variant=42803512246528,"https://cdn.shopify.com/s/files/1/0540/8145/4255/files/3_bff066af-6363-43da-ae26-cadc40fe1542.jpg?v=1724725871,https://cdn.shopify.com/s/files/1/0540/8145/4255/files/10_f7459c26-8f42-4142-a0c3-f806cd83e508.jpg?v=1724725871",https://cdn.shopify.com/s/files/1/0540/8145/4255/files/8208D_487391b5-0e1e-4131-8f2e-5909bd7edc93.png?v=1727248206,449.99,449.99,44.999,,USD,"TSAR BOMBA WATCH",new,male,Black,,,,"Stylish barrel-shaped automatic watch with Japanese 82S0 movement, cubic zirconium bezel, double bridge design hollow dial, 316L stainless steel case, sapphire crystal, 50m water resistance, A-grade lume, and fluoro rubber strap.",,instock
105368,109230,Tsarbomba,41882884005,https://www.awin1.com/pclick.php?p=41882884005&a=3002879&m=109230,https://images2.productserve.com/?w=200&h=200&bg=white&trim=5&t=letterbox&url=ssl%3Acdn.shopify.com%2Fs%2Ffiles%2F1%2F0540%2F8145%2F4255%2Ffiles%2F8209D.png%3Fv%3D1724724279&feedId=105368&k=525f282a4bf307ce5133658628e2ef4ba9472667,https://images2.productserve.com/?w=70&h=70&bg=white&trim=5&t=letterbox&url=ssl%3Acdn.shopify.com%2Fs%2Ffiles%2F1%2F0540%2F8145%2F4255%2Ffiles%2F2_d4a0d880-336f-46a4-b673-2136ae84589d.jpg%3Fv%3D1724725916%2Chttps%3A%2F%2Fcdn.shopify.com%2Fs%2Ffiles%2F1%2F0540%2F8145%2F4255%2Ffiles%2F2_f946394f-fadd-4a7d-b074-7daf008019b3.jpg%3Fv%3D1724725916&feedId=105368&k=8844368d8240cb155c4d1a764d84fe6a859f7b3c,544,"Men's Watches",,43mm*50.5mm*15.5mm,TB8209D-01,TB8209D-01,,,7.62704E+11,"Elemental Series-Cubic Zirconia Automatic Watch TB8209D White","Stylish barrel-shaped automatic watch with Japanese 82S0 movement, cubic zirconium bezel, hollow dial, 316L stainless steel case, sapphire crystal, 50m water resistance, A-grade lume, and fluoro rubber strap.",https://tsarbomba.com/products/tb8209d?variant=43323266105600,"https://cdn.shopify.com/s/files/1/0540/8145/4255/files/2_d4a0d880-336f-46a4-b673-2136ae84589d.jpg?v=1724725916,https://cdn.shopify.com/s/files/1/0540/8145/4255/files/2_f946394f-fadd-4a7d-b074-7daf008019b3.jpg?v=1724725916",https://cdn.shopify.com/s/files/1/0540/8145/4255/files/8209D.png?v=1724724279,549.99,549.99,54.999,,USD,"TSAR BOMBA WATCH",new,male,White,,,,"Stylish barrel-shaped automatic watch with Japanese 82S0 movement, cubic zirconium bezel, hollow dial, 316L stainless steel case, sapphire crystal, 50m water resistance, A-grade lume, and fluoro rubber strap.",,instock
105368,109230,Tsarbomba,41882884006,https://www.awin1.com/pclick.php?p=41882884006&a=3002879&m=109230,https://images2.productserve.com/?w=200&h=200&bg=white&trim=5&t=letterbox&url=ssl%3Acdn.shopify.com%2Fs%2Ffiles%2F1%2F0540%2F8145%2F4255%2Ffiles%2F8209D_45fec6a2-ab45-4d8c-b29c-3819f930d3cb.png%3Fv%3D1727249345&feedId=105368&k=1736b9c0f53bcb8eb44f17839718b74a90d63db0,https://images2.productserve.com/?w=70&h=70&bg=white&trim=5&t=letterbox&url=ssl%3Acdn.shopify.com%2Fs%2Ffiles%2F1%2F0540%2F8145%2F4255%2Ffiles%2F8209D.jpg%3Fv%3D1724725916%2Chttps%3A%2F%2Fcdn.shopify.com%2Fs%2Ffiles%2F1%2F0540%2F8145%2F4255%2Ffiles%2F1_705ce2a2-59f3-49b3-8ac2-969acd1db218.jpg%3Fv%3D1724725916&feedId=105368&k=66221c62fdee28b8845fc0e3b77a5f17cfe2492d,544,"Men's Watches",,43mm*50.5mm*15.5mm,TB8209D-04,TB8209D-04,,,7.62704E+11,"Elemental Series-Cubic Zirconia Automatic Watch TB8209D Golden Black","Stylish barrel-shaped automatic watch with Japanese 82S0 movement, cubic zirconium bezel, hollow dial, 316L stainless steel case, sapphire crystal, 50m water resistance, A-grade lume, and fluoro rubber strap.",https://tsarbomba.com/products/tb8209d?variant=43323266171136,"https://cdn.shopify.com/s/files/1/0540/8145/4255/files/8209D.jpg?v=1724725916,https://cdn.shopify.com/s/files/1/0540/8145/4255/files/1_705ce2a2-59f3-49b3-8ac2-969acd1db218.jpg?v=1724725916",https://cdn.shopify.com/s/files/1/0540/8145/4255/files/8209D_45fec6a2-ab45-4d8c-b29c-3819f930d3cb.png?v=1727249345,549.99,549.99,54.999,,USD,"TSAR BOMBA WATCH",new,male,"Golden Black",,,,"Stylish barrel-shaped automatic watch with Japanese 82S0 movement, cubic zirconium bezel, hollow dial, 316L stainless steel case, sapphire crystal, 50m water resistance, A-grade lume, and fluoro rubber strap.",,instock
105368,109230,Tsarbomba,41882884007,https://www.awin1.com/pclick.php?p=41882884007&a=3002879&m=109230,https://images2.productserve.com/?w=200&h=200&bg=white&trim=5&t=letterbox&url=ssl%3Acdn.shopify.com%2Fs%2Ffiles%2F1%2F0540%2F8145%2F4255%2Ffiles%2F8209D_b4529f5e-1fce-4395-b683-b554ce06d0ed.png%3Fv%3D1727249345&feedId=105368&k=94b59b67d9b42be3c58b7b0ddb4e648b4dff35b2,https://images2.productserve.com/?w=70&h=70&bg=white&trim=5&t=letterbox&url=ssl%3Acdn.shopify.com%2Fs%2Ffiles%2F1%2F0540%2F8145%2F4255%2Ffiles%2F11_dc7e43b8-1af6-44a9-8bf3-bcd972f3d479.jpg%3Fv%3D1724725916%2Chttps%3A%2F%2Fcdn.shopify.com%2Fs%2Ffiles%2F1%2F0540%2F8145%2F4255%2Ffiles%2F13_11b41ca5-46e0-49ee-ae2b-fd13159af40e.jpg%3Fv%3D1724725916&feedId=105368&k=d757d2dac4721dbf1b5e8a0a1b792375f2cd5272,544,"Men's Watches",,43mm*50.5mm*15.5mm,TB8209D-02,TB8209D-02,,,7.62704E+11,"Elemental Series-Cubic Zirconia Automatic Watch TB8209D Black","Stylish barrel-shaped automatic watch with Japanese 82S0 movement, cubic zirconium bezel, hollow dial, 316L stainless steel case, sapphire crystal, 50m water resistance, A-grade lume, and fluoro rubber strap.",https://tsarbomba.com/products/tb8209d?variant=43323266072832,"https://cdn.shopify.com/s/files/1/0540/8145/4255/files/11_dc7e43b8-1af6-44a9-8bf3-bcd972f3d479.jpg?v=1724725916,https://cdn.shopify.com/s/files/1/0540/8145/4255/files/13_11b41ca5-46e0-49ee-ae2b-fd13159af40e.jpg?v=1724725916",https://cdn.shopify.com/s/files/1/0540/8145/4255/files/8209D_b4529f5e-1fce-4395-b683-b554ce06d0ed.png?v=1727249345,549.99,549.99,54.999,,USD,"TSAR BOMBA WATCH",new,male,Black,,,,"Stylish barrel-shaped automatic watch with Japanese 82S0 movement, cubic zirconium bezel, hollow dial, 316L stainless steel case, sapphire crystal, 50m water resistance, A-grade lume, and fluoro rubber strap.",,instock
105368,109230,Tsarbomba,41882884008,https://www.awin1.com/pclick.php?p=41882884008&a=3002879&m=109230,https://images2.productserve.com/?w=200&h=200&bg=white&trim=5&t=letterbox&url=ssl%3Acdn.shopify.com%2Fs%2Ffiles%2F1%2F0540%2F8145%2F4255%2Ffiles%2F8209D_3db4121b-c090-4738-a912-3dcdfecc45d8.png%3Fv%3D1727249345&feedId=105368&k=8da4a1ca89eb733aea8895ddc33420d5051655a5,https://images2.productserve.com/?w=70&h=70&bg=white&trim=5&t=letterbox&url=ssl%3Acdn.shopify.com%2Fs%2Ffiles%2F1%2F0540%2F8145%2F4255%2Ffiles%2F8_27538d0b-ff33-414b-97a3-80a3bcd3e236.jpg%3Fv%3D1724725916%2Chttps%3A%2F%2Fcdn.shopify.com%2Fs%2Ffiles%2F1%2F0540%2F8145%2F4255%2Ffiles%2F9_e6d0654c-f822-4492-97d9-692ffb2cfb4e.jpg%3Fv%3D1724725916&feedId=105368&k=2f6b4b2d311c219496785e4a1dbe97f09ef27bd5,544,"Men's Watches",,43mm*50.5mm*15.5mm,TB8209D-03,TB8209D-03,,,7.62704E+11,"Elemental Series-Cubic Zirconia Automatic Watch TB8209D Red","Stylish barrel-shaped automatic watch with Japanese 82S0 movement, cubic zirconium bezel, hollow dial, 316L stainless steel case, sapphire crystal, 50m water resistance, A-grade lume, and fluoro rubber strap.",https://tsarbomba.com/products/tb8209d?variant=43323266138368,"https://cdn.shopify.com/s/files/1/0540/8145/4255/files/8_27538d0b-ff33-414b-97a3-80a3bcd3e236.jpg?v=1724725916,https://cdn.shopify.com/s/files/1/0540/8145/4255/files/9_e6d0654c-f822-4492-97d9-692ffb2cfb4e.jpg?v=1724725916",https://cdn.shopify.com/s/files/1/0540/8145/4255/files/8209D_3db4121b-c090-4738-a912-3dcdfecc45d8.png?v=1727249345,549.99,549.99,54.999,,USD,"TSAR BOMBA WATCH",new,male,Red,,,,"Stylish barrel-shaped automatic watch with Japanese 82S0 movement, cubic zirconium bezel, hollow dial, 316L stainless steel case, sapphire crystal, 50m water resistance, A-grade lume, and fluoro rubber strap.",,instock
105368,109230,Tsarbomba,41882884009,https://www.awin1.com/pclick.php?p=41882884009&a=3002879&m=109230,https://images2.productserve.com/?w=200&h=200&bg=white&trim=5&t=letterbox&url=ssl%3Acdn.shopify.com%2Fs%2Ffiles%2F1%2F0540%2F8145%2F4255%2Ffiles%2F8208T.png%3Fv%3D1724724278&feedId=105368&k=c14c787f052bca01d5328e22a8b6d2782d248e89,https://images2.productserve.com/?w=70&h=70&bg=white&trim=5&t=letterbox&url=ssl%3Acdn.shopify.com%2Fs%2Ffiles%2F1%2F0540%2F8145%2F4255%2Ffiles%2F8208T_196d0d9c-2bcf-4a9d-85ca-42bb8af66499.jpg%3Fv%3D1724726425%2Chttps%3A%2F%2Fcdn.shopify.com%2Fs%2Ffiles%2F1%2F0540%2F8145%2F4255%2Ffiles%2F8208T-2.jpg%3Fv%3D1724726425&feedId=105368&k=1edcfdd39b8e7e13a32c2848733ceda157602124,544,"Men's Watches",,43mm*50.5mm*15.5mm,TB8208T-01,TB8208T-01,,,7.17021E+11,"Elemental Series-Titanium Edition TB8208T Black","Stylish barrel-shaped automatic watch with Japanese 82S0 movement, titanium alloy bezel, double bridge design hollow dial, titanium alloy case, sapphire crystal, 50m water resistance, A-grade lume, and fluoro rubber strap.",https://tsarbomba.com/products/tb8208t?variant=44042560274688,"https://cdn.shopify.com/s/files/1/0540/8145/4255/files/8208T_196d0d9c-2bcf-4a9d-85ca-42bb8af66499.jpg?v=1724726425,https://cdn.shopify.com/s/files/1/0540/8145/4255/files/8208T-2.jpg?v=1724726425",https://cdn.shopify.com/s/files/1/0540/8145/4255/files/8208T.png?v=1724724278,399.99,399.99,39.999,,USD,"TSAR BOMBA WATCH",new,male,Black,,,,"Stylish barrel-shaped automatic watch with Japanese 82S0 movement, titanium alloy bezel, double bridge design hollow dial, titanium alloy case, sapphire crystal, 50m water resistance, A-grade lume, and fluoro rubber strap.",,instock
105368,109230,Tsarbomba,41882884010,https://www.awin1.com/pclick.php?p=41882884010&a=3002879&m=109230,https://images2.productserve.com/?w=200&h=200&bg=white&trim=5&t=letterbox&url=ssl%3Acdn.shopify.com%2Fs%2Ffiles%2F1%2F0540%2F8145%2F4255%2Ffiles%2F4_daa3d7ab-000d-4236-88b7-e73dc9234687.png%3Fv%3D1729648866&feedId=105368&k=35ddc5e52765b2b1e928ddd683467524d6ec53dd,https://images2.productserve.com/?w=70&h=70&bg=white&trim=5&t=letterbox&url=ssl%3Acdn.shopify.com%2Fs%2Ffiles%2F1%2F0540%2F8145%2F4255%2Ffiles%2F8_50b55b0e-1051-45c0-b135-bc60eab56f29.png%3Fv%3D1728965051%2Chttps%3A%2F%2Fcdn.shopify.com%2Fs%2Ffiles%2F1%2F0540%2F8145%2F4255%2Ffiles%2F7_f8ed4c56-963a-456f-8e2b-f6c17f66f593.png%3Fv%3D1728965051&feedId=105368&k=6221e5c2458b46307fd413c2f6f86e2215f0d2f1,544,"Men's Watches",,43mm*50.5mm*15.5mm,TB8208T-02,TB8208T-02,,,7.17021E+11,"Elemental Series-Titanium Edition TB8208T White","Stylish barrel-shaped automatic watch with Japanese 82S0 movement, titanium alloy bezel, double bridge design hollow dial, titanium alloy case, sapphire crystal, 50m water resistance, A-grade lume, and fluoro rubber strap.",https://tsarbomba.com/products/tb8208t?variant=44042560307456,"https://cdn.shopify.com/s/files/1/0540/8145/4255/files/8_50b55b0e-1051-45c0-b135-bc60eab56f29.png?v=1728965051,https://cdn.shopify.com/s/files/1/0540/8145/4255/files/7_f8ed4c56-963a-456f-8e2b-f6c17f66f593.png?v=1728965051",https://cdn.shopify.com/s/files/1/0540/8145/4255/files/4_daa3d7ab-000d-4236-88b7-e73dc9234687.png?v=1729648866,399.99,399.99,39.999,,USD,"TSAR BOMBA WATCH",new,male,White,,,,"Stylish barrel-shaped automatic watch with Japanese 82S0 movement, titanium alloy bezel, double bridge design hollow dial, titanium alloy case, sapphire crystal, 50m water resistance, A-grade lume, and fluoro rubber strap.",,instock
105368,109230,Tsarbomba,41882884011,https://www.awin1.com/pclick.php?p=41882884011&a=3002879&m=109230,https://images2.productserve.com/?w=200&h=200&bg=white&trim=5&t=letterbox&url=ssl%3Acdn.shopify.com%2Fs%2Ffiles%2F1%2F0540%2F8145%2F4255%2Ffiles%2F14_abe2bdef-3597-4f47-8234-beff686aee16.png%3Fv%3D1729648866&feedId=105368&k=f0e556dbb4e2dd1d14d5b6c58bbd39b70d91b2a5,https://images2.productserve.com/?w=70&h=70&bg=white&trim=5&t=letterbox&url=ssl%3Acdn.shopify.com%2Fs%2Ffiles%2F1%2F0540%2F8145%2F4255%2Ffiles%2F11_1f6dc9de-c43d-4e88-8cb0-d389ff9a92ad.png%3Fv%3D1728965051%2Chttps%3A%2F%2Fcdn.shopify.com%2Fs%2Ffiles%2F1%2F0540%2F8145%2F4255%2Ffiles%2F10_a9a23622-cfed-4cd6-9d96-7062c753dd63.png%3Fv%3D1728965051&feedId=105368&k=fc3c65f1b51222e651066ac6e8e68d5884446118,544,"Men's Watches",,43mm*50.5mm*15.5mm,TB8208T-03,TB8208T-03,,,7.17021E+11,"Elemental Series-Titanium Edition TB8208T Blue","Stylish barrel-shaped automatic watch with Japanese 82S0 movement, titanium alloy bezel, double bridge design hollow dial, titanium alloy case, sapphire crystal, 50m water resistance, A-grade lume, and fluoro rubber strap.",https://tsarbomba.com/products/tb8208t?variant=44042560340224,"https://cdn.shopify.com/s/files/1/0540/8145/4255/files/11_1f6dc9de-c43d-4e88-8cb0-d389ff9a92ad.png?v=1728965051,https://cdn.shopify.com/s/files/1/0540/8145/4255/files/10_a9a23622-cfed-4cd6-9d96-7062c753dd63.png?v=1728965051",https://cdn.shopify.com/s/files/1/0540/8145/4255/files/14_abe2bdef-3597-4f47-8234-beff686aee16.png?v=1729648866,399.99,399.99,39.999,,USD,"TSAR BOMBA WATCH",new,male,Blue,,,,"Stylish barrel-shaped automatic watch with Japanese 82S0 movement, titanium alloy bezel, double bridge design hollow dial, titanium alloy case, sapphire crystal, 50m water resistance, A-grade lume, and fluoro rubber strap.",,instock
105368,109230,Tsarbomba,41882884012,https://www.awin1.com/pclick.php?p=41882884012&a=3002879&m=109230,https://images2.productserve.com/?w=200&h=200&bg=white&trim=5&t=letterbox&url=ssl%3Acdn.shopify.com%2Fs%2Ffiles%2F1%2F0540%2F8145%2F4255%2Ffiles%2F11_4d4e997e-fa58-486d-8cf1-d118361c1ca0.png%3Fv%3D1727692582&feedId=105368&k=0418acd1aced78c1ec13e42c769d01b63f1d281d,https://images2.productserve.com/?w=70&h=70&bg=white&trim=5&t=letterbox&url=ssl%3Acdn.shopify.com%2Fs%2Ffiles%2F1%2F0540%2F8145%2F4255%2Ffiles%2FTB215-1.jpg%3Fv%3D1732001290%2Chttps%3A%2F%2Fcdn.shopify.com%2Fs%2Ffiles%2F1%2F0540%2F8145%2F4255%2Ffiles%2FTB215-2.jpg%3Fv%3D1732001290&feedId=105368&k=5a10c22cd8937c595f00798297b394e4a7750f23,547,"Women's Watches",,44mm*44mm*12mm,TB8215L-01,TB8215L-01,,,7.17299E+11,"Elemental Series-Women's Watch TB8215L White","Stylish quartz women's watch with Swiss Ronda756 movement, cubic zirconium bezel, hollow dial, glass case, glass mirror, 30m water resistance, A-grade lume, and leather strap.",https://tsarbomba.com/products/tb8215?variant=45955399975168,"https://cdn.shopify.com/s/files/1/0540/8145/4255/files/TB215-1.jpg?v=1732001290,https://cdn.shopify.com/s/files/1/0540/8145/4255/files/TB215-2.jpg?v=1732001290",https://cdn.shopify.com/s/files/1/0540/8145/4255/files/11_4d4e997e-fa58-486d-8cf1-d118361c1ca0.png?v=1727692582,599.99,599.99,59.999,,USD,"TSAR BOMBA WATCH",new,female,White,,,,"Stylish quartz women's watch with Swiss Ronda756 movement, cubic zirconium bezel, hollow dial, glass case, glass mirror, 30m water resistance, A-grade lume, and leather strap.",,instock
105368,109230,Tsarbomba,41882884013,https://www.awin1.com/pclick.php?p=41882884013&a=3002879&m=109230,https://images2.productserve.com/?w=200&h=200&bg=white&trim=5&t=letterbox&url=ssl%3Acdn.shopify.com%2Fs%2Ffiles%2F1%2F0540%2F8145%2F4255%2Ffiles%2F18.png%3Fv%3D1727692583&feedId=105368&k=4bca0552267b00079aa61dad7e4a16bb8d503394,https://images2.productserve.com/?w=70&h=70&bg=white&trim=5&t=letterbox&url=ssl%3Acdn.shopify.com%2Fs%2Ffiles%2F1%2F0540%2F8145%2F4255%2Ffiles%2F20_1ebb255c-46fb-4d4b-8572-2de25c51fb66.jpg%3Fv%3D1727692582%2Chttps%3A%2F%2Fcdn.shopify.com%2Fs%2Ffiles%2F1%2F0540%2F8145%2F4255%2Ffiles%2F8215WG3.jpg%3Fv%3D1726825234&feedId=105368&k=ddd4443f4264f409dd0dd8255e319ec6194e3d05,547,"Women's Watches",,44mm*44mm*12mm,TB8215L-02,TB8215L-02,,,7.17299E+11,"Elemental Series-Women's Watch TB8215L White Green","Stylish quartz women's watch with Swiss Ronda756 movement, cubic zirconium bezel, hollow dial, glass case, glass mirror, 30m water resistance, A-grade lume, and leather strap.",https://tsarbomba.com/products/tb8215?variant=45955400007936,"https://cdn.shopify.com/s/files/1/0540/8145/4255/files/20_1ebb255c-46fb-4d4b-8572-2de25c51fb66.jpg?v=1727692582,https://cdn.shopify.com/s/files/1/0540/8145/4255/files/8215WG3.jpg?v=1726825234",https://cdn.shopify.com/s/files/1/0540/8145/4255/files/18.png?v=1727692583,599.99,599.99,59.999,,USD,"TSAR BOMBA WATCH",new,female,"White Green",,,,"Stylish quartz women's watch with Swiss Ronda756 movement, cubic zirconium bezel, hollow dial, glass case, glass mirror, 30m water resistance, A-grade lume, and leather strap.",,instock
105368,109230,Tsarbomba,41882884014,https://www.awin1.com/pclick.php?p=41882884014&a=3002879&m=109230,https://images2.productserve.com/?w=200&h=200&bg=white&trim=5&t=letterbox&url=ssl%3Acdn.shopify.com%2Fs%2Ffiles%2F1%2F0540%2F8145%2F4255%2Ffiles%2F17.png%3Fv%3D1727692580&feedId=105368&k=8ce4847dc284d5deddb8ceb18ec1c5be9314e62f,https://images2.productserve.com/?w=70&h=70&bg=white&trim=5&t=letterbox&url=ssl%3Acdn.shopify.com%2Fs%2Ffiles%2F1%2F0540%2F8145%2F4255%2Ffiles%2F19_fc8fed0f-46cf-4bed-9afe-fd3acbe6c78c.jpg%3Fv%3D1727692582%2Chttps%3A%2F%2Fcdn.shopify.com%2Fs%2Ffiles%2F1%2F0540%2F8145%2F4255%2Ffiles%2F8215WB3.jpg%3Fv%3D1726825233&feedId=105368&k=0cea703cb881025bb0415cdafb936edf070da512,547,"Women's Watches",,44mm*44mm*12mm,TB8215L-03,TB8215L-03,,,7.17299E+11,"Elemental Series-Women's Watch TB8215L Black White","Stylish quartz women's watch with Swiss Ronda756 movement, cubic zirconium bezel, hollow dial, glass case, glass mirror, 30m water resistance, A-grade lume, and leather strap.",https://tsarbomba.com/products/tb8215?variant=45955400040704,"https://cdn.shopify.com/s/files/1/0540/8145/4255/files/19_fc8fed0f-46cf-4bed-9afe-fd3acbe6c78c.jpg?v=1727692582,https://cdn.shopify.com/s/files/1/0540/8145/4255/files/8215WB3.jpg?v=1726825233",https://cdn.shopify.com/s/files/1/0540/8145/4255/files/17.png?v=1727692580,599.99,599.99,59.999,,USD,"TSAR BOMBA WATCH",new,female,"Black White",,,,"Stylish quartz women's watch with Swiss Ronda756 movement, cubic zirconium bezel, hollow dial, glass case, glass mirror, 30m water resistance, A-grade lume, and leather strap.",,instock
105368,109230,Tsarbomba,41882884015,https://www.awin1.com/pclick.php?p=41882884015&a=3002879&m=109230,https://images2.productserve.com/?w=200&h=200&bg=white&trim=5&t=letterbox&url=ssl%3Acdn.shopify.com%2Fs%2Ffiles%2F1%2F0540%2F8145%2F4255%2Ffiles%2F12_7587883a-5c69-47e9-b496-216431cff253.png%3Fv%3D1727692582&feedId=105368&k=8aa64d17a6380e2b6af686eb8ac5d237610de9dd,https://images2.productserve.com/?w=70&h=70&bg=white&trim=5&t=letterbox&url=ssl%3Acdn.shopify.com%2Fs%2Ffiles%2F1%2F0540%2F8145%2F4255%2Ffiles%2F8_968a486b-62d9-4633-a414-3a8b1b8eb811.jpg%3Fv%3D1727692583%2Chttps%3A%2F%2Fcdn.shopify.com%2Fs%2Ffiles%2F1%2F0540%2F8145%2F4255%2Ffiles%2F8215BG3.jpg%3Fv%3D1726825233&feedId=105368&k=82898451d2679443a5f554519a700b0c9c9cbab5,547,"Women's Watches",,44mm*44mm*12mm,TB8215L-04,TB8215L-04,,,7.17299E+11,"Elemental Series-Women's Watch TB8215L Black Green","Stylish quartz women's watch with Swiss Ronda756 movement, cubic zirconium bezel, hollow dial, glass case, glass mirror, 30m water resistance, A-grade lume, and leather strap.",https://tsarbomba.com/products/tb8215?variant=45955400073472,"https://cdn.shopify.com/s/files/1/0540/8145/4255/files/8_968a486b-62d9-4633-a414-3a8b1b8eb811.jpg?v=1727692583,https://cdn.shopify.com/s/files/1/0540/8145/4255/files/8215BG3.jpg?v=1726825233",https://cdn.shopify.com/s/files/1/0540/8145/4255/files/12_7587883a-5c69-47e9-b496-216431cff253.png?v=1727692582,599.99,599.99,59.999,,USD,"TSAR BOMBA WATCH",new,female,"Black Green",,,,"Stylish quartz women's watch with Swiss Ronda756 movement, cubic zirconium bezel, hollow dial, glass case, glass mirror, 30m water resistance, A-grade lume, and leather strap.",,instock
105368,109230,Tsarbomba,41882884016,https://www.awin1.com/pclick.php?p=41882884016&a=3002879&m=109230,https://images2.productserve.com/?w=200&h=200&bg=white&trim=5&t=letterbox&url=ssl%3Acdn.shopify.com%2Fs%2Ffiles%2F1%2F0540%2F8145%2F4255%2Ffiles%2F8218CF.png%3Fv%3D1732680616&feedId=105368&k=418e31460c69db39dbd4653f222438e821f0ccc4,https://images2.productserve.com/?w=70&h=70&bg=white&trim=5&t=letterbox&url=ssl%3Acdn.shopify.com%2Fs%2Ffiles%2F1%2F0540%2F8145%2F4255%2Ffiles%2FAtomic-Carbon_Fiber_Interchangeable_Automatic_Watch_Box-4.jpg%3Fv%3D1723627531%2Chttps%3A%2F%2Fcdn.shopify.com%2Fs%2Ffiles%2F1%2F0540%2F8145%2F4255%2Ffiles%2FAtomic-Carbon_Fiber_Interchangeable_Automatic_Watch_Box-7.jpg%3Fv%3D1723628057&feedId=105368&k=8f9be740a86ffc8e1ede40babc1789158101feec,544,"Men's Watches",,45mm*50.4mm*13.55mm,TB8218SCM,TB8218SCM,,,7.17021E+11,"Atomic-Interchangeable Carbon Fiber Edition","Stylish barrel-shaped interchangeable automatic watch with Japanese 82S0 movement, carbon fiber bezel, carbon fiber case, sapphire crystal, 100m water resistance, A-grade lume, and fluoro rubber strap.",https://tsarbomba.com/products/tb8218cf,"https://cdn.shopify.com/s/files/1/0540/8145/4255/files/Atomic-Carbon_Fiber_Interchangeable_Automatic_Watch_Box-4.jpg?v=1723627531,https://cdn.shopify.com/s/files/1/0540/8145/4255/files/Atomic-Carbon_Fiber_Interchangeable_Automatic_Watch_Box-7.jpg?v=1723628057",https://cdn.shopify.com/s/files/1/0540/8145/4255/files/8218CF.png?v=1732680616,2399.9,2399.9,239.99,,USD,"TSAR BOMBA WATCH",new,male,Black,,,,"Stylish barrel-shaped interchangeable automatic watch with Japanese 82S0 movement, carbon fiber bezel, carbon fiber case, sapphire crystal, 100m water resistance, A-grade lume, and fluoro rubber strap.",,instock
105368,109230,Tsarbomba,41882884017,https://www.awin1.com/pclick.php?p=41882884017&a=3002879&m=109230,https://images2.productserve.com/?w=200&h=200&bg=white&trim=5&t=letterbox&url=ssl%3Acdn.shopify.com%2Fs%2Ffiles%2F1%2F0540%2F8145%2F4255%2Ffiles%2F3_45c04ac0-d093-42a1-8fd2-464549f44f0f.png%3Fv%3D1728893840&feedId=105368&k=6a0f5aa512764b97d812e8f7e0c51eac8f86d0ce,https://images2.productserve.com/?w=70&h=70&bg=white&trim=5&t=letterbox&url=ssl%3Acdn.shopify.com%2Fs%2Ffiles%2F1%2F0540%2F8145%2F4255%2Ffiles%2F8218OB_c4dfefb2-fc19-45b7-a2c8-f1a3be6b4a7f.png%3Fv%3D1732680728%2Chttps%3A%2F%2Fcdn.shopify.com%2Fs%2Ffiles%2F1%2F0540%2F8145%2F4255%2Ffiles%2F2_6099c305-b1bd-4a03-b840-2090d5f94eec.png%3Fv%3D1728893836&feedId=105368&k=bdebc655a2fa82f66cbf7616d244c720ef18e66d,544,"Men's Watches",,45mm*50.4mm*13.55mm,"8218CF-Black Orange","8218CF-Black Orange",,,7.1702E+11,"Atomic-Interchangeable Automatic Watch Carbon Fiber Black Orange","Stylish barrel-shaped interchangeable automatic watch with Japanese 82S0 movement, carbon fiber bezel, stainless steel case, sapphire crystal, 100m water resistance, A-grade lume, and fluoro rubber strap.",https://tsarbomba.com/products/tb8218w?variant=44058738000128,"https://cdn.shopify.com/s/files/1/0540/8145/4255/files/8218OB_c4dfefb2-fc19-45b7-a2c8-f1a3be6b4a7f.png?v=1732680728,https://cdn.shopify.com/s/files/1/0540/8145/4255/files/2_6099c305-b1bd-4a03-b840-2090d5f94eec.png?v=1728893836",https://cdn.shopify.com/s/files/1/0540/8145/4255/files/3_45c04ac0-d093-42a1-8fd2-464549f44f0f.png?v=1728893840,830.99,830.99,83.099,,USD,"TSAR BOMBA WATCH",new,male,"Black Orange",,,,"Stylish barrel-shaped interchangeable automatic watch with Japanese 82S0 movement, carbon fiber bezel, stainless steel case, sapphire crystal, 100m water resistance, A-grade lume, and fluoro rubber strap.",,instock
105368,109230,Tsarbomba,41882884018,https://www.awin1.com/pclick.php?p=41882884018&a=3002879&m=109230,https://images2.productserve.com/?w=200&h=200&bg=white&trim=5&t=letterbox&url=ssl%3Acdn.shopify.com%2Fs%2Ffiles%2F1%2F0540%2F8145%2F4255%2Ffiles%2F4_0ae40448-cd3d-4963-b933-b967ee14696b.png%3Fv%3D1728893839&feedId=105368&k=f108ea1691e1184c3c8e910ad30e54fa16f17a72,https://images2.productserve.com/?w=70&h=70&bg=white&trim=5&t=letterbox&url=ssl%3Acdn.shopify.com%2Fs%2Ffiles%2F1%2F0540%2F8145%2F4255%2Ffiles%2FAtomic-Interchangeable_Automatic_Watch_Carbon_Fiber_Black-1.jpg%3Fv%3D1723630975%2Chttps%3A%2F%2Fcdn.shopify.com%2Fs%2Ffiles%2F1%2F0540%2F8145%2F4255%2Ffiles%2FAtomic-Interchangeable_Automatic_Watch_Carbon_Fiber_Black-2.jpg%3Fv%3D1723630986&feedId=105368&k=fc41386cd3cc36cf67627d8b77899a9d1ccc431f,544,"Men's Watches",,45mm*50.4mm*13.55mm,8218CF-Black,8218CF-Black,,,7.1702E+11,"Atomic-Interchangeable Automatic Watch Carbon Fiber Black","Stylish barrel-shaped interchangeable automatic watch with Japanese 82S0 movement, carbon fiber bezel, stainless steel case, sapphire crystal, 100m water resistance, A-grade lume, and fluoro rubber strap.",https://tsarbomba.com/products/tb8218w?variant=44058737803520,"https://cdn.shopify.com/s/files/1/0540/8145/4255/files/Atomic-Interchangeable_Automatic_Watch_Carbon_Fiber_Black-1.jpg?v=1723630975,https://cdn.shopify.com/s/files/1/0540/8145/4255/files/Atomic-Interchangeable_Automatic_Watch_Carbon_Fiber_Black-2.jpg?v=1723630986",https://cdn.shopify.com/s/files/1/0540/8145/4255/files/4_0ae40448-cd3d-4963-b933-b967ee14696b.png?v=1728893839,830.99,830.99,83.099,,USD,"TSAR BOMBA WATCH",new,male,Black,,,,"Stylish barrel-shaped interchangeable automatic watch with Japanese 82S0 movement, carbon fiber bezel, stainless steel case, sapphire crystal, 100m water resistance, A-grade lume, and fluoro rubber strap.",,instock
105368,109230,Tsarbomba,41882884019,https://www.awin1.com/pclick.php?p=41882884019&a=3002879&m=109230,https://images2.productserve.com/?w=200&h=200&bg=white&trim=5&t=letterbox&url=ssl%3Acdn.shopify.com%2Fs%2Ffiles%2F1%2F0540%2F8145%2F4255%2Ffiles%2F5-1.png%3Fv%3D1728893840&feedId=105368&k=d87fcc6edffa6b799d2ad7adb65e063a5e81975c,https://images2.productserve.com/?w=70&h=70&bg=white&trim=5&t=letterbox&url=ssl%3Acdn.shopify.com%2Fs%2Ffiles%2F1%2F0540%2F8145%2F4255%2Ffiles%2F5-1.png%3Fv%3D1728893840&feedId=105368&k=d87fcc6edffa6b799d2ad7adb65e063a5e81975c,544,"Men's Watches",,45mm*50.4mm*13.55mm,"8218CF-Elite White","8218CF-Elite White",,,7.17021E+11,"Atomic-Interchangeable Automatic Watch Carbon Fiber Elite White","Stylish barrel-shaped interchangeable automatic watch with Japanese 82S0 movement, carbon fiber bezel, stainless steel case, sapphire crystal, 100m water resistance, A-grade lume, and fluoro rubber strap.",https://tsarbomba.com/products/tb8218w?variant=44894465360128,,https://cdn.shopify.com/s/files/1/0540/8145/4255/files/5-1.png?v=1728893840,830.99,830.99,83.099,,USD,"TSAR BOMBA WATCH",new,male,"Elite White",,,,"Stylish barrel-shaped interchangeable automatic watch with Japanese 82S0 movement, carbon fiber bezel, stainless steel case, sapphire crystal, 100m water resistance, A-grade lume, and fluoro rubber strap.",,instock
105368,109230,Tsarbomba,41882884020,https://www.awin1.com/pclick.php?p=41882884020&a=3002879&m=109230,https://images2.productserve.com/?w=200&h=200&bg=white&trim=5&t=letterbox&url=ssl%3Acdn.shopify.com%2Fs%2Ffiles%2F1%2F0540%2F8145%2F4255%2Ffiles%2F5-2.png%3Fv%3D1728893839&feedId=105368&k=a424bd92d234f4d71a9752aa944ac09afc6a1063,https://images2.productserve.com/?w=70&h=70&bg=white&trim=5&t=letterbox&url=ssl%3Acdn.shopify.com%2Fs%2Ffiles%2F1%2F0540%2F8145%2F4255%2Ffiles%2FAtomic-Interchangeable_Automatic_Watch_Carbon_Fiber_White-1.jpg%3Fv%3D1723631035%2Chttps%3A%2F%2Fcdn.shopify.com%2Fs%2Ffiles%2F1%2F0540%2F8145%2F4255%2Ffiles%2FAtomic-Interchangeable_Automatic_Watch_Carbon_Fiber_White-2.jpg%3Fv%3D1723631046&feedId=105368&k=5afa56fa51fef1b60a18898a4e360f79d504a688,544,"Men's Watches",,45mm*50.4mm*13.55mm,8218CF-White,8218CF-White,,,7.1702E+11,"Atomic-Interchangeable Automatic Watch Carbon Fiber White","Stylish barrel-shaped interchangeable automatic watch with Japanese 82S0 movement, carbon fiber bezel, stainless steel case, sapphire crystal, 100m water resistance, A-grade lume, and fluoro rubber strap.",https://tsarbomba.com/products/tb8218w?variant=44058737836288,"https://cdn.shopify.com/s/files/1/0540/8145/4255/files/Atomic-Interchangeable_Automatic_Watch_Carbon_Fiber_White-1.jpg?v=1723631035,https://cdn.shopify.com/s/files/1/0540/8145/4255/files/Atomic-Interchangeable_Automatic_Watch_Carbon_Fiber_White-2.jpg?v=1723631046",https://cdn.shopify.com/s/files/1/0540/8145/4255/files/5-2.png?v=1728893839,830.99,830.99,83.099,,USD,"TSAR BOMBA WATCH",new,male,White,,,,"Stylish barrel-shaped interchangeable automatic watch with Japanese 82S0 movement, carbon fiber bezel, stainless steel case, sapphire crystal, 100m water resistance, A-grade lume, and fluoro rubber strap.",,instock
105368,109230,Tsarbomba,41882884021,https://www.awin1.com/pclick.php?p=41882884021&a=3002879&m=109230,https://images2.productserve.com/?w=200&h=200&bg=white&trim=5&t=letterbox&url=ssl%3Acdn.shopify.com%2Fs%2Ffiles%2F1%2F0540%2F8145%2F4255%2Ffiles%2F6_b1851944-f7ad-4261-a06d-18b35cf702ac.png%3Fv%3D1728893840&feedId=105368&k=37034fbf8b6775d35e85dc7df72268b45a11fd8b,https://images2.productserve.com/?w=70&h=70&bg=white&trim=5&t=letterbox&url=ssl%3Acdn.shopify.com%2Fs%2Ffiles%2F1%2F0540%2F8145%2F4255%2Ffiles%2FAtomic-Interchangeable_Automatic_Watch_Carbon_Fiber_Red-1.jpg%3Fv%3D1723631078%2Chttps%3A%2F%2Fcdn.shopify.com%2Fs%2Ffiles%2F1%2F0540%2F8145%2F4255%2Ffiles%2FAtomic-Interchangeable_Automatic_Watch_Carbon_Fiber_Red-2.jpg%3Fv%3D1723631091&feedId=105368&k=7cf79a8900f9ec3a40315e9a4f7edbdad6f64d26,544,"Men's Watches",,45mm*50.4mm*13.55mm,8218CF-Red,8218CF-Red,,,7.1702E+11,"Atomic-Interchangeable Automatic Watch Carbon Fiber Red","Stylish barrel-shaped interchangeable automatic watch with Japanese 82S0 movement, carbon fiber bezel, stainless steel case, sapphire crystal, 100m water resistance, A-grade lume, and fluoro rubber strap.",https://tsarbomba.com/products/tb8218w?variant=44058737869056,"https://cdn.shopify.com/s/files/1/0540/8145/4255/files/Atomic-Interchangeable_Automatic_Watch_Carbon_Fiber_Red-1.jpg?v=1723631078,https://cdn.shopify.com/s/files/1/0540/8145/4255/files/Atomic-Interchangeable_Automatic_Watch_Carbon_Fiber_Red-2.jpg?v=1723631091",https://cdn.shopify.com/s/files/1/0540/8145/4255/files/6_b1851944-f7ad-4261-a06d-18b35cf702ac.png?v=1728893840,830.99,830.99,83.099,,USD,"TSAR BOMBA WATCH",new,male,Red,,,,"Stylish barrel-shaped interchangeable automatic watch with Japanese 82S0 movement, carbon fiber bezel, stainless steel case, sapphire crystal, 100m water resistance, A-grade lume, and fluoro rubber strap.",,instock
105368,109230,Tsarbomba,41882884022,https://www.awin1.com/pclick.php?p=41882884022&a=3002879&m=109230,https://images2.productserve.com/?w=200&h=200&bg=white&trim=5&t=letterbox&url=ssl%3Acdn.shopify.com%2Fs%2Ffiles%2F1%2F0540%2F8145%2F4255%2Ffiles%2F7_dbd6a243-ce2a-4a54-a3c8-f9f1bd11c484.png%3Fv%3D1728893840&feedId=105368&k=bd6538401c54bc1bfcb0e5a0dc126e88ffa2cd97,https://images2.productserve.com/?w=70&h=70&bg=white&trim=5&t=letterbox&url=ssl%3Acdn.shopify.com%2Fs%2Ffiles%2F1%2F0540%2F8145%2F4255%2Ffiles%2F7_dbd6a243-ce2a-4a54-a3c8-f9f1bd11c484.png%3Fv%3D1728893840&feedId=105368&k=bd6538401c54bc1bfcb0e5a0dc126e88ffa2cd97,544,"Men's Watches",,45mm*50.4mm*13.55mm,"8218CF-Black Red","8218CF-Black Red",,,7.1702E+11,"Atomic-Interchangeable Automatic Watch Carbon Fiber Black Red","Stylish barrel-shaped interchangeable automatic watch with Japanese 82S0 movement, carbon fiber bezel, stainless steel case, sapphire crystal, 100m water resistance, A-grade lume, and fluoro rubber strap.",https://tsarbomba.com/products/tb8218w?variant=44361956131072,,https://cdn.shopify.com/s/files/1/0540/8145/4255/files/7_dbd6a243-ce2a-4a54-a3c8-f9f1bd11c484.png?v=1728893840,830.99,830.99,83.099,,USD,"TSAR BOMBA WATCH",new,male,"Black Red",,,,"Stylish barrel-shaped interchangeable automatic watch with Japanese 82S0 movement, carbon fiber bezel, stainless steel case, sapphire crystal, 100m water resistance, A-grade lume, and fluoro rubber strap.",,instock
105368,109230,Tsarbomba,41882884023,https://www.awin1.com/pclick.php?p=41882884023&a=3002879&m=109230,https://images2.productserve.com/?w=200&h=200&bg=white&trim=5&t=letterbox&url=ssl%3Acdn.shopify.com%2Fs%2Ffiles%2F1%2F0540%2F8145%2F4255%2Ffiles%2F8_ee0e2845-67be-430d-8379-21799831b4ac.png%3Fv%3D1728893840&feedId=105368&k=aa7c057b855f3d84133a1d08b78ce785fb387645,https://images2.productserve.com/?w=70&h=70&bg=white&trim=5&t=letterbox&url=ssl%3Acdn.shopify.com%2Fs%2Ffiles%2F1%2F0540%2F8145%2F4255%2Ffiles%2F8_ee0e2845-67be-430d-8379-21799831b4ac.png%3Fv%3D1728893840&feedId=105368&k=aa7c057b855f3d84133a1d08b78ce785fb387645,544,"Men's Watches",,45mm*50.4mm*13.55mm,8218CF-Blue,8218CF-Blue,,,7.1702E+11,"Atomic-Interchangeable Automatic Watch Carbon Fiber Blue","Stylish barrel-shaped interchangeable automatic watch with Japanese 82S0 movement, carbon fiber bezel, stainless steel case, sapphire crystal, 100m water resistance, A-grade lume, and fluoro rubber strap.",https://tsarbomba.com/products/tb8218w?variant=44058737901824,,https://cdn.shopify.com/s/files/1/0540/8145/4255/files/8_ee0e2845-67be-430d-8379-21799831b4ac.png?v=1728893840,830.99,830.99,83.099,,USD,"TSAR BOMBA WATCH",new,male,Blue,,,,"Stylish barrel-shaped interchangeable automatic watch with Japanese 82S0 movement, carbon fiber bezel, stainless steel case, sapphire crystal, 100m water resistance, A-grade lume, and fluoro rubber strap.",,instock
105368,109230,Tsarbomba,41882884024,https://www.awin1.com/pclick.php?p=41882884024&a=3002879&m=109230,https://images2.productserve.com/?w=200&h=200&bg=white&trim=5&t=letterbox&url=ssl%3Acdn.shopify.com%2Fs%2Ffiles%2F1%2F0540%2F8145%2F4255%2Ffiles%2F9_f7d7242c-848e-49fa-bca1-0abbf9380969.png%3Fv%3D1728893840&feedId=105368&k=0892ba580290a5864ead94480fb807b29ff5c53a,https://images2.productserve.com/?w=70&h=70&bg=white&trim=5&t=letterbox&url=ssl%3Acdn.shopify.com%2Fs%2Ffiles%2F1%2F0540%2F8145%2F4255%2Ffiles%2F9_f7d7242c-848e-49fa-bca1-0abbf9380969.png%3Fv%3D1728893840&feedId=105368&k=0892ba580290a5864ead94480fb807b29ff5c53a,544,"Men's Watches",,45mm*50.4mm*13.55mm,8218CF-Gold,8218CF-Gold,,,7.1702E+11,"Atomic-Interchangeable Automatic Watch Carbon Fiber Gold","Stylish barrel-shaped interchangeable automatic watch with Japanese 82S0 movement, carbon fiber bezel, stainless steel case, sapphire crystal, 100m water resistance, A-grade lume, and fluoro rubber strap.",https://tsarbomba.com/products/tb8218w?variant=44058737934592,,https://cdn.shopify.com/s/files/1/0540/8145/4255/files/9_f7d7242c-848e-49fa-bca1-0abbf9380969.png?v=1728893840,830.99,830.99,83.099,,USD,"TSAR BOMBA WATCH",new,male,Gold,,,,"Stylish barrel-shaped interchangeable automatic watch with Japanese 82S0 movement, carbon fiber bezel, stainless steel case, sapphire crystal, 100m water resistance, A-grade lume, and fluoro rubber strap.",,instock
105368,109230,Tsarbomba,41882884025,https://www.awin1.com/pclick.php?p=41882884025&a=3002879&m=109230,https://images2.productserve.com/?w=200&h=200&bg=white&trim=5&t=letterbox&url=ssl%3Acdn.shopify.com%2Fs%2Ffiles%2F1%2F0540%2F8145%2F4255%2Ffiles%2F10_66bcbe1f-f645-4843-8b52-96f9fcdd5455.png%3Fv%3D1728893840&feedId=105368&k=46d44c59b03b48a5c80f05775e755fabb47d940b,https://images2.productserve.com/?w=70&h=70&bg=white&trim=5&t=letterbox&url=ssl%3Acdn.shopify.com%2Fs%2Ffiles%2F1%2F0540%2F8145%2F4255%2Ffiles%2F10_66bcbe1f-f645-4843-8b52-96f9fcdd5455.png%3Fv%3D1728893840&feedId=105368&k=46d44c59b03b48a5c80f05775e755fabb47d940b,544,"Men's Watches",,45mm*50.4mm*13.55mm,8218CF-Green,8218CF-Green,,,7.1702E+11,"Atomic-Interchangeable Automatic Watch Carbon Fiber Green","Stylish barrel-shaped interchangeable automatic watch with Japanese 82S0 movement, carbon fiber bezel, stainless steel case, sapphire crystal, 100m water resistance, A-grade lume, and fluoro rubber strap.",https://tsarbomba.com/products/tb8218w?variant=44058737967360,,https://cdn.shopify.com/s/files/1/0540/8145/4255/files/10_66bcbe1f-f645-4843-8b52-96f9fcdd5455.png?v=1728893840,830.99,830.99,83.099,,USD,"TSAR BOMBA WATCH",new,male,Green,,,,"Stylish barrel-shaped interchangeable automatic watch with Japanese 82S0 movement, carbon fiber bezel, stainless steel case, sapphire crystal, 100m water resistance, A-grade lume, and fluoro rubber strap.",,instock
105368,109230,Tsarbomba,41882884026,https://www.awin1.com/pclick.php?p=41882884026&a=3002879&m=109230,https://images2.productserve.com/?w=200&h=200&bg=white&trim=5&t=letterbox&url=ssl%3Acdn.shopify.com%2Fs%2Ffiles%2F1%2F0540%2F8145%2F4255%2Ffiles%2F11_46d66005-df9d-4be8-9ed0-111332a5a983.png%3Fv%3D1728893840&feedId=105368&k=a3eb41fe55a89af884f9fc5cead6ae2f67e5467c,https://images2.productserve.com/?w=70&h=70&bg=white&trim=5&t=letterbox&url=ssl%3Acdn.shopify.com%2Fs%2Ffiles%2F1%2F0540%2F8145%2F4255%2Ffiles%2F11_46d66005-df9d-4be8-9ed0-111332a5a983.png%3Fv%3D1728893840&feedId=105368&k=a3eb41fe55a89af884f9fc5cead6ae2f67e5467c,544,"Men's Watches",,45mm*50.4mm*13.55mm,8218D-Venus,8218D-Venus,,,7.1702E+11,"Atomic-Interchangeable Automatic Watch Zirconia Diamond Venus","Stylish barrel-shaped interchangeable automatic watch with Japanese 82S0 movement, zirconia diamond bezel, stainless steel case, sapphire crystal, 100m water resistance, A-grade lume, and fluoro rubber strap.",https://tsarbomba.com/products/tb8218w?variant=44058738032896,,https://cdn.shopify.com/s/files/1/0540/8145/4255/files/11_46d66005-df9d-4be8-9ed0-111332a5a983.png?v=1728893840,980.99,980.99,98.099,,USD,"TSAR BOMBA WATCH",new,male,White,,,,"Stylish barrel-shaped interchangeable automatic watch with Japanese 82S0 movement, zirconia diamond bezel, stainless steel case, sapphire crystal, 100m water resistance, A-grade lume, and fluoro rubber strap.",,instock
105368,109230,Tsarbomba,41882884027,https://www.awin1.com/pclick.php?p=41882884027&a=3002879&m=109230,https://images2.productserve.com/?w=200&h=200&bg=white&trim=5&t=letterbox&url=ssl%3Acdn.shopify.com%2Fs%2Ffiles%2F1%2F0540%2F8145%2F4255%2Ffiles%2F12_dd525fcb-fede-4cc3-b314-359cfa6210fd.png%3Fv%3D1728893840&feedId=105368&k=82899ed128067c5c843148da04fcfa72e43e8900,https://images2.productserve.com/?w=70&h=70&bg=white&trim=5&t=letterbox&url=ssl%3Acdn.shopify.com%2Fs%2Ffiles%2F1%2F0540%2F8145%2F4255%2Ffiles%2F12_dd525fcb-fede-4cc3-b314-359cfa6210fd.png%3Fv%3D1728893840&feedId=105368&k=82899ed128067c5c843148da04fcfa72e43e8900,544,"Men's Watches",,45mm*50.4mm*13.55mm,8218D-Black,8218D-Black,,,7.1702E+11,"Atomic-Interchangeable Automatic Watch Zirconia Diamond Black","Stylish barrel-shaped interchangeable automatic watch with Japanese 82S0 movement, zirconia diamond bezel, stainless steel case, sapphire crystal, 100m water resistance, A-grade lume, and fluoro rubber strap.",https://tsarbomba.com/products/tb8218w?variant=44058738065664,,https://cdn.shopify.com/s/files/1/0540/8145/4255/files/12_dd525fcb-fede-4cc3-b314-359cfa6210fd.png?v=1728893840,980.99,980.99,98.099,,USD,"TSAR BOMBA WATCH",new,male,Black,,,,"Stylish barrel-shaped interchangeable automatic watch with Japanese 82S0 movement, zirconia diamond bezel, stainless steel case, sapphire crystal, 100m water resistance, A-grade lume, and fluoro rubber strap.",,instock
105368,109230,Tsarbomba,41882884028,https://www.awin1.com/pclick.php?p=41882884028&a=3002879&m=109230,https://images2.productserve.com/?w=200&h=200&bg=white&trim=5&t=letterbox&url=ssl%3Acdn.shopify.com%2Fs%2Ffiles%2F1%2F0540%2F8145%2F4255%2Ffiles%2F13_b42a4cae-e0cc-4384-be3a-1611eca5b62c.png%3Fv%3D1728893840&feedId=105368&k=95d05e4b7ea77941b9d54038f043f6babeda1610,https://images2.productserve.com/?w=70&h=70&bg=white&trim=5&t=letterbox&url=ssl%3Acdn.shopify.com%2Fs%2Ffiles%2F1%2F0540%2F8145%2F4255%2Ffiles%2F13_b42a4cae-e0cc-4384-be3a-1611eca5b62c.png%3Fv%3D1728893840&feedId=105368&k=95d05e4b7ea77941b9d54038f043f6babeda1610,544,"Men's Watches",,45mm*50.4mm*13.55mm,8218D-Red,8218D-Red,,,7.1702E+11,"Atomic-Interchangeable Automatic Watch Zirconia Diamond Red","Stylish barrel-shaped interchangeable automatic watch with Japanese 82S0 movement, zirconia diamond bezel, stainless steel case, sapphire crystal, 100m water resistance, A-grade lume, and fluoro rubber strap.",https://tsarbomba.com/products/tb8218w?variant=44058738098432,,https://cdn.shopify.com/s/files/1/0540/8145/4255/files/13_b42a4cae-e0cc-4384-be3a-1611eca5b62c.png?v=1728893840,980.99,980.99,98.099,,USD,"TSAR BOMBA WATCH",new,male,Red,,,,"Stylish barrel-shaped interchangeable automatic watch with Japanese 82S0 movement, zirconia diamond bezel, stainless steel case, sapphire crystal, 100m water resistance, A-grade lume, and fluoro rubber strap.",,instock
105368,109230,Tsarbomba,41882884029,https://www.awin1.com/pclick.php?p=41882884029&a=3002879&m=109230,https://images2.productserve.com/?w=200&h=200&bg=white&trim=5&t=letterbox&url=ssl%3Acdn.shopify.com%2Fs%2Ffiles%2F1%2F0540%2F8145%2F4255%2Ffiles%2F14_044c1e74-1a5a-49da-8caa-3f6abe19b8f2.png%3Fv%3D1728893840&feedId=105368&k=68b14b2bfbf513ccb78ae0e6da65a235790c0451,https://images2.productserve.com/?w=70&h=70&bg=white&trim=5&t=letterbox&url=ssl%3Acdn.shopify.com%2Fs%2Ffiles%2F1%2F0540%2F8145%2F4255%2Ffiles%2F14_044c1e74-1a5a-49da-8caa-3f6abe19b8f2.png%3Fv%3D1728893840&feedId=105368&k=68b14b2bfbf513ccb78ae0e6da65a235790c0451,544,"Men's Watches",,45mm*50.4mm*13.55mm,8218D-White,8218D-White,,,7.1702E+11,"Atomic-Interchangeable Automatic Watch Zirconia Diamond White","Stylish barrel-shaped interchangeable automatic watch with Japanese 82S0 movement, zirconia diamond bezel, stainless steel case, sapphire crystal, 100m water resistance, A-grade lume, and fluoro rubber strap.",https://tsarbomba.com/products/tb8218w?variant=44058738131200,,https://cdn.shopify.com/s/files/1/0540/8145/4255/files/14_044c1e74-1a5a-49da-8caa-3f6abe19b8f2.png?v=1728893840,980.99,980.99,98.099,,USD,"TSAR BOMBA WATCH",new,male,White,,,,"Stylish barrel-shaped interchangeable automatic watch with Japanese 82S0 movement, zirconia diamond bezel, stainless steel case, sapphire crystal, 100m water resistance, A-grade lume, and fluoro rubber strap.",,instock
105368,109230,Tsarbomba,41882884030,https://www.awin1.com/pclick.php?p=41882884030&a=3002879&m=109230,https://images2.productserve.com/?w=200&h=200&bg=white&trim=5&t=letterbox&url=ssl%3Acdn.shopify.com%2Fs%2Ffiles%2F1%2F0540%2F8145%2F4255%2Ffiles%2F15_01a9cca4-5a07-4050-abd0-2e878a77b148.png%3Fv%3D1728893838&feedId=105368&k=645f02de8752c946568160701ee7ba07b3ad8111,https://images2.productserve.com/?w=70&h=70&bg=white&trim=5&t=letterbox&url=ssl%3Acdn.shopify.com%2Fs%2Ffiles%2F1%2F0540%2F8145%2F4255%2Ffiles%2F15_01a9cca4-5a07-4050-abd0-2e878a77b148.png%3Fv%3D1728893838&feedId=105368&k=645f02de8752c946568160701ee7ba07b3ad8111,544,"Men's Watches",,45mm*50.4mm*13.55mm,"8218DFKM-Dynamic Black","8218DFKM-Dynamic Black",,,7.1702E+11,"Atomic-Interchangeable Automatic Watch Fluororubber Dynamic Black","Stylish barrel-shaped interchangeable automatic watch with Japanese 82S0 movement, fluoro rubber bezel, stainless steel case, sapphire crystal, 100m water resistance, A-grade lume, and fluoro rubber strap.",https://tsarbomba.com/products/tb8218w?variant=44058738163968,,https://cdn.shopify.com/s/files/1/0540/8145/4255/files/15_01a9cca4-5a07-4050-abd0-2e878a77b148.png?v=1728893838,739.99,739.99,73.999,,USD,"TSAR BOMBA WATCH",new,male,Black,,,,"Stylish barrel-shaped interchangeable automatic watch with Japanese 82S0 movement, fluoro rubber bezel, stainless steel case, sapphire crystal, 100m water resistance, A-grade lume, and fluoro rubber strap.",,instock
105368,109230,Tsarbomba,41882884031,https://www.awin1.com/pclick.php?p=41882884031&a=3002879&m=109230,https://images2.productserve.com/?w=200&h=200&bg=white&trim=5&t=letterbox&url=ssl%3Acdn.shopify.com%2Fs%2Ffiles%2F1%2F0540%2F8145%2F4255%2Ffiles%2F16_503edde6-6e50-48a6-bcdb-d40ceb8ad0ee.png%3Fv%3D1728893839&feedId=105368&k=60d43366ca1809bccfe09530b145d1409e251d87,https://images2.productserve.com/?w=70&h=70&bg=white&trim=5&t=letterbox&url=ssl%3Acdn.shopify.com%2Fs%2Ffiles%2F1%2F0540%2F8145%2F4255%2Ffiles%2F16_503edde6-6e50-48a6-bcdb-d40ceb8ad0ee.png%3Fv%3D1728893839&feedId=105368&k=60d43366ca1809bccfe09530b145d1409e251d87,544,"Men's Watches",,45mm*50.4mm*13.55mm,"8218DFKM-Dynamic Blue","8218DFKM-Dynamic Blue",,,7.1702E+11,"Atomic-Interchangeable Automatic Watch Fluororubber Dynamic Blue","Stylish barrel-shaped interchangeable automatic watch with Japanese 82S0 movement, fluoro rubber bezel, stainless steel case, sapphire crystal, 100m water resistance, A-grade lume, and fluoro rubber strap.",https://tsarbomba.com/products/tb8218w?variant=44058738196736,,https://cdn.shopify.com/s/files/1/0540/8145/4255/files/16_503edde6-6e50-48a6-bcdb-d40ceb8ad0ee.png?v=1728893839,739.99,739.99,73.999,,USD,"TSAR BOMBA WATCH",new,male,Blue,,,,"Stylish barrel-shaped interchangeable automatic watch with Japanese 82S0 movement, fluoro rubber bezel, stainless steel case, sapphire crystal, 100m water resistance, A-grade lume, and fluoro rubber strap.",,instock
105368,109230,Tsarbomba,41882884032,https://www.awin1.com/pclick.php?p=41882884032&a=3002879&m=109230,https://images2.productserve.com/?w=200&h=200&bg=white&trim=5&t=letterbox&url=ssl%3Acdn.shopify.com%2Fs%2Ffiles%2F1%2F0540%2F8145%2F4255%2Ffiles%2F17_04a235d4-afaa-430f-98dd-e1668d03b59e.png%3Fv%3D1728893839&feedId=105368&k=aae41dcd7eaa7306c016620b498013f5101a7995,https://images2.productserve.com/?w=70&h=70&bg=white&trim=5&t=letterbox&url=ssl%3Acdn.shopify.com%2Fs%2Ffiles%2F1%2F0540%2F8145%2F4255%2Ffiles%2F17_04a235d4-afaa-430f-98dd-e1668d03b59e.png%3Fv%3D1728893839&feedId=105368&k=aae41dcd7eaa7306c016620b498013f5101a7995,544,"Men's Watches",,45mm*50.4mm*13.55mm,"8218DFKM-Dynamic Green","8218DFKM-Dynamic Green",,,7.1702E+11,"Atomic-Interchangeable Automatic Watch Fluororubber Dynamic Green","Stylish barrel-shaped interchangeable automatic watch with Japanese 82S0 movement, fluoro rubber bezel, stainless steel case, sapphire crystal, 100m water resistance, A-grade lume, and fluoro rubber strap.",https://tsarbomba.com/products/tb8218w?variant=44058738229504,,https://cdn.shopify.com/s/files/1/0540/8145/4255/files/17_04a235d4-afaa-430f-98dd-e1668d03b59e.png?v=1728893839,739.99,739.99,73.999,,USD,"TSAR BOMBA WATCH",new,male,Green,,,,"Stylish barrel-shaped interchangeable automatic watch with Japanese 82S0 movement, fluoro rubber bezel, stainless steel case, sapphire crystal, 100m water resistance, A-grade lume, and fluoro rubber strap.",,instock
105368,109230,Tsarbomba,41882884033,https://www.awin1.com/pclick.php?p=41882884033&a=3002879&m=109230,https://images2.productserve.com/?w=200&h=200&bg=white&trim=5&t=letterbox&url=ssl%3Acdn.shopify.com%2Fs%2Ffiles%2F1%2F0540%2F8145%2F4255%2Ffiles%2F18_40955be9-829a-48da-a7a1-b9693f59049d.png%3Fv%3D1728893840&feedId=105368&k=312c1dfe2d4f6a9947e32bbeb07168e1f8e9f3aa,https://images2.productserve.com/?w=70&h=70&bg=white&trim=5&t=letterbox&url=ssl%3Acdn.shopify.com%2Fs%2Ffiles%2F1%2F0540%2F8145%2F4255%2Ffiles%2F18_40955be9-829a-48da-a7a1-b9693f59049d.png%3Fv%3D1728893840&feedId=105368&k=312c1dfe2d4f6a9947e32bbeb07168e1f8e9f3aa,544,"Men's Watches",,45mm*50.4mm*13.55mm,"8218DFKM-Dynamic Light Blue","8218DFKM-Dynamic Light Blue",,,7.1702E+11,"Atomic-Interchangeable Automatic Watch Fluororubber Dynamic Light Blue","Stylish barrel-shaped interchangeable automatic watch with Japanese 82S0 movement, fluoro rubber bezel, stainless steel case, sapphire crystal, 100m water resistance, A-grade lume, and fluoro rubber strap.",https://tsarbomba.com/products/tb8218w?variant=44058738262272,,https://cdn.shopify.com/s/files/1/0540/8145/4255/files/18_40955be9-829a-48da-a7a1-b9693f59049d.png?v=1728893840,739.99,739.99,73.999,,USD,"TSAR BOMBA WATCH",new,male,"Light Blue",,,,"Stylish barrel-shaped interchangeable automatic watch with Japanese 82S0 movement, fluoro rubber bezel, stainless steel case, sapphire crystal, 100m water resistance, A-grade lume, and fluoro rubber strap.",,instock
105368,109230,Tsarbomba,41882884034,https://www.awin1.com/pclick.php?p=41882884034&a=3002879&m=109230,https://images2.productserve.com/?w=200&h=200&bg=white&trim=5&t=letterbox&url=ssl%3Acdn.shopify.com%2Fs%2Ffiles%2F1%2F0540%2F8145%2F4255%2Ffiles%2F19_b1fd76d4-2945-4b6e-86fb-f57669aad473.png%3Fv%3D1728893840&feedId=105368&k=0ab775fd7c64d4a88ec183eb673b6fc56c23dccf,https://images2.productserve.com/?w=70&h=70&bg=white&trim=5&t=letterbox&url=ssl%3Acdn.shopify.com%2Fs%2Ffiles%2F1%2F0540%2F8145%2F4255%2Ffiles%2F19_b1fd76d4-2945-4b6e-86fb-f57669aad473.png%3Fv%3D1728893840&feedId=105368&k=0ab775fd7c64d4a88ec183eb673b6fc56c23dccf,544,"Men's Watches",,45mm*50.4mm*13.55mm,"8218DFKM-Dynamic Orange","8218DFKM-Dynamic Orange",,,7.1702E+11,"Atomic-Interchangeable Automatic Watch Fluororubber Dynamic Orange","Stylish barrel-shaped interchangeable automatic watch with Japanese 82S0 movement, fluoro rubber bezel, stainless steel case, sapphire crystal, 100m water resistance, A-grade lume, and fluoro rubber strap.",https://tsarbomba.com/products/tb8218w?variant=44058738295040,,https://cdn.shopify.com/s/files/1/0540/8145/4255/files/19_b1fd76d4-2945-4b6e-86fb-f57669aad473.png?v=1728893840,739.99,739.99,73.999,,USD,"TSAR BOMBA WATCH",new,male,Orange,,,,"Stylish barrel-shaped interchangeable automatic watch with Japanese 82S0 movement, fluoro rubber bezel, stainless steel case, sapphire crystal, 100m water resistance, A-grade lume, and fluoro rubber strap.",,instock
105368,109230,Tsarbomba,41882884035,https://www.awin1.com/pclick.php?p=41882884035&a=3002879&m=109230,https://images2.productserve.com/?w=200&h=200&bg=white&trim=5&t=letterbox&url=ssl%3Acdn.shopify.com%2Fs%2Ffiles%2F1%2F0540%2F8145%2F4255%2Ffiles%2F20_b0fc52a2-ad47-4050-b441-23b804cb2d6e.png%3Fv%3D1728893840&feedId=105368&k=fb59c1855400fba6458e8956316b644b2bda259d,https://images2.productserve.com/?w=70&h=70&bg=white&trim=5&t=letterbox&url=ssl%3Acdn.shopify.com%2Fs%2Ffiles%2F1%2F0540%2F8145%2F4255%2Ffiles%2F20_b0fc52a2-ad47-4050-b441-23b804cb2d6e.png%3Fv%3D1728893840&feedId=105368&k=fb59c1855400fba6458e8956316b644b2bda259d,544,"Men's Watches",,45mm*50.4mm*13.55mm,"8218DFKM-Dynamic Red","8218DFKM-Dynamic Red",,,7.1702E+11,"Atomic-Interchangeable Automatic Watch Fluororubber Dynamic Red","Stylish barrel-shaped interchangeable automatic watch with Japanese 82S0 movement, fluoro rubber bezel, stainless steel case, sapphire crystal, 100m water resistance, A-grade lume, and fluoro rubber strap.",https://tsarbomba.com/products/tb8218w?variant=44058738327808,,https://cdn.shopify.com/s/files/1/0540/8145/4255/files/20_b0fc52a2-ad47-4050-b441-23b804cb2d6e.png?v=1728893840,739.99,739.99,73.999,,USD,"TSAR BOMBA WATCH",new,male,Red,,,,"Stylish barrel-shaped interchangeable automatic watch with Japanese 82S0 movement, fluoro rubber bezel, stainless steel case, sapphire crystal, 100m water resistance, A-grade lume, and fluoro rubber strap.",,instock
105368,109230,Tsarbomba,41882884036,https://www.awin1.com/pclick.php?p=41882884036&a=3002879&m=109230,https://images2.productserve.com/?w=200&h=200&bg=white&trim=5&t=letterbox&url=ssl%3Acdn.shopify.com%2Fs%2Ffiles%2F1%2F0540%2F8145%2F4255%2Ffiles%2F21_62e03ab8-0437-46f5-8ecf-21794d699361.png%3Fv%3D1728893839&feedId=105368&k=b56acd0111e5f9bdd1942a2d5e21aaa5ab7bea0d,https://images2.productserve.com/?w=70&h=70&bg=white&trim=5&t=letterbox&url=ssl%3Acdn.shopify.com%2Fs%2Ffiles%2F1%2F0540%2F8145%2F4255%2Ffiles%2F21_62e03ab8-0437-46f5-8ecf-21794d699361.png%3Fv%3D1728893839&feedId=105368&k=b56acd0111e5f9bdd1942a2d5e21aaa5ab7bea0d,544,"Men's Watches",,45mm*50.4mm*13.55mm,"8218DFKM-Dynamic White","8218DFKM-Dynamic White",,,7.1702E+11,"Atomic-Interchangeable Automatic Watch Fluororubber Dynamic White","Stylish barrel-shaped interchangeable automatic watch with Japanese 82S0 movement, fluoro rubber bezel, stainless steel case, sapphire crystal, 100m water resistance, A-grade lume, and fluoro rubber strap.",https://tsarbomba.com/products/tb8218w?variant=44058738360576,,https://cdn.shopify.com/s/files/1/0540/8145/4255/files/21_62e03ab8-0437-46f5-8ecf-21794d699361.png?v=1728893839,739.99,739.99,73.999,,USD,"TSAR BOMBA WATCH",new,male,White,,,,"Stylish barrel-shaped interchangeable automatic watch with Japanese 82S0 movement, fluoro rubber bezel, stainless steel case, sapphire crystal, 100m water resistance, A-grade lume, and fluoro rubber strap.",,instock
105368,109230,Tsarbomba,41882884037,https://www.awin1.com/pclick.php?p=41882884037&a=3002879&m=109230,https://images2.productserve.com/?w=200&h=200&bg=white&trim=5&t=letterbox&url=ssl%3Acdn.shopify.com%2Fs%2Ffiles%2F1%2F0540%2F8145%2F4255%2Ffiles%2F22_a08fdd0e-da5e-423f-ae50-8be2e84adfff.png%3Fv%3D1728893839&feedId=105368&k=a662ab8a14bef24ff8ba2bf3d270c27934d65227,https://images2.productserve.com/?w=70&h=70&bg=white&trim=5&t=letterbox&url=ssl%3Acdn.shopify.com%2Fs%2Ffiles%2F1%2F0540%2F8145%2F4255%2Ffiles%2F22_a08fdd0e-da5e-423f-ae50-8be2e84adfff.png%3Fv%3D1728893839&feedId=105368&k=a662ab8a14bef24ff8ba2bf3d270c27934d65227,544,"Men's Watches",,45mm*50.4mm*13.55mm,"8218DFKM-Dynamic Yellow","8218DFKM-Dynamic Yellow",,,7.1702E+11,"Atomic-Interchangeable Automatic Watch Fluororubber Dynamic Yellow","Stylish barrel-shaped interchangeable automatic watch with Japanese 82S0 movement, fluoro rubber bezel, stainless steel case, sapphire crystal, 100m water resistance, A-grade lume, and fluoro rubber strap.",https://tsarbomba.com/products/tb8218w?variant=44058738393344,,https://cdn.shopify.com/s/files/1/0540/8145/4255/files/22_a08fdd0e-da5e-423f-ae50-8be2e84adfff.png?v=1728893839,739.99,739.99,73.999,,USD,"TSAR BOMBA WATCH",new,male,Yellow,,,,"Stylish barrel-shaped interchangeable automatic watch with Japanese 82S0 movement, fluoro rubber bezel, stainless steel case, sapphire crystal, 100m water resistance, A-grade lume, and fluoro rubber strap.",,instock
105368,109230,Tsarbomba,41882884038,https://www.awin1.com/pclick.php?p=41882884038&a=3002879&m=109230,https://images2.productserve.com/?w=200&h=200&bg=white&trim=5&t=letterbox&url=ssl%3Acdn.shopify.com%2Fs%2Ffiles%2F1%2F0540%2F8145%2F4255%2Ffiles%2F23_a03d71c7-548e-47a4-9bf1-3287d6f08755.png%3Fv%3D1728893838&feedId=105368&k=fcdafc7d3842fa5ed1004a79d1382aeb154618ee,https://images2.productserve.com/?w=70&h=70&bg=white&trim=5&t=letterbox&url=ssl%3Acdn.shopify.com%2Fs%2Ffiles%2F1%2F0540%2F8145%2F4255%2Ffiles%2FAtomic-Interchangeable_Automatic_Watch_Fluororubber_Black-1.jpg%3Fv%3D1723709006%2Chttps%3A%2F%2Fcdn.shopify.com%2Fs%2Ffiles%2F1%2F0540%2F8145%2F4255%2Ffiles%2FAtomic-Interchangeable_Automatic_Watch_Fluororubber_Black-2.jpg%3Fv%3D1723709021&feedId=105368&k=a1edbb39a51caa4cc7dbf7d12666f93a7d0a8a95,544,"Men's Watches",,45mm*50.4mm*13.55mm,8218FKM-Black,8218FKM-Black,,,7.1702E+11,"Atomic-Interchangeable Automatic Watch Fluororubber Black","Stylish barrel-shaped interchangeable automatic watch with Japanese 82S0 movement, fluoro rubber bezel, stainless steel case, sapphire crystal, 100m water resistance, A-grade lume, and fluoro rubber strap.",https://tsarbomba.com/products/tb8218w?variant=44058738426112,"https://cdn.shopify.com/s/files/1/0540/8145/4255/files/Atomic-Interchangeable_Automatic_Watch_Fluororubber_Black-1.jpg?v=1723709006,https://cdn.shopify.com/s/files/1/0540/8145/4255/files/Atomic-Interchangeable_Automatic_Watch_Fluororubber_Black-2.jpg?v=1723709021",https://cdn.shopify.com/s/files/1/0540/8145/4255/files/23_a03d71c7-548e-47a4-9bf1-3287d6f08755.png?v=1728893838,739.99,739.99,73.999,,USD,"TSAR BOMBA WATCH",new,male,Black,,,,"Stylish barrel-shaped interchangeable automatic watch with Japanese 82S0 movement, fluoro rubber bezel, stainless steel case, sapphire crystal, 100m water resistance, A-grade lume, and fluoro rubber strap.",,instock
105368,109230,Tsarbomba,41882884039,https://www.awin1.com/pclick.php?p=41882884039&a=3002879&m=109230,https://images2.productserve.com/?w=200&h=200&bg=white&trim=5&t=letterbox&url=ssl%3Acdn.shopify.com%2Fs%2Ffiles%2F1%2F0540%2F8145%2F4255%2Ffiles%2F24_7abfee1d-db46-41ff-9ef9-9bf3f7d54381.png%3Fv%3D1728893841&feedId=105368&k=aa9cce4809ae88f237308556765c5d92d0f90730,https://images2.productserve.com/?w=70&h=70&bg=white&trim=5&t=letterbox&url=ssl%3Acdn.shopify.com%2Fs%2Ffiles%2F1%2F0540%2F8145%2F4255%2Ffiles%2F24_7abfee1d-db46-41ff-9ef9-9bf3f7d54381.png%3Fv%3D1728893841&feedId=105368&k=aa9cce4809ae88f237308556765c5d92d0f90730,544,"Men's Watches",,45mm*50.4mm*13.55mm,8218FKM-Blue,8218FKM-Blue,,,7.1702E+11,"Atomic-Interchangeable Automatic Watch Fluororubber Blue","Stylish barrel-shaped interchangeable automatic watch with Japanese 82S0 movement, fluoro rubber bezel, stainless steel case, sapphire crystal, 100m water resistance, A-grade lume, and fluoro rubber strap.",https://tsarbomba.com/products/tb8218w?variant=44058738458880,,https://cdn.shopify.com/s/files/1/0540/8145/4255/files/24_7abfee1d-db46-41ff-9ef9-9bf3f7d54381.png?v=1728893841,739.99,739.99,73.999,,USD,"TSAR BOMBA WATCH",new,male,Blue,,,,"Stylish barrel-shaped interchangeable automatic watch with Japanese 82S0 movement, fluoro rubber bezel, stainless steel case, sapphire crystal, 100m water resistance, A-grade lume, and fluoro rubber strap.",,instock
105368,109230,Tsarbomba,41882884040,https://www.awin1.com/pclick.php?p=41882884040&a=3002879&m=109230,https://images2.productserve.com/?w=200&h=200&bg=white&trim=5&t=letterbox&url=ssl%3Acdn.shopify.com%2Fs%2Ffiles%2F1%2F0540%2F8145%2F4255%2Ffiles%2F25.png%3Fv%3D1728893840&feedId=105368&k=e0b2b2e4a5acc3a6f191e6e738ce99344b1b0cb5,https://images2.productserve.com/?w=70&h=70&bg=white&trim=5&t=letterbox&url=ssl%3Acdn.shopify.com%2Fs%2Ffiles%2F1%2F0540%2F8145%2F4255%2Ffiles%2F25.png%3Fv%3D1728893840&feedId=105368&k=e0b2b2e4a5acc3a6f191e6e738ce99344b1b0cb5,544,"Men's Watches",,45mm*50.4mm*13.55mm,8218FKM-Green,8218FKM-Green,,,7.1702E+11,"Atomic-Interchangeable Automatic Watch Fluororubber Green","Stylish barrel-shaped interchangeable automatic watch with Japanese 82S0 movement, fluoro rubber bezel, stainless steel case, sapphire crystal, 100m water resistance, A-grade lume, and fluoro rubber strap.",https://tsarbomba.com/products/tb8218w?variant=44058738491648,,https://cdn.shopify.com/s/files/1/0540/8145/4255/files/25.png?v=1728893840,739.99,739.99,73.999,,USD,"TSAR BOMBA WATCH",new,male,Green,,,,"Stylish barrel-shaped interchangeable automatic watch with Japanese 82S0 movement, fluoro rubber bezel, stainless steel case, sapphire crystal, 100m water resistance, A-grade lume, and fluoro rubber strap.",,instock
105368,109230,Tsarbomba,41882884041,https://www.awin1.com/pclick.php?p=41882884041&a=3002879&m=109230,https://images2.productserve.com/?w=200&h=200&bg=white&trim=5&t=letterbox&url=ssl%3Acdn.shopify.com%2Fs%2Ffiles%2F1%2F0540%2F8145%2F4255%2Ffiles%2F26.png%3Fv%3D1728893839&feedId=105368&k=e528a7ce4231758eaa1eb05dad5759200c7ab5cb,https://images2.productserve.com/?w=70&h=70&bg=white&trim=5&t=letterbox&url=ssl%3Acdn.shopify.com%2Fs%2Ffiles%2F1%2F0540%2F8145%2F4255%2Ffiles%2FAtomic-Interchangeable_Automatic_Watch_Fluororubber_Lightblue-1.jpg%3Fv%3D1723709146%2Chttps%3A%2F%2Fcdn.shopify.com%2Fs%2Ffiles%2F1%2F0540%2F8145%2F4255%2Ffiles%2FAtomic-Interchangeable_Automatic_Watch_Fluororubber_Lightblue-2.jpg%3Fv%3D1723709205&feedId=105368&k=58d0520eebf1eed85ea7915d38da50d314f17ad7,544,"Men's Watches",,45mm*50.4mm*13.55mm,"8218FKM-Light Blue","8218FKM-Light Blue",,,7.1702E+11,"Atomic-Interchangeable Automatic Watch Fluororubber Light Blue","Stylish barrel-shaped interchangeable automatic watch with Japanese 82S0 movement, fluoro rubber bezel, stainless steel case, sapphire crystal, 100m water resistance, A-grade lume, and fluoro rubber strap.",https://tsarbomba.com/products/tb8218w?variant=44058738524416,"https://cdn.shopify.com/s/files/1/0540/8145/4255/files/Atomic-Interchangeable_Automatic_Watch_Fluororubber_Lightblue-1.jpg?v=1723709146,https://cdn.shopify.com/s/files/1/0540/8145/4255/files/Atomic-Interchangeable_Automatic_Watch_Fluororubber_Lightblue-2.jpg?v=1723709205",https://cdn.shopify.com/s/files/1/0540/8145/4255/files/26.png?v=1728893839,739.99,739.99,73.999,,USD,"TSAR BOMBA WATCH",new,male,"Light Blue",,,,"Stylish barrel-shaped interchangeable automatic watch with Japanese 82S0 movement, fluoro rubber bezel, stainless steel case, sapphire crystal, 100m water resistance, A-grade lume, and fluoro rubber strap.",,instock
105368,109230,Tsarbomba,41882884042,https://www.awin1.com/pclick.php?p=41882884042&a=3002879&m=109230,https://images2.productserve.com/?w=200&h=200&bg=white&trim=5&t=letterbox&url=ssl%3Acdn.shopify.com%2Fs%2Ffiles%2F1%2F0540%2F8145%2F4255%2Ffiles%2F27_366d958a-c6fb-4a38-a242-0ae66be0a25a.png%3Fv%3D1728893840&feedId=105368&k=58b6bb946a43984d7c1265ca29d7d9e3e6317933,https://images2.productserve.com/?w=70&h=70&bg=white&trim=5&t=letterbox&url=ssl%3Acdn.shopify.com%2Fs%2Ffiles%2F1%2F0540%2F8145%2F4255%2Ffiles%2FAtomic-Interchangeable_Automatic_Watch_Fluororubber_Orange-1.jpg%3Fv%3D1723709310%2Chttps%3A%2F%2Fcdn.shopify.com%2Fs%2Ffiles%2F1%2F0540%2F8145%2F4255%2Ffiles%2FAtomic-Interchangeable_Automatic_Watch_Fluororubber_Orange-2.jpg%3Fv%3D1723709324&feedId=105368&k=5cb0435c9b7ce4fe68180e0fa79b1d47d40d6f9a,544,"Men's Watches",,45mm*50.4mm*13.55mm,8218FKM-Orange,8218FKM-Orange,,,7.1702E+11,"Atomic-Interchangeable Automatic Watch Fluororubber Orange","Stylish barrel-shaped interchangeable automatic watch with Japanese 82S0 movement, fluoro rubber bezel, stainless steel case, sapphire crystal, 100m water resistance, A-grade lume, and fluoro rubber strap.",https://tsarbomba.com/products/tb8218w?variant=44058738557184,"https://cdn.shopify.com/s/files/1/0540/8145/4255/files/Atomic-Interchangeable_Automatic_Watch_Fluororubber_Orange-1.jpg?v=1723709310,https://cdn.shopify.com/s/files/1/0540/8145/4255/files/Atomic-Interchangeable_Automatic_Watch_Fluororubber_Orange-2.jpg?v=1723709324",https://cdn.shopify.com/s/files/1/0540/8145/4255/files/27_366d958a-c6fb-4a38-a242-0ae66be0a25a.png?v=1728893840,739.99,739.99,73.999,,USD,"TSAR BOMBA WATCH",new,male,Orange,,,,"Stylish barrel-shaped interchangeable automatic watch with Japanese 82S0 movement, fluoro rubber bezel, stainless steel case, sapphire crystal, 100m water resistance, A-grade lume, and fluoro rubber strap.",,instock
105368,109230,Tsarbomba,41882884043,https://www.awin1.com/pclick.php?p=41882884043&a=3002879&m=109230,https://images2.productserve.com/?w=200&h=200&bg=white&trim=5&t=letterbox&url=ssl%3Acdn.shopify.com%2Fs%2Ffiles%2F1%2F0540%2F8145%2F4255%2Ffiles%2F28.png%3Fv%3D1728893839&feedId=105368&k=19de6556f15dd15d28fa464b2f1e9e4fb7f79e70,https://images2.productserve.com/?w=70&h=70&bg=white&trim=5&t=letterbox&url=ssl%3Acdn.shopify.com%2Fs%2Ffiles%2F1%2F0540%2F8145%2F4255%2Ffiles%2FAtomic-Interchangeable_Automatic_Watch_Fluororubber_Red-1.jpg%3Fv%3D1723709368&feedId=105368&k=f0ea0be4553f98e95c6270a7fd24175416e9532a,544,"Men's Watches",,45mm*50.4mm*13.55mm,8218FKM-Red,8218FKM-Red,,,7.1702E+11,"Atomic-Interchangeable Automatic Watch Fluororubber Red","Stylish barrel-shaped interchangeable automatic watch with Japanese 82S0 movement, fluoro rubber bezel, stainless steel case, sapphire crystal, 100m water resistance, A-grade lume, and fluoro rubber strap.",https://tsarbomba.com/products/tb8218w?variant=44058738589952,https://cdn.shopify.com/s/files/1/0540/8145/4255/files/Atomic-Interchangeable_Automatic_Watch_Fluororubber_Red-1.jpg?v=1723709368,https://cdn.shopify.com/s/files/1/0540/8145/4255/files/28.png?v=1728893839,739.99,739.99,73.999,,USD,"TSAR BOMBA WATCH",new,male,Red,,,,"Stylish barrel-shaped interchangeable automatic watch with Japanese 82S0 movement, fluoro rubber bezel, stainless steel case, sapphire crystal, 100m water resistance, A-grade lume, and fluoro rubber strap.",,instock
105368,109230,Tsarbomba,41882884044,https://www.awin1.com/pclick.php?p=41882884044&a=3002879&m=109230,https://images2.productserve.com/?w=200&h=200&bg=white&trim=5&t=letterbox&url=ssl%3Acdn.shopify.com%2Fs%2Ffiles%2F1%2F0540%2F8145%2F4255%2Ffiles%2F29_10a62e3f-5a4f-479a-862a-2c6be3ddeef2.png%3Fv%3D1728893839&feedId=105368&k=1a55500d6aecad8476ebf6659252c322b48dac03,https://images2.productserve.com/?w=70&h=70&bg=white&trim=5&t=letterbox&url=ssl%3Acdn.shopify.com%2Fs%2Ffiles%2F1%2F0540%2F8145%2F4255%2Ffiles%2FAtomic-Interchangeable_Automatic_Watch_Fluororubber_White-1.jpg%3Fv%3D1723709435&feedId=105368&k=387509004ed3d6bab1e86f3dd29198a3a2be678d,544,"Men's Watches",,45mm*50.4mm*13.55mm,"8218FKM-White 1","8218FKM-White 1",,,7.1702E+11,"Atomic-Interchangeable Automatic Watch Fluororubber White 1","Stylish barrel-shaped interchangeable automatic watch with Japanese 82S0 movement, fluoro rubber bezel, stainless steel case, sapphire crystal, 100m water resistance, A-grade lume, and fluoro rubber strap.",https://tsarbomba.com/products/tb8218w?variant=44058738622720,https://cdn.shopify.com/s/files/1/0540/8145/4255/files/Atomic-Interchangeable_Automatic_Watch_Fluororubber_White-1.jpg?v=1723709435,https://cdn.shopify.com/s/files/1/0540/8145/4255/files/29_10a62e3f-5a4f-479a-862a-2c6be3ddeef2.png?v=1728893839,739.99,739.99,73.999,,USD,"TSAR BOMBA WATCH",new,male,"White 1",,,,"Stylish barrel-shaped interchangeable automatic watch with Japanese 82S0 movement, fluoro rubber bezel, stainless steel case, sapphire crystal, 100m water resistance, A-grade lume, and fluoro rubber strap.",,instock
105368,109230,Tsarbomba,41882884045,https://www.awin1.com/pclick.php?p=41882884045&a=3002879&m=109230,https://images2.productserve.com/?w=200&h=200&bg=white&trim=5&t=letterbox&url=ssl%3Acdn.shopify.com%2Fs%2Ffiles%2F1%2F0540%2F8145%2F4255%2Ffiles%2F30.png%3Fv%3D1728893839&feedId=105368&k=8142b0ca6752b23f53c38ab606e1ba486def6acf,https://images2.productserve.com/?w=70&h=70&bg=white&trim=5&t=letterbox&url=ssl%3Acdn.shopify.com%2Fs%2Ffiles%2F1%2F0540%2F8145%2F4255%2Ffiles%2F30.png%3Fv%3D1728893839&feedId=105368&k=8142b0ca6752b23f53c38ab606e1ba486def6acf,544,"Men's Watches",,45mm*50.4mm*13.55mm,"8218FKM-White 2","8218FKM-White 2",,,7.1702E+11,"Atomic-Interchangeable Automatic Watch Fluororubber White 2","Stylish barrel-shaped interchangeable automatic watch with Japanese 82S0 movement, fluoro rubber bezel, stainless steel case, sapphire crystal, 100m water resistance, A-grade lume, and fluoro rubber strap.",https://tsarbomba.com/products/tb8218w?variant=44079475491072,,https://cdn.shopify.com/s/files/1/0540/8145/4255/files/30.png?v=1728893839,739.99,739.99,73.999,,USD,"TSAR BOMBA WATCH",new,male,"White 2",,,,"Stylish barrel-shaped interchangeable automatic watch with Japanese 82S0 movement, fluoro rubber bezel, stainless steel case, sapphire crystal, 100m water resistance, A-grade lume, and fluoro rubber strap.",,instock
105368,109230,Tsarbomba,41882884046,https://www.awin1.com/pclick.php?p=41882884046&a=3002879&m=109230,https://images2.productserve.com/?w=200&h=200&bg=white&trim=5&t=letterbox&url=ssl%3Acdn.shopify.com%2Fs%2Ffiles%2F1%2F0540%2F8145%2F4255%2Ffiles%2F31.png%3Fv%3D1728893840&feedId=105368&k=df57359e0daefd4912468bb2cb9ed7c2f43990ff,https://images2.productserve.com/?w=70&h=70&bg=white&trim=5&t=letterbox&url=ssl%3Acdn.shopify.com%2Fs%2Ffiles%2F1%2F0540%2F8145%2F4255%2Ffiles%2FAtomic-Interchangeable_Automatic_Watch_Fluororubber_Yellow-1.jpg%3Fv%3D1723710069%2Chttps%3A%2F%2Fcdn.shopify.com%2Fs%2Ffiles%2F1%2F0540%2F8145%2F4255%2Ffiles%2FAtomic-Interchangeable_Automatic_Watch_Fluororubber_Yellow-2.jpg%3Fv%3D1723710082&feedId=105368&k=65f8f90e4840fe645b30149a08d44e6b5d92900b,544,"Men's Watches",,45mm*50.4mm*13.55mm,8218FKM-Yellow,8218FKM-Yellow,,,7.1702E+11,"Atomic-Interchangeable Automatic Watch Fluororubber Yellow","Stylish barrel-shaped interchangeable automatic watch with Japanese 82S0 movement, fluoro rubber bezel, stainless steel case, sapphire crystal, 100m water resistance, A-grade lume, and fluoro rubber strap.",https://tsarbomba.com/products/tb8218w?variant=44058738655488,"https://cdn.shopify.com/s/files/1/0540/8145/4255/files/Atomic-Interchangeable_Automatic_Watch_Fluororubber_Yellow-1.jpg?v=1723710069,https://cdn.shopify.com/s/files/1/0540/8145/4255/files/Atomic-Interchangeable_Automatic_Watch_Fluororubber_Yellow-2.jpg?v=1723710082",https://cdn.shopify.com/s/files/1/0540/8145/4255/files/31.png?v=1728893840,739.99,739.99,73.999,,USD,"TSAR BOMBA WATCH",new,male,Yellow,,,,"Stylish barrel-shaped interchangeable automatic watch with Japanese 82S0 movement, fluoro rubber bezel, stainless steel case, sapphire crystal, 100m water resistance, A-grade lume, and fluoro rubber strap.",,instock
105368,109230,Tsarbomba,41882884047,https://www.awin1.com/pclick.php?p=41882884047&a=3002879&m=109230,https://images2.productserve.com/?w=200&h=200&bg=white&trim=5&t=letterbox&url=ssl%3Acdn.shopify.com%2Fs%2Ffiles%2F1%2F0540%2F8145%2F4255%2Ffiles%2F32.png%3Fv%3D1728893840&feedId=105368&k=fd395c49292be2b44573304a190df38639b64c6e,https://images2.productserve.com/?w=70&h=70&bg=white&trim=5&t=letterbox&url=ssl%3Acdn.shopify.com%2Fs%2Ffiles%2F1%2F0540%2F8145%2F4255%2Ffiles%2F32.png%3Fv%3D1728893840&feedId=105368&k=fd395c49292be2b44573304a190df38639b64c6e,544,"Men's Watches",,45mm*50.4mm*13.55mm,8218A-Black,8218A-Black,,,7.1702E+11,"Atomic-Interchangeable Automatic Watch Stainless Steel Black","Stylish barrel-shaped interchangeable automatic watch with Japanese 82S0 movement, stainless steel bezel, stainless steel case, sapphire crystal, 100m water resistance, A-grade lume, and fluoro rubber strap.",https://tsarbomba.com/products/tb8218w?variant=44058738688256,,https://cdn.shopify.com/s/files/1/0540/8145/4255/files/32.png?v=1728893840,710.99,710.99,71.099,,USD,"TSAR BOMBA WATCH",new,male,Black,,,,"Stylish barrel-shaped interchangeable automatic watch with Japanese 82S0 movement, stainless steel bezel, stainless steel case, sapphire crystal, 100m water resistance, A-grade lume, and fluoro rubber strap.",,instock
105368,109230,Tsarbomba,41882884048,https://www.awin1.com/pclick.php?p=41882884048&a=3002879&m=109230,https://images2.productserve.com/?w=200&h=200&bg=white&trim=5&t=letterbox&url=ssl%3Acdn.shopify.com%2Fs%2Ffiles%2F1%2F0540%2F8145%2F4255%2Ffiles%2F33.png%3Fv%3D1728893839&feedId=105368&k=028514c495912dece892cbd04959ea9e7171af7c,https://images2.productserve.com/?w=70&h=70&bg=white&trim=5&t=letterbox&url=ssl%3Acdn.shopify.com%2Fs%2Ffiles%2F1%2F0540%2F8145%2F4255%2Ffiles%2F33.png%3Fv%3D1728893839&feedId=105368&k=028514c495912dece892cbd04959ea9e7171af7c,544,"Men's Watches",,45mm*50.4mm*13.55mm,"8218A-Rose Gold","8218A-Rose Gold",,,7.1702E+11,"Atomic-Interchangeable Automatic Watch Stainless Steel Rose Gold","Stylish barrel-shaped interchangeable automatic watch with Japanese 82S0 movement, stainless steel bezel, stainless steel case, sapphire crystal, 100m water resistance, A-grade lume, and fluoro rubber strap.",https://tsarbomba.com/products/tb8218w?variant=44058738721024,,https://cdn.shopify.com/s/files/1/0540/8145/4255/files/33.png?v=1728893839,710.99,710.99,71.099,,USD,"TSAR BOMBA WATCH",new,male,"Rose Gold",,,,"Stylish barrel-shaped interchangeable automatic watch with Japanese 82S0 movement, stainless steel bezel, stainless steel case, sapphire crystal, 100m water resistance, A-grade lume, and fluoro rubber strap.",,instock
105368,109230,Tsarbomba,41882884049,https://www.awin1.com/pclick.php?p=41882884049&a=3002879&m=109230,https://images2.productserve.com/?w=200&h=200&bg=white&trim=5&t=letterbox&url=ssl%3Acdn.shopify.com%2Fs%2Ffiles%2F1%2F0540%2F8145%2F4255%2Ffiles%2F34.png%3Fv%3D1728893838&feedId=105368&k=cf4623e85e2c80bd79a77561fc9f25761f59910d,https://images2.productserve.com/?w=70&h=70&bg=white&trim=5&t=letterbox&url=ssl%3Acdn.shopify.com%2Fs%2Ffiles%2F1%2F0540%2F8145%2F4255%2Ffiles%2F34.png%3Fv%3D1728893838&feedId=105368&k=cf4623e85e2c80bd79a77561fc9f25761f59910d,544,"Men's Watches",,45mm*50.4mm*13.55mm,8218A-Silver,8218A-Silver,,,7.1702E+11,"Atomic-Interchangeable Automatic Watch Stainless Steel Silver","Stylish barrel-shaped interchangeable automatic watch with Japanese 82S0 movement, stainless steel bezel, stainless steel case, sapphire crystal, 100m water resistance, A-grade lume, and fluoro rubber strap.",https://tsarbomba.com/products/tb8218w?variant=44058738753792,,https://cdn.shopify.com/s/files/1/0540/8145/4255/files/34.png?v=1728893838,710.99,710.99,71.099,,USD,"TSAR BOMBA WATCH",new,male,Silver,,,,"Stylish barrel-shaped interchangeable automatic watch with Japanese 82S0 movement, stainless steel bezel, stainless steel case, sapphire crystal, 100m water resistance, A-grade lume, and fluoro rubber strap.",,instock
105368,109230,Tsarbomba,41882884050,https://www.awin1.com/pclick.php?p=41882884050&a=3002879&m=109230,https://images2.productserve.com/?w=200&h=200&bg=white&trim=5&t=letterbox&url=ssl%3Acdn.shopify.com%2Fs%2Ffiles%2F1%2F0540%2F8145%2F4255%2Ffiles%2F3_09164565-af40-466e-ad15-7468264a1d66.png%3Fv%3D1728895416&feedId=105368&k=86559ee7e112c2be7331c69e2a45edf28a80ea04,https://images2.productserve.com/?w=70&h=70&bg=white&trim=5&t=letterbox&url=ssl%3Acdn.shopify.com%2Fs%2Ffiles%2F1%2F0540%2F8145%2F4255%2Ffiles%2F8214W.png%3Fv%3D1732677882%2Chttps%3A%2F%2Fcdn.shopify.com%2Fs%2Ffiles%2F1%2F0540%2F8145%2F4255%2Ffiles%2F2_dc6ea1d6-fe66-4563-88c5-5c4fd4f1a033.png%3Fv%3D1728895413&feedId=105368&k=b1b7c4d157b8714c5d31cdfdb9e84709e2b49c4e,544,"Men's Watches",,45mm*50.4mm*13.55mm,8214CF-White,8214CF-White,,,7.1702E+11,"Atomic-Interchangeable Calendar Watch Carbon Fiber White","Stylish barrel-shaped interchangeable Calendar Quartz watch with Japanese Seiko TMI VK67 movement, carbon fiber bezel, stainless steel case, sapphire crystal, 100m water resistance, A-grade lume, and fluoro rubber strap.",https://tsarbomba.com/products/tb8214w?variant=44058703593728,"https://cdn.shopify.com/s/files/1/0540/8145/4255/files/8214W.png?v=1732677882,https://cdn.shopify.com/s/files/1/0540/8145/4255/files/2_dc6ea1d6-fe66-4563-88c5-5c4fd4f1a033.png?v=1728895413",https://cdn.shopify.com/s/files/1/0540/8145/4255/files/3_09164565-af40-466e-ad15-7468264a1d66.png?v=1728895416,630.99,630.99,63.099,,USD,"TSAR BOMBA WATCH",new,male,White,,,,"Stylish barrel-shaped interchangeable Calendar Quartz watch with Japanese Seiko TMI VK67 movement, carbon fiber bezel, stainless steel case, sapphire crystal, 100m water resistance, A-grade lume, and fluoro rubber strap.",,instock
105368,109230,Tsarbomba,41882884051,https://www.awin1.com/pclick.php?p=41882884051&a=3002879&m=109230,https://images2.productserve.com/?w=200&h=200&bg=white&trim=5&t=letterbox&url=ssl%3Acdn.shopify.com%2Fs%2Ffiles%2F1%2F0540%2F8145%2F4255%2Ffiles%2F4_e631df90-45cb-4280-ba34-e5500e8f9c85.png%3Fv%3D1728895415&feedId=105368&k=d8430614864c7411b6f1ecfec3577d5629c910ea,https://images2.productserve.com/?w=70&h=70&bg=white&trim=5&t=letterbox&url=ssl%3Acdn.shopify.com%2Fs%2Ffiles%2F1%2F0540%2F8145%2F4255%2Ffiles%2F4_e631df90-45cb-4280-ba34-e5500e8f9c85.png%3Fv%3D1728895415&feedId=105368&k=d8430614864c7411b6f1ecfec3577d5629c910ea,544,"Men's Watches",,45mm*50.4mm*13.55mm,8214CF-Black,8214CF-Black,,,7.1702E+11,"Atomic-Interchangeable Calendar Watch Carbon Fiber Black","Stylish barrel-shaped interchangeable Calendar Quartz watch with Japanese Seiko TMI VK67 movement, carbon fiber bezel, stainless steel case, sapphire crystal, 100m water resistance, A-grade lume, and fluoro rubber strap.",https://tsarbomba.com/products/tb8214w?variant=44058703560960,,https://cdn.shopify.com/s/files/1/0540/8145/4255/files/4_e631df90-45cb-4280-ba34-e5500e8f9c85.png?v=1728895415,630.99,630.99,63.099,,USD,"TSAR BOMBA WATCH",new,male,Black,,,,"Stylish barrel-shaped interchangeable Calendar Quartz watch with Japanese Seiko TMI VK67 movement, carbon fiber bezel, stainless steel case, sapphire crystal, 100m water resistance, A-grade lume, and fluoro rubber strap.",,instock
105368,109230,Tsarbomba,41882884052,https://www.awin1.com/pclick.php?p=41882884052&a=3002879&m=109230,https://images2.productserve.com/?w=200&h=200&bg=white&trim=5&t=letterbox&url=ssl%3Acdn.shopify.com%2Fs%2Ffiles%2F1%2F0540%2F8145%2F4255%2Ffiles%2F5_0d7d8f15-ab4d-4170-a039-ec956759d3c3.png%3Fv%3D1728895416&feedId=105368&k=2c3910a4788f0df7089a61ba16e34c449d9506a0,https://images2.productserve.com/?w=70&h=70&bg=white&trim=5&t=letterbox&url=ssl%3Acdn.shopify.com%2Fs%2Ffiles%2F1%2F0540%2F8145%2F4255%2Ffiles%2F5_0d7d8f15-ab4d-4170-a039-ec956759d3c3.png%3Fv%3D1728895416&feedId=105368&k=2c3910a4788f0df7089a61ba16e34c449d9506a0,544,"Men's Watches",,45mm*50.4mm*13.55mm,8214CF-Red,8214CF-Red,,,7.1702E+11,"Atomic-Interchangeable Calendar Watch Carbon Fiber Red","Stylish barrel-shaped interchangeable Calendar Quartz watch with Japanese Seiko TMI VK67 movement, carbon fiber bezel, stainless steel case, sapphire crystal, 100m water resistance, A-grade lume, and fluoro rubber strap.",https://tsarbomba.com/products/tb8214w?variant=44058703626496,,https://cdn.shopify.com/s/files/1/0540/8145/4255/files/5_0d7d8f15-ab4d-4170-a039-ec956759d3c3.png?v=1728895416,630.99,630.99,63.099,,USD,"TSAR BOMBA WATCH",new,male,Red,,,,"Stylish barrel-shaped interchangeable Calendar Quartz watch with Japanese Seiko TMI VK67 movement, carbon fiber bezel, stainless steel case, sapphire crystal, 100m water resistance, A-grade lume, and fluoro rubber strap.",,instock
105368,109230,Tsarbomba,41882884053,https://www.awin1.com/pclick.php?p=41882884053&a=3002879&m=109230,https://images2.productserve.com/?w=200&h=200&bg=white&trim=5&t=letterbox&url=ssl%3Acdn.shopify.com%2Fs%2Ffiles%2F1%2F0540%2F8145%2F4255%2Ffiles%2F6_e1748499-e012-4958-9783-c1103dbc6a55.png%3Fv%3D1728895417&feedId=105368&k=dbe73360268ab0f4da61d60c0a84b624d9907113,https://images2.productserve.com/?w=70&h=70&bg=white&trim=5&t=letterbox&url=ssl%3Acdn.shopify.com%2Fs%2Ffiles%2F1%2F0540%2F8145%2F4255%2Ffiles%2F6_e1748499-e012-4958-9783-c1103dbc6a55.png%3Fv%3D1728895417&feedId=105368&k=dbe73360268ab0f4da61d60c0a84b624d9907113,544,"Men's Watches",,45mm*50.4mm*13.55mm,8214CF-Blue,8214CF-Blue,,,7.1702E+11,"Atomic-Interchangeable Calendar Watch Carbon Fiber Blue","Stylish barrel-shaped interchangeable Calendar Quartz watch with Japanese Seiko TMI VK67 movement, carbon fiber bezel, stainless steel case, sapphire crystal, 100m water resistance, A-grade lume, and fluoro rubber strap.",https://tsarbomba.com/products/tb8214w?variant=44058703659264,,https://cdn.shopify.com/s/files/1/0540/8145/4255/files/6_e1748499-e012-4958-9783-c1103dbc6a55.png?v=1728895417,630.99,630.99,63.099,,USD,"TSAR BOMBA WATCH",new,male,Blue,,,,"Stylish barrel-shaped interchangeable Calendar Quartz watch with Japanese Seiko TMI VK67 movement, carbon fiber bezel, stainless steel case, sapphire crystal, 100m water resistance, A-grade lume, and fluoro rubber strap.",,instock
105368,109230,Tsarbomba,41882884054,https://www.awin1.com/pclick.php?p=41882884054&a=3002879&m=109230,https://images2.productserve.com/?w=200&h=200&bg=white&trim=5&t=letterbox&url=ssl%3Acdn.shopify.com%2Fs%2Ffiles%2F1%2F0540%2F8145%2F4255%2Ffiles%2F7_b3662b13-246f-4f2a-a6ba-f0b1f690dedd.png%3Fv%3D1728895416&feedId=105368&k=e8dc70f450ccde2ae2951ddb55567f2cfddd0dc1,https://images2.productserve.com/?w=70&h=70&bg=white&trim=5&t=letterbox&url=ssl%3Acdn.shopify.com%2Fs%2Ffiles%2F1%2F0540%2F8145%2F4255%2Ffiles%2F7_b3662b13-246f-4f2a-a6ba-f0b1f690dedd.png%3Fv%3D1728895416&feedId=105368&k=e8dc70f450ccde2ae2951ddb55567f2cfddd0dc1,544,"Men's Watches",,45mm*50.4mm*13.55mm,8214CF-Gold,8214CF-Gold,,,7.1702E+11,"Atomic-Interchangeable Calendar Watch Carbon Fiber Gold","Stylish barrel-shaped interchangeable Calendar Quartz watch with Japanese Seiko TMI VK67 movement, carbon fiber bezel, stainless steel case, sapphire crystal, 100m water resistance, A-grade lume, and fluoro rubber strap.",https://tsarbomba.com/products/tb8214w?variant=44058703692032,,https://cdn.shopify.com/s/files/1/0540/8145/4255/files/7_b3662b13-246f-4f2a-a6ba-f0b1f690dedd.png?v=1728895416,630.99,630.99,63.099,,USD,"TSAR BOMBA WATCH",new,male,Gold,,,,"Stylish barrel-shaped interchangeable Calendar Quartz watch with Japanese Seiko TMI VK67 movement, carbon fiber bezel, stainless steel case, sapphire crystal, 100m water resistance, A-grade lume, and fluoro rubber strap.",,instock
105368,109230,Tsarbomba,41882884055,https://www.awin1.com/pclick.php?p=41882884055&a=3002879&m=109230,https://images2.productserve.com/?w=200&h=200&bg=white&trim=5&t=letterbox&url=ssl%3Acdn.shopify.com%2Fs%2Ffiles%2F1%2F0540%2F8145%2F4255%2Ffiles%2F8_9428dbf5-cde9-4b43-b63b-00bdd81e5119.png%3Fv%3D1728895417&feedId=105368&k=b43cbb24d1cb939aa6df4354551f2619486fcb01,https://images2.productserve.com/?w=70&h=70&bg=white&trim=5&t=letterbox&url=ssl%3Acdn.shopify.com%2Fs%2Ffiles%2F1%2F0540%2F8145%2F4255%2Ffiles%2F8_9428dbf5-cde9-4b43-b63b-00bdd81e5119.png%3Fv%3D1728895417&feedId=105368&k=b43cbb24d1cb939aa6df4354551f2619486fcb01,544,"Men's Watches",,45mm*50.4mm*13.55mm,8214CF-Green,8214CF-Green,,,7.1702E+11,"Atomic-Interchangeable Calendar Watch Carbon Fiber Green","Stylish barrel-shaped interchangeable Calendar Quartz watch with Japanese Seiko TMI VK67 movement, carbon fiber bezel, stainless steel case, sapphire crystal, 100m water resistance, A-grade lume, and fluoro rubber strap.",https://tsarbomba.com/products/tb8214w?variant=44058703724800,,https://cdn.shopify.com/s/files/1/0540/8145/4255/files/8_9428dbf5-cde9-4b43-b63b-00bdd81e5119.png?v=1728895417,630.99,630.99,63.099,,USD,"TSAR BOMBA WATCH",new,male,Green,,,,"Stylish barrel-shaped interchangeable Calendar Quartz watch with Japanese Seiko TMI VK67 movement, carbon fiber bezel, stainless steel case, sapphire crystal, 100m water resistance, A-grade lume, and fluoro rubber strap.",,instock
105368,109230,Tsarbomba,41882884056,https://www.awin1.com/pclick.php?p=41882884056&a=3002879&m=109230,https://images2.productserve.com/?w=200&h=200&bg=white&trim=5&t=letterbox&url=ssl%3Acdn.shopify.com%2Fs%2Ffiles%2F1%2F0540%2F8145%2F4255%2Ffiles%2F9_ad5902c4-9e9b-4a3b-8c85-3eff628fe45a.png%3Fv%3D1728895416&feedId=105368&k=8550fad6f65ed73872a86d58ce37153e8b92817b,https://images2.productserve.com/?w=70&h=70&bg=white&trim=5&t=letterbox&url=ssl%3Acdn.shopify.com%2Fs%2Ffiles%2F1%2F0540%2F8145%2F4255%2Ffiles%2F9_ad5902c4-9e9b-4a3b-8c85-3eff628fe45a.png%3Fv%3D1728895416&feedId=105368&k=8550fad6f65ed73872a86d58ce37153e8b92817b,544,"Men's Watches",,45mm*50.4mm*13.55mm,8214CF-Orange,8214CF-Orange,,,7.1702E+11,"Atomic-Interchangeable Calendar Watch Carbon Fiber Orange","Stylish barrel-shaped interchangeable Calendar Quartz watch with Japanese Seiko TMI VK67 movement, carbon fiber bezel, stainless steel case, sapphire crystal, 100m water resistance, A-grade lume, and fluoro rubber strap.",https://tsarbomba.com/products/tb8214w?variant=44058703757568,,https://cdn.shopify.com/s/files/1/0540/8145/4255/files/9_ad5902c4-9e9b-4a3b-8c85-3eff628fe45a.png?v=1728895416,630.99,630.99,63.099,,USD,"TSAR BOMBA WATCH",new,male,Orange,,,,"Stylish barrel-shaped interchangeable Calendar Quartz watch with Japanese Seiko TMI VK67 movement, carbon fiber bezel, stainless steel case, sapphire crystal, 100m water resistance, A-grade lume, and fluoro rubber strap.",,instock
105368,109230,Tsarbomba,41882884057,https://www.awin1.com/pclick.php?p=41882884057&a=3002879&m=109230,https://images2.productserve.com/?w=200&h=200&bg=white&trim=5&t=letterbox&url=ssl%3Acdn.shopify.com%2Fs%2Ffiles%2F1%2F0540%2F8145%2F4255%2Ffiles%2F10_412adde6-0abf-4819-b5eb-0d328b8b478a.png%3Fv%3D1728895417&feedId=105368&k=b8ad6fd9fc8da734be4afa07d81936fec65a44f9,https://images2.productserve.com/?w=70&h=70&bg=white&trim=5&t=letterbox&url=ssl%3Acdn.shopify.com%2Fs%2Ffiles%2F1%2F0540%2F8145%2F4255%2Ffiles%2F10_412adde6-0abf-4819-b5eb-0d328b8b478a.png%3Fv%3D1728895417&feedId=105368&k=b8ad6fd9fc8da734be4afa07d81936fec65a44f9,544,"Men's Watches",,45mm*50.4mm*13.55mm,8214D-Venus,8214D-Venus,,,7.1702E+11,"Atomic-Interchangeable Calendar Watch Zirconia Diamond Venus","Stylish barrel-shaped interchangeable Calendar Quartz watch with Japanese Seiko TMI VK67 movement, cubic zirconium bezel, stainless steel case, sapphire crystal, 100m water resistance, A-grade lume, and fluoro rubber strap.",https://tsarbomba.com/products/tb8214w?variant=44058703790336,,https://cdn.shopify.com/s/files/1/0540/8145/4255/files/10_412adde6-0abf-4819-b5eb-0d328b8b478a.png?v=1728895417,630.99,630.99,63.099,,USD,"TSAR BOMBA WATCH",new,male,White,,,,"Stylish barrel-shaped interchangeable Calendar Quartz watch with Japanese Seiko TMI VK67 movement, cubic zirconium bezel, stainless steel case, sapphire crystal, 100m water resistance, A-grade lume, and fluoro rubber strap.",,instock
105368,109230,Tsarbomba,41882884058,https://www.awin1.com/pclick.php?p=41882884058&a=3002879&m=109230,https://images2.productserve.com/?w=200&h=200&bg=white&trim=5&t=letterbox&url=ssl%3Acdn.shopify.com%2Fs%2Ffiles%2F1%2F0540%2F8145%2F4255%2Ffiles%2F11_0d6f1d88-8dae-4a39-9f4e-c4b4a0fe9835.png%3Fv%3D1728895416&feedId=105368&k=748ae131c4cae7275d227b036081ac4598c56d9a,https://images2.productserve.com/?w=70&h=70&bg=white&trim=5&t=letterbox&url=ssl%3Acdn.shopify.com%2Fs%2Ffiles%2F1%2F0540%2F8145%2F4255%2Ffiles%2F11_0d6f1d88-8dae-4a39-9f4e-c4b4a0fe9835.png%3Fv%3D1728895416&feedId=105368&k=748ae131c4cae7275d227b036081ac4598c56d9a,544,"Men's Watches",,45mm*50.4mm*13.55mm,8214D-Black,8214D-Black,,,7.1702E+11,"Atomic-Interchangeable Calendar Watch Zirconia Diamond Black","Stylish barrel-shaped interchangeable Calendar Quartz watch with Japanese Seiko TMI VK67 movement, cubic zirconium bezel, stainless steel case, sapphire crystal, 100m water resistance, A-grade lume, and fluoro rubber strap.",https://tsarbomba.com/products/tb8214w?variant=44058703823104,,https://cdn.shopify.com/s/files/1/0540/8145/4255/files/11_0d6f1d88-8dae-4a39-9f4e-c4b4a0fe9835.png?v=1728895416,630.99,630.99,63.099,,USD,"TSAR BOMBA WATCH",new,male,Black,,,,"Stylish barrel-shaped interchangeable Calendar Quartz watch with Japanese Seiko TMI VK67 movement, cubic zirconium bezel, stainless steel case, sapphire crystal, 100m water resistance, A-grade lume, and fluoro rubber strap.",,instock
105368,109230,Tsarbomba,41882884059,https://www.awin1.com/pclick.php?p=41882884059&a=3002879&m=109230,https://images2.productserve.com/?w=200&h=200&bg=white&trim=5&t=letterbox&url=ssl%3Acdn.shopify.com%2Fs%2Ffiles%2F1%2F0540%2F8145%2F4255%2Ffiles%2F12_ae978c0e-f50b-4b83-a557-b167a0c81a33.png%3Fv%3D1728895417&feedId=105368&k=4d43da4c5ed867bd262febe3697a91e58c503ad6,https://images2.productserve.com/?w=70&h=70&bg=white&trim=5&t=letterbox&url=ssl%3Acdn.shopify.com%2Fs%2Ffiles%2F1%2F0540%2F8145%2F4255%2Ffiles%2F12_ae978c0e-f50b-4b83-a557-b167a0c81a33.png%3Fv%3D1728895417&feedId=105368&k=4d43da4c5ed867bd262febe3697a91e58c503ad6,544,"Men's Watches",,45mm*50.4mm*13.55mm,8214D-Red,8214D-Red,,,7.1702E+11,"Atomic-Interchangeable Calendar Watch Zirconia Diamond Red","Stylish barrel-shaped interchangeable Calendar Quartz watch with Japanese Seiko TMI VK67 movement, cubic zirconium bezel, stainless steel case, sapphire crystal, 100m water resistance, A-grade lume, and fluoro rubber strap.",https://tsarbomba.com/products/tb8214w?variant=44058703855872,,https://cdn.shopify.com/s/files/1/0540/8145/4255/files/12_ae978c0e-f50b-4b83-a557-b167a0c81a33.png?v=1728895417,630.99,630.99,63.099,,USD,"TSAR BOMBA WATCH",new,male,Red,,,,"Stylish barrel-shaped interchangeable Calendar Quartz watch with Japanese Seiko TMI VK67 movement, cubic zirconium bezel, stainless steel case, sapphire crystal, 100m water resistance, A-grade lume, and fluoro rubber strap.",,instock
105368,109230,Tsarbomba,41882884060,https://www.awin1.com/pclick.php?p=41882884060&a=3002879&m=109230,https://images2.productserve.com/?w=200&h=200&bg=white&trim=5&t=letterbox&url=ssl%3Acdn.shopify.com%2Fs%2Ffiles%2F1%2F0540%2F8145%2F4255%2Ffiles%2F13_538acfb8-5feb-431e-93d6-52568d3bbea7.png%3Fv%3D1728895417&feedId=105368&k=8e553639f59e012d2a84e3a570e1e2bf41eeaa63,https://images2.productserve.com/?w=70&h=70&bg=white&trim=5&t=letterbox&url=ssl%3Acdn.shopify.com%2Fs%2Ffiles%2F1%2F0540%2F8145%2F4255%2Ffiles%2F13_538acfb8-5feb-431e-93d6-52568d3bbea7.png%3Fv%3D1728895417&feedId=105368&k=8e553639f59e012d2a84e3a570e1e2bf41eeaa63,544,"Men's Watches",,45mm*50.4mm*13.55mm,8214D-White,8214D-White,,,7.1702E+11,"Atomic-Interchangeable Calendar Watch Zirconia Diamond White","Stylish barrel-shaped interchangeable Calendar Quartz watch with Japanese Seiko TMI VK67 movement, cubic zirconium bezel, stainless steel case, sapphire crystal, 100m water resistance, A-grade lume, and fluoro rubber strap.",https://tsarbomba.com/products/tb8214w?variant=44058703888640,,https://cdn.shopify.com/s/files/1/0540/8145/4255/files/13_538acfb8-5feb-431e-93d6-52568d3bbea7.png?v=1728895417,630.99,630.99,63.099,,USD,"TSAR BOMBA WATCH",new,male,White,,,,"Stylish barrel-shaped interchangeable Calendar Quartz watch with Japanese Seiko TMI VK67 movement, cubic zirconium bezel, stainless steel case, sapphire crystal, 100m water resistance, A-grade lume, and fluoro rubber strap.",,instock
105368,109230,Tsarbomba,41882884061,https://www.awin1.com/pclick.php?p=41882884061&a=3002879&m=109230,https://images2.productserve.com/?w=200&h=200&bg=white&trim=5&t=letterbox&url=ssl%3Acdn.shopify.com%2Fs%2Ffiles%2F1%2F0540%2F8145%2F4255%2Ffiles%2F14_5ca50b79-a358-4d89-8d31-f1c444421491.png%3Fv%3D1728895414&feedId=105368&k=6bd099424daa51c4d2e13696b6fb41de546e4d2a,https://images2.productserve.com/?w=70&h=70&bg=white&trim=5&t=letterbox&url=ssl%3Acdn.shopify.com%2Fs%2Ffiles%2F1%2F0540%2F8145%2F4255%2Ffiles%2F14_5ca50b79-a358-4d89-8d31-f1c444421491.png%3Fv%3D1728895414&feedId=105368&k=6bd099424daa51c4d2e13696b6fb41de546e4d2a,544,"Men's Watches",,45mm*50.4mm*13.55mm,"8214DFKM- Dynamic Black","8214DFKM- Dynamic Black",,,7.1702E+11,"Atomic-Interchangeable Calendar Watch Fluororubber Dynamic Black","Stylish barrel-shaped interchangeable Calendar Quartz watch with Japanese Seiko TMI VK67 movement, fluoro rubber bezel, stainless steel case, sapphire crystal, 100m water resistance, A-grade lume, and fluoro rubber strap.",https://tsarbomba.com/products/tb8214w?variant=44058703921408,,https://cdn.shopify.com/s/files/1/0540/8145/4255/files/14_5ca50b79-a358-4d89-8d31-f1c444421491.png?v=1728895414,539.99,539.99,53.999,,USD,"TSAR BOMBA WATCH",new,male,Black,,,,"Stylish barrel-shaped interchangeable Calendar Quartz watch with Japanese Seiko TMI VK67 movement, fluoro rubber bezel, stainless steel case, sapphire crystal, 100m water resistance, A-grade lume, and fluoro rubber strap.",,instock
105368,109230,Tsarbomba,41882884062,https://www.awin1.com/pclick.php?p=41882884062&a=3002879&m=109230,https://images2.productserve.com/?w=200&h=200&bg=white&trim=5&t=letterbox&url=ssl%3Acdn.shopify.com%2Fs%2Ffiles%2F1%2F0540%2F8145%2F4255%2Ffiles%2F15_c0210ac7-1112-4aff-9b6f-1aa93f14bd9b.png%3Fv%3D1728895416&feedId=105368&k=66c85eabf3cdb67165b41debf2f2e56c92e50745,https://images2.productserve.com/?w=70&h=70&bg=white&trim=5&t=letterbox&url=ssl%3Acdn.shopify.com%2Fs%2Ffiles%2F1%2F0540%2F8145%2F4255%2Ffiles%2F15_c0210ac7-1112-4aff-9b6f-1aa93f14bd9b.png%3Fv%3D1728895416&feedId=105368&k=66c85eabf3cdb67165b41debf2f2e56c92e50745,544,"Men's Watches",,45mm*50.4mm*13.55mm,"8214DFKM-Dynamic Blue","8214DFKM-Dynamic Blue",,,7.1702E+11,"Atomic-Interchangeable Calendar Watch Fluororubber Dynamic Blue","Stylish barrel-shaped interchangeable Calendar Quartz watch with Japanese Seiko TMI VK67 movement, fluoro rubber bezel, stainless steel case, sapphire crystal, 100m water resistance, A-grade lume, and fluoro rubber strap.",https://tsarbomba.com/products/tb8214w?variant=44058703954176,,https://cdn.shopify.com/s/files/1/0540/8145/4255/files/15_c0210ac7-1112-4aff-9b6f-1aa93f14bd9b.png?v=1728895416,539.99,539.99,53.999,,USD,"TSAR BOMBA WATCH",new,male,Blue,,,,"Stylish barrel-shaped interchangeable Calendar Quartz watch with Japanese Seiko TMI VK67 movement, fluoro rubber bezel, stainless steel case, sapphire crystal, 100m water resistance, A-grade lume, and fluoro rubber strap.",,instock
105368,109230,Tsarbomba,41882884063,https://www.awin1.com/pclick.php?p=41882884063&a=3002879&m=109230,https://images2.productserve.com/?w=200&h=200&bg=white&trim=5&t=letterbox&url=ssl%3Acdn.shopify.com%2Fs%2Ffiles%2F1%2F0540%2F8145%2F4255%2Ffiles%2F16_adc571d5-02d5-407e-92e7-aa12c0058ebf.png%3Fv%3D1728895416&feedId=105368&k=1f78cceb5c2d55a4ed8b31c5560a25ad073eb9d0,https://images2.productserve.com/?w=70&h=70&bg=white&trim=5&t=letterbox&url=ssl%3Acdn.shopify.com%2Fs%2Ffiles%2F1%2F0540%2F8145%2F4255%2Ffiles%2F16_adc571d5-02d5-407e-92e7-aa12c0058ebf.png%3Fv%3D1728895416&feedId=105368&k=1f78cceb5c2d55a4ed8b31c5560a25ad073eb9d0,544,"Men's Watches",,45mm*50.4mm*13.55mm,"8214DFKM-Dynamic Green","8214DFKM-Dynamic Green",,,7.1702E+11,"Atomic-Interchangeable Calendar Watch Fluororubber Dynamic Green","Stylish barrel-shaped interchangeable Calendar Quartz watch with Japanese Seiko TMI VK67 movement, fluoro rubber bezel, stainless steel case, sapphire crystal, 100m water resistance, A-grade lume, and fluoro rubber strap.",https://tsarbomba.com/products/tb8214w?variant=44058703986944,,https://cdn.shopify.com/s/files/1/0540/8145/4255/files/16_adc571d5-02d5-407e-92e7-aa12c0058ebf.png?v=1728895416,539.99,539.99,53.999,,USD,"TSAR BOMBA WATCH",new,male,Green,,,,"Stylish barrel-shaped interchangeable Calendar Quartz watch with Japanese Seiko TMI VK67 movement, fluoro rubber bezel, stainless steel case, sapphire crystal, 100m water resistance, A-grade lume, and fluoro rubber strap.",,instock
105368,109230,Tsarbomba,41882884064,https://www.awin1.com/pclick.php?p=41882884064&a=3002879&m=109230,https://images2.productserve.com/?w=200&h=200&bg=white&trim=5&t=letterbox&url=ssl%3Acdn.shopify.com%2Fs%2Ffiles%2F1%2F0540%2F8145%2F4255%2Ffiles%2F17_c27c7cd9-583b-428a-92a5-1f07dc7e42ee.png%3Fv%3D1728895416&feedId=105368&k=b84a1b64fe425d303240bed7a2963de3fbdbd1f8,https://images2.productserve.com/?w=70&h=70&bg=white&trim=5&t=letterbox&url=ssl%3Acdn.shopify.com%2Fs%2Ffiles%2F1%2F0540%2F8145%2F4255%2Ffiles%2F17_c27c7cd9-583b-428a-92a5-1f07dc7e42ee.png%3Fv%3D1728895416&feedId=105368&k=b84a1b64fe425d303240bed7a2963de3fbdbd1f8,544,"Men's Watches",,45mm*50.4mm*13.55mm,"8214DFKM-Dynamic Light Blue","8214DFKM-Dynamic Light Blue",,,7.1702E+11,"Atomic-Interchangeable Calendar Watch Fluororubber Dynamic Light Blue","Stylish barrel-shaped interchangeable Calendar Quartz watch with Japanese Seiko TMI VK67 movement, fluoro rubber bezel, stainless steel case, sapphire crystal, 100m water resistance, A-grade lume, and fluoro rubber strap.",https://tsarbomba.com/products/tb8214w?variant=44058704019712,,https://cdn.shopify.com/s/files/1/0540/8145/4255/files/17_c27c7cd9-583b-428a-92a5-1f07dc7e42ee.png?v=1728895416,539.99,539.99,53.999,,USD,"TSAR BOMBA WATCH",new,male,"Light Blue",,,,"Stylish barrel-shaped interchangeable Calendar Quartz watch with Japanese Seiko TMI VK67 movement, fluoro rubber bezel, stainless steel case, sapphire crystal, 100m water resistance, A-grade lume, and fluoro rubber strap.",,instock
105368,109230,Tsarbomba,41882884065,https://www.awin1.com/pclick.php?p=41882884065&a=3002879&m=109230,https://images2.productserve.com/?w=200&h=200&bg=white&trim=5&t=letterbox&url=ssl%3Acdn.shopify.com%2Fs%2Ffiles%2F1%2F0540%2F8145%2F4255%2Ffiles%2F18_70e2628b-d611-49fe-b3a3-0d54e2c0de2b.png%3Fv%3D1728895415&feedId=105368&k=aa8790c1ac4d265feda7cc1a44d52d2c4edc07c7,https://images2.productserve.com/?w=70&h=70&bg=white&trim=5&t=letterbox&url=ssl%3Acdn.shopify.com%2Fs%2Ffiles%2F1%2F0540%2F8145%2F4255%2Ffiles%2F18_70e2628b-d611-49fe-b3a3-0d54e2c0de2b.png%3Fv%3D1728895415&feedId=105368&k=aa8790c1ac4d265feda7cc1a44d52d2c4edc07c7,544,"Men's Watches",,45mm*50.4mm*13.55mm,"8214DFKM-Dynamic Orange","8214DFKM-Dynamic Orange",,,7.1702E+11,"Atomic-Interchangeable Calendar Watch Fluororubber Dynamic Orange","Stylish barrel-shaped interchangeable Calendar Quartz watch with Japanese Seiko TMI VK67 movement, fluoro rubber bezel, stainless steel case, sapphire crystal, 100m water resistance, A-grade lume, and fluoro rubber strap.",https://tsarbomba.com/products/tb8214w?variant=44058704052480,,https://cdn.shopify.com/s/files/1/0540/8145/4255/files/18_70e2628b-d611-49fe-b3a3-0d54e2c0de2b.png?v=1728895415,539.99,539.99,53.999,,USD,"TSAR BOMBA WATCH",new,male,Orange,,,,"Stylish barrel-shaped interchangeable Calendar Quartz watch with Japanese Seiko TMI VK67 movement, fluoro rubber bezel, stainless steel case, sapphire crystal, 100m water resistance, A-grade lume, and fluoro rubber strap.",,instock
105368,109230,Tsarbomba,41882884066,https://www.awin1.com/pclick.php?p=41882884066&a=3002879&m=109230,https://images2.productserve.com/?w=200&h=200&bg=white&trim=5&t=letterbox&url=ssl%3Acdn.shopify.com%2Fs%2Ffiles%2F1%2F0540%2F8145%2F4255%2Ffiles%2F19_ab1e4d84-0452-41ca-b2ae-c56e2921941b.png%3Fv%3D1728895417&feedId=105368&k=37a1e95c3097dfc54f7098beca60d4d1420840ff,https://images2.productserve.com/?w=70&h=70&bg=white&trim=5&t=letterbox&url=ssl%3Acdn.shopify.com%2Fs%2Ffiles%2F1%2F0540%2F8145%2F4255%2Ffiles%2F19_ab1e4d84-0452-41ca-b2ae-c56e2921941b.png%3Fv%3D1728895417&feedId=105368&k=37a1e95c3097dfc54f7098beca60d4d1420840ff,544,"Men's Watches",,45mm*50.4mm*13.55mm,"8214DFKM-Dynamic Red","8214DFKM-Dynamic Red",,,7.1702E+11,"Atomic-Interchangeable Calendar Watch Fluororubber Dynamic Red","Stylish barrel-shaped interchangeable Calendar Quartz watch with Japanese Seiko TMI VK67 movement, fluoro rubber bezel, stainless steel case, sapphire crystal, 100m water resistance, A-grade lume, and fluoro rubber strap.",https://tsarbomba.com/products/tb8214w?variant=44058704085248,,https://cdn.shopify.com/s/files/1/0540/8145/4255/files/19_ab1e4d84-0452-41ca-b2ae-c56e2921941b.png?v=1728895417,539.99,539.99,53.999,,USD,"TSAR BOMBA WATCH",new,male,Red,,,,"Stylish barrel-shaped interchangeable Calendar Quartz watch with Japanese Seiko TMI VK67 movement, fluoro rubber bezel, stainless steel case, sapphire crystal, 100m water resistance, A-grade lume, and fluoro rubber strap.",,instock
105368,109230,Tsarbomba,41882884067,https://www.awin1.com/pclick.php?p=41882884067&a=3002879&m=109230,https://images2.productserve.com/?w=200&h=200&bg=white&trim=5&t=letterbox&url=ssl%3Acdn.shopify.com%2Fs%2Ffiles%2F1%2F0540%2F8145%2F4255%2Ffiles%2F20_438af77f-df4c-40f9-8898-7ccf5b49a8bd.png%3Fv%3D1728895415&feedId=105368&k=7949417dce68ecf3c98b09edc8611552b98540ee,https://images2.productserve.com/?w=70&h=70&bg=white&trim=5&t=letterbox&url=ssl%3Acdn.shopify.com%2Fs%2Ffiles%2F1%2F0540%2F8145%2F4255%2Ffiles%2F20_438af77f-df4c-40f9-8898-7ccf5b49a8bd.png%3Fv%3D1728895415&feedId=105368&k=7949417dce68ecf3c98b09edc8611552b98540ee,544,"Men's Watches",,45mm*50.4mm*13.55mm,"8214DFKM-Dynamic White","8214DFKM-Dynamic White",,,7.1702E+11,"Atomic-Interchangeable Calendar Watch Fluororubber Dynamic White","Stylish barrel-shaped interchangeable Calendar Quartz watch with Japanese Seiko TMI VK67 movement, fluoro rubber bezel, stainless steel case, sapphire crystal, 100m water resistance, A-grade lume, and fluoro rubber strap.",https://tsarbomba.com/products/tb8214w?variant=44058704118016,,https://cdn.shopify.com/s/files/1/0540/8145/4255/files/20_438af77f-df4c-40f9-8898-7ccf5b49a8bd.png?v=1728895415,539.99,539.99,53.999,,USD,"TSAR BOMBA WATCH",new,male,White,,,,"Stylish barrel-shaped interchangeable Calendar Quartz watch with Japanese Seiko TMI VK67 movement, fluoro rubber bezel, stainless steel case, sapphire crystal, 100m water resistance, A-grade lume, and fluoro rubber strap.",,instock
105368,109230,Tsarbomba,41882884068,https://www.awin1.com/pclick.php?p=41882884068&a=3002879&m=109230,https://images2.productserve.com/?w=200&h=200&bg=white&trim=5&t=letterbox&url=ssl%3Acdn.shopify.com%2Fs%2Ffiles%2F1%2F0540%2F8145%2F4255%2Ffiles%2F21_abc41453-f545-412c-87ab-87905b5c1018.png%3Fv%3D1728895416&feedId=105368&k=a8ea4654bf49e6ad5e22dc65ac1f598394004c64,https://images2.productserve.com/?w=70&h=70&bg=white&trim=5&t=letterbox&url=ssl%3Acdn.shopify.com%2Fs%2Ffiles%2F1%2F0540%2F8145%2F4255%2Ffiles%2F21_abc41453-f545-412c-87ab-87905b5c1018.png%3Fv%3D1728895416&feedId=105368&k=a8ea4654bf49e6ad5e22dc65ac1f598394004c64,544,"Men's Watches",,45mm*50.4mm*13.55mm,"8214DFKM-Dynamic Yellow","8214DFKM-Dynamic Yellow",,,7.1702E+11,"Atomic-Interchangeable Calendar Watch Fluororubber Dynamic Yellow","Stylish barrel-shaped interchangeable Calendar Quartz watch with Japanese Seiko TMI VK67 movement, fluoro rubber bezel, stainless steel case, sapphire crystal, 100m water resistance, A-grade lume, and fluoro rubber strap.",https://tsarbomba.com/products/tb8214w?variant=44058704150784,,https://cdn.shopify.com/s/files/1/0540/8145/4255/files/21_abc41453-f545-412c-87ab-87905b5c1018.png?v=1728895416,539.99,539.99,53.999,,USD,"TSAR BOMBA WATCH",new,male,Yellow,,,,"Stylish barrel-shaped interchangeable Calendar Quartz watch with Japanese Seiko TMI VK67 movement, fluoro rubber bezel, stainless steel case, sapphire crystal, 100m water resistance, A-grade lume, and fluoro rubber strap.",,instock
105368,109230,Tsarbomba,41882884069,https://www.awin1.com/pclick.php?p=41882884069&a=3002879&m=109230,https://images2.productserve.com/?w=200&h=200&bg=white&trim=5&t=letterbox&url=ssl%3Acdn.shopify.com%2Fs%2Ffiles%2F1%2F0540%2F8145%2F4255%2Ffiles%2F22_64bf421d-0632-4737-a739-2c9cfad151e2.png%3Fv%3D1728895414&feedId=105368&k=c64ace8eb18807483bb160fa4b1868514d645951,https://images2.productserve.com/?w=70&h=70&bg=white&trim=5&t=letterbox&url=ssl%3Acdn.shopify.com%2Fs%2Ffiles%2F1%2F0540%2F8145%2F4255%2Ffiles%2FAtomic-Interchangeable_Calendar_Watch_Fluororubber_Black-1.jpg%3Fv%3D1724144430%C3%AF%C2%BC%C5%92https%3A%2F%2Fcdn.shopify.com%2Fs%2Ffiles%2F1%2F0540%2F8145%2F4255%2Ffiles%2FAtomic-Interchangeable_Calendar_Watch_Fluororubber_Black-3.jpg%3Fv%3D1724144513&feedId=105368&k=f744edffa1a43c35a4ecd62291636ae5411dafd0,544,"Men's Watches",,45mm*50.4mm*13.55mm,8214FKM-Black,8214FKM-Black,,,7.1702E+11,"Atomic-Interchangeable Calendar Watch Fluororubber Black","Stylish barrel-shaped interchangeable Calendar Quartz watch with Japanese Seiko TMI VK67 movement, fluoro rubber bezel, stainless steel case, sapphire crystal, 100m water resistance, A-grade lume, and fluoro rubber strap.",https://tsarbomba.com/products/tb8214w?variant=44058704183552,https://cdn.shopify.com/s/files/1/0540/8145/4255/files/Atomic-Interchangeable_Calendar_Watch_Fluororubber_Black-1.jpg?v=1724144430ï¼Œhttps://cdn.shopify.com/s/files/1/0540/8145/4255/files/Atomic-Interchangeable_Calendar_Watch_Fluororubber_Black-3.jpg?v=1724144513,https://cdn.shopify.com/s/files/1/0540/8145/4255/files/22_64bf421d-0632-4737-a739-2c9cfad151e2.png?v=1728895414,539.99,539.99,53.999,,USD,"TSAR BOMBA WATCH",new,male,Black,,,,"Stylish barrel-shaped interchangeable Calendar Quartz watch with Japanese Seiko TMI VK67 movement, fluoro rubber bezel, stainless steel case, sapphire crystal, 100m water resistance, A-grade lume, and fluoro rubber strap.",,instock
105368,109230,Tsarbomba,41882884070,https://www.awin1.com/pclick.php?p=41882884070&a=3002879&m=109230,https://images2.productserve.com/?w=200&h=200&bg=white&trim=5&t=letterbox&url=ssl%3Acdn.shopify.com%2Fs%2Ffiles%2F1%2F0540%2F8145%2F4255%2Ffiles%2F23_c853ac85-cfd7-4817-9023-7d8f9163297e.png%3Fv%3D1728895417&feedId=105368&k=61db2230fc5036099cfffbb2fd9febda4005779c,https://images2.productserve.com/?w=70&h=70&bg=white&trim=5&t=letterbox&url=ssl%3Acdn.shopify.com%2Fs%2Ffiles%2F1%2F0540%2F8145%2F4255%2Ffiles%2FAtomic-Interchangeable_Calendar_Watch_Fluororubber_Blue-1.jpg%3Fv%3D1724144584&feedId=105368&k=064a49b613b2d8388ee713cc8ff6efe1783cc8e9,544,"Men's Watches",,45mm*50.4mm*13.55mm,8214FKM-Blue,8214FKM-Blue,,,7.1702E+11,"Atomic-Interchangeable Calendar Watch Fluororubber Blue","Stylish barrel-shaped interchangeable Calendar Quartz watch with Japanese Seiko TMI VK67 movement, fluoro rubber bezel, stainless steel case, sapphire crystal, 100m water resistance, A-grade lume, and fluoro rubber strap.",https://tsarbomba.com/products/tb8214w?variant=44058704216320,https://cdn.shopify.com/s/files/1/0540/8145/4255/files/Atomic-Interchangeable_Calendar_Watch_Fluororubber_Blue-1.jpg?v=1724144584,https://cdn.shopify.com/s/files/1/0540/8145/4255/files/23_c853ac85-cfd7-4817-9023-7d8f9163297e.png?v=1728895417,539.99,539.99,53.999,,USD,"TSAR BOMBA WATCH",new,male,Blue,,,,"Stylish barrel-shaped interchangeable Calendar Quartz watch with Japanese Seiko TMI VK67 movement, fluoro rubber bezel, stainless steel case, sapphire crystal, 100m water resistance, A-grade lume, and fluoro rubber strap.",,instock
105368,109230,Tsarbomba,41882884071,https://www.awin1.com/pclick.php?p=41882884071&a=3002879&m=109230,https://images2.productserve.com/?w=200&h=200&bg=white&trim=5&t=letterbox&url=ssl%3Acdn.shopify.com%2Fs%2Ffiles%2F1%2F0540%2F8145%2F4255%2Ffiles%2F24_189375d9-b3b4-4f0a-a484-e57c30625de0.png%3Fv%3D1728895417&feedId=105368&k=d1da71e9457b253d609a0fda9995809bb5bbd3f6,https://images2.productserve.com/?w=70&h=70&bg=white&trim=5&t=letterbox&url=ssl%3Acdn.shopify.com%2Fs%2Ffiles%2F1%2F0540%2F8145%2F4255%2Ffiles%2F24_189375d9-b3b4-4f0a-a484-e57c30625de0.png%3Fv%3D1728895417&feedId=105368&k=d1da71e9457b253d609a0fda9995809bb5bbd3f6,544,"Men's Watches",,45mm*50.4mm*13.55mm,8214FKM-Green,8214FKM-Green,,,7.1702E+11,"Atomic-Interchangeable Calendar Watch Fluororubber Green","Stylish barrel-shaped interchangeable Calendar Quartz watch with Japanese Seiko TMI VK67 movement, fluoro rubber bezel, stainless steel case, sapphire crystal, 100m water resistance, A-grade lume, and fluoro rubber strap.",https://tsarbomba.com/products/tb8214w?variant=44058704249088,,https://cdn.shopify.com/s/files/1/0540/8145/4255/files/24_189375d9-b3b4-4f0a-a484-e57c30625de0.png?v=1728895417,539.99,539.99,53.999,,USD,"TSAR BOMBA WATCH",new,male,Green,,,,"Stylish barrel-shaped interchangeable Calendar Quartz watch with Japanese Seiko TMI VK67 movement, fluoro rubber bezel, stainless steel case, sapphire crystal, 100m water resistance, A-grade lume, and fluoro rubber strap.",,instock
105368,109230,Tsarbomba,41882884072,https://www.awin1.com/pclick.php?p=41882884072&a=3002879&m=109230,https://images2.productserve.com/?w=200&h=200&bg=white&trim=5&t=letterbox&url=ssl%3Acdn.shopify.com%2Fs%2Ffiles%2F1%2F0540%2F8145%2F4255%2Ffiles%2F25_cba15505-5a59-429f-a915-a72975d68179.png%3Fv%3D1728895416&feedId=105368&k=aff9e4f7ff59ad5241ad07aa542916314612eb64,https://images2.productserve.com/?w=70&h=70&bg=white&trim=5&t=letterbox&url=ssl%3Acdn.shopify.com%2Fs%2Ffiles%2F1%2F0540%2F8145%2F4255%2Ffiles%2F25_cba15505-5a59-429f-a915-a72975d68179.png%3Fv%3D1728895416&feedId=105368&k=aff9e4f7ff59ad5241ad07aa542916314612eb64,544,"Men's Watches",,45mm*50.4mm*13.55mm,"8214FKM-Light Blue","8214FKM-Light Blue",,,7.1702E+11,"Atomic-Interchangeable Calendar Watch Fluororubber Light Blue","Stylish barrel-shaped interchangeable Calendar Quartz watch with Japanese Seiko TMI VK67 movement, fluoro rubber bezel, stainless steel case, sapphire crystal, 100m water resistance, A-grade lume, and fluoro rubber strap.",https://tsarbomba.com/products/tb8214w?variant=44058704281856,,https://cdn.shopify.com/s/files/1/0540/8145/4255/files/25_cba15505-5a59-429f-a915-a72975d68179.png?v=1728895416,539.99,539.99,53.999,,USD,"TSAR BOMBA WATCH",new,male,"Light Blue",,,,"Stylish barrel-shaped interchangeable Calendar Quartz watch with Japanese Seiko TMI VK67 movement, fluoro rubber bezel, stainless steel case, sapphire crystal, 100m water resistance, A-grade lume, and fluoro rubber strap.",,instock
105368,109230,Tsarbomba,41882884073,https://www.awin1.com/pclick.php?p=41882884073&a=3002879&m=109230,https://images2.productserve.com/?w=200&h=200&bg=white&trim=5&t=letterbox&url=ssl%3Acdn.shopify.com%2Fs%2Ffiles%2F1%2F0540%2F8145%2F4255%2Ffiles%2F26_a05bd018-f3a7-42d3-8f6d-bee141c56a2d.png%3Fv%3D1728895417&feedId=105368&k=e04f0e56190a8c1cd25c186a00d40af20c9e8838,https://images2.productserve.com/?w=70&h=70&bg=white&trim=5&t=letterbox&url=ssl%3Acdn.shopify.com%2Fs%2Ffiles%2F1%2F0540%2F8145%2F4255%2Ffiles%2FAtomic-Interchangeable_Calendar_Watch_Fluororubber_Orange-1.jpg%3Fv%3D1724145488&feedId=105368&k=78e13ee919657bbbeafded38be1be8e9f047c82c,544,"Men's Watches",,45mm*50.4mm*13.55mm,8214FKM-Orange,8214FKM-Orange,,,7.1702E+11,"Atomic-Interchangeable Calendar Watch Fluororubber Orange","Stylish barrel-shaped interchangeable Calendar Quartz watch with Japanese Seiko TMI VK67 movement, fluoro rubber bezel, stainless steel case, sapphire crystal, 100m water resistance, A-grade lume, and fluoro rubber strap.",https://tsarbomba.com/products/tb8214w?variant=44058704314624,https://cdn.shopify.com/s/files/1/0540/8145/4255/files/Atomic-Interchangeable_Calendar_Watch_Fluororubber_Orange-1.jpg?v=1724145488,https://cdn.shopify.com/s/files/1/0540/8145/4255/files/26_a05bd018-f3a7-42d3-8f6d-bee141c56a2d.png?v=1728895417,539.99,539.99,53.999,,USD,"TSAR BOMBA WATCH",new,male,Orange,,,,"Stylish barrel-shaped interchangeable Calendar Quartz watch with Japanese Seiko TMI VK67 movement, fluoro rubber bezel, stainless steel case, sapphire crystal, 100m water resistance, A-grade lume, and fluoro rubber strap.",,instock
105368,109230,Tsarbomba,41882884074,https://www.awin1.com/pclick.php?p=41882884074&a=3002879&m=109230,https://images2.productserve.com/?w=200&h=200&bg=white&trim=5&t=letterbox&url=ssl%3Acdn.shopify.com%2Fs%2Ffiles%2F1%2F0540%2F8145%2F4255%2Ffiles%2F27_c38b3488-4e63-411f-ba60-454f058c0e6e.png%3Fv%3D1728895417&feedId=105368&k=c1ce7989c023ee824a9d60fb00ba84b6071186fc,https://images2.productserve.com/?w=70&h=70&bg=white&trim=5&t=letterbox&url=ssl%3Acdn.shopify.com%2Fs%2Ffiles%2F1%2F0540%2F8145%2F4255%2Ffiles%2F27_c38b3488-4e63-411f-ba60-454f058c0e6e.png%3Fv%3D1728895417&feedId=105368&k=c1ce7989c023ee824a9d60fb00ba84b6071186fc,544,"Men's Watches",,45mm*50.4mm*13.55mm,8214FKM-Red,8214FKM-Red,,,7.1702E+11,"Atomic-Interchangeable Calendar Watch Fluororubber Red","Stylish barrel-shaped interchangeable Calendar Quartz watch with Japanese Seiko TMI VK67 movement, fluoro rubber bezel, stainless steel case, sapphire crystal, 100m water resistance, A-grade lume, and fluoro rubber strap.",https://tsarbomba.com/products/tb8214w?variant=44058704347392,,https://cdn.shopify.com/s/files/1/0540/8145/4255/files/27_c38b3488-4e63-411f-ba60-454f058c0e6e.png?v=1728895417,539.99,539.99,53.999,,USD,"TSAR BOMBA WATCH",new,male,Red,,,,"Stylish barrel-shaped interchangeable Calendar Quartz watch with Japanese Seiko TMI VK67 movement, fluoro rubber bezel, stainless steel case, sapphire crystal, 100m water resistance, A-grade lume, and fluoro rubber strap.",,instock
105368,109230,Tsarbomba,41882884075,https://www.awin1.com/pclick.php?p=41882884075&a=3002879&m=109230,https://images2.productserve.com/?w=200&h=200&bg=white&trim=5&t=letterbox&url=ssl%3Acdn.shopify.com%2Fs%2Ffiles%2F1%2F0540%2F8145%2F4255%2Ffiles%2F28_6da1b404-4be6-4c51-8cc6-299e5d6f4f3a.png%3Fv%3D1728895414&feedId=105368&k=63358bcdfa0e860131116a5d8828f895218f0c43,https://images2.productserve.com/?w=70&h=70&bg=white&trim=5&t=letterbox&url=ssl%3Acdn.shopify.com%2Fs%2Ffiles%2F1%2F0540%2F8145%2F4255%2Ffiles%2FAtomic-Interchangeable_Calendar_Watch_Fluororubber_White-1.jpg%3Fv%3D1724146639%C3%AF%C2%BC%C5%92https%3A%2F%2Fcdn.shopify.com%2Fs%2Ffiles%2F1%2F0540%2F8145%2F4255%2Ffiles%2FAtomic-Interchangeable_Calendar_Watch_Fluororubber_White-2.jpg%3Fv%3D1724146654&feedId=105368&k=a5398a6cc8b82dee97053ade2e6299dfd4d4a582,544,"Men's Watches",,45mm*50.4mm*13.55mm,8214FKM-White,8214FKM-White,,,7.1702E+11,"Atomic-Interchangeable Calendar Watch Fluororubber White","Stylish barrel-shaped interchangeable Calendar Quartz watch with Japanese Seiko TMI VK67 movement, fluoro rubber bezel, stainless steel case, sapphire crystal, 100m water resistance, A-grade lume, and fluoro rubber strap.",https://tsarbomba.com/products/tb8214w?variant=44058704380160,https://cdn.shopify.com/s/files/1/0540/8145/4255/files/Atomic-Interchangeable_Calendar_Watch_Fluororubber_White-1.jpg?v=1724146639ï¼Œhttps://cdn.shopify.com/s/files/1/0540/8145/4255/files/Atomic-Interchangeable_Calendar_Watch_Fluororubber_White-2.jpg?v=1724146654,https://cdn.shopify.com/s/files/1/0540/8145/4255/files/28_6da1b404-4be6-4c51-8cc6-299e5d6f4f3a.png?v=1728895414,539.99,539.99,53.999,,USD,"TSAR BOMBA WATCH",new,male,White,,,,"Stylish barrel-shaped interchangeable Calendar Quartz watch with Japanese Seiko TMI VK67 movement, fluoro rubber bezel, stainless steel case, sapphire crystal, 100m water resistance, A-grade lume, and fluoro rubber strap.",,instock
105368,109230,Tsarbomba,41882884076,https://www.awin1.com/pclick.php?p=41882884076&a=3002879&m=109230,https://images2.productserve.com/?w=200&h=200&bg=white&trim=5&t=letterbox&url=ssl%3Acdn.shopify.com%2Fs%2Ffiles%2F1%2F0540%2F8145%2F4255%2Ffiles%2F29_944d46c7-6bb1-4f84-93f4-71ab23cf059d.png%3Fv%3D1728895417&feedId=105368&k=582bace980264c7dc2cb3124e545a2526ab5bb89,https://images2.productserve.com/?w=70&h=70&bg=white&trim=5&t=letterbox&url=ssl%3Acdn.shopify.com%2Fs%2Ffiles%2F1%2F0540%2F8145%2F4255%2Ffiles%2F29_944d46c7-6bb1-4f84-93f4-71ab23cf059d.png%3Fv%3D1728895417&feedId=105368&k=582bace980264c7dc2cb3124e545a2526ab5bb89,544,"Men's Watches",,45mm*50.4mm*13.55mm,8214FKM-Yellow,8214FKM-Yellow,,,7.1702E+11,"Atomic-Interchangeable Calendar Watch Fluororubber Yellow","Stylish barrel-shaped interchangeable Calendar Quartz watch with Japanese Seiko TMI VK67 movement, fluoro rubber bezel, stainless steel case, sapphire crystal, 100m water resistance, A-grade lume, and fluoro rubber strap.",https://tsarbomba.com/products/tb8214w?variant=44058704412928,,https://cdn.shopify.com/s/files/1/0540/8145/4255/files/29_944d46c7-6bb1-4f84-93f4-71ab23cf059d.png?v=1728895417,539.99,539.99,53.999,,USD,"TSAR BOMBA WATCH",new,male,Yellow,,,,"Stylish barrel-shaped interchangeable Calendar Quartz watch with Japanese Seiko TMI VK67 movement, fluoro rubber bezel, stainless steel case, sapphire crystal, 100m water resistance, A-grade lume, and fluoro rubber strap.",,instock
105368,109230,Tsarbomba,41882884077,https://www.awin1.com/pclick.php?p=41882884077&a=3002879&m=109230,https://images2.productserve.com/?w=200&h=200&bg=white&trim=5&t=letterbox&url=ssl%3Acdn.shopify.com%2Fs%2Ffiles%2F1%2F0540%2F8145%2F4255%2Ffiles%2F30_dbcbbaa6-1903-4c3c-92d9-b4a52abd5be7.png%3Fv%3D1728895415&feedId=105368&k=58ad7cf9fefae2b4149401fad8d8c86e99192cdc,https://images2.productserve.com/?w=70&h=70&bg=white&trim=5&t=letterbox&url=ssl%3Acdn.shopify.com%2Fs%2Ffiles%2F1%2F0540%2F8145%2F4255%2Ffiles%2F30_dbcbbaa6-1903-4c3c-92d9-b4a52abd5be7.png%3Fv%3D1728895415&feedId=105368&k=58ad7cf9fefae2b4149401fad8d8c86e99192cdc,544,"Men's Watches",,45mm*50.4mm*13.55mm,8214A-Black,8214A-Black,,,7.1702E+11,"Atomic-Interchangeable Calendar Watch Stainless Steel Black","Stylish barrel-shaped interchangeable Calendar Quartz watch with Japanese Seiko TMI VK67 movement, stainless steel bezel, stainless steel case, sapphire crystal, 100m water resistance, A-grade lume, and fluoro rubber strap.",https://tsarbomba.com/products/tb8214w?variant=44058704445696,,https://cdn.shopify.com/s/files/1/0540/8145/4255/files/30_dbcbbaa6-1903-4c3c-92d9-b4a52abd5be7.png?v=1728895415,510.99,510.99,51.099,,USD,"TSAR BOMBA WATCH",new,male,Black,,,,"Stylish barrel-shaped interchangeable Calendar Quartz watch with Japanese Seiko TMI VK67 movement, stainless steel bezel, stainless steel case, sapphire crystal, 100m water resistance, A-grade lume, and fluoro rubber strap.",,instock
105368,109230,Tsarbomba,41882884078,https://www.awin1.com/pclick.php?p=41882884078&a=3002879&m=109230,https://images2.productserve.com/?w=200&h=200&bg=white&trim=5&t=letterbox&url=ssl%3Acdn.shopify.com%2Fs%2Ffiles%2F1%2F0540%2F8145%2F4255%2Ffiles%2F31_b0fc6ff4-65b4-4d46-b347-bdcaa1da406f.png%3Fv%3D1728895416&feedId=105368&k=8383a3765e1cb1b2092e0b7e88543fd689803b80,https://images2.productserve.com/?w=70&h=70&bg=white&trim=5&t=letterbox&url=ssl%3Acdn.shopify.com%2Fs%2Ffiles%2F1%2F0540%2F8145%2F4255%2Ffiles%2F31_b0fc6ff4-65b4-4d46-b347-bdcaa1da406f.png%3Fv%3D1728895416&feedId=105368&k=8383a3765e1cb1b2092e0b7e88543fd689803b80,547,"Women's Watches",,45mm*50.4mm*13.55mm,"8214A-Rose Gold","8214A-Rose Gold",,,7.1702E+11,"Atomic-Interchangeable Calendar Watch Stainless Steel Rose Gold","Stylish barrel-shaped interchangeable Calendar Quartz watch with Japanese Seiko TMI VK67 movement, stainless steel bezel, stainless steel case, sapphire crystal, 100m water resistance, A-grade lume, and fluoro rubber strap.",https://tsarbomba.com/products/tb8214w?variant=44058704478464,,https://cdn.shopify.com/s/files/1/0540/8145/4255/files/31_b0fc6ff4-65b4-4d46-b347-bdcaa1da406f.png?v=1728895416,510.99,510.99,51.099,,USD,"TSAR BOMBA WATCH",new,male,"Rose Gold",,,,"Stylish barrel-shaped interchangeable Calendar Quartz watch with Japanese Seiko TMI VK67 movement, stainless steel bezel, stainless steel case, sapphire crystal, 100m water resistance, A-grade lume, and fluoro rubber strap.",,instock
105368,109230,Tsarbomba,41882884079,https://www.awin1.com/pclick.php?p=41882884079&a=3002879&m=109230,https://images2.productserve.com/?w=200&h=200&bg=white&trim=5&t=letterbox&url=ssl%3Acdn.shopify.com%2Fs%2Ffiles%2F1%2F0540%2F8145%2F4255%2Ffiles%2F32_a7d042ec-33eb-471f-a67f-0e61790c830a.png%3Fv%3D1728895417&feedId=105368&k=6a612d0dfc77e4beee5659cf504c7b7e6e40cc06,https://images2.productserve.com/?w=70&h=70&bg=white&trim=5&t=letterbox&url=ssl%3Acdn.shopify.com%2Fs%2Ffiles%2F1%2F0540%2F8145%2F4255%2Ffiles%2F32_a7d042ec-33eb-471f-a67f-0e61790c830a.png%3Fv%3D1728895417&feedId=105368&k=6a612d0dfc77e4beee5659cf504c7b7e6e40cc06,544,"Men's Watches",,45mm*50.4mm*13.55mm,8214A-Silver,8214A-Silver,,,7.1702E+11,"Atomic-Interchangeable Calendar Watch Stainless Steel Silver","Stylish barrel-shaped interchangeable Calendar Quartz watch with Japanese Seiko TMI VK67 movement, stainless steel bezel, stainless steel case, sapphire crystal, 100m water resistance, A-grade lume, and fluoro rubber strap.",https://tsarbomba.com/products/tb8214w?variant=44058704511232,,https://cdn.shopify.com/s/files/1/0540/8145/4255/files/32_a7d042ec-33eb-471f-a67f-0e61790c830a.png?v=1728895417,510.99,510.99,51.099,,USD,"TSAR BOMBA WATCH",new,male,Silver,,,,"Stylish barrel-shaped interchangeable Calendar Quartz watch with Japanese Seiko TMI VK67 movement, stainless steel bezel, stainless steel case, sapphire crystal, 100m water resistance, A-grade lume, and fluoro rubber strap.",,instock
