data_feed_id,merchant_id,merchant_name,aw_product_id,aw_deep_link,aw_image_url,aw_thumb_url,category_id,category_name,brand_id,brand_name,merchant_product_id,merchant_category,mpn,product_name,description,promotional_text,merchant_deep_link,merchant_image_url,currency,search_price,condition,colour,custom_1,custom_2,custom_3,custom_4,custom_5,Fashion:size,Fashion:material,alternate_image,product_short_description,merchant_product_category_path,stock_status,custom_6,product_GTIN,clean_category
113495,109230,Tsarbomba,43890232966,https://www.awin1.com/pclick.php?p=43890232966&a=3002879&m=109230,https://images2.productserve.com/?w=200&h=200&bg=white&trim=5&t=letterbox&url=ssl%3Acdn.shopify.com%2Fs%2Ffiles%2F1%2F0540%2F8145%2F4255%2Ffiles%2F1_0720aba6-5bc5-4354-9545-06a391d4e5bb.png%3Fv%3D1725701028&feedId=113495&k=40e6779b8549d32bf87b311e7b3d728f00ae84c7,https://images2.productserve.com/?w=70&h=70&bg=white&trim=5&t=letterbox&url=ssl%3Acdn.shopify.com%2Fs%2Ffiles%2F1%2F0540%2F8145%2F4255%2Ffiles%2F1_0720aba6-5bc5-4354-9545-06a391d4e5bb.png%3Fv%3D1725701028&feedId=113495&k=40e6779b8549d32bf87b311e7b3d728f00ae84c7,544,Men's Watches,,TSAR BOMBA WATCH,TB8216TF-01,Watches,TB8216TF-01,TSAR BOMBA Men's Automatic Mechanical Watch | Black | 46mm | The Neutron TB8216 | Carbon Fiber Bezel | Titanium Case,"Experience the fusion of luxury and raw mechanical power with the TSAR BOMBA TB-8216 Automatic Watch. This isn't just a timepiece; it's a statement piece designed for the modern, adventurous man.  The TB-8216 features a distinctive Tonneau Watch design, a shape synonymous with high-end, luxury wrist watches. The robust case is meticulously crafted from Forged Carbon Fiber, offering extreme durability and a unique, lightweight texture that sets it apart from standard steel watches.  At the heart of this masterpiece lies a high-precision Automatic Winding (self-winding) mechanical movement. The mesmerizing Skeleton Watch design allows you to peek directly into the complex mechanics of the engine, showcasing the artistry of traditional watchmaking.  This Men's Mechanical Watch is built for performance. It features 50M (5ATM) Waterproof performance and is protected by a scratch-resistant Sapphire Crystal glass. The comfortable FKM Rubber Strap ensures perfect wearability during all your activities, whether you're racing or attending a formal event.  Key Features & Keywords:  Movement: Reliable Self-Winding Automatic Movement.  Design: Iconic Tonneau Case with Skeleton Dial.  Material: Lightweight, high-strength Carbon Fiber Watch Case.  Durability: Sapphire Crystal and 50M Waterproof Rating.  Style: Ultimate Luxury Sport Watch for men.  Invest in a timepiece that blends high-tech materials with timeless mechanical tradition. Perfect for those searching for a premium automatic skeleton watch or a sophisticated carbon fiber luxury watch.","""Interchangeable strap automatic watch"", ""Japanese movement"", ""Power reserve dial"", “Carbon fiber bezel”, ""Titanium case"", ""Sapphire crystal"", ""50m water resistance"", ""A-grade lume"", ""Fluoro rubber strap"".",https://tsarbomba.com/products/tb8216?variant=44337398612224,https://cdn.shopify.com/s/files/1/0540/8145/4255/files/1_0720aba6-5bc5-4354-9545-06a391d4e5bb.png?v=1725701028,USD,999.99,new,Black,TSAR BOMBA WATCH Barrel Type,male,Products source-US3-Men's Watch,Neutron Series,500~1000,46mm*50.7mm*14.3mm,Titanium Alloy,"https://cdn.shopify.com/s/files/1/0540/8145/4255/files/1_404185ed-aa0f-479b-8e2c-8c0583afad7f.jpg?v=1725701042,https://cdn.shopify.com/s/files/1/0540/8145/4255/files/2.7-9.jpg?v=1725701042,https://cdn.shopify.com/s/files/1/0540/8145/4255/files/4_eaf5b80c-8ed3-427f-9efc-7da2f19a48d6.png?v=1750841813","General:Movement: Japanese Movement, General: Case Material: Titanium, General: Bezel Material: Carbon fiber, General:Crystal: Sapphire Crystal, General: Water Resistance:50m, General: Lume: A-Grade Luminous, General: Strap Material: Fluoro Rubber.",Apparel & Accessories > Jewelry > Watches,in_stock,Automatic,717020318441,Men's Watches
113495,109230,Tsarbomba,43890232967,https://www.awin1.com/pclick.php?p=43890232967&a=3002879&m=109230,https://images2.productserve.com/?w=200&h=200&bg=white&trim=5&t=letterbox&url=ssl%3Acdn.shopify.com%2Fs%2Ffiles%2F1%2F0540%2F8145%2F4255%2Ffiles%2F2_ebc59c28-d32c-4a9a-859b-3eddf69a1eef.png%3Fv%3D1725701028&feedId=113495&k=23923462d4cbe0b9a8d4a5de3c73cb312420c389,https://images2.productserve.com/?w=70&h=70&bg=white&trim=5&t=letterbox&url=ssl%3Acdn.shopify.com%2Fs%2Ffiles%2F1%2F0540%2F8145%2F4255%2Ffiles%2F2_ebc59c28-d32c-4a9a-859b-3eddf69a1eef.png%3Fv%3D1725701028&feedId=113495&k=23923462d4cbe0b9a8d4a5de3c73cb312420c389,544,Men's Watches,,TSAR BOMBA WATCH,TB8216TF-02,Watches,TB8216TF-02,TSAR BOMBA Men's Automatic Mechanical Watch | Red | 46mm | The Neutron TB8216 | Carbon Fiber Bezel | Titanium Case,"Experience the fusion of luxury and raw mechanical power with the TSAR BOMBA TB-8216 Automatic Watch. This isn't just a timepiece; it's a statement piece designed for the modern, adventurous man.  The TB-8216 features a distinctive Tonneau Watch design, a shape synonymous with high-end, luxury wrist watches. The robust case is meticulously crafted from Forged Carbon Fiber, offering extreme durability and a unique, lightweight texture that sets it apart from standard steel watches.  At the heart of this masterpiece lies a high-precision Automatic Winding (self-winding) mechanical movement. The mesmerizing Skeleton Watch design allows you to peek directly into the complex mechanics of the engine, showcasing the artistry of traditional watchmaking.  This Men's Mechanical Watch is built for performance. It features 50M (5ATM) Waterproof performance and is protected by a scratch-resistant Sapphire Crystal glass. The comfortable FKM Rubber Strap ensures perfect wearability during all your activities, whether you're racing or attending a formal event.  Key Features & Keywords:  Movement: Reliable Self-Winding Automatic Movement.  Design: Iconic Tonneau Case with Skeleton Dial.  Material: Lightweight, high-strength Carbon Fiber Watch Case.  Durability: Sapphire Crystal and 50M Waterproof Rating.  Style: Ultimate Luxury Sport Watch for men.  Invest in a timepiece that blends high-tech materials with timeless mechanical tradition. Perfect for those searching for a premium automatic skeleton watch or a sophisticated carbon fiber luxury watch.","""Interchangeable strap automatic watch"", ""Japanese movement"", ""Power reserve dial"", “Carbon fiber bezel”, ""Titanium case"", ""Sapphire crystal"", ""50m water resistance"", ""A-grade lume"", ""Fluoro rubber strap"".",https://tsarbomba.com/products/tb8216?variant=44337398644992,https://cdn.shopify.com/s/files/1/0540/8145/4255/files/2_ebc59c28-d32c-4a9a-859b-3eddf69a1eef.png?v=1725701028,USD,999.99,new,Red,TSAR BOMBA WATCH Barrel Type,male,Products source-US3-Men's Watch,Neutron Series,500~1000,46mm*50.7mm*14.3mm,Titanium Alloy,"https://cdn.shopify.com/s/files/1/0540/8145/4255/files/6_adeae7bf-09f3-4cc4-92d8-badb802289a4.jpg?v=1725701042,https://cdn.shopify.com/s/files/1/0540/8145/4255/files/2.19-3.jpg?v=1725701042,https://cdn.shopify.com/s/files/1/0540/8145/4255/files/6_7e5edaf6-dd36-4d0c-80b0-c8915c5afa60.png?v=1759909610","General:Movement: Japanese Movement, General: Case Material: Titanium, General: Bezel Material: Carbon fiber, General:Crystal: Sapphire Crystal, General: Water Resistance:50m, General: Lume: A-Grade Luminous, General: Strap Material: Fluoro Rubber.",Apparel & Accessories > Jewelry > Watches,in_stock,Automatic,717020318458,Men's Watches
113495,109230,Tsarbomba,43890232968,https://www.awin1.com/pclick.php?p=43890232968&a=3002879&m=109230,https://images2.productserve.com/?w=200&h=200&bg=white&trim=5&t=letterbox&url=ssl%3Acdn.shopify.com%2Fs%2Ffiles%2F1%2F0540%2F8145%2F4255%2Ffiles%2F3_85f7b869-bdac-4bcd-8d00-1ced710064c7.png%3Fv%3D1725701028&feedId=113495&k=57880a3b935352df9a91239fbf62bbb302653d85,https://images2.productserve.com/?w=70&h=70&bg=white&trim=5&t=letterbox&url=ssl%3Acdn.shopify.com%2Fs%2Ffiles%2F1%2F0540%2F8145%2F4255%2Ffiles%2F3_85f7b869-bdac-4bcd-8d00-1ced710064c7.png%3Fv%3D1725701028&feedId=113495&k=57880a3b935352df9a91239fbf62bbb302653d85,544,Men's Watches,,TSAR BOMBA WATCH,TB8216TF-03,Watches,TB8216TF-03,TSAR BOMBA Men's Automatic Mechanical Watch | Blue | 46mm | The Neutron TB8216 | Carbon Fiber Bezel | Titanium Case,"Experience the fusion of luxury and raw mechanical power with the TSAR BOMBA TB-8216 Automatic Watch. This isn't just a timepiece; it's a statement piece designed for the modern, adventurous man.  The TB-8216 features a distinctive Tonneau Watch design, a shape synonymous with high-end, luxury wrist watches. The robust case is meticulously crafted from Forged Carbon Fiber, offering extreme durability and a unique, lightweight texture that sets it apart from standard steel watches.  At the heart of this masterpiece lies a high-precision Automatic Winding (self-winding) mechanical movement. The mesmerizing Skeleton Watch design allows you to peek directly into the complex mechanics of the engine, showcasing the artistry of traditional watchmaking.  This Men's Mechanical Watch is built for performance. It features 50M (5ATM) Waterproof performance and is protected by a scratch-resistant Sapphire Crystal glass. The comfortable FKM Rubber Strap ensures perfect wearability during all your activities, whether you're racing or attending a formal event.  Key Features & Keywords:  Movement: Reliable Self-Winding Automatic Movement.  Design: Iconic Tonneau Case with Skeleton Dial.  Material: Lightweight, high-strength Carbon Fiber Watch Case.  Durability: Sapphire Crystal and 50M Waterproof Rating.  Style: Ultimate Luxury Sport Watch for men.  Invest in a timepiece that blends high-tech materials with timeless mechanical tradition. Perfect for those searching for a premium automatic skeleton watch or a sophisticated carbon fiber luxury watch.","""Interchangeable strap automatic watch"", ""Japanese movement"", ""Power reserve dial"", “Carbon fiber bezel”, ""Titanium case"", ""Sapphire crystal"", ""50m water resistance"", ""A-grade lume"", ""Fluoro rubber strap"".",https://tsarbomba.com/products/tb8216?variant=44337398677760,https://cdn.shopify.com/s/files/1/0540/8145/4255/files/3_85f7b869-bdac-4bcd-8d00-1ced710064c7.png?v=1725701028,USD,999.99,new,Blue,TSAR BOMBA WATCH Barrel Type,male,Products source-US3-Men's Watch,Neutron Series,500~1000,46mm*50.7mm*14.3mm,Titanium Alloy,"https://cdn.shopify.com/s/files/1/0540/8145/4255/files/2_f020c6c5-0d11-4986-8628-7d1830eb0d2d.jpg?v=1725701042,https://cdn.shopify.com/s/files/1/0540/8145/4255/files/8_0c7ef702-6bf0-4853-88d3-2111c075bddb.png?v=1728965400,https://cdn.shopify.com/s/files/1/0540/8145/4255/files/8_0c7ef702-6bf0-4853-88d3-2111c075bddb.png?v=1759909610","General:Movement: Japanese Movement, General: Case Material: Titanium, General: Bezel Material: Carbon fiber, General:Crystal: Sapphire Crystal, General: Water Resistance:50m, General: Lume: A-Grade Luminous, General: Strap Material: Fluoro Rubber.",Apparel & Accessories > Jewelry > Watches,in_stock,Automatic,717020318472,Men's Watches
113495,109230,Tsarbomba,43890232969,https://www.awin1.com/pclick.php?p=43890232969&a=3002879&m=109230,https://images2.productserve.com/?w=200&h=200&bg=white&trim=5&t=letterbox&url=ssl%3Acdn.shopify.com%2Fs%2Ffiles%2F1%2F0540%2F8145%2F4255%2Ffiles%2F8212CF.png%3Fv%3D1724724278&feedId=113495&k=4aff41c11e7525804efba1f9d98889f54fda7070,https://images2.productserve.com/?w=70&h=70&bg=white&trim=5&t=letterbox&url=ssl%3Acdn.shopify.com%2Fs%2Ffiles%2F1%2F0540%2F8145%2F4255%2Ffiles%2F8212CF.png%3Fv%3D1724724278&feedId=113495&k=4aff41c11e7525804efba1f9d98889f54fda7070,544,Men's Watches,,TSAR BOMBA WATCH,TB8212CF-01,Watches,TB8212CF-01,TSAR BOMBA Men's Automatic Luxury Sport Watch | Carbon Fiber White | Elemental TB8212 | 42.5mm | Ceramic & Carbon Fiber,"The TSAR BOMBA TB-8212 Automatic Watch delivers cutting-edge design and uncompromising accuracy. As a dedicated Quartz Watch, it uses a Japanese-made movement powered by a battery, offering superior timekeeping reliability and requiring minimal maintenance compared to mechanical counterparts.  The watch features the instantly recognizable Tonneau Watch case shape, giving it a bold, aggressive profile that fits seamlessly within the Luxury Sport Watch category. Its robust build, featuring a strong case and protective Sapphire Crystal glass, makes it a true Durable Sport Watch ready for daily wear and adventure.  This Men's Quartz Watch focuses on reliable time and date (if present, please double check) indication without unnecessary complications, making it highly legible. The watch is completed with a comfortable and long-lasting FKM rubber strap. It is the perfect choice for anyone seeking a high-style, high-accuracy Tonneau Quartz Watch with extreme durability.","""Barrel-shaped automatic watch"", ""Japanese movement"", ""carbon fiber case"", “carbon fiber bezel”, ""Power reserve indicator dial"", ""Sapphire crystal"", ""50m water resistance"", ""A-grade lume"", ""Fluoro rubber strap"".",https://tsarbomba.com/products/tb8212?variant=43566096843008,https://cdn.shopify.com/s/files/1/0540/8145/4255/files/8212CF.png?v=1724724278,USD,999.99,new,White,TSAR BOMBA WATCH Barrel Type,male,Products source-US3-Men's Watch,Elemental Series,500~1000,42.5mm*50.5mm*13.5mm,Carbon Fiber,"https://cdn.shopify.com/s/files/1/0540/8145/4255/files/8212CF_2.jpg?v=1724724509,https://cdn.shopify.com/s/files/1/0540/8145/4255/files/5_f0dc12fa-9a77-4bd9-a617-972046b81acb.jpg?v=1724724509","General:Movement: Japanese Movement, General: Case Material: Carbon Fiber, General: Bezel Material: Carbon Fiber, General:Dial: Power Reserve Indicator Dial, General:Crystal: Sapphire Crystal, General: Water Resistance:50m, General: Lume: A-Grade Luminous, General: Strap Material: Fluoro Rubber.",Apparel & Accessories > Jewelry > Watches,in_stock,Automatic,762704078036,Men's Watches
113495,109230,Tsarbomba,43890232970,https://www.awin1.com/pclick.php?p=43890232970&a=3002879&m=109230,https://images2.productserve.com/?w=200&h=200&bg=white&trim=5&t=letterbox&url=ssl%3Acdn.shopify.com%2Fs%2Ffiles%2F1%2F0540%2F8145%2F4255%2Ffiles%2F8212CF-B.png%3Fv%3D1730283216&feedId=113495&k=7925cebd77fb727662927f2000ddf1e28c549cd9,https://images2.productserve.com/?w=70&h=70&bg=white&trim=5&t=letterbox&url=ssl%3Acdn.shopify.com%2Fs%2Ffiles%2F1%2F0540%2F8145%2F4255%2Ffiles%2F8212CF-B.png%3Fv%3D1730283216&feedId=113495&k=7925cebd77fb727662927f2000ddf1e28c549cd9,544,Men's Watches,,TSAR BOMBA WATCH,TB8212CF-04,Watches,TB8212CF-04,TSAR BOMBA Men's Automatic Luxury Sport Watch | Carbon Fiber Black | Elemental TB8212 | 42.5mm | Ceramic & Carbon Fiber,"The TSAR BOMBA TB-8212 Automatic Watch delivers cutting-edge design and uncompromising accuracy. As a dedicated Quartz Watch, it uses a Japanese-made movement powered by a battery, offering superior timekeeping reliability and requiring minimal maintenance compared to mechanical counterparts.  The watch features the instantly recognizable Tonneau Watch case shape, giving it a bold, aggressive profile that fits seamlessly within the Luxury Sport Watch category. Its robust build, featuring a strong case and protective Sapphire Crystal glass, makes it a true Durable Sport Watch ready for daily wear and adventure.  This Men's Quartz Watch focuses on reliable time and date (if present, please double check) indication without unnecessary complications, making it highly legible. The watch is completed with a comfortable and long-lasting FKM rubber strap. It is the perfect choice for anyone seeking a high-style, high-accuracy Tonneau Quartz Watch with extreme durability.","""Barrel-shaped automatic watch"", ""Japanese movement"", ""carbon fiber case"", “carbon fiber bezel”, ""Power reserve indicator dial"", ""Sapphire crystal"", ""50m water resistance"", ""A-grade lume"", ""Fluoro rubber strap"".",https://tsarbomba.com/products/tb8212-us?variant=47302468993280,https://cdn.shopify.com/s/files/1/0540/8145/4255/files/8212CF-B.png?v=1730283216,USD,999.99,new,Black,TSAR BOMBA WATCH Barrel Type,male,Products source-CLE-Men's Watch,Elemental Series,500~1000,42.5mm*50.5mm*13.5mm,Carbon Fiber,"https://cdn.shopify.com/s/files/1/0540/8145/4255/files/8212CF.jpg?v=1724724509,https://cdn.shopify.com/s/files/1/0540/8145/4255/files/8_830d76f1-1e40-472c-8b7b-4eed6dbadeab.jpg?v=1724724509","General:Movement: Japanese Movement, General: Case Material: Carbon Fiber, General: Bezel Material: Carbon Fiber, General:Dial: Power Reserve Indicator Dial, General:Crystal: Sapphire Crystal, General: Water Resistance:50m, General: Lume: A-Grade Luminous, General: Strap Material: Fluoro Rubber.",Apparel & Accessories > Jewelry > Watches,in_stock,Automatic,762704078043,Men's Watches
113495,109230,Tsarbomba,43890232971,https://www.awin1.com/pclick.php?p=43890232971&a=3002879&m=109230,https://images2.productserve.com/?w=200&h=200&bg=white&trim=5&t=letterbox&url=ssl%3Acdn.shopify.com%2Fs%2Ffiles%2F1%2F0540%2F8145%2F4255%2Ffiles%2F8212CF-R.png%3Fv%3D1730283216&feedId=113495&k=878be3195551c6e0122a9520c6d596e5e774ca77,https://images2.productserve.com/?w=70&h=70&bg=white&trim=5&t=letterbox&url=ssl%3Acdn.shopify.com%2Fs%2Ffiles%2F1%2F0540%2F8145%2F4255%2Ffiles%2F8212CF-R.png%3Fv%3D1730283216&feedId=113495&k=878be3195551c6e0122a9520c6d596e5e774ca77,544,Men's Watches,,TSAR BOMBA WATCH,TB8212CF-02,Watches,TB8212CF-02,TSAR BOMBA Men's Automatic Luxury Sport Watch | Carbon Fiber Red | Elemental TB8212 | 42.5mm | Ceramic & Carbon Fiber,"The TSAR BOMBA TB-8212 Automatic Watch delivers cutting-edge design and uncompromising accuracy. As a dedicated Quartz Watch, it uses a Japanese-made movement powered by a battery, offering superior timekeeping reliability and requiring minimal maintenance compared to mechanical counterparts.  The watch features the instantly recognizable Tonneau Watch case shape, giving it a bold, aggressive profile that fits seamlessly within the Luxury Sport Watch category. Its robust build, featuring a strong case and protective Sapphire Crystal glass, makes it a true Durable Sport Watch ready for daily wear and adventure.  This Men's Quartz Watch focuses on reliable time and date (if present, please double check) indication without unnecessary complications, making it highly legible. The watch is completed with a comfortable and long-lasting FKM rubber strap. It is the perfect choice for anyone seeking a high-style, high-accuracy Tonneau Quartz Watch with extreme durability.","""Barrel-shaped automatic watch"", ""Japanese movement"", ""carbon fiber case"", “carbon fiber bezel”, ""Power reserve indicator dial"", ""Sapphire crystal"", ""50m water resistance"", ""A-grade lume"", ""Fluoro rubber strap"".",https://tsarbomba.com/products/tb8212?variant=43566096908544,https://cdn.shopify.com/s/files/1/0540/8145/4255/files/8212CF-R.png?v=1730283216,USD,999.99,new,Red,TSAR BOMBA WATCH Barrel Type,male,Products source-US3-Men's Watch,Elemental Series,500~1000,42.5mm*50.5mm*13.5mm,Carbon Fiber,"https://cdn.shopify.com/s/files/1/0540/8145/4255/files/14_fbfa61c3-37cc-45bf-8967-d6faf59fb845.jpg?v=1724724509,https://cdn.shopify.com/s/files/1/0540/8145/4255/files/8_879f854a-975e-4cb7-a948-0c1f3fb10161.jpg?v=1724724509","General:Movement: Japanese Movement, General: Case Material: Carbon Fiber, General: Bezel Material: Carbon Fiber, General:Dial: Power Reserve Indicator Dial, General:Crystal: Sapphire Crystal, General: Water Resistance:50m, General: Lume: A-Grade Luminous, General: Strap Material: Fluoro Rubber.",Apparel & Accessories > Jewelry > Watches,in_stock,Automatic,762704078050,Men's Watches
113495,109230,Tsarbomba,43890232972,https://www.awin1.com/pclick.php?p=43890232972&a=3002879&m=109230,https://images2.productserve.com/?w=200&h=200&bg=white&trim=5&t=letterbox&url=ssl%3Acdn.shopify.com%2Fs%2Ffiles%2F1%2F0540%2F8145%2F4255%2Ffiles%2F8212C-SBK.png%3Fv%3D1737020375&feedId=113495&k=7da04b5c44c042ff3369ea31ba722e569040c28f,https://images2.productserve.com/?w=70&h=70&bg=white&trim=5&t=letterbox&url=ssl%3Acdn.shopify.com%2Fs%2Ffiles%2F1%2F0540%2F8145%2F4255%2Ffiles%2F8212C-SBK.png%3Fv%3D1737020375&feedId=113495&k=7da04b5c44c042ff3369ea31ba722e569040c28f,544,Men's Watches,,TSAR BOMBA WATCH,TB8212C-05,Watches,TB8212C-05,TSAR BOMBA Men's Automatic Luxury Sport Watch | Ceramic Titanium Silver | Elemental TB8212 | 42.5mm | Ceramic & Carbon Fiber,"The TSAR BOMBA TB-8212 Automatic Watch delivers cutting-edge design and uncompromising accuracy. As a dedicated Quartz Watch, it uses a Japanese-made movement powered by a battery, offering superior timekeeping reliability and requiring minimal maintenance compared to mechanical counterparts.  The watch features the instantly recognizable Tonneau Watch case shape, giving it a bold, aggressive profile that fits seamlessly within the Luxury Sport Watch category. Its robust build, featuring a strong case and protective Sapphire Crystal glass, makes it a true Durable Sport Watch ready for daily wear and adventure.  This Men's Quartz Watch focuses on reliable time and date (if present, please double check) indication without unnecessary complications, making it highly legible. The watch is completed with a comfortable and long-lasting FKM rubber strap. It is the perfect choice for anyone seeking a high-style, high-accuracy Tonneau Quartz Watch with extreme durability.","""Barrel-shaped automatic watch"", ""Japanese movement"", ""Ceramic case"", “Ceramic bezel”, ""Power reserve indicator dial"", ""Sapphire crystal"", ""50m water resistance"", ""A-grade lume"", ""Fluoro rubber strap"".",https://tsarbomba.com/products/tb8212?variant=45737532883200,https://cdn.shopify.com/s/files/1/0540/8145/4255/files/8212C-SBK.png?v=1737020375,USD,999.99,new,Titanium Silver,TSAR BOMBA WATCH Barrel Type,male,Products source-US3-Men's Watch,Elemental Series,500~1000,42.5mm*50.5mm*13.5mm,Ceramic,"https://cdn.shopify.com/s/files/1/0540/8145/4255/files/2_1a25a03e-6033-4043-a043-cac46d54f302.jpg?v=1737020375,https://cdn.shopify.com/s/files/1/0540/8145/4255/files/1_31436138-8889-4bf2-b2a0-1d57c9558501.jpg?v=1737020375","General:Movement: Japanese Movement, General: Case Material: Ceramic, General: Bezel Material: Ceramic, General:Dial: Power Reserve Indicator Dial, General:Crystal: Sapphire Crystal, General: Water Resistance:50m, General: Lume: A-Grade Luminous, General: Strap Material: Fluoro Rubber.",Apparel & Accessories > Jewelry > Watches,out_of_stock,Automatic,717298579971,Men's Watches
113495,109230,Tsarbomba,43890232973,https://www.awin1.com/pclick.php?p=43890232973&a=3002879&m=109230,https://images2.productserve.com/?w=200&h=200&bg=white&trim=5&t=letterbox&url=ssl%3Acdn.shopify.com%2Fs%2Ffiles%2F1%2F0540%2F8145%2F4255%2Ffiles%2F8212C-B.png%3Fv%3D1737020580&feedId=113495&k=e818ab375570e53e24c0db4e396e474a76d26a87,https://images2.productserve.com/?w=70&h=70&bg=white&trim=5&t=letterbox&url=ssl%3Acdn.shopify.com%2Fs%2Ffiles%2F1%2F0540%2F8145%2F4255%2Ffiles%2F8212C-B.png%3Fv%3D1737020580&feedId=113495&k=e818ab375570e53e24c0db4e396e474a76d26a87,544,Men's Watches,,TSAR BOMBA WATCH,TB8212C-02,Watches,TB8212C-02,TSAR BOMBA Men's Automatic Luxury Sport Watch | Ceramic Black | Elemental TB8212 | 42.5mm | Ceramic & Carbon Fiber,"The TSAR BOMBA TB-8212 Automatic Watch delivers cutting-edge design and uncompromising accuracy. As a dedicated Quartz Watch, it uses a Japanese-made movement powered by a battery, offering superior timekeeping reliability and requiring minimal maintenance compared to mechanical counterparts.  The watch features the instantly recognizable Tonneau Watch case shape, giving it a bold, aggressive profile that fits seamlessly within the Luxury Sport Watch category. Its robust build, featuring a strong case and protective Sapphire Crystal glass, makes it a true Durable Sport Watch ready for daily wear and adventure.  This Men's Quartz Watch focuses on reliable time and date (if present, please double check) indication without unnecessary complications, making it highly legible. The watch is completed with a comfortable and long-lasting FKM rubber strap. It is the perfect choice for anyone seeking a high-style, high-accuracy Tonneau Quartz Watch with extreme durability.","""Barrel-shaped automatic watch"", ""Japanese movement"", ""Ceramic case"", “Ceramic bezel”, ""Power reserve indicator dial"", ""Sapphire crystal"", ""50m water resistance"", ""A-grade lume"", ""Fluoro rubber strap"".",https://tsarbomba.com/products/tb8212?variant=43953397989632,https://cdn.shopify.com/s/files/1/0540/8145/4255/files/8212C-B.png?v=1737020580,USD,999.99,new,Black,TSAR BOMBA WATCH Barrel Type,male,Products source-US3-Men's Watch,Elemental Series,500~1000,42.5mm*50.5mm*13.5mm,Ceramic,"https://cdn.shopify.com/s/files/1/0540/8145/4255/files/8212C_7c6eee12-2e8e-4f67-bb4d-9618ca1c6610.jpg?v=1737020580,https://cdn.shopify.com/s/files/1/0540/8145/4255/files/9_916de8f6-4daa-408b-b4cd-be1071364e16.jpg?v=1737020580","General:Movement: Japanese Movement, General: Case Material: Ceramic, General: Bezel Material: Ceramic, General:Dial: Power Reserve Indicator Dial, General:Crystal: Sapphire Crystal, General: Water Resistance:50m, General: Lume: A-Grade Luminous, General: Strap Material: Fluoro Rubber.",Apparel & Accessories > Jewelry > Watches,in_stock,Automatic,762704078098,Men's Watches
113495,109230,Tsarbomba,43890232974,https://www.awin1.com/pclick.php?p=43890232974&a=3002879&m=109230,https://images2.productserve.com/?w=200&h=200&bg=white&trim=5&t=letterbox&url=ssl%3Acdn.shopify.com%2Fs%2Ffiles%2F1%2F0540%2F8145%2F4255%2Ffiles%2F8212C-W.png%3Fv%3D1737020375&feedId=113495&k=8c3e1dea5e006947ade279ddf2b44c9ed790d38b,https://images2.productserve.com/?w=70&h=70&bg=white&trim=5&t=letterbox&url=ssl%3Acdn.shopify.com%2Fs%2Ffiles%2F1%2F0540%2F8145%2F4255%2Ffiles%2F8212C-W.png%3Fv%3D1737020375&feedId=113495&k=8c3e1dea5e006947ade279ddf2b44c9ed790d38b,544,Men's Watches,,TSAR BOMBA WATCH,TB8212C-01,Watches,TB8212C-01,TSAR BOMBA Men's Automatic Luxury Sport Watch | Ceramic White | Elemental TB8212 | 42.5mm | Ceramic & Carbon Fiber,"The TSAR BOMBA TB-8212 Automatic Watch delivers cutting-edge design and uncompromising accuracy. As a dedicated Quartz Watch, it uses a Japanese-made movement powered by a battery, offering superior timekeeping reliability and requiring minimal maintenance compared to mechanical counterparts.  The watch features the instantly recognizable Tonneau Watch case shape, giving it a bold, aggressive profile that fits seamlessly within the Luxury Sport Watch category. Its robust build, featuring a strong case and protective Sapphire Crystal glass, makes it a true Durable Sport Watch ready for daily wear and adventure.  This Men's Quartz Watch focuses on reliable time and date (if present, please double check) indication without unnecessary complications, making it highly legible. The watch is completed with a comfortable and long-lasting FKM rubber strap. It is the perfect choice for anyone seeking a high-style, high-accuracy Tonneau Quartz Watch with extreme durability.","""Barrel-shaped automatic watch"", ""Japanese movement"", ""Ceramic case"", “Ceramic bezel”, ""Power reserve indicator dial"", ""Sapphire crystal"", ""50m water resistance"", ""A-grade lume"", ""Fluoro rubber strap"".",https://tsarbomba.com/products/tb8212?variant=43953397956864,https://cdn.shopify.com/s/files/1/0540/8145/4255/files/8212C-W.png?v=1737020375,USD,999.99,new,White,TSAR BOMBA WATCH Barrel Type,male,Products source-US3-Men's Watch,Elemental Series,500~1000,42.5mm*50.5mm*13.5mm,Ceramic,"https://cdn.shopify.com/s/files/1/0540/8145/4255/files/8212C_2_ad58e2d0-fb37-4890-8498-78f424f8ec7a.jpg?v=1737020580,https://cdn.shopify.com/s/files/1/0540/8145/4255/files/6_dbc757bd-1228-4c2d-be6d-f762f7bb07f4.jpg?v=1737020580","General:Movement: Japanese Movement, General: Case Material: Ceramic, General: Bezel Material: Ceramic, General:Dial: Power Reserve Indicator Dial, General:Crystal: Sapphire Crystal, General: Water Resistance:50m, General: Lume: A-Grade Luminous, General: Strap Material: Fluoro Rubber.",Apparel & Accessories > Jewelry > Watches,in_stock,Automatic,762704078074,Men's Watches
113495,109230,Tsarbomba,43890232975,https://www.awin1.com/pclick.php?p=43890232975&a=3002879&m=109230,https://images2.productserve.com/?w=200&h=200&bg=white&trim=5&t=letterbox&url=ssl%3Acdn.shopify.com%2Fs%2Ffiles%2F1%2F0540%2F8145%2F4255%2Ffiles%2F8212C-R.png%3Fv%3D1737020375&feedId=113495&k=58e63155f62369db7e5ac30c6defc751a372e085,https://images2.productserve.com/?w=70&h=70&bg=white&trim=5&t=letterbox&url=ssl%3Acdn.shopify.com%2Fs%2Ffiles%2F1%2F0540%2F8145%2F4255%2Ffiles%2F8212C-R.png%3Fv%3D1737020375&feedId=113495&k=58e63155f62369db7e5ac30c6defc751a372e085,544,Men's Watches,,TSAR BOMBA WATCH,TB8212C-03,Watches,TB8212C-03,TSAR BOMBA Men's Automatic Luxury Sport Watch | Ceramic Red | Elemental TB8212 | 42.5mm | Ceramic & Carbon Fiber,"The TSAR BOMBA TB-8212 Automatic Watch delivers cutting-edge design and uncompromising accuracy. As a dedicated Quartz Watch, it uses a Japanese-made movement powered by a battery, offering superior timekeeping reliability and requiring minimal maintenance compared to mechanical counterparts.  The watch features the instantly recognizable Tonneau Watch case shape, giving it a bold, aggressive profile that fits seamlessly within the Luxury Sport Watch category. Its robust build, featuring a strong case and protective Sapphire Crystal glass, makes it a true Durable Sport Watch ready for daily wear and adventure.  This Men's Quartz Watch focuses on reliable time and date (if present, please double check) indication without unnecessary complications, making it highly legible. The watch is completed with a comfortable and long-lasting FKM rubber strap. It is the perfect choice for anyone seeking a high-style, high-accuracy Tonneau Quartz Watch with extreme durability.","""Barrel-shaped automatic watch"", ""Japanese movement"", ""Ceramic case"", “Ceramic bezel”, ""Power reserve indicator dial"", ""Sapphire crystal"", ""50m water resistance"", ""A-grade lume"", ""Fluoro rubber strap"".",https://tsarbomba.com/products/tb8212?variant=43953398022400,https://cdn.shopify.com/s/files/1/0540/8145/4255/files/8212C-R.png?v=1737020375,USD,999.99,new,Red,TSAR BOMBA WATCH Barrel Type,male,Products source-US3-Men's Watch,Elemental Series,500~1000,42.5mm*50.5mm*13.5mm,Ceramic,"https://cdn.shopify.com/s/files/1/0540/8145/4255/files/9_34e5064a-c31c-4bf4-8f14-71ff6a23d02d.jpg?v=1737020580,https://cdn.shopify.com/s/files/1/0540/8145/4255/files/11_d691999a-6333-4c4b-b13f-b6e357898b50.jpg?v=1737020580","General:Movement: Japanese Movement, General: Case Material: Ceramic, General: Bezel Material: Ceramic, General:Dial: Power Reserve Indicator Dial, General:Crystal: Sapphire Crystal, General: Water Resistance:50m, General: Lume: A-Grade Luminous, General: Strap Material: Fluoro Rubber.",Apparel & Accessories > Jewelry > Watches,in_stock,Automatic,762704078081,Men's Watches
113495,109230,Tsarbomba,43890232976,https://www.awin1.com/pclick.php?p=43890232976&a=3002879&m=109230,https://images2.productserve.com/?w=200&h=200&bg=white&trim=5&t=letterbox&url=ssl%3Acdn.shopify.com%2Fs%2Ffiles%2F1%2F0540%2F8145%2F4255%2Ffiles%2F8212C-BBL.png%3Fv%3D1721370545&feedId=113495&k=8514c2707c6a4bbd56533cb161893cd4d5967097,https://images2.productserve.com/?w=70&h=70&bg=white&trim=5&t=letterbox&url=ssl%3Acdn.shopify.com%2Fs%2Ffiles%2F1%2F0540%2F8145%2F4255%2Ffiles%2F8212C-BBL.png%3Fv%3D1721370545&feedId=113495&k=8514c2707c6a4bbd56533cb161893cd4d5967097,544,Men's Watches,,TSAR BOMBA WATCH,TB8212C-04,Watches,TB8212C-04,TSAR BOMBA Men's Automatic Luxury Sport Watch | Ceramic Blue | Elemental TB8212 | 42.5mm | Ceramic & Carbon Fiber,"The TSAR BOMBA TB-8212 Automatic Watch delivers cutting-edge design and uncompromising accuracy. As a dedicated Quartz Watch, it uses a Japanese-made movement powered by a battery, offering superior timekeeping reliability and requiring minimal maintenance compared to mechanical counterparts.  The watch features the instantly recognizable Tonneau Watch case shape, giving it a bold, aggressive profile that fits seamlessly within the Luxury Sport Watch category. Its robust build, featuring a strong case and protective Sapphire Crystal glass, makes it a true Durable Sport Watch ready for daily wear and adventure.  This Men's Quartz Watch focuses on reliable time and date (if present, please double check) indication without unnecessary complications, making it highly legible. The watch is completed with a comfortable and long-lasting FKM rubber strap. It is the perfect choice for anyone seeking a high-style, high-accuracy Tonneau Quartz Watch with extreme durability.","""Barrel-shaped automatic watch"", ""Japanese movement"", ""Ceramic case"", “Ceramic bezel”, ""Power reserve indicator dial"", ""Sapphire crystal"", ""50m water resistance"", ""A-grade lume"", ""Fluoro rubber strap"".",https://tsarbomba.com/products/tb8212?variant=45737532850432,https://cdn.shopify.com/s/files/1/0540/8145/4255/files/8212C-BBL.png?v=1721370545,USD,999.99,new,Blue,TSAR BOMBA WATCH Barrel Type,male,Products source-US3-Men's Watch,Elemental Series,500~1000,42.5mm*50.5mm*13.5mm,Ceramic,"https://cdn.shopify.com/s/files/1/0540/8145/4255/files/5_12466be7-fa6e-495d-9249-7669039eee90.png?v=1721199165,https://cdn.shopify.com/s/files/1/0540/8145/4255/files/04.png?v=1721199165","General:Movement: Japanese Movement, General: Case Material: Ceramic, General: Bezel Material: Ceramic, General:Dial: Power Reserve Indicator Dial, General:Crystal: Sapphire Crystal, General: Water Resistance:50m, General: Lume: A-Grade Luminous, General: Strap Material: Fluoro Rubber.",Apparel & Accessories > Jewelry > Watches,in_stock,Automatic,717298579940,Men's Watches
113495,109230,Tsarbomba,43890232977,https://www.awin1.com/pclick.php?p=43890232977&a=3002879&m=109230,https://images2.productserve.com/?w=200&h=200&bg=white&trim=5&t=letterbox&url=ssl%3Acdn.shopify.com%2Fs%2Ffiles%2F1%2F0540%2F8145%2F4255%2Ffiles%2F12_dd525fcb-fede-4cc3-b314-359cfa6210fd.png%3Fv%3D1728893840&feedId=113495&k=82899ed128067c5c843148da04fcfa72e43e8900,https://images2.productserve.com/?w=70&h=70&bg=white&trim=5&t=letterbox&url=ssl%3Acdn.shopify.com%2Fs%2Ffiles%2F1%2F0540%2F8145%2F4255%2Ffiles%2F12_dd525fcb-fede-4cc3-b314-359cfa6210fd.png%3Fv%3D1728893840&feedId=113495&k=82899ed128067c5c843148da04fcfa72e43e8900,544,Men's Watches,,TSAR BOMBA WATCH,8218D-Black,Watches,8218D-Black,TSAR BOMBA Men's Automatic Skeleton Watch | Interchangeable Luxury Design | Black | Atomic TB8218 | Cubic Zirconia,"Unveil the art of modern horology with the TSAR BOMBA TB-8218, a flagship model from the prestigious W-Series. This Automatic Mechanical Watch is a masterpiece of transparency and technical prowess, designed for the individual who demands a bold, futuristic aesthetic.  The TB-8218 is defined by its iconic Tonneau Watch silhouette, a hallmark of elite luxury sport watches. Its standout feature is the intricate Skeleton Watch dial, which offers an unobstructed view of the high-precision self-winding mechanical movement in action. Without the need for batteries or quartz crystals, this watch captures the raw energy of your wrist's motion to keep time.  Crafted with premium materials, the watch features a high-clarity case and a scratch-resistant Sapphire Crystal surface, ensuring the skeletonized inner workings remain visible and protected for years. The minimalist design focuses on pure timekeeping, intentionally omitting calendar or chronograph complications to maintain a clean, high-impact visual experience.  Engineered for durability and comfort, the TB-8218 includes a high-grade, skin-friendly FKM rubber strap and offers reliable water resistance for daily wear. Whether you are a collector or a trendsetter, this men's automatic watch represents the pinnacle of Luxury Mechanical design.  Key Features & Keywords:  Movement: Reliable Automatic Winding (Self-Winding) Mechanical Movement.  Design: Iconic Tonneau Case with a fully Skeletonized dial.  Material: Ultra-clear construction with scratch-resistant Sapphire Crystal.  Style: High-end Transparent Watch for a futuristic Luxury Sport look.  Function: Pure mechanical timekeeping (No batteries required).  Invest in a timepiece that stands at the intersection of transparency and power|the TSAR BOMBA TB-8218 Automatic Skeleton Watch.","""Barrel-shaped Interchangeable automatic watch"", ""Japanese movement"", ""Stainless steel case"", “Zirconia diamond bezel”, ""Sapphire crystal"", ""100m water resistance"", ""A-grade lume"", ""Fluoro rubber strap"".",https://tsarbomba.com/products/tb8218w?variant=44058738065664,https://cdn.shopify.com/s/files/1/0540/8145/4255/files/12_dd525fcb-fede-4cc3-b314-359cfa6210fd.png?v=1728893840,USD,980.99,new,Black,TSAR BOMBA WATCH Barrel Type,male,Products source-US3-Men's Watch,Atomic Series,500~1000,45mm*50.4mm*13.55mm,Cubic Zirconium,,"General:Movement: Japanese Movement, General: Case Material: Stainless Steel, General: Bezel Material: zirconia Diamond, General:Crystal: Sapphire Crystal, General: Water Resistance:100m, General: Lume: A-Grade Luminous, General: Strap Material: Fluoro Rubber.",Apparel & Accessories > Jewelry > Watches,in_stock,Automatic,717020317031,Men's Watches
113495,109230,Tsarbomba,43890232978,https://www.awin1.com/pclick.php?p=43890232978&a=3002879&m=109230,https://images2.productserve.com/?w=200&h=200&bg=white&trim=5&t=letterbox&url=ssl%3Acdn.shopify.com%2Fs%2Ffiles%2F1%2F0540%2F8145%2F4255%2Ffiles%2F13_b42a4cae-e0cc-4384-be3a-1611eca5b62c.png%3Fv%3D1728893840&feedId=113495&k=95d05e4b7ea77941b9d54038f043f6babeda1610,https://images2.productserve.com/?w=70&h=70&bg=white&trim=5&t=letterbox&url=ssl%3Acdn.shopify.com%2Fs%2Ffiles%2F1%2F0540%2F8145%2F4255%2Ffiles%2F13_b42a4cae-e0cc-4384-be3a-1611eca5b62c.png%3Fv%3D1728893840&feedId=113495&k=95d05e4b7ea77941b9d54038f043f6babeda1610,544,Men's Watches,,TSAR BOMBA WATCH,8218D-Red,Watches,8218D-Red,TSAR BOMBA Men's Automatic Skeleton Watch | Interchangeable Luxury Design | Red | Atomic TB8218 | Cubic Zirconia,"Unveil the art of modern horology with the TSAR BOMBA TB-8218, a flagship model from the prestigious W-Series. This Automatic Mechanical Watch is a masterpiece of transparency and technical prowess, designed for the individual who demands a bold, futuristic aesthetic.  The TB-8218 is defined by its iconic Tonneau Watch silhouette, a hallmark of elite luxury sport watches. Its standout feature is the intricate Skeleton Watch dial, which offers an unobstructed view of the high-precision self-winding mechanical movement in action. Without the need for batteries or quartz crystals, this watch captures the raw energy of your wrist's motion to keep time.  Crafted with premium materials, the watch features a high-clarity case and a scratch-resistant Sapphire Crystal surface, ensuring the skeletonized inner workings remain visible and protected for years. The minimalist design focuses on pure timekeeping, intentionally omitting calendar or chronograph complications to maintain a clean, high-impact visual experience.  Engineered for durability and comfort, the TB-8218 includes a high-grade, skin-friendly FKM rubber strap and offers reliable water resistance for daily wear. Whether you are a collector or a trendsetter, this men's automatic watch represents the pinnacle of Luxury Mechanical design.  Key Features & Keywords:  Movement: Reliable Automatic Winding (Self-Winding) Mechanical Movement.  Design: Iconic Tonneau Case with a fully Skeletonized dial.  Material: Ultra-clear construction with scratch-resistant Sapphire Crystal.  Style: High-end Transparent Watch for a futuristic Luxury Sport look.  Function: Pure mechanical timekeeping (No batteries required).  Invest in a timepiece that stands at the intersection of transparency and power|the TSAR BOMBA TB-8218 Automatic Skeleton Watch.","""Barrel-shaped Interchangeable automatic watch"", ""Japanese movement"", ""Stainless steel case"", “Zirconia diamond bezel”, ""Sapphire crystal"", ""100m water resistance"", ""A-grade lume"", ""Fluoro rubber strap"".",https://tsarbomba.com/products/tb8218w?variant=44058738098432,https://cdn.shopify.com/s/files/1/0540/8145/4255/files/13_b42a4cae-e0cc-4384-be3a-1611eca5b62c.png?v=1728893840,USD,980.99,new,Red,TSAR BOMBA WATCH Barrel Type,male,Products source-US3-Men's Watch,Atomic Series,500~1000,45mm*50.4mm*13.55mm,Cubic Zirconium,,"General:Movement: Japanese Movement, General: Case Material: Stainless Steel, General: Bezel Material: zirconia Diamond, General:Crystal: Sapphire Crystal, General: Water Resistance:100m, General: Lume: A-Grade Luminous, General: Strap Material: Fluoro Rubber.",Apparel & Accessories > Jewelry > Watches,in_stock,Automatic,717020317048,Men's Watches
113495,109230,Tsarbomba,43890232979,https://www.awin1.com/pclick.php?p=43890232979&a=3002879&m=109230,https://images2.productserve.com/?w=200&h=200&bg=white&trim=5&t=letterbox&url=ssl%3Acdn.shopify.com%2Fs%2Ffiles%2F1%2F0540%2F8145%2F4255%2Ffiles%2F14_044c1e74-1a5a-49da-8caa-3f6abe19b8f2.png%3Fv%3D1728893840&feedId=113495&k=68b14b2bfbf513ccb78ae0e6da65a235790c0451,https://images2.productserve.com/?w=70&h=70&bg=white&trim=5&t=letterbox&url=ssl%3Acdn.shopify.com%2Fs%2Ffiles%2F1%2F0540%2F8145%2F4255%2Ffiles%2F14_044c1e74-1a5a-49da-8caa-3f6abe19b8f2.png%3Fv%3D1728893840&feedId=113495&k=68b14b2bfbf513ccb78ae0e6da65a235790c0451,544,Men's Watches,,TSAR BOMBA WATCH,8218D-White,Watches,8218D-White,TSAR BOMBA Men's Automatic Skeleton Watch | Interchangeable Luxury Design | White | Atomic TB8218 | Cubic Zirconia,"Unveil the art of modern horology with the TSAR BOMBA TB-8218, a flagship model from the prestigious W-Series. This Automatic Mechanical Watch is a masterpiece of transparency and technical prowess, designed for the individual who demands a bold, futuristic aesthetic.  The TB-8218 is defined by its iconic Tonneau Watch silhouette, a hallmark of elite luxury sport watches. Its standout feature is the intricate Skeleton Watch dial, which offers an unobstructed view of the high-precision self-winding mechanical movement in action. Without the need for batteries or quartz crystals, this watch captures the raw energy of your wrist's motion to keep time.  Crafted with premium materials, the watch features a high-clarity case and a scratch-resistant Sapphire Crystal surface, ensuring the skeletonized inner workings remain visible and protected for years. The minimalist design focuses on pure timekeeping, intentionally omitting calendar or chronograph complications to maintain a clean, high-impact visual experience.  Engineered for durability and comfort, the TB-8218 includes a high-grade, skin-friendly FKM rubber strap and offers reliable water resistance for daily wear. Whether you are a collector or a trendsetter, this men's automatic watch represents the pinnacle of Luxury Mechanical design.  Key Features & Keywords:  Movement: Reliable Automatic Winding (Self-Winding) Mechanical Movement.  Design: Iconic Tonneau Case with a fully Skeletonized dial.  Material: Ultra-clear construction with scratch-resistant Sapphire Crystal.  Style: High-end Transparent Watch for a futuristic Luxury Sport look.  Function: Pure mechanical timekeeping (No batteries required).  Invest in a timepiece that stands at the intersection of transparency and power|the TSAR BOMBA TB-8218 Automatic Skeleton Watch.","""Barrel-shaped Interchangeable automatic watch"", ""Japanese movement"", ""Stainless steel case"", “Zirconia diamond bezel”, ""Sapphire crystal"", ""100m water resistance"", ""A-grade lume"", ""Fluoro rubber strap"".",https://tsarbomba.com/products/tb8218w?variant=44058738131200,https://cdn.shopify.com/s/files/1/0540/8145/4255/files/14_044c1e74-1a5a-49da-8caa-3f6abe19b8f2.png?v=1728893840,USD,980.99,new,White,TSAR BOMBA WATCH Barrel Type,male,Products source-US3-Men's Watch,Atomic Series,500~1000,45mm*50.4mm*13.55mm,Cubic Zirconium,,"General:Movement: Japanese Movement, General: Case Material: Stainless Steel, General: Bezel Material: zirconia Diamond, General:Crystal: Sapphire Crystal, General: Water Resistance:100m, General: Lume: A-Grade Luminous, General: Strap Material: Fluoro Rubber.",Apparel & Accessories > Jewelry > Watches,in_stock,Automatic,717020317062,Men's Watches
113495,109230,Tsarbomba,43890232980,https://www.awin1.com/pclick.php?p=43890232980&a=3002879&m=109230,https://images2.productserve.com/?w=200&h=200&bg=white&trim=5&t=letterbox&url=ssl%3Acdn.shopify.com%2Fs%2Ffiles%2F1%2F0540%2F8145%2F4255%2Ffiles%2F3_45c04ac0-d093-42a1-8fd2-464549f44f0f.png%3Fv%3D1728893840&feedId=113495&k=6a0f5aa512764b97d812e8f7e0c51eac8f86d0ce,https://images2.productserve.com/?w=70&h=70&bg=white&trim=5&t=letterbox&url=ssl%3Acdn.shopify.com%2Fs%2Ffiles%2F1%2F0540%2F8145%2F4255%2Ffiles%2F3_45c04ac0-d093-42a1-8fd2-464549f44f0f.png%3Fv%3D1728893840&feedId=113495&k=6a0f5aa512764b97d812e8f7e0c51eac8f86d0ce,544,Men's Watches,,TSAR BOMBA WATCH,8218CF-Black Orange,Watches,8218CF-Black Orange,TSAR BOMBA Men's Automatic Skeleton Watch | Interchangeable Luxury Design | Black Orange | Atomic TB8218 | Carbon Fiber,"Unveil the art of modern horology with the TSAR BOMBA TB-8218, a flagship model from the prestigious W-Series. This Automatic Mechanical Watch is a masterpiece of transparency and technical prowess, designed for the individual who demands a bold, futuristic aesthetic.  The TB-8218 is defined by its iconic Tonneau Watch silhouette, a hallmark of elite luxury sport watches. Its standout feature is the intricate Skeleton Watch dial, which offers an unobstructed view of the high-precision self-winding mechanical movement in action. Without the need for batteries or quartz crystals, this watch captures the raw energy of your wrist's motion to keep time.  Crafted with premium materials, the watch features a high-clarity case and a scratch-resistant Sapphire Crystal surface, ensuring the skeletonized inner workings remain visible and protected for years. The minimalist design focuses on pure timekeeping, intentionally omitting calendar or chronograph complications to maintain a clean, high-impact visual experience.  Engineered for durability and comfort, the TB-8218 includes a high-grade, skin-friendly FKM rubber strap and offers reliable water resistance for daily wear. Whether you are a collector or a trendsetter, this men's automatic watch represents the pinnacle of Luxury Mechanical design.  Key Features & Keywords:  Movement: Reliable Automatic Winding (Self-Winding) Mechanical Movement.  Design: Iconic Tonneau Case with a fully Skeletonized dial.  Material: Ultra-clear construction with scratch-resistant Sapphire Crystal.  Style: High-end Transparent Watch for a futuristic Luxury Sport look.  Function: Pure mechanical timekeeping (No batteries required).  Invest in a timepiece that stands at the intersection of transparency and power|the TSAR BOMBA TB-8218 Automatic Skeleton Watch.","""Barrel-shaped Interchangeable automatic watch"", ""Japanese movement"", ""Stainless steel case"", “Carbon fiber bezel”, ""Sapphire crystal"", ""100m water resistance"", ""A-grade lume"", ""Fluoro rubber strap"".",https://tsarbomba.com/products/tb8218w?variant=44058738000128,https://cdn.shopify.com/s/files/1/0540/8145/4255/files/3_45c04ac0-d093-42a1-8fd2-464549f44f0f.png?v=1728893840,USD,830.99,new,Black Orange,TSAR BOMBA WATCH Barrel Type,male,Products source-US3-Men's Watch,Atomic Series,500~1000,45mm*50.4mm*13.55mm,Carbon Fiber,"https://cdn.shopify.com/s/files/1/0540/8145/4255/files/8218OB_c4dfefb2-fc19-45b7-a2c8-f1a3be6b4a7f.png?v=1732680728,https://cdn.shopify.com/s/files/1/0540/8145/4255/files/2_6099c305-b1bd-4a03-b840-2090d5f94eec.png?v=1728893836","General:Movement: Japanese Movement, General: Case Material: Stainless Steel, General: Bezel Material: Carbon Fiber, General:Crystal: Sapphire Crystal, General: Water Resistance:100m, General: Lume: A-Grade Luminous, General: Strap Material: Fluoro Rubber.",Apparel & Accessories > Jewelry > Watches,in_stock,Automatic,717020316898,Men's Watches
113495,109230,Tsarbomba,43890232981,https://www.awin1.com/pclick.php?p=43890232981&a=3002879&m=109230,https://images2.productserve.com/?w=200&h=200&bg=white&trim=5&t=letterbox&url=ssl%3Acdn.shopify.com%2Fs%2Ffiles%2F1%2F0540%2F8145%2F4255%2Ffiles%2F4_0ae40448-cd3d-4963-b933-b967ee14696b.png%3Fv%3D1728893839&feedId=113495&k=f108ea1691e1184c3c8e910ad30e54fa16f17a72,https://images2.productserve.com/?w=70&h=70&bg=white&trim=5&t=letterbox&url=ssl%3Acdn.shopify.com%2Fs%2Ffiles%2F1%2F0540%2F8145%2F4255%2Ffiles%2F4_0ae40448-cd3d-4963-b933-b967ee14696b.png%3Fv%3D1728893839&feedId=113495&k=f108ea1691e1184c3c8e910ad30e54fa16f17a72,544,Men's Watches,,TSAR BOMBA WATCH,8218CF-Black,Watches,8218CF-Black,TSAR BOMBA Men's Automatic Skeleton Watch | Interchangeable Luxury Design | Black | Atomic TB8218 | Carbon Fiber,"Unveil the art of modern horology with the TSAR BOMBA TB-8218, a flagship model from the prestigious W-Series. This Automatic Mechanical Watch is a masterpiece of transparency and technical prowess, designed for the individual who demands a bold, futuristic aesthetic.  The TB-8218 is defined by its iconic Tonneau Watch silhouette, a hallmark of elite luxury sport watches. Its standout feature is the intricate Skeleton Watch dial, which offers an unobstructed view of the high-precision self-winding mechanical movement in action. Without the need for batteries or quartz crystals, this watch captures the raw energy of your wrist's motion to keep time.  Crafted with premium materials, the watch features a high-clarity case and a scratch-resistant Sapphire Crystal surface, ensuring the skeletonized inner workings remain visible and protected for years. The minimalist design focuses on pure timekeeping, intentionally omitting calendar or chronograph complications to maintain a clean, high-impact visual experience.  Engineered for durability and comfort, the TB-8218 includes a high-grade, skin-friendly FKM rubber strap and offers reliable water resistance for daily wear. Whether you are a collector or a trendsetter, this men's automatic watch represents the pinnacle of Luxury Mechanical design.  Key Features & Keywords:  Movement: Reliable Automatic Winding (Self-Winding) Mechanical Movement.  Design: Iconic Tonneau Case with a fully Skeletonized dial.  Material: Ultra-clear construction with scratch-resistant Sapphire Crystal.  Style: High-end Transparent Watch for a futuristic Luxury Sport look.  Function: Pure mechanical timekeeping (No batteries required).  Invest in a timepiece that stands at the intersection of transparency and power|the TSAR BOMBA TB-8218 Automatic Skeleton Watch.","""Barrel-shaped Interchangeable automatic watch"", ""Japanese movement"", ""Stainless steel case"", “Carbon fiber bezel”, ""Sapphire crystal"", ""100m water resistance"", ""A-grade lume"", ""Fluoro rubber strap"".",https://tsarbomba.com/products/tb8218w?variant=44058737803520,https://cdn.shopify.com/s/files/1/0540/8145/4255/files/4_0ae40448-cd3d-4963-b933-b967ee14696b.png?v=1728893839,USD,830.99,new,Black,TSAR BOMBA WATCH Barrel Type,male,Products source-US3-Men's Watch,Atomic Series,500~1000,45mm*50.4mm*13.55mm,Carbon Fiber,"https://cdn.shopify.com/s/files/1/0540/8145/4255/files/Atomic-Interchangeable_Automatic_Watch_Carbon_Fiber_Black-1.jpg?v=1723630975,https://cdn.shopify.com/s/files/1/0540/8145/4255/files/Atomic-Interchangeable_Automatic_Watch_Carbon_Fiber_Black-2.jpg?v=1723630986","General:Movement: Japanese Movement, General: Case Material: Stainless Steel, General: Bezel Material: Carbon Fiber, General:Crystal: Sapphire Crystal, General: Water Resistance:100m, General: Lume: A-Grade Luminous, General: Strap Material: Fluoro Rubber.",Apparel & Accessories > Jewelry > Watches,in_stock,Automatic,717020316911,Men's Watches
113495,109230,Tsarbomba,43890232982,https://www.awin1.com/pclick.php?p=43890232982&a=3002879&m=109230,https://images2.productserve.com/?w=200&h=200&bg=white&trim=5&t=letterbox&url=ssl%3Acdn.shopify.com%2Fs%2Ffiles%2F1%2F0540%2F8145%2F4255%2Ffiles%2F5-1.png%3Fv%3D1728893840&feedId=113495&k=d87fcc6edffa6b799d2ad7adb65e063a5e81975c,https://images2.productserve.com/?w=70&h=70&bg=white&trim=5&t=letterbox&url=ssl%3Acdn.shopify.com%2Fs%2Ffiles%2F1%2F0540%2F8145%2F4255%2Ffiles%2F5-1.png%3Fv%3D1728893840&feedId=113495&k=d87fcc6edffa6b799d2ad7adb65e063a5e81975c,544,Men's Watches,,TSAR BOMBA WATCH,8218CF-Elite White,Watches,8218CF-Elite White,TSAR BOMBA Men's Automatic Skeleton Watch | Interchangeable Luxury Design | Elite White | Atomic TB8218 | Carbon Fiber,"Unveil the art of modern horology with the TSAR BOMBA TB-8218, a flagship model from the prestigious W-Series. This Automatic Mechanical Watch is a masterpiece of transparency and technical prowess, designed for the individual who demands a bold, futuristic aesthetic.  The TB-8218 is defined by its iconic Tonneau Watch silhouette, a hallmark of elite luxury sport watches. Its standout feature is the intricate Skeleton Watch dial, which offers an unobstructed view of the high-precision self-winding mechanical movement in action. Without the need for batteries or quartz crystals, this watch captures the raw energy of your wrist's motion to keep time.  Crafted with premium materials, the watch features a high-clarity case and a scratch-resistant Sapphire Crystal surface, ensuring the skeletonized inner workings remain visible and protected for years. The minimalist design focuses on pure timekeeping, intentionally omitting calendar or chronograph complications to maintain a clean, high-impact visual experience.  Engineered for durability and comfort, the TB-8218 includes a high-grade, skin-friendly FKM rubber strap and offers reliable water resistance for daily wear. Whether you are a collector or a trendsetter, this men's automatic watch represents the pinnacle of Luxury Mechanical design.  Key Features & Keywords:  Movement: Reliable Automatic Winding (Self-Winding) Mechanical Movement.  Design: Iconic Tonneau Case with a fully Skeletonized dial.  Material: Ultra-clear construction with scratch-resistant Sapphire Crystal.  Style: High-end Transparent Watch for a futuristic Luxury Sport look.  Function: Pure mechanical timekeeping (No batteries required).  Invest in a timepiece that stands at the intersection of transparency and power|the TSAR BOMBA TB-8218 Automatic Skeleton Watch.","""Barrel-shaped Interchangeable automatic watch"", ""Japanese movement"", ""Stainless steel case"", “Carbon fiber bezel”, ""Sapphire crystal"", ""100m water resistance"", ""A-grade lume"", ""Fluoro rubber strap"".",https://tsarbomba.com/products/tb8218w?variant=44894465360128,https://cdn.shopify.com/s/files/1/0540/8145/4255/files/5-1.png?v=1728893840,USD,830.99,new,Elite White,TSAR BOMBA WATCH Barrel Type,male,Products source-US3-Men's Watch,Atomic Series,500~1000,45mm*50.4mm*13.55mm,Carbon Fiber,,"General:Movement: Japanese Movement, General: Case Material: Stainless Steel, General: Bezel Material: Carbon Fiber, General:Crystal: Sapphire Crystal, General: Water Resistance:100m, General: Lume: A-Grade Luminous, General: Strap Material: Fluoro Rubber.",Apparel & Accessories > Jewelry > Watches,in_stock,Automatic,717020806726,Men's Watches
113495,109230,Tsarbomba,43890232983,https://www.awin1.com/pclick.php?p=43890232983&a=3002879&m=109230,https://images2.productserve.com/?w=200&h=200&bg=white&trim=5&t=letterbox&url=ssl%3Acdn.shopify.com%2Fs%2Ffiles%2F1%2F0540%2F8145%2F4255%2Ffiles%2F5-2.png%3Fv%3D1728893839&feedId=113495&k=a424bd92d234f4d71a9752aa944ac09afc6a1063,https://images2.productserve.com/?w=70&h=70&bg=white&trim=5&t=letterbox&url=ssl%3Acdn.shopify.com%2Fs%2Ffiles%2F1%2F0540%2F8145%2F4255%2Ffiles%2F5-2.png%3Fv%3D1728893839&feedId=113495&k=a424bd92d234f4d71a9752aa944ac09afc6a1063,544,Men's Watches,,TSAR BOMBA WATCH,8218CF-White,Watches,8218CF-White,TSAR BOMBA Men's Automatic Skeleton Watch | Interchangeable Luxury Design | White | Atomic TB8218 | Carbon Fiber,"Unveil the art of modern horology with the TSAR BOMBA TB-8218, a flagship model from the prestigious W-Series. This Automatic Mechanical Watch is a masterpiece of transparency and technical prowess, designed for the individual who demands a bold, futuristic aesthetic.  The TB-8218 is defined by its iconic Tonneau Watch silhouette, a hallmark of elite luxury sport watches. Its standout feature is the intricate Skeleton Watch dial, which offers an unobstructed view of the high-precision self-winding mechanical movement in action. Without the need for batteries or quartz crystals, this watch captures the raw energy of your wrist's motion to keep time.  Crafted with premium materials, the watch features a high-clarity case and a scratch-resistant Sapphire Crystal surface, ensuring the skeletonized inner workings remain visible and protected for years. The minimalist design focuses on pure timekeeping, intentionally omitting calendar or chronograph complications to maintain a clean, high-impact visual experience.  Engineered for durability and comfort, the TB-8218 includes a high-grade, skin-friendly FKM rubber strap and offers reliable water resistance for daily wear. Whether you are a collector or a trendsetter, this men's automatic watch represents the pinnacle of Luxury Mechanical design.  Key Features & Keywords:  Movement: Reliable Automatic Winding (Self-Winding) Mechanical Movement.  Design: Iconic Tonneau Case with a fully Skeletonized dial.  Material: Ultra-clear construction with scratch-resistant Sapphire Crystal.  Style: High-end Transparent Watch for a futuristic Luxury Sport look.  Function: Pure mechanical timekeeping (No batteries required).  Invest in a timepiece that stands at the intersection of transparency and power|the TSAR BOMBA TB-8218 Automatic Skeleton Watch.","""Barrel-shaped Interchangeable automatic watch"", ""Japanese movement"", ""Stainless steel case"", “Carbon fiber bezel”, ""Sapphire crystal"", ""100m water resistance"", ""A-grade lume"", ""Fluoro rubber strap"".",https://tsarbomba.com/products/tb8218w?variant=44058737836288,https://cdn.shopify.com/s/files/1/0540/8145/4255/files/5-2.png?v=1728893839,USD,830.99,new,White,TSAR BOMBA WATCH Barrel Type,male,Products source-US3-Men's Watch,Atomic Series,500~1000,45mm*50.4mm*13.55mm,Carbon Fiber,"https://cdn.shopify.com/s/files/1/0540/8145/4255/files/Atomic-Interchangeable_Automatic_Watch_Carbon_Fiber_White-1.jpg?v=1723631035,https://cdn.shopify.com/s/files/1/0540/8145/4255/files/Atomic-Interchangeable_Automatic_Watch_Carbon_Fiber_White-2.jpg?v=1723631046","General:Movement: Japanese Movement, General: Case Material: Stainless Steel, General: Bezel Material: Carbon Fiber, General:Crystal: Sapphire Crystal, General: Water Resistance:100m, General: Lume: A-Grade Luminous, General: Strap Material: Fluoro Rubber.",Apparel & Accessories > Jewelry > Watches,in_stock,Automatic,717020316928,Men's Watches
113495,109230,Tsarbomba,43890232984,https://www.awin1.com/pclick.php?p=43890232984&a=3002879&m=109230,https://images2.productserve.com/?w=200&h=200&bg=white&trim=5&t=letterbox&url=ssl%3Acdn.shopify.com%2Fs%2Ffiles%2F1%2F0540%2F8145%2F4255%2Ffiles%2F6_b1851944-f7ad-4261-a06d-18b35cf702ac.png%3Fv%3D1728893840&feedId=113495&k=37034fbf8b6775d35e85dc7df72268b45a11fd8b,https://images2.productserve.com/?w=70&h=70&bg=white&trim=5&t=letterbox&url=ssl%3Acdn.shopify.com%2Fs%2Ffiles%2F1%2F0540%2F8145%2F4255%2Ffiles%2F6_b1851944-f7ad-4261-a06d-18b35cf702ac.png%3Fv%3D1728893840&feedId=113495&k=37034fbf8b6775d35e85dc7df72268b45a11fd8b,544,Men's Watches,,TSAR BOMBA WATCH,8218CF-Red,Watches,8218CF-Red,TSAR BOMBA Men's Automatic Skeleton Watch | Interchangeable Luxury Design | Red | Atomic TB8218 | Carbon Fiber,"Unveil the art of modern horology with the TSAR BOMBA TB-8218, a flagship model from the prestigious W-Series. This Automatic Mechanical Watch is a masterpiece of transparency and technical prowess, designed for the individual who demands a bold, futuristic aesthetic.  The TB-8218 is defined by its iconic Tonneau Watch silhouette, a hallmark of elite luxury sport watches. Its standout feature is the intricate Skeleton Watch dial, which offers an unobstructed view of the high-precision self-winding mechanical movement in action. Without the need for batteries or quartz crystals, this watch captures the raw energy of your wrist's motion to keep time.  Crafted with premium materials, the watch features a high-clarity case and a scratch-resistant Sapphire Crystal surface, ensuring the skeletonized inner workings remain visible and protected for years. The minimalist design focuses on pure timekeeping, intentionally omitting calendar or chronograph complications to maintain a clean, high-impact visual experience.  Engineered for durability and comfort, the TB-8218 includes a high-grade, skin-friendly FKM rubber strap and offers reliable water resistance for daily wear. Whether you are a collector or a trendsetter, this men's automatic watch represents the pinnacle of Luxury Mechanical design.  Key Features & Keywords:  Movement: Reliable Automatic Winding (Self-Winding) Mechanical Movement.  Design: Iconic Tonneau Case with a fully Skeletonized dial.  Material: Ultra-clear construction with scratch-resistant Sapphire Crystal.  Style: High-end Transparent Watch for a futuristic Luxury Sport look.  Function: Pure mechanical timekeeping (No batteries required).  Invest in a timepiece that stands at the intersection of transparency and power|the TSAR BOMBA TB-8218 Automatic Skeleton Watch.","""Barrel-shaped Interchangeable automatic watch"", ""Japanese movement"", ""Stainless steel case"", “Carbon fiber bezel”, ""Sapphire crystal"", ""100m water resistance"", ""A-grade lume"", ""Fluoro rubber strap"".",https://tsarbomba.com/products/tb8218w?variant=44058737869056,https://cdn.shopify.com/s/files/1/0540/8145/4255/files/6_b1851944-f7ad-4261-a06d-18b35cf702ac.png?v=1728893840,USD,830.99,new,Red,TSAR BOMBA WATCH Barrel Type,male,Products source-US3-Men's Watch,Atomic Series,500~1000,45mm*50.4mm*13.55mm,Carbon Fiber,"https://cdn.shopify.com/s/files/1/0540/8145/4255/files/Atomic-Interchangeable_Automatic_Watch_Carbon_Fiber_Red-1.jpg?v=1723631078,https://cdn.shopify.com/s/files/1/0540/8145/4255/files/Atomic-Interchangeable_Automatic_Watch_Carbon_Fiber_Red-2.jpg?v=1723631091","General:Movement: Japanese Movement, General: Case Material: Stainless Steel, General: Bezel Material: Carbon Fiber, General:Crystal: Sapphire Crystal, General: Water Resistance:100m, General: Lume: A-Grade Luminous, General: Strap Material: Fluoro Rubber.",Apparel & Accessories > Jewelry > Watches,in_stock,Automatic,717020316942,Men's Watches
113495,109230,Tsarbomba,43890232985,https://www.awin1.com/pclick.php?p=43890232985&a=3002879&m=109230,https://images2.productserve.com/?w=200&h=200&bg=white&trim=5&t=letterbox&url=ssl%3Acdn.shopify.com%2Fs%2Ffiles%2F1%2F0540%2F8145%2F4255%2Ffiles%2F7_dbd6a243-ce2a-4a54-a3c8-f9f1bd11c484.png%3Fv%3D1728893840&feedId=113495&k=bd6538401c54bc1bfcb0e5a0dc126e88ffa2cd97,https://images2.productserve.com/?w=70&h=70&bg=white&trim=5&t=letterbox&url=ssl%3Acdn.shopify.com%2Fs%2Ffiles%2F1%2F0540%2F8145%2F4255%2Ffiles%2F7_dbd6a243-ce2a-4a54-a3c8-f9f1bd11c484.png%3Fv%3D1728893840&feedId=113495&k=bd6538401c54bc1bfcb0e5a0dc126e88ffa2cd97,544,Men's Watches,,TSAR BOMBA WATCH,8218CF-Black Red,Watches,8218CF-Black Red,TSAR BOMBA Men's Automatic Skeleton Watch | Interchangeable Luxury Design | Black Red | Atomic TB8218 | Carbon Fiber,"Unveil the art of modern horology with the TSAR BOMBA TB-8218, a flagship model from the prestigious W-Series. This Automatic Mechanical Watch is a masterpiece of transparency and technical prowess, designed for the individual who demands a bold, futuristic aesthetic.  The TB-8218 is defined by its iconic Tonneau Watch silhouette, a hallmark of elite luxury sport watches. Its standout feature is the intricate Skeleton Watch dial, which offers an unobstructed view of the high-precision self-winding mechanical movement in action. Without the need for batteries or quartz crystals, this watch captures the raw energy of your wrist's motion to keep time.  Crafted with premium materials, the watch features a high-clarity case and a scratch-resistant Sapphire Crystal surface, ensuring the skeletonized inner workings remain visible and protected for years. The minimalist design focuses on pure timekeeping, intentionally omitting calendar or chronograph complications to maintain a clean, high-impact visual experience.  Engineered for durability and comfort, the TB-8218 includes a high-grade, skin-friendly FKM rubber strap and offers reliable water resistance for daily wear. Whether you are a collector or a trendsetter, this men's automatic watch represents the pinnacle of Luxury Mechanical design.  Key Features & Keywords:  Movement: Reliable Automatic Winding (Self-Winding) Mechanical Movement.  Design: Iconic Tonneau Case with a fully Skeletonized dial.  Material: Ultra-clear construction with scratch-resistant Sapphire Crystal.  Style: High-end Transparent Watch for a futuristic Luxury Sport look.  Function: Pure mechanical timekeeping (No batteries required).  Invest in a timepiece that stands at the intersection of transparency and power|the TSAR BOMBA TB-8218 Automatic Skeleton Watch.","""Barrel-shaped Interchangeable automatic watch"", ""Japanese movement"", ""Stainless steel case"", “Carbon fiber bezel”, ""Sapphire crystal"", ""100m water resistance"", ""A-grade lume"", ""Fluoro rubber strap"".",https://tsarbomba.com/products/tb8218w?variant=44361956131072,https://cdn.shopify.com/s/files/1/0540/8145/4255/files/7_dbd6a243-ce2a-4a54-a3c8-f9f1bd11c484.png?v=1728893840,USD,830.99,new,Black Red,TSAR BOMBA WATCH Barrel Type,male,Products source-US3-Men's Watch,Atomic Series,500~1000,45mm*50.4mm*13.55mm,Carbon Fiber,,"General:Movement: Japanese Movement, General: Case Material: Stainless Steel, General: Bezel Material: Carbon Fiber, General:Crystal: Sapphire Crystal, General: Water Resistance:100m, General: Lume: A-Grade Luminous, General: Strap Material: Fluoro Rubber.",Apparel & Accessories > Jewelry > Watches,in_stock,Automatic,717020316959,Men's Watches
113495,109230,Tsarbomba,43890232986,https://www.awin1.com/pclick.php?p=43890232986&a=3002879&m=109230,https://images2.productserve.com/?w=200&h=200&bg=white&trim=5&t=letterbox&url=ssl%3Acdn.shopify.com%2Fs%2Ffiles%2F1%2F0540%2F8145%2F4255%2Ffiles%2F8_ee0e2845-67be-430d-8379-21799831b4ac.png%3Fv%3D1728893840&feedId=113495&k=aa7c057b855f3d84133a1d08b78ce785fb387645,https://images2.productserve.com/?w=70&h=70&bg=white&trim=5&t=letterbox&url=ssl%3Acdn.shopify.com%2Fs%2Ffiles%2F1%2F0540%2F8145%2F4255%2Ffiles%2F8_ee0e2845-67be-430d-8379-21799831b4ac.png%3Fv%3D1728893840&feedId=113495&k=aa7c057b855f3d84133a1d08b78ce785fb387645,544,Men's Watches,,TSAR BOMBA WATCH,8218CF-Blue,Watches,8218CF-Blue,TSAR BOMBA Men's Automatic Skeleton Watch | Interchangeable Luxury Design | Blue | Atomic TB8218 | Carbon Fiber,"Unveil the art of modern horology with the TSAR BOMBA TB-8218, a flagship model from the prestigious W-Series. This Automatic Mechanical Watch is a masterpiece of transparency and technical prowess, designed for the individual who demands a bold, futuristic aesthetic.  The TB-8218 is defined by its iconic Tonneau Watch silhouette, a hallmark of elite luxury sport watches. Its standout feature is the intricate Skeleton Watch dial, which offers an unobstructed view of the high-precision self-winding mechanical movement in action. Without the need for batteries or quartz crystals, this watch captures the raw energy of your wrist's motion to keep time.  Crafted with premium materials, the watch features a high-clarity case and a scratch-resistant Sapphire Crystal surface, ensuring the skeletonized inner workings remain visible and protected for years. The minimalist design focuses on pure timekeeping, intentionally omitting calendar or chronograph complications to maintain a clean, high-impact visual experience.  Engineered for durability and comfort, the TB-8218 includes a high-grade, skin-friendly FKM rubber strap and offers reliable water resistance for daily wear. Whether you are a collector or a trendsetter, this men's automatic watch represents the pinnacle of Luxury Mechanical design.  Key Features & Keywords:  Movement: Reliable Automatic Winding (Self-Winding) Mechanical Movement.  Design: Iconic Tonneau Case with a fully Skeletonized dial.  Material: Ultra-clear construction with scratch-resistant Sapphire Crystal.  Style: High-end Transparent Watch for a futuristic Luxury Sport look.  Function: Pure mechanical timekeeping (No batteries required).  Invest in a timepiece that stands at the intersection of transparency and power|the TSAR BOMBA TB-8218 Automatic Skeleton Watch.","""Barrel-shaped Interchangeable automatic watch"", ""Japanese movement"", ""Stainless steel case"", “Carbon fiber bezel”, ""Sapphire crystal"", ""100m water resistance"", ""A-grade lume"", ""Fluoro rubber strap"".",https://tsarbomba.com/products/tb8218w?variant=44058737901824,https://cdn.shopify.com/s/files/1/0540/8145/4255/files/8_ee0e2845-67be-430d-8379-21799831b4ac.png?v=1728893840,USD,830.99,new,Blue,TSAR BOMBA WATCH Barrel Type,male,Products source-US3-Men's Watch,Atomic Series,500~1000,45mm*50.4mm*13.55mm,Carbon Fiber,,"General:Movement: Japanese Movement, General: Case Material: Stainless Steel, General: Bezel Material: Carbon Fiber, General:Crystal: Sapphire Crystal, General: Water Resistance:100m, General: Lume: A-Grade Luminous, General: Strap Material: Fluoro Rubber.",Apparel & Accessories > Jewelry > Watches,in_stock,Automatic,717020316973,Men's Watches
113495,109230,Tsarbomba,43890232987,https://www.awin1.com/pclick.php?p=43890232987&a=3002879&m=109230,https://images2.productserve.com/?w=200&h=200&bg=white&trim=5&t=letterbox&url=ssl%3Acdn.shopify.com%2Fs%2Ffiles%2F1%2F0540%2F8145%2F4255%2Ffiles%2F9_f7d7242c-848e-49fa-bca1-0abbf9380969.png%3Fv%3D1728893840&feedId=113495&k=0892ba580290a5864ead94480fb807b29ff5c53a,https://images2.productserve.com/?w=70&h=70&bg=white&trim=5&t=letterbox&url=ssl%3Acdn.shopify.com%2Fs%2Ffiles%2F1%2F0540%2F8145%2F4255%2Ffiles%2F9_f7d7242c-848e-49fa-bca1-0abbf9380969.png%3Fv%3D1728893840&feedId=113495&k=0892ba580290a5864ead94480fb807b29ff5c53a,544,Men's Watches,,TSAR BOMBA WATCH,8218CF-Gold,Watches,8218CF-Gold,TSAR BOMBA Men's Automatic Skeleton Watch | Interchangeable Luxury Design | Gold | Atomic TB8218 | Carbon Fiber,"Unveil the art of modern horology with the TSAR BOMBA TB-8218, a flagship model from the prestigious W-Series. This Automatic Mechanical Watch is a masterpiece of transparency and technical prowess, designed for the individual who demands a bold, futuristic aesthetic.  The TB-8218 is defined by its iconic Tonneau Watch silhouette, a hallmark of elite luxury sport watches. Its standout feature is the intricate Skeleton Watch dial, which offers an unobstructed view of the high-precision self-winding mechanical movement in action. Without the need for batteries or quartz crystals, this watch captures the raw energy of your wrist's motion to keep time.  Crafted with premium materials, the watch features a high-clarity case and a scratch-resistant Sapphire Crystal surface, ensuring the skeletonized inner workings remain visible and protected for years. The minimalist design focuses on pure timekeeping, intentionally omitting calendar or chronograph complications to maintain a clean, high-impact visual experience.  Engineered for durability and comfort, the TB-8218 includes a high-grade, skin-friendly FKM rubber strap and offers reliable water resistance for daily wear. Whether you are a collector or a trendsetter, this men's automatic watch represents the pinnacle of Luxury Mechanical design.  Key Features & Keywords:  Movement: Reliable Automatic Winding (Self-Winding) Mechanical Movement.  Design: Iconic Tonneau Case with a fully Skeletonized dial.  Material: Ultra-clear construction with scratch-resistant Sapphire Crystal.  Style: High-end Transparent Watch for a futuristic Luxury Sport look.  Function: Pure mechanical timekeeping (No batteries required).  Invest in a timepiece that stands at the intersection of transparency and power|the TSAR BOMBA TB-8218 Automatic Skeleton Watch.","""Barrel-shaped Interchangeable automatic watch"", ""Japanese movement"", ""Stainless steel case"", “Carbon fiber bezel”, ""Sapphire crystal"", ""100m water resistance"", ""A-grade lume"", ""Fluoro rubber strap"".",https://tsarbomba.com/products/tb8218w?variant=44058737934592,https://cdn.shopify.com/s/files/1/0540/8145/4255/files/9_f7d7242c-848e-49fa-bca1-0abbf9380969.png?v=1728893840,USD,830.99,new,Gold,TSAR BOMBA WATCH Barrel Type,male,Products source-US3-Men's Watch,Atomic Series,500~1000,45mm*50.4mm*13.55mm,Carbon Fiber,,"General:Movement: Japanese Movement, General: Case Material: Stainless Steel, General: Bezel Material: Carbon Fiber, General:Crystal: Sapphire Crystal, General: Water Resistance:100m, General: Lume: A-Grade Luminous, General: Strap Material: Fluoro Rubber.",Apparel & Accessories > Jewelry > Watches,in_stock,Automatic,717020316980,Men's Watches
113495,109230,Tsarbomba,43890232988,https://www.awin1.com/pclick.php?p=43890232988&a=3002879&m=109230,https://images2.productserve.com/?w=200&h=200&bg=white&trim=5&t=letterbox&url=ssl%3Acdn.shopify.com%2Fs%2Ffiles%2F1%2F0540%2F8145%2F4255%2Ffiles%2F10_66bcbe1f-f645-4843-8b52-96f9fcdd5455.png%3Fv%3D1728893840&feedId=113495&k=46d44c59b03b48a5c80f05775e755fabb47d940b,https://images2.productserve.com/?w=70&h=70&bg=white&trim=5&t=letterbox&url=ssl%3Acdn.shopify.com%2Fs%2Ffiles%2F1%2F0540%2F8145%2F4255%2Ffiles%2F10_66bcbe1f-f645-4843-8b52-96f9fcdd5455.png%3Fv%3D1728893840&feedId=113495&k=46d44c59b03b48a5c80f05775e755fabb47d940b,544,Men's Watches,,TSAR BOMBA WATCH,8218CF-Green,Watches,8218CF-Green,TSAR BOMBA Men's Automatic Skeleton Watch | Interchangeable Luxury Design | Green | Atomic TB8218 | Carbon Fiber,"Unveil the art of modern horology with the TSAR BOMBA TB-8218, a flagship model from the prestigious W-Series. This Automatic Mechanical Watch is a masterpiece of transparency and technical prowess, designed for the individual who demands a bold, futuristic aesthetic.  The TB-8218 is defined by its iconic Tonneau Watch silhouette, a hallmark of elite luxury sport watches. Its standout feature is the intricate Skeleton Watch dial, which offers an unobstructed view of the high-precision self-winding mechanical movement in action. Without the need for batteries or quartz crystals, this watch captures the raw energy of your wrist's motion to keep time.  Crafted with premium materials, the watch features a high-clarity case and a scratch-resistant Sapphire Crystal surface, ensuring the skeletonized inner workings remain visible and protected for years. The minimalist design focuses on pure timekeeping, intentionally omitting calendar or chronograph complications to maintain a clean, high-impact visual experience.  Engineered for durability and comfort, the TB-8218 includes a high-grade, skin-friendly FKM rubber strap and offers reliable water resistance for daily wear. Whether you are a collector or a trendsetter, this men's automatic watch represents the pinnacle of Luxury Mechanical design.  Key Features & Keywords:  Movement: Reliable Automatic Winding (Self-Winding) Mechanical Movement.  Design: Iconic Tonneau Case with a fully Skeletonized dial.  Material: Ultra-clear construction with scratch-resistant Sapphire Crystal.  Style: High-end Transparent Watch for a futuristic Luxury Sport look.  Function: Pure mechanical timekeeping (No batteries required).  Invest in a timepiece that stands at the intersection of transparency and power|the TSAR BOMBA TB-8218 Automatic Skeleton Watch.","""Barrel-shaped Interchangeable automatic watch"", ""Japanese movement"", ""Stainless steel case"", “Carbon fiber bezel”, ""Sapphire crystal"", ""100m water resistance"", ""A-grade lume"", ""Fluoro rubber strap"".",https://tsarbomba.com/products/tb8218w?variant=44058737967360,https://cdn.shopify.com/s/files/1/0540/8145/4255/files/10_66bcbe1f-f645-4843-8b52-96f9fcdd5455.png?v=1728893840,USD,830.99,new,Green,TSAR BOMBA WATCH Barrel Type,male,Products source-US3-Men's Watch,Atomic Series,500~1000,45mm*50.4mm*13.55mm,Carbon Fiber,,"General:Movement: Japanese Movement, General: Case Material: Stainless Steel, General: Bezel Material: Carbon Fiber, General:Crystal: Sapphire Crystal, General: Water Resistance:100m, General: Lume: A-Grade Luminous, General: Strap Material: Fluoro Rubber.",Apparel & Accessories > Jewelry > Watches,in_stock,Automatic,717020317000,Men's Watches
113495,109230,Tsarbomba,43890232989,https://www.awin1.com/pclick.php?p=43890232989&a=3002879&m=109230,https://images2.productserve.com/?w=200&h=200&bg=white&trim=5&t=letterbox&url=ssl%3Acdn.shopify.com%2Fs%2Ffiles%2F1%2F0540%2F8145%2F4255%2Ffiles%2F15_01a9cca4-5a07-4050-abd0-2e878a77b148.png%3Fv%3D1728893838&feedId=113495&k=645f02de8752c946568160701ee7ba07b3ad8111,https://images2.productserve.com/?w=70&h=70&bg=white&trim=5&t=letterbox&url=ssl%3Acdn.shopify.com%2Fs%2Ffiles%2F1%2F0540%2F8145%2F4255%2Ffiles%2F15_01a9cca4-5a07-4050-abd0-2e878a77b148.png%3Fv%3D1728893838&feedId=113495&k=645f02de8752c946568160701ee7ba07b3ad8111,544,Men's Watches,,TSAR BOMBA WATCH,8218DFKM-Dynamic Black,Watches,8218DFKM-Dynamic Black,TSAR BOMBA Men's Automatic Skeleton Watch | Interchangeable Luxury Design | Dynamic Black | Atomic TB8218 | Fluororubber,"Unveil the art of modern horology with the TSAR BOMBA TB-8218, a flagship model from the prestigious W-Series. This Automatic Mechanical Watch is a masterpiece of transparency and technical prowess, designed for the individual who demands a bold, futuristic aesthetic.  The TB-8218 is defined by its iconic Tonneau Watch silhouette, a hallmark of elite luxury sport watches. Its standout feature is the intricate Skeleton Watch dial, which offers an unobstructed view of the high-precision self-winding mechanical movement in action. Without the need for batteries or quartz crystals, this watch captures the raw energy of your wrist's motion to keep time.  Crafted with premium materials, the watch features a high-clarity case and a scratch-resistant Sapphire Crystal surface, ensuring the skeletonized inner workings remain visible and protected for years. The minimalist design focuses on pure timekeeping, intentionally omitting calendar or chronograph complications to maintain a clean, high-impact visual experience.  Engineered for durability and comfort, the TB-8218 includes a high-grade, skin-friendly FKM rubber strap and offers reliable water resistance for daily wear. Whether you are a collector or a trendsetter, this men's automatic watch represents the pinnacle of Luxury Mechanical design.  Key Features & Keywords:  Movement: Reliable Automatic Winding (Self-Winding) Mechanical Movement.  Design: Iconic Tonneau Case with a fully Skeletonized dial.  Material: Ultra-clear construction with scratch-resistant Sapphire Crystal.  Style: High-end Transparent Watch for a futuristic Luxury Sport look.  Function: Pure mechanical timekeeping (No batteries required).  Invest in a timepiece that stands at the intersection of transparency and power|the TSAR BOMBA TB-8218 Automatic Skeleton Watch.","""Barrel-shaped Interchangeable automatic watch"", ""Japanese movement"", ""Stainless steel case"", “Fluoro rubber bezel”, ""Sapphire crystal"", ""100m water resistance"", ""A-grade lume"", ""Fluoro rubber strap"".",https://tsarbomba.com/products/tb8218w?variant=44058738163968,https://cdn.shopify.com/s/files/1/0540/8145/4255/files/15_01a9cca4-5a07-4050-abd0-2e878a77b148.png?v=1728893838,USD,739.99,new,Black,TSAR BOMBA WATCH Barrel Type,male,Products source-US3-Men's Watch,Atomic Series,500~1000,45mm*50.4mm*13.55mm,Fluoro Rubber,,"General:Movement: Japanese Movement, General: Case Material: Stainless Steel, General: Bezel Material: Fluoro Rubber, General:Crystal: Sapphire Crystal, General: Water Resistance:100m, General: Lume: A-Grade Luminous, General: Strap Material: Fluoro Rubber.",Apparel & Accessories > Jewelry > Watches,in_stock,Automatic,717020317079,Men's Watches
113495,109230,Tsarbomba,43890232990,https://www.awin1.com/pclick.php?p=43890232990&a=3002879&m=109230,https://images2.productserve.com/?w=200&h=200&bg=white&trim=5&t=letterbox&url=ssl%3Acdn.shopify.com%2Fs%2Ffiles%2F1%2F0540%2F8145%2F4255%2Ffiles%2F16_503edde6-6e50-48a6-bcdb-d40ceb8ad0ee.png%3Fv%3D1728893839&feedId=113495&k=60d43366ca1809bccfe09530b145d1409e251d87,https://images2.productserve.com/?w=70&h=70&bg=white&trim=5&t=letterbox&url=ssl%3Acdn.shopify.com%2Fs%2Ffiles%2F1%2F0540%2F8145%2F4255%2Ffiles%2F16_503edde6-6e50-48a6-bcdb-d40ceb8ad0ee.png%3Fv%3D1728893839&feedId=113495&k=60d43366ca1809bccfe09530b145d1409e251d87,544,Men's Watches,,TSAR BOMBA WATCH,8218DFKM-Dynamic Blue,Watches,8218DFKM-Dynamic Blue,TSAR BOMBA Men's Automatic Skeleton Watch | Interchangeable Luxury Design | Dynamic Blue | Atomic TB8218 | Fluororubber,"Unveil the art of modern horology with the TSAR BOMBA TB-8218, a flagship model from the prestigious W-Series. This Automatic Mechanical Watch is a masterpiece of transparency and technical prowess, designed for the individual who demands a bold, futuristic aesthetic.  The TB-8218 is defined by its iconic Tonneau Watch silhouette, a hallmark of elite luxury sport watches. Its standout feature is the intricate Skeleton Watch dial, which offers an unobstructed view of the high-precision self-winding mechanical movement in action. Without the need for batteries or quartz crystals, this watch captures the raw energy of your wrist's motion to keep time.  Crafted with premium materials, the watch features a high-clarity case and a scratch-resistant Sapphire Crystal surface, ensuring the skeletonized inner workings remain visible and protected for years. The minimalist design focuses on pure timekeeping, intentionally omitting calendar or chronograph complications to maintain a clean, high-impact visual experience.  Engineered for durability and comfort, the TB-8218 includes a high-grade, skin-friendly FKM rubber strap and offers reliable water resistance for daily wear. Whether you are a collector or a trendsetter, this men's automatic watch represents the pinnacle of Luxury Mechanical design.  Key Features & Keywords:  Movement: Reliable Automatic Winding (Self-Winding) Mechanical Movement.  Design: Iconic Tonneau Case with a fully Skeletonized dial.  Material: Ultra-clear construction with scratch-resistant Sapphire Crystal.  Style: High-end Transparent Watch for a futuristic Luxury Sport look.  Function: Pure mechanical timekeeping (No batteries required).  Invest in a timepiece that stands at the intersection of transparency and power|the TSAR BOMBA TB-8218 Automatic Skeleton Watch.","""Barrel-shaped Interchangeable automatic watch"", ""Japanese movement"", ""Stainless steel case"", “Fluoro rubber bezel”, ""Sapphire crystal"", ""100m water resistance"", ""A-grade lume"", ""Fluoro rubber strap"".",https://tsarbomba.com/products/tb8218w?variant=44058738196736,https://cdn.shopify.com/s/files/1/0540/8145/4255/files/16_503edde6-6e50-48a6-bcdb-d40ceb8ad0ee.png?v=1728893839,USD,739.99,new,Blue,TSAR BOMBA WATCH Barrel Type,male,Products source-US3-Men's Watch,Atomic Series,500~1000,45mm*50.4mm*13.55mm,Fluoro Rubber,,"General:Movement: Japanese Movement, General: Case Material: Stainless Steel, General: Bezel Material: Fluoro Rubber, General:Crystal: Sapphire Crystal, General: Water Resistance:100m, General: Lume: A-Grade Luminous, General: Strap Material: Fluoro Rubber.",Apparel & Accessories > Jewelry > Watches,in_stock,Automatic,717020317093,Men's Watches
113495,109230,Tsarbomba,43890232991,https://www.awin1.com/pclick.php?p=43890232991&a=3002879&m=109230,https://images2.productserve.com/?w=200&h=200&bg=white&trim=5&t=letterbox&url=ssl%3Acdn.shopify.com%2Fs%2Ffiles%2F1%2F0540%2F8145%2F4255%2Ffiles%2F17_04a235d4-afaa-430f-98dd-e1668d03b59e.png%3Fv%3D1728893839&feedId=113495&k=aae41dcd7eaa7306c016620b498013f5101a7995,https://images2.productserve.com/?w=70&h=70&bg=white&trim=5&t=letterbox&url=ssl%3Acdn.shopify.com%2Fs%2Ffiles%2F1%2F0540%2F8145%2F4255%2Ffiles%2F17_04a235d4-afaa-430f-98dd-e1668d03b59e.png%3Fv%3D1728893839&feedId=113495&k=aae41dcd7eaa7306c016620b498013f5101a7995,544,Men's Watches,,TSAR BOMBA WATCH,8218DFKM-Dynamic Green,Watches,8218DFKM-Dynamic Green,TSAR BOMBA Men's Automatic Skeleton Watch | Interchangeable Luxury Design | Dynamic Green | Atomic TB8218 | Fluororubber,"Unveil the art of modern horology with the TSAR BOMBA TB-8218, a flagship model from the prestigious W-Series. This Automatic Mechanical Watch is a masterpiece of transparency and technical prowess, designed for the individual who demands a bold, futuristic aesthetic.  The TB-8218 is defined by its iconic Tonneau Watch silhouette, a hallmark of elite luxury sport watches. Its standout feature is the intricate Skeleton Watch dial, which offers an unobstructed view of the high-precision self-winding mechanical movement in action. Without the need for batteries or quartz crystals, this watch captures the raw energy of your wrist's motion to keep time.  Crafted with premium materials, the watch features a high-clarity case and a scratch-resistant Sapphire Crystal surface, ensuring the skeletonized inner workings remain visible and protected for years. The minimalist design focuses on pure timekeeping, intentionally omitting calendar or chronograph complications to maintain a clean, high-impact visual experience.  Engineered for durability and comfort, the TB-8218 includes a high-grade, skin-friendly FKM rubber strap and offers reliable water resistance for daily wear. Whether you are a collector or a trendsetter, this men's automatic watch represents the pinnacle of Luxury Mechanical design.  Key Features & Keywords:  Movement: Reliable Automatic Winding (Self-Winding) Mechanical Movement.  Design: Iconic Tonneau Case with a fully Skeletonized dial.  Material: Ultra-clear construction with scratch-resistant Sapphire Crystal.  Style: High-end Transparent Watch for a futuristic Luxury Sport look.  Function: Pure mechanical timekeeping (No batteries required).  Invest in a timepiece that stands at the intersection of transparency and power|the TSAR BOMBA TB-8218 Automatic Skeleton Watch.","""Barrel-shaped Interchangeable automatic watch"", ""Japanese movement"", ""Stainless steel case"", “Fluoro rubber bezel”, ""Sapphire crystal"", ""100m water resistance"", ""A-grade lume"", ""Fluoro rubber strap"".",https://tsarbomba.com/products/tb8218w?variant=44058738229504,https://cdn.shopify.com/s/files/1/0540/8145/4255/files/17_04a235d4-afaa-430f-98dd-e1668d03b59e.png?v=1728893839,USD,739.99,new,Green,TSAR BOMBA WATCH Barrel Type,male,Products source-US3-Men's Watch,Atomic Series,500~1000,45mm*50.4mm*13.55mm,Fluoro Rubber,,"General:Movement: Japanese Movement, General: Case Material: Stainless Steel, General: Bezel Material: Fluoro Rubber, General:Crystal: Sapphire Crystal, General: Water Resistance:100m, General: Lume: A-Grade Luminous, General: Strap Material: Fluoro Rubber.",Apparel & Accessories > Jewelry > Watches,in_stock,Automatic,717020317109,Men's Watches
113495,109230,Tsarbomba,43890232992,https://www.awin1.com/pclick.php?p=43890232992&a=3002879&m=109230,https://images2.productserve.com/?w=200&h=200&bg=white&trim=5&t=letterbox&url=ssl%3Acdn.shopify.com%2Fs%2Ffiles%2F1%2F0540%2F8145%2F4255%2Ffiles%2F18_40955be9-829a-48da-a7a1-b9693f59049d.png%3Fv%3D1728893840&feedId=113495&k=312c1dfe2d4f6a9947e32bbeb07168e1f8e9f3aa,https://images2.productserve.com/?w=70&h=70&bg=white&trim=5&t=letterbox&url=ssl%3Acdn.shopify.com%2Fs%2Ffiles%2F1%2F0540%2F8145%2F4255%2Ffiles%2F18_40955be9-829a-48da-a7a1-b9693f59049d.png%3Fv%3D1728893840&feedId=113495&k=312c1dfe2d4f6a9947e32bbeb07168e1f8e9f3aa,544,Men's Watches,,TSAR BOMBA WATCH,8218DFKM-Dynamic Light Blue,Watches,8218DFKM-Dynamic Light Blue,TSAR BOMBA Men's Automatic Skeleton Watch | Interchangeable Luxury Design | Dynamic Light Blue | Atomic TB8218 | Fluororubber,"Unveil the art of modern horology with the TSAR BOMBA TB-8218, a flagship model from the prestigious W-Series. This Automatic Mechanical Watch is a masterpiece of transparency and technical prowess, designed for the individual who demands a bold, futuristic aesthetic.  The TB-8218 is defined by its iconic Tonneau Watch silhouette, a hallmark of elite luxury sport watches. Its standout feature is the intricate Skeleton Watch dial, which offers an unobstructed view of the high-precision self-winding mechanical movement in action. Without the need for batteries or quartz crystals, this watch captures the raw energy of your wrist's motion to keep time.  Crafted with premium materials, the watch features a high-clarity case and a scratch-resistant Sapphire Crystal surface, ensuring the skeletonized inner workings remain visible and protected for years. The minimalist design focuses on pure timekeeping, intentionally omitting calendar or chronograph complications to maintain a clean, high-impact visual experience.  Engineered for durability and comfort, the TB-8218 includes a high-grade, skin-friendly FKM rubber strap and offers reliable water resistance for daily wear. Whether you are a collector or a trendsetter, this men's automatic watch represents the pinnacle of Luxury Mechanical design.  Key Features & Keywords:  Movement: Reliable Automatic Winding (Self-Winding) Mechanical Movement.  Design: Iconic Tonneau Case with a fully Skeletonized dial.  Material: Ultra-clear construction with scratch-resistant Sapphire Crystal.  Style: High-end Transparent Watch for a futuristic Luxury Sport look.  Function: Pure mechanical timekeeping (No batteries required).  Invest in a timepiece that stands at the intersection of transparency and power|the TSAR BOMBA TB-8218 Automatic Skeleton Watch.","""Barrel-shaped Interchangeable automatic watch"", ""Japanese movement"", ""Stainless steel case"", “Fluoro rubber bezel”, ""Sapphire crystal"", ""100m water resistance"", ""A-grade lume"", ""Fluoro rubber strap"".",https://tsarbomba.com/products/tb8218w?variant=44058738262272,https://cdn.shopify.com/s/files/1/0540/8145/4255/files/18_40955be9-829a-48da-a7a1-b9693f59049d.png?v=1728893840,USD,739.99,new,Light Blue,TSAR BOMBA WATCH Barrel Type,male,Products source-US3-Men's Watch,Atomic Series,500~1000,45mm*50.4mm*13.55mm,Fluoro Rubber,,"General:Movement: Japanese Movement, General: Case Material: Stainless Steel, General: Bezel Material: Fluoro Rubber, General:Crystal: Sapphire Crystal, General: Water Resistance:100m, General: Lume: A-Grade Luminous, General: Strap Material: Fluoro Rubber.",Apparel & Accessories > Jewelry > Watches,in_stock,Automatic,717020317123,Men's Watches
113495,109230,Tsarbomba,43890232993,https://www.awin1.com/pclick.php?p=43890232993&a=3002879&m=109230,https://images2.productserve.com/?w=200&h=200&bg=white&trim=5&t=letterbox&url=ssl%3Acdn.shopify.com%2Fs%2Ffiles%2F1%2F0540%2F8145%2F4255%2Ffiles%2F19_b1fd76d4-2945-4b6e-86fb-f57669aad473.png%3Fv%3D1728893840&feedId=113495&k=0ab775fd7c64d4a88ec183eb673b6fc56c23dccf,https://images2.productserve.com/?w=70&h=70&bg=white&trim=5&t=letterbox&url=ssl%3Acdn.shopify.com%2Fs%2Ffiles%2F1%2F0540%2F8145%2F4255%2Ffiles%2F19_b1fd76d4-2945-4b6e-86fb-f57669aad473.png%3Fv%3D1728893840&feedId=113495&k=0ab775fd7c64d4a88ec183eb673b6fc56c23dccf,544,Men's Watches,,TSAR BOMBA WATCH,8218DFKM-Dynamic Orange,Watches,8218DFKM-Dynamic Orange,TSAR BOMBA Men's Automatic Skeleton Watch | Interchangeable Luxury Design | Dynamic Orange | Atomic TB8218 | Fluororubber,"Unveil the art of modern horology with the TSAR BOMBA TB-8218, a flagship model from the prestigious W-Series. This Automatic Mechanical Watch is a masterpiece of transparency and technical prowess, designed for the individual who demands a bold, futuristic aesthetic.  The TB-8218 is defined by its iconic Tonneau Watch silhouette, a hallmark of elite luxury sport watches. Its standout feature is the intricate Skeleton Watch dial, which offers an unobstructed view of the high-precision self-winding mechanical movement in action. Without the need for batteries or quartz crystals, this watch captures the raw energy of your wrist's motion to keep time.  Crafted with premium materials, the watch features a high-clarity case and a scratch-resistant Sapphire Crystal surface, ensuring the skeletonized inner workings remain visible and protected for years. The minimalist design focuses on pure timekeeping, intentionally omitting calendar or chronograph complications to maintain a clean, high-impact visual experience.  Engineered for durability and comfort, the TB-8218 includes a high-grade, skin-friendly FKM rubber strap and offers reliable water resistance for daily wear. Whether you are a collector or a trendsetter, this men's automatic watch represents the pinnacle of Luxury Mechanical design.  Key Features & Keywords:  Movement: Reliable Automatic Winding (Self-Winding) Mechanical Movement.  Design: Iconic Tonneau Case with a fully Skeletonized dial.  Material: Ultra-clear construction with scratch-resistant Sapphire Crystal.  Style: High-end Transparent Watch for a futuristic Luxury Sport look.  Function: Pure mechanical timekeeping (No batteries required).  Invest in a timepiece that stands at the intersection of transparency and power|the TSAR BOMBA TB-8218 Automatic Skeleton Watch.","""Barrel-shaped Interchangeable automatic watch"", ""Japanese movement"", ""Stainless steel case"", “Fluoro rubber bezel”, ""Sapphire crystal"", ""100m water resistance"", ""A-grade lume"", ""Fluoro rubber strap"".",https://tsarbomba.com/products/tb8218w?variant=44058738295040,https://cdn.shopify.com/s/files/1/0540/8145/4255/files/19_b1fd76d4-2945-4b6e-86fb-f57669aad473.png?v=1728893840,USD,739.99,new,Orange,TSAR BOMBA WATCH Barrel Type,male,Products source-US3-Men's Watch,Atomic Series,500~1000,45mm*50.4mm*13.55mm,Fluoro Rubber,,"General:Movement: Japanese Movement, General: Case Material: Stainless Steel, General: Bezel Material: Fluoro Rubber, General:Crystal: Sapphire Crystal, General: Water Resistance:100m, General: Lume: A-Grade Luminous, General: Strap Material: Fluoro Rubber.",Apparel & Accessories > Jewelry > Watches,in_stock,Automatic,717020317130,Men's Watches
113495,109230,Tsarbomba,43890232994,https://www.awin1.com/pclick.php?p=43890232994&a=3002879&m=109230,https://images2.productserve.com/?w=200&h=200&bg=white&trim=5&t=letterbox&url=ssl%3Acdn.shopify.com%2Fs%2Ffiles%2F1%2F0540%2F8145%2F4255%2Ffiles%2F20_b0fc52a2-ad47-4050-b441-23b804cb2d6e.png%3Fv%3D1728893840&feedId=113495&k=fb59c1855400fba6458e8956316b644b2bda259d,https://images2.productserve.com/?w=70&h=70&bg=white&trim=5&t=letterbox&url=ssl%3Acdn.shopify.com%2Fs%2Ffiles%2F1%2F0540%2F8145%2F4255%2Ffiles%2F20_b0fc52a2-ad47-4050-b441-23b804cb2d6e.png%3Fv%3D1728893840&feedId=113495&k=fb59c1855400fba6458e8956316b644b2bda259d,544,Men's Watches,,TSAR BOMBA WATCH,8218DFKM-Dynamic Red,Watches,8218DFKM-Dynamic Red,TSAR BOMBA Men's Automatic Skeleton Watch | Interchangeable Luxury Design | Dynamic Red | Atomic TB8218 | Fluororubber,"Unveil the art of modern horology with the TSAR BOMBA TB-8218, a flagship model from the prestigious W-Series. This Automatic Mechanical Watch is a masterpiece of transparency and technical prowess, designed for the individual who demands a bold, futuristic aesthetic.  The TB-8218 is defined by its iconic Tonneau Watch silhouette, a hallmark of elite luxury sport watches. Its standout feature is the intricate Skeleton Watch dial, which offers an unobstructed view of the high-precision self-winding mechanical movement in action. Without the need for batteries or quartz crystals, this watch captures the raw energy of your wrist's motion to keep time.  Crafted with premium materials, the watch features a high-clarity case and a scratch-resistant Sapphire Crystal surface, ensuring the skeletonized inner workings remain visible and protected for years. The minimalist design focuses on pure timekeeping, intentionally omitting calendar or chronograph complications to maintain a clean, high-impact visual experience.  Engineered for durability and comfort, the TB-8218 includes a high-grade, skin-friendly FKM rubber strap and offers reliable water resistance for daily wear. Whether you are a collector or a trendsetter, this men's automatic watch represents the pinnacle of Luxury Mechanical design.  Key Features & Keywords:  Movement: Reliable Automatic Winding (Self-Winding) Mechanical Movement.  Design: Iconic Tonneau Case with a fully Skeletonized dial.  Material: Ultra-clear construction with scratch-resistant Sapphire Crystal.  Style: High-end Transparent Watch for a futuristic Luxury Sport look.  Function: Pure mechanical timekeeping (No batteries required).  Invest in a timepiece that stands at the intersection of transparency and power|the TSAR BOMBA TB-8218 Automatic Skeleton Watch.","""Barrel-shaped Interchangeable automatic watch"", ""Japanese movement"", ""Stainless steel case"", “Fluoro rubber bezel”, ""Sapphire crystal"", ""100m water resistance"", ""A-grade lume"", ""Fluoro rubber strap"".",https://tsarbomba.com/products/tb8218w?variant=44058738327808,https://cdn.shopify.com/s/files/1/0540/8145/4255/files/20_b0fc52a2-ad47-4050-b441-23b804cb2d6e.png?v=1728893840,USD,739.99,new,Red,TSAR BOMBA WATCH Barrel Type,male,Products source-US3-Men's Watch,Atomic Series,500~1000,45mm*50.4mm*13.55mm,Fluoro Rubber,,"General:Movement: Japanese Movement, General: Case Material: Stainless Steel, General: Bezel Material: Fluoro Rubber, General:Crystal: Sapphire Crystal, General: Water Resistance:100m, General: Lume: A-Grade Luminous, General: Strap Material: Fluoro Rubber.",Apparel & Accessories > Jewelry > Watches,in_stock,Automatic,717020317154,Men's Watches
113495,109230,Tsarbomba,43890232995,https://www.awin1.com/pclick.php?p=43890232995&a=3002879&m=109230,https://images2.productserve.com/?w=200&h=200&bg=white&trim=5&t=letterbox&url=ssl%3Acdn.shopify.com%2Fs%2Ffiles%2F1%2F0540%2F8145%2F4255%2Ffiles%2F21_62e03ab8-0437-46f5-8ecf-21794d699361.png%3Fv%3D1728893839&feedId=113495&k=b56acd0111e5f9bdd1942a2d5e21aaa5ab7bea0d,https://images2.productserve.com/?w=70&h=70&bg=white&trim=5&t=letterbox&url=ssl%3Acdn.shopify.com%2Fs%2Ffiles%2F1%2F0540%2F8145%2F4255%2Ffiles%2F21_62e03ab8-0437-46f5-8ecf-21794d699361.png%3Fv%3D1728893839&feedId=113495&k=b56acd0111e5f9bdd1942a2d5e21aaa5ab7bea0d,544,Men's Watches,,TSAR BOMBA WATCH,8218DFKM-Dynamic White,Watches,8218DFKM-Dynamic White,TSAR BOMBA Men's Automatic Skeleton Watch | Interchangeable Luxury Design | Dynamic White | Atomic TB8218 | Fluororubber,"Unveil the art of modern horology with the TSAR BOMBA TB-8218, a flagship model from the prestigious W-Series. This Automatic Mechanical Watch is a masterpiece of transparency and technical prowess, designed for the individual who demands a bold, futuristic aesthetic.  The TB-8218 is defined by its iconic Tonneau Watch silhouette, a hallmark of elite luxury sport watches. Its standout feature is the intricate Skeleton Watch dial, which offers an unobstructed view of the high-precision self-winding mechanical movement in action. Without the need for batteries or quartz crystals, this watch captures the raw energy of your wrist's motion to keep time.  Crafted with premium materials, the watch features a high-clarity case and a scratch-resistant Sapphire Crystal surface, ensuring the skeletonized inner workings remain visible and protected for years. The minimalist design focuses on pure timekeeping, intentionally omitting calendar or chronograph complications to maintain a clean, high-impact visual experience.  Engineered for durability and comfort, the TB-8218 includes a high-grade, skin-friendly FKM rubber strap and offers reliable water resistance for daily wear. Whether you are a collector or a trendsetter, this men's automatic watch represents the pinnacle of Luxury Mechanical design.  Key Features & Keywords:  Movement: Reliable Automatic Winding (Self-Winding) Mechanical Movement.  Design: Iconic Tonneau Case with a fully Skeletonized dial.  Material: Ultra-clear construction with scratch-resistant Sapphire Crystal.  Style: High-end Transparent Watch for a futuristic Luxury Sport look.  Function: Pure mechanical timekeeping (No batteries required).  Invest in a timepiece that stands at the intersection of transparency and power|the TSAR BOMBA TB-8218 Automatic Skeleton Watch.","""Barrel-shaped Interchangeable automatic watch"", ""Japanese movement"", ""Stainless steel case"", “Fluoro rubber bezel”, ""Sapphire crystal"", ""100m water resistance"", ""A-grade lume"", ""Fluoro rubber strap"".",https://tsarbomba.com/products/tb8218w?variant=44058738360576,https://cdn.shopify.com/s/files/1/0540/8145/4255/files/21_62e03ab8-0437-46f5-8ecf-21794d699361.png?v=1728893839,USD,739.99,new,White,TSAR BOMBA WATCH Barrel Type,male,Products source-US3-Men's Watch,Atomic Series,500~1000,45mm*50.4mm*13.55mm,Fluoro Rubber,,"General:Movement: Japanese Movement, General: Case Material: Stainless Steel, General: Bezel Material: Fluoro Rubber, General:Crystal: Sapphire Crystal, General: Water Resistance:100m, General: Lume: A-Grade Luminous, General: Strap Material: Fluoro Rubber.",Apparel & Accessories > Jewelry > Watches,in_stock,Automatic,717020317161,Men's Watches
113495,109230,Tsarbomba,43890232996,https://www.awin1.com/pclick.php?p=43890232996&a=3002879&m=109230,https://images2.productserve.com/?w=200&h=200&bg=white&trim=5&t=letterbox&url=ssl%3Acdn.shopify.com%2Fs%2Ffiles%2F1%2F0540%2F8145%2F4255%2Ffiles%2F22_a08fdd0e-da5e-423f-ae50-8be2e84adfff.png%3Fv%3D1728893839&feedId=113495&k=a662ab8a14bef24ff8ba2bf3d270c27934d65227,https://images2.productserve.com/?w=70&h=70&bg=white&trim=5&t=letterbox&url=ssl%3Acdn.shopify.com%2Fs%2Ffiles%2F1%2F0540%2F8145%2F4255%2Ffiles%2F22_a08fdd0e-da5e-423f-ae50-8be2e84adfff.png%3Fv%3D1728893839&feedId=113495&k=a662ab8a14bef24ff8ba2bf3d270c27934d65227,544,Men's Watches,,TSAR BOMBA WATCH,8218DFKM-Dynamic Yellow,Watches,8218DFKM-Dynamic Yellow,TSAR BOMBA Men's Automatic Skeleton Watch | Interchangeable Luxury Design | Dynamic Yellow | Atomic TB8218 | Fluororubber,"Unveil the art of modern horology with the TSAR BOMBA TB-8218, a flagship model from the prestigious W-Series. This Automatic Mechanical Watch is a masterpiece of transparency and technical prowess, designed for the individual who demands a bold, futuristic aesthetic.  The TB-8218 is defined by its iconic Tonneau Watch silhouette, a hallmark of elite luxury sport watches. Its standout feature is the intricate Skeleton Watch dial, which offers an unobstructed view of the high-precision self-winding mechanical movement in action. Without the need for batteries or quartz crystals, this watch captures the raw energy of your wrist's motion to keep time.  Crafted with premium materials, the watch features a high-clarity case and a scratch-resistant Sapphire Crystal surface, ensuring the skeletonized inner workings remain visible and protected for years. The minimalist design focuses on pure timekeeping, intentionally omitting calendar or chronograph complications to maintain a clean, high-impact visual experience.  Engineered for durability and comfort, the TB-8218 includes a high-grade, skin-friendly FKM rubber strap and offers reliable water resistance for daily wear. Whether you are a collector or a trendsetter, this men's automatic watch represents the pinnacle of Luxury Mechanical design.  Key Features & Keywords:  Movement: Reliable Automatic Winding (Self-Winding) Mechanical Movement.  Design: Iconic Tonneau Case with a fully Skeletonized dial.  Material: Ultra-clear construction with scratch-resistant Sapphire Crystal.  Style: High-end Transparent Watch for a futuristic Luxury Sport look.  Function: Pure mechanical timekeeping (No batteries required).  Invest in a timepiece that stands at the intersection of transparency and power|the TSAR BOMBA TB-8218 Automatic Skeleton Watch.","""Barrel-shaped Interchangeable automatic watch"", ""Japanese movement"", ""Stainless steel case"", “Fluoro rubber bezel”, ""Sapphire crystal"", ""100m water resistance"", ""A-grade lume"", ""Fluoro rubber strap"".",https://tsarbomba.com/products/tb8218w?variant=44058738393344,https://cdn.shopify.com/s/files/1/0540/8145/4255/files/22_a08fdd0e-da5e-423f-ae50-8be2e84adfff.png?v=1728893839,USD,739.99,new,Yellow,TSAR BOMBA WATCH Barrel Type,male,Products source-US3-Men's Watch,Atomic Series,500~1000,45mm*50.4mm*13.55mm,Fluoro Rubber,,"General:Movement: Japanese Movement, General: Case Material: Stainless Steel, General: Bezel Material: Fluoro Rubber, General:Crystal: Sapphire Crystal, General: Water Resistance:100m, General: Lume: A-Grade Luminous, General: Strap Material: Fluoro Rubber.",Apparel & Accessories > Jewelry > Watches,in_stock,Automatic,717020317185,Men's Watches
113495,109230,Tsarbomba,43890232997,https://www.awin1.com/pclick.php?p=43890232997&a=3002879&m=109230,https://images2.productserve.com/?w=200&h=200&bg=white&trim=5&t=letterbox&url=ssl%3Acdn.shopify.com%2Fs%2Ffiles%2F1%2F0540%2F8145%2F4255%2Ffiles%2F23_a03d71c7-548e-47a4-9bf1-3287d6f08755.png%3Fv%3D1728893838&feedId=113495&k=fcdafc7d3842fa5ed1004a79d1382aeb154618ee,https://images2.productserve.com/?w=70&h=70&bg=white&trim=5&t=letterbox&url=ssl%3Acdn.shopify.com%2Fs%2Ffiles%2F1%2F0540%2F8145%2F4255%2Ffiles%2F23_a03d71c7-548e-47a4-9bf1-3287d6f08755.png%3Fv%3D1728893838&feedId=113495&k=fcdafc7d3842fa5ed1004a79d1382aeb154618ee,544,Men's Watches,,TSAR BOMBA WATCH,8218FKM-Black,Watches,8218FKM-Black,TSAR BOMBA Men's Automatic Skeleton Watch | Interchangeable Luxury Design | Black | Atomic TB8218 | Fluororubber,"Unveil the art of modern horology with the TSAR BOMBA TB-8218, a flagship model from the prestigious W-Series. This Automatic Mechanical Watch is a masterpiece of transparency and technical prowess, designed for the individual who demands a bold, futuristic aesthetic.  The TB-8218 is defined by its iconic Tonneau Watch silhouette, a hallmark of elite luxury sport watches. Its standout feature is the intricate Skeleton Watch dial, which offers an unobstructed view of the high-precision self-winding mechanical movement in action. Without the need for batteries or quartz crystals, this watch captures the raw energy of your wrist's motion to keep time.  Crafted with premium materials, the watch features a high-clarity case and a scratch-resistant Sapphire Crystal surface, ensuring the skeletonized inner workings remain visible and protected for years. The minimalist design focuses on pure timekeeping, intentionally omitting calendar or chronograph complications to maintain a clean, high-impact visual experience.  Engineered for durability and comfort, the TB-8218 includes a high-grade, skin-friendly FKM rubber strap and offers reliable water resistance for daily wear. Whether you are a collector or a trendsetter, this men's automatic watch represents the pinnacle of Luxury Mechanical design.  Key Features & Keywords:  Movement: Reliable Automatic Winding (Self-Winding) Mechanical Movement.  Design: Iconic Tonneau Case with a fully Skeletonized dial.  Material: Ultra-clear construction with scratch-resistant Sapphire Crystal.  Style: High-end Transparent Watch for a futuristic Luxury Sport look.  Function: Pure mechanical timekeeping (No batteries required).  Invest in a timepiece that stands at the intersection of transparency and power|the TSAR BOMBA TB-8218 Automatic Skeleton Watch.","""Barrel-shaped Interchangeable automatic watch"", ""Japanese movement"", ""Stainless steel case"", “Fluoro rubber bezel”, ""Sapphire crystal"", ""100m water resistance"", ""A-grade lume"", ""Fluoro rubber strap"".",https://tsarbomba.com/products/tb8218w?variant=44058738426112,https://cdn.shopify.com/s/files/1/0540/8145/4255/files/23_a03d71c7-548e-47a4-9bf1-3287d6f08755.png?v=1728893838,USD,739.99,new,Black,TSAR BOMBA WATCH Barrel Type,male,Products source-US3-Men's Watch,Atomic Series,500~1000,45mm*50.4mm*13.55mm,Fluoro Rubber,"https://cdn.shopify.com/s/files/1/0540/8145/4255/files/Atomic-Interchangeable_Automatic_Watch_Fluororubber_Black-1.jpg?v=1723709006,https://cdn.shopify.com/s/files/1/0540/8145/4255/files/Atomic-Interchangeable_Automatic_Watch_Fluororubber_Black-2.jpg?v=1723709021","General:Movement: Japanese Movement, General: Case Material: Stainless Steel, General: Bezel Material: Fluoro Rubber, General:Crystal: Sapphire Crystal, General: Water Resistance:100m, General: Lume: A-Grade Luminous, General: Strap Material: Fluoro Rubber.",Apparel & Accessories > Jewelry > Watches,in_stock,Automatic,717020317192,Men's Watches
113495,109230,Tsarbomba,43890232998,https://www.awin1.com/pclick.php?p=43890232998&a=3002879&m=109230,https://images2.productserve.com/?w=200&h=200&bg=white&trim=5&t=letterbox&url=ssl%3Acdn.shopify.com%2Fs%2Ffiles%2F1%2F0540%2F8145%2F4255%2Ffiles%2F24_7abfee1d-db46-41ff-9ef9-9bf3f7d54381.png%3Fv%3D1728893841&feedId=113495&k=aa9cce4809ae88f237308556765c5d92d0f90730,https://images2.productserve.com/?w=70&h=70&bg=white&trim=5&t=letterbox&url=ssl%3Acdn.shopify.com%2Fs%2Ffiles%2F1%2F0540%2F8145%2F4255%2Ffiles%2F24_7abfee1d-db46-41ff-9ef9-9bf3f7d54381.png%3Fv%3D1728893841&feedId=113495&k=aa9cce4809ae88f237308556765c5d92d0f90730,544,Men's Watches,,TSAR BOMBA WATCH,8218FKM-Blue,Watches,8218FKM-Blue,TSAR BOMBA Men's Automatic Skeleton Watch | Interchangeable Luxury Design | Blue | Atomic TB8218 | Fluororubber,"Unveil the art of modern horology with the TSAR BOMBA TB-8218, a flagship model from the prestigious W-Series. This Automatic Mechanical Watch is a masterpiece of transparency and technical prowess, designed for the individual who demands a bold, futuristic aesthetic.  The TB-8218 is defined by its iconic Tonneau Watch silhouette, a hallmark of elite luxury sport watches. Its standout feature is the intricate Skeleton Watch dial, which offers an unobstructed view of the high-precision self-winding mechanical movement in action. Without the need for batteries or quartz crystals, this watch captures the raw energy of your wrist's motion to keep time.  Crafted with premium materials, the watch features a high-clarity case and a scratch-resistant Sapphire Crystal surface, ensuring the skeletonized inner workings remain visible and protected for years. The minimalist design focuses on pure timekeeping, intentionally omitting calendar or chronograph complications to maintain a clean, high-impact visual experience.  Engineered for durability and comfort, the TB-8218 includes a high-grade, skin-friendly FKM rubber strap and offers reliable water resistance for daily wear. Whether you are a collector or a trendsetter, this men's automatic watch represents the pinnacle of Luxury Mechanical design.  Key Features & Keywords:  Movement: Reliable Automatic Winding (Self-Winding) Mechanical Movement.  Design: Iconic Tonneau Case with a fully Skeletonized dial.  Material: Ultra-clear construction with scratch-resistant Sapphire Crystal.  Style: High-end Transparent Watch for a futuristic Luxury Sport look.  Function: Pure mechanical timekeeping (No batteries required).  Invest in a timepiece that stands at the intersection of transparency and power|the TSAR BOMBA TB-8218 Automatic Skeleton Watch.","""Barrel-shaped Interchangeable automatic watch"", ""Japanese movement"", ""Stainless steel case"", “Fluoro rubber bezel”, ""Sapphire crystal"", ""100m water resistance"", ""A-grade lume"", ""Fluoro rubber strap"".",https://tsarbomba.com/products/tb8218w?variant=44058738458880,https://cdn.shopify.com/s/files/1/0540/8145/4255/files/24_7abfee1d-db46-41ff-9ef9-9bf3f7d54381.png?v=1728893841,USD,739.99,new,Blue,TSAR BOMBA WATCH Barrel Type,male,Products source-US3-Men's Watch,Atomic Series,500~1000,45mm*50.4mm*13.55mm,Fluoro Rubber,,"General:Movement: Japanese Movement, General: Case Material: Stainless Steel, General: Bezel Material: Fluoro Rubber, General:Crystal: Sapphire Crystal, General: Water Resistance:100m, General: Lume: A-Grade Luminous, General: Strap Material: Fluoro Rubber.",Apparel & Accessories > Jewelry > Watches,in_stock,Automatic,717020317215,Men's Watches
113495,109230,Tsarbomba,43890232999,https://www.awin1.com/pclick.php?p=43890232999&a=3002879&m=109230,https://images2.productserve.com/?w=200&h=200&bg=white&trim=5&t=letterbox&url=ssl%3Acdn.shopify.com%2Fs%2Ffiles%2F1%2F0540%2F8145%2F4255%2Ffiles%2F25.png%3Fv%3D1728893840&feedId=113495&k=e0b2b2e4a5acc3a6f191e6e738ce99344b1b0cb5,https://images2.productserve.com/?w=70&h=70&bg=white&trim=5&t=letterbox&url=ssl%3Acdn.shopify.com%2Fs%2Ffiles%2F1%2F0540%2F8145%2F4255%2Ffiles%2F25.png%3Fv%3D1728893840&feedId=113495&k=e0b2b2e4a5acc3a6f191e6e738ce99344b1b0cb5,544,Men's Watches,,TSAR BOMBA WATCH,8218FKM-Green,Watches,8218FKM-Green,TSAR BOMBA Men's Automatic Skeleton Watch | Interchangeable Luxury Design | Green | Atomic TB8218 | Fluororubber,"Unveil the art of modern horology with the TSAR BOMBA TB-8218, a flagship model from the prestigious W-Series. This Automatic Mechanical Watch is a masterpiece of transparency and technical prowess, designed for the individual who demands a bold, futuristic aesthetic.  The TB-8218 is defined by its iconic Tonneau Watch silhouette, a hallmark of elite luxury sport watches. Its standout feature is the intricate Skeleton Watch dial, which offers an unobstructed view of the high-precision self-winding mechanical movement in action. Without the need for batteries or quartz crystals, this watch captures the raw energy of your wrist's motion to keep time.  Crafted with premium materials, the watch features a high-clarity case and a scratch-resistant Sapphire Crystal surface, ensuring the skeletonized inner workings remain visible and protected for years. The minimalist design focuses on pure timekeeping, intentionally omitting calendar or chronograph complications to maintain a clean, high-impact visual experience.  Engineered for durability and comfort, the TB-8218 includes a high-grade, skin-friendly FKM rubber strap and offers reliable water resistance for daily wear. Whether you are a collector or a trendsetter, this men's automatic watch represents the pinnacle of Luxury Mechanical design.  Key Features & Keywords:  Movement: Reliable Automatic Winding (Self-Winding) Mechanical Movement.  Design: Iconic Tonneau Case with a fully Skeletonized dial.  Material: Ultra-clear construction with scratch-resistant Sapphire Crystal.  Style: High-end Transparent Watch for a futuristic Luxury Sport look.  Function: Pure mechanical timekeeping (No batteries required).  Invest in a timepiece that stands at the intersection of transparency and power|the TSAR BOMBA TB-8218 Automatic Skeleton Watch.","""Barrel-shaped Interchangeable automatic watch"", ""Japanese movement"", ""Stainless steel case"", “Fluoro rubber bezel”, ""Sapphire crystal"", ""100m water resistance"", ""A-grade lume"", ""Fluoro rubber strap"".",https://tsarbomba.com/products/tb8218w?variant=44058738491648,https://cdn.shopify.com/s/files/1/0540/8145/4255/files/25.png?v=1728893840,USD,739.99,new,Green,TSAR BOMBA WATCH Barrel Type,male,Products source-US3-Men's Watch,Atomic Series,500~1000,45mm*50.4mm*13.55mm,Fluoro Rubber,,"General:Movement: Japanese Movement, General: Case Material: Stainless Steel, General: Bezel Material: Fluoro Rubber, General:Crystal: Sapphire Crystal, General: Water Resistance:100m, General: Lume: A-Grade Luminous, General: Strap Material: Fluoro Rubber.",Apparel & Accessories > Jewelry > Watches,in_stock,Automatic,717020317222,Men's Watches
113495,109230,Tsarbomba,43890233000,https://www.awin1.com/pclick.php?p=43890233000&a=3002879&m=109230,https://images2.productserve.com/?w=200&h=200&bg=white&trim=5&t=letterbox&url=ssl%3Acdn.shopify.com%2Fs%2Ffiles%2F1%2F0540%2F8145%2F4255%2Ffiles%2F26.png%3Fv%3D1728893839&feedId=113495&k=e528a7ce4231758eaa1eb05dad5759200c7ab5cb,https://images2.productserve.com/?w=70&h=70&bg=white&trim=5&t=letterbox&url=ssl%3Acdn.shopify.com%2Fs%2Ffiles%2F1%2F0540%2F8145%2F4255%2Ffiles%2F26.png%3Fv%3D1728893839&feedId=113495&k=e528a7ce4231758eaa1eb05dad5759200c7ab5cb,544,Men's Watches,,TSAR BOMBA WATCH,8218FKM-Light Blue,Watches,8218FKM-Light Blue,TSAR BOMBA Men's Automatic Skeleton Watch | Interchangeable Luxury Design | Light Blue | Atomic TB8218 | Fluororubber,"Unveil the art of modern horology with the TSAR BOMBA TB-8218, a flagship model from the prestigious W-Series. This Automatic Mechanical Watch is a masterpiece of transparency and technical prowess, designed for the individual who demands a bold, futuristic aesthetic.  The TB-8218 is defined by its iconic Tonneau Watch silhouette, a hallmark of elite luxury sport watches. Its standout feature is the intricate Skeleton Watch dial, which offers an unobstructed view of the high-precision self-winding mechanical movement in action. Without the need for batteries or quartz crystals, this watch captures the raw energy of your wrist's motion to keep time.  Crafted with premium materials, the watch features a high-clarity case and a scratch-resistant Sapphire Crystal surface, ensuring the skeletonized inner workings remain visible and protected for years. The minimalist design focuses on pure timekeeping, intentionally omitting calendar or chronograph complications to maintain a clean, high-impact visual experience.  Engineered for durability and comfort, the TB-8218 includes a high-grade, skin-friendly FKM rubber strap and offers reliable water resistance for daily wear. Whether you are a collector or a trendsetter, this men's automatic watch represents the pinnacle of Luxury Mechanical design.  Key Features & Keywords:  Movement: Reliable Automatic Winding (Self-Winding) Mechanical Movement.  Design: Iconic Tonneau Case with a fully Skeletonized dial.  Material: Ultra-clear construction with scratch-resistant Sapphire Crystal.  Style: High-end Transparent Watch for a futuristic Luxury Sport look.  Function: Pure mechanical timekeeping (No batteries required).  Invest in a timepiece that stands at the intersection of transparency and power|the TSAR BOMBA TB-8218 Automatic Skeleton Watch.","""Barrel-shaped Interchangeable automatic watch"", ""Japanese movement"", ""Stainless steel case"", “Fluoro rubber bezel”, ""Sapphire crystal"", ""100m water resistance"", ""A-grade lume"", ""Fluoro rubber strap"".",https://tsarbomba.com/products/tb8218w?variant=44058738524416,https://cdn.shopify.com/s/files/1/0540/8145/4255/files/26.png?v=1728893839,USD,739.99,new,Light Blue,TSAR BOMBA WATCH Barrel Type,male,Products source-US3-Men's Watch,Atomic Series,500~1000,45mm*50.4mm*13.55mm,Fluoro Rubber,"https://cdn.shopify.com/s/files/1/0540/8145/4255/files/Atomic-Interchangeable_Automatic_Watch_Fluororubber_Lightblue-1.jpg?v=1723709146,https://cdn.shopify.com/s/files/1/0540/8145/4255/files/Atomic-Interchangeable_Automatic_Watch_Fluororubber_Lightblue-2.jpg?v=1723709205","General:Movement: Japanese Movement, General: Case Material: Stainless Steel, General: Bezel Material: Fluoro Rubber, General:Crystal: Sapphire Crystal, General: Water Resistance:100m, General: Lume: A-Grade Luminous, General: Strap Material: Fluoro Rubber.",Apparel & Accessories > Jewelry > Watches,in_stock,Automatic,717020317246,Men's Watches
113495,109230,Tsarbomba,43890233001,https://www.awin1.com/pclick.php?p=43890233001&a=3002879&m=109230,https://images2.productserve.com/?w=200&h=200&bg=white&trim=5&t=letterbox&url=ssl%3Acdn.shopify.com%2Fs%2Ffiles%2F1%2F0540%2F8145%2F4255%2Ffiles%2F27_366d958a-c6fb-4a38-a242-0ae66be0a25a.png%3Fv%3D1728893840&feedId=113495&k=58b6bb946a43984d7c1265ca29d7d9e3e6317933,https://images2.productserve.com/?w=70&h=70&bg=white&trim=5&t=letterbox&url=ssl%3Acdn.shopify.com%2Fs%2Ffiles%2F1%2F0540%2F8145%2F4255%2Ffiles%2F27_366d958a-c6fb-4a38-a242-0ae66be0a25a.png%3Fv%3D1728893840&feedId=113495&k=58b6bb946a43984d7c1265ca29d7d9e3e6317933,544,Men's Watches,,TSAR BOMBA WATCH,8218FKM-Orange,Watches,8218FKM-Orange,TSAR BOMBA Men's Automatic Skeleton Watch | Interchangeable Luxury Design | Orange | Atomic TB8218 | Fluororubber,"Unveil the art of modern horology with the TSAR BOMBA TB-8218, a flagship model from the prestigious W-Series. This Automatic Mechanical Watch is a masterpiece of transparency and technical prowess, designed for the individual who demands a bold, futuristic aesthetic.  The TB-8218 is defined by its iconic Tonneau Watch silhouette, a hallmark of elite luxury sport watches. Its standout feature is the intricate Skeleton Watch dial, which offers an unobstructed view of the high-precision self-winding mechanical movement in action. Without the need for batteries or quartz crystals, this watch captures the raw energy of your wrist's motion to keep time.  Crafted with premium materials, the watch features a high-clarity case and a scratch-resistant Sapphire Crystal surface, ensuring the skeletonized inner workings remain visible and protected for years. The minimalist design focuses on pure timekeeping, intentionally omitting calendar or chronograph complications to maintain a clean, high-impact visual experience.  Engineered for durability and comfort, the TB-8218 includes a high-grade, skin-friendly FKM rubber strap and offers reliable water resistance for daily wear. Whether you are a collector or a trendsetter, this men's automatic watch represents the pinnacle of Luxury Mechanical design.  Key Features & Keywords:  Movement: Reliable Automatic Winding (Self-Winding) Mechanical Movement.  Design: Iconic Tonneau Case with a fully Skeletonized dial.  Material: Ultra-clear construction with scratch-resistant Sapphire Crystal.  Style: High-end Transparent Watch for a futuristic Luxury Sport look.  Function: Pure mechanical timekeeping (No batteries required).  Invest in a timepiece that stands at the intersection of transparency and power|the TSAR BOMBA TB-8218 Automatic Skeleton Watch.","""Barrel-shaped Interchangeable automatic watch"", ""Japanese movement"", ""Stainless steel case"", “Fluoro rubber bezel”, ""Sapphire crystal"", ""100m water resistance"", ""A-grade lume"", ""Fluoro rubber strap"".",https://tsarbomba.com/products/tb8218w?variant=44058738557184,https://cdn.shopify.com/s/files/1/0540/8145/4255/files/27_366d958a-c6fb-4a38-a242-0ae66be0a25a.png?v=1728893840,USD,739.99,new,Orange,TSAR BOMBA WATCH Barrel Type,male,Products source-US3-Men's Watch,Atomic Series,500~1000,45mm*50.4mm*13.55mm,Fluoro Rubber,"https://cdn.shopify.com/s/files/1/0540/8145/4255/files/Atomic-Interchangeable_Automatic_Watch_Fluororubber_Orange-1.jpg?v=1723709310,https://cdn.shopify.com/s/files/1/0540/8145/4255/files/Atomic-Interchangeable_Automatic_Watch_Fluororubber_Orange-2.jpg?v=1723709324","General:Movement: Japanese Movement, General: Case Material: Stainless Steel, General: Bezel Material: Fluoro Rubber, General:Crystal: Sapphire Crystal, General: Water Resistance:100m, General: Lume: A-Grade Luminous, General: Strap Material: Fluoro Rubber.",Apparel & Accessories > Jewelry > Watches,in_stock,Automatic,717020317253,Men's Watches
113495,109230,Tsarbomba,43890233002,https://www.awin1.com/pclick.php?p=43890233002&a=3002879&m=109230,https://images2.productserve.com/?w=200&h=200&bg=white&trim=5&t=letterbox&url=ssl%3Acdn.shopify.com%2Fs%2Ffiles%2F1%2F0540%2F8145%2F4255%2Ffiles%2F28.png%3Fv%3D1728893839&feedId=113495&k=19de6556f15dd15d28fa464b2f1e9e4fb7f79e70,https://images2.productserve.com/?w=70&h=70&bg=white&trim=5&t=letterbox&url=ssl%3Acdn.shopify.com%2Fs%2Ffiles%2F1%2F0540%2F8145%2F4255%2Ffiles%2F28.png%3Fv%3D1728893839&feedId=113495&k=19de6556f15dd15d28fa464b2f1e9e4fb7f79e70,544,Men's Watches,,TSAR BOMBA WATCH,8218FKM-Red,Watches,8218FKM-Red,TSAR BOMBA Men's Automatic Skeleton Watch | Interchangeable Luxury Design | Red | Atomic TB8218 | Fluororubber,"Unveil the art of modern horology with the TSAR BOMBA TB-8218, a flagship model from the prestigious W-Series. This Automatic Mechanical Watch is a masterpiece of transparency and technical prowess, designed for the individual who demands a bold, futuristic aesthetic.  The TB-8218 is defined by its iconic Tonneau Watch silhouette, a hallmark of elite luxury sport watches. Its standout feature is the intricate Skeleton Watch dial, which offers an unobstructed view of the high-precision self-winding mechanical movement in action. Without the need for batteries or quartz crystals, this watch captures the raw energy of your wrist's motion to keep time.  Crafted with premium materials, the watch features a high-clarity case and a scratch-resistant Sapphire Crystal surface, ensuring the skeletonized inner workings remain visible and protected for years. The minimalist design focuses on pure timekeeping, intentionally omitting calendar or chronograph complications to maintain a clean, high-impact visual experience.  Engineered for durability and comfort, the TB-8218 includes a high-grade, skin-friendly FKM rubber strap and offers reliable water resistance for daily wear. Whether you are a collector or a trendsetter, this men's automatic watch represents the pinnacle of Luxury Mechanical design.  Key Features & Keywords:  Movement: Reliable Automatic Winding (Self-Winding) Mechanical Movement.  Design: Iconic Tonneau Case with a fully Skeletonized dial.  Material: Ultra-clear construction with scratch-resistant Sapphire Crystal.  Style: High-end Transparent Watch for a futuristic Luxury Sport look.  Function: Pure mechanical timekeeping (No batteries required).  Invest in a timepiece that stands at the intersection of transparency and power|the TSAR BOMBA TB-8218 Automatic Skeleton Watch.","""Barrel-shaped Interchangeable automatic watch"", ""Japanese movement"", ""Stainless steel case"", “Fluoro rubber bezel”, ""Sapphire crystal"", ""100m water resistance"", ""A-grade lume"", ""Fluoro rubber strap"".",https://tsarbomba.com/products/tb8218w?variant=44058738589952,https://cdn.shopify.com/s/files/1/0540/8145/4255/files/28.png?v=1728893839,USD,739.99,new,Red,TSAR BOMBA WATCH Barrel Type,male,Products source-US3-Men's Watch,Atomic Series,500~1000,45mm*50.4mm*13.55mm,Fluoro Rubber,https://cdn.shopify.com/s/files/1/0540/8145/4255/files/Atomic-Interchangeable_Automatic_Watch_Fluororubber_Red-1.jpg?v=1723709368,"General:Movement: Japanese Movement, General: Case Material: Stainless Steel, General: Bezel Material: Fluoro Rubber, General:Crystal: Sapphire Crystal, General: Water Resistance:100m, General: Lume: A-Grade Luminous, General: Strap Material: Fluoro Rubber.",Apparel & Accessories > Jewelry > Watches,in_stock,Automatic,717020317277,Men's Watches
113495,109230,Tsarbomba,43890233003,https://www.awin1.com/pclick.php?p=43890233003&a=3002879&m=109230,https://images2.productserve.com/?w=200&h=200&bg=white&trim=5&t=letterbox&url=ssl%3Acdn.shopify.com%2Fs%2Ffiles%2F1%2F0540%2F8145%2F4255%2Ffiles%2F29_10a62e3f-5a4f-479a-862a-2c6be3ddeef2.png%3Fv%3D1728893839&feedId=113495&k=1a55500d6aecad8476ebf6659252c322b48dac03,https://images2.productserve.com/?w=70&h=70&bg=white&trim=5&t=letterbox&url=ssl%3Acdn.shopify.com%2Fs%2Ffiles%2F1%2F0540%2F8145%2F4255%2Ffiles%2F29_10a62e3f-5a4f-479a-862a-2c6be3ddeef2.png%3Fv%3D1728893839&feedId=113495&k=1a55500d6aecad8476ebf6659252c322b48dac03,544,Men's Watches,,TSAR BOMBA WATCH,8218FKM-White 1,Watches,8218FKM-White 1,TSAR BOMBA Men's Automatic Skeleton Watch | Interchangeable Luxury Design | Full White | Atomic TB8218 | Fluororubber,"Unveil the art of modern horology with the TSAR BOMBA TB-8218, a flagship model from the prestigious W-Series. This Automatic Mechanical Watch is a masterpiece of transparency and technical prowess, designed for the individual who demands a bold, futuristic aesthetic.  The TB-8218 is defined by its iconic Tonneau Watch silhouette, a hallmark of elite luxury sport watches. Its standout feature is the intricate Skeleton Watch dial, which offers an unobstructed view of the high-precision self-winding mechanical movement in action. Without the need for batteries or quartz crystals, this watch captures the raw energy of your wrist's motion to keep time.  Crafted with premium materials, the watch features a high-clarity case and a scratch-resistant Sapphire Crystal surface, ensuring the skeletonized inner workings remain visible and protected for years. The minimalist design focuses on pure timekeeping, intentionally omitting calendar or chronograph complications to maintain a clean, high-impact visual experience.  Engineered for durability and comfort, the TB-8218 includes a high-grade, skin-friendly FKM rubber strap and offers reliable water resistance for daily wear. Whether you are a collector or a trendsetter, this men's automatic watch represents the pinnacle of Luxury Mechanical design.  Key Features & Keywords:  Movement: Reliable Automatic Winding (Self-Winding) Mechanical Movement.  Design: Iconic Tonneau Case with a fully Skeletonized dial.  Material: Ultra-clear construction with scratch-resistant Sapphire Crystal.  Style: High-end Transparent Watch for a futuristic Luxury Sport look.  Function: Pure mechanical timekeeping (No batteries required).  Invest in a timepiece that stands at the intersection of transparency and power|the TSAR BOMBA TB-8218 Automatic Skeleton Watch.","""Barrel-shaped Interchangeable automatic watch"", ""Japanese movement"", ""Stainless steel case"", “Fluoro rubber bezel”, ""Sapphire crystal"", ""100m water resistance"", ""A-grade lume"", ""Fluoro rubber strap"".",https://tsarbomba.com/products/tb8218w?variant=44058738622720,https://cdn.shopify.com/s/files/1/0540/8145/4255/files/29_10a62e3f-5a4f-479a-862a-2c6be3ddeef2.png?v=1728893839,USD,739.99,new,White 1,TSAR BOMBA WATCH Barrel Type,male,Products source-US3-Men's Watch,Atomic Series,500~1000,45mm*50.4mm*13.55mm,Fluoro Rubber,https://cdn.shopify.com/s/files/1/0540/8145/4255/files/Atomic-Interchangeable_Automatic_Watch_Fluororubber_White-1.jpg?v=1723709435,"General:Movement: Japanese Movement, General: Case Material: Stainless Steel, General: Bezel Material: Fluoro Rubber, General:Crystal: Sapphire Crystal, General: Water Resistance:100m, General: Lume: A-Grade Luminous, General: Strap Material: Fluoro Rubber.",Apparel & Accessories > Jewelry > Watches,in_stock,Automatic,717020317284,Men's Watches
113495,109230,Tsarbomba,43890233004,https://www.awin1.com/pclick.php?p=43890233004&a=3002879&m=109230,https://images2.productserve.com/?w=200&h=200&bg=white&trim=5&t=letterbox&url=ssl%3Acdn.shopify.com%2Fs%2Ffiles%2F1%2F0540%2F8145%2F4255%2Ffiles%2F30.png%3Fv%3D1728893839&feedId=113495&k=8142b0ca6752b23f53c38ab606e1ba486def6acf,https://images2.productserve.com/?w=70&h=70&bg=white&trim=5&t=letterbox&url=ssl%3Acdn.shopify.com%2Fs%2Ffiles%2F1%2F0540%2F8145%2F4255%2Ffiles%2F30.png%3Fv%3D1728893839&feedId=113495&k=8142b0ca6752b23f53c38ab606e1ba486def6acf,544,Men's Watches,,TSAR BOMBA WATCH,8218FKM-White 2,Watches,8218FKM-White 2,TSAR BOMBA Men's Automatic Skeleton Watch | Interchangeable Luxury Design | White with Black Dial | Atomic TB8218 | Fluororubber,"Unveil the art of modern horology with the TSAR BOMBA TB-8218, a flagship model from the prestigious W-Series. This Automatic Mechanical Watch is a masterpiece of transparency and technical prowess, designed for the individual who demands a bold, futuristic aesthetic.  The TB-8218 is defined by its iconic Tonneau Watch silhouette, a hallmark of elite luxury sport watches. Its standout feature is the intricate Skeleton Watch dial, which offers an unobstructed view of the high-precision self-winding mechanical movement in action. Without the need for batteries or quartz crystals, this watch captures the raw energy of your wrist's motion to keep time.  Crafted with premium materials, the watch features a high-clarity case and a scratch-resistant Sapphire Crystal surface, ensuring the skeletonized inner workings remain visible and protected for years. The minimalist design focuses on pure timekeeping, intentionally omitting calendar or chronograph complications to maintain a clean, high-impact visual experience.  Engineered for durability and comfort, the TB-8218 includes a high-grade, skin-friendly FKM rubber strap and offers reliable water resistance for daily wear. Whether you are a collector or a trendsetter, this men's automatic watch represents the pinnacle of Luxury Mechanical design.  Key Features & Keywords:  Movement: Reliable Automatic Winding (Self-Winding) Mechanical Movement.  Design: Iconic Tonneau Case with a fully Skeletonized dial.  Material: Ultra-clear construction with scratch-resistant Sapphire Crystal.  Style: High-end Transparent Watch for a futuristic Luxury Sport look.  Function: Pure mechanical timekeeping (No batteries required).  Invest in a timepiece that stands at the intersection of transparency and power|the TSAR BOMBA TB-8218 Automatic Skeleton Watch.","""Barrel-shaped Interchangeable automatic watch"", ""Japanese movement"", ""Stainless steel case"", “Fluoro rubber bezel”, ""Sapphire crystal"", ""100m water resistance"", ""A-grade lume"", ""Fluoro rubber strap"".",https://tsarbomba.com/products/tb8218w?variant=44079475491072,https://cdn.shopify.com/s/files/1/0540/8145/4255/files/30.png?v=1728893839,USD,739.99,new,White 2,TSAR BOMBA WATCH Barrel Type,male,Products source-US3-Men's Watch,Atomic Series,500~1000,45mm*50.4mm*13.55mm,Fluoro Rubber,,"General:Movement: Japanese Movement, General: Case Material: Stainless Steel, General: Bezel Material: Fluoro Rubber, General:Crystal: Sapphire Crystal, General: Water Resistance:100m, General: Lume: A-Grade Luminous, General: Strap Material: Fluoro Rubber.",Apparel & Accessories > Jewelry > Watches,in_stock,Automatic,717020317307,Men's Watches
113495,109230,Tsarbomba,43890233005,https://www.awin1.com/pclick.php?p=43890233005&a=3002879&m=109230,https://images2.productserve.com/?w=200&h=200&bg=white&trim=5&t=letterbox&url=ssl%3Acdn.shopify.com%2Fs%2Ffiles%2F1%2F0540%2F8145%2F4255%2Ffiles%2F31.png%3Fv%3D1728893840&feedId=113495&k=df57359e0daefd4912468bb2cb9ed7c2f43990ff,https://images2.productserve.com/?w=70&h=70&bg=white&trim=5&t=letterbox&url=ssl%3Acdn.shopify.com%2Fs%2Ffiles%2F1%2F0540%2F8145%2F4255%2Ffiles%2F31.png%3Fv%3D1728893840&feedId=113495&k=df57359e0daefd4912468bb2cb9ed7c2f43990ff,544,Men's Watches,,TSAR BOMBA WATCH,8218FKM-Yellow,Watches,8218FKM-Yellow,TSAR BOMBA Men's Automatic Skeleton Watch | Interchangeable Luxury Design | Yellow | Atomic TB8218 | Fluororubber,"Unveil the art of modern horology with the TSAR BOMBA TB-8218, a flagship model from the prestigious W-Series. This Automatic Mechanical Watch is a masterpiece of transparency and technical prowess, designed for the individual who demands a bold, futuristic aesthetic.  The TB-8218 is defined by its iconic Tonneau Watch silhouette, a hallmark of elite luxury sport watches. Its standout feature is the intricate Skeleton Watch dial, which offers an unobstructed view of the high-precision self-winding mechanical movement in action. Without the need for batteries or quartz crystals, this watch captures the raw energy of your wrist's motion to keep time.  Crafted with premium materials, the watch features a high-clarity case and a scratch-resistant Sapphire Crystal surface, ensuring the skeletonized inner workings remain visible and protected for years. The minimalist design focuses on pure timekeeping, intentionally omitting calendar or chronograph complications to maintain a clean, high-impact visual experience.  Engineered for durability and comfort, the TB-8218 includes a high-grade, skin-friendly FKM rubber strap and offers reliable water resistance for daily wear. Whether you are a collector or a trendsetter, this men's automatic watch represents the pinnacle of Luxury Mechanical design.  Key Features & Keywords:  Movement: Reliable Automatic Winding (Self-Winding) Mechanical Movement.  Design: Iconic Tonneau Case with a fully Skeletonized dial.  Material: Ultra-clear construction with scratch-resistant Sapphire Crystal.  Style: High-end Transparent Watch for a futuristic Luxury Sport look.  Function: Pure mechanical timekeeping (No batteries required).  Invest in a timepiece that stands at the intersection of transparency and power|the TSAR BOMBA TB-8218 Automatic Skeleton Watch.","""Barrel-shaped Interchangeable automatic watch"", ""Japanese movement"", ""Stainless steel case"", “Fluoro rubber bezel”, ""Sapphire crystal"", ""100m water resistance"", ""A-grade lume"", ""Fluoro rubber strap"".",https://tsarbomba.com/products/tb8218w?variant=44058738655488,https://cdn.shopify.com/s/files/1/0540/8145/4255/files/31.png?v=1728893840,USD,739.99,new,Yellow,TSAR BOMBA WATCH Barrel Type,male,Products source-US3-Men's Watch,Atomic Series,500~1000,45mm*50.4mm*13.55mm,Fluoro Rubber,"https://cdn.shopify.com/s/files/1/0540/8145/4255/files/Atomic-Interchangeable_Automatic_Watch_Fluororubber_Yellow-1.jpg?v=1723710069,https://cdn.shopify.com/s/files/1/0540/8145/4255/files/Atomic-Interchangeable_Automatic_Watch_Fluororubber_Yellow-2.jpg?v=1723710082","General:Movement: Japanese Movement, General: Case Material: Stainless Steel, General: Bezel Material: Fluoro Rubber, General:Crystal: Sapphire Crystal, General: Water Resistance:100m, General: Lume: A-Grade Luminous, General: Strap Material: Fluoro Rubber.",Apparel & Accessories > Jewelry > Watches,in_stock,Automatic,717020317314,Men's Watches
113495,109230,Tsarbomba,43890233006,https://www.awin1.com/pclick.php?p=43890233006&a=3002879&m=109230,https://images2.productserve.com/?w=200&h=200&bg=white&trim=5&t=letterbox&url=ssl%3Acdn.shopify.com%2Fs%2Ffiles%2F1%2F0540%2F8145%2F4255%2Ffiles%2F32.png%3Fv%3D1728893840&feedId=113495&k=fd395c49292be2b44573304a190df38639b64c6e,https://images2.productserve.com/?w=70&h=70&bg=white&trim=5&t=letterbox&url=ssl%3Acdn.shopify.com%2Fs%2Ffiles%2F1%2F0540%2F8145%2F4255%2Ffiles%2F32.png%3Fv%3D1728893840&feedId=113495&k=fd395c49292be2b44573304a190df38639b64c6e,544,Men's Watches,,TSAR BOMBA WATCH,8218A-Black,Watches,8218A-Black,TSAR BOMBA Men's Automatic Skeleton Watch | Interchangeable Luxury Design | Black | Atomic TB8218 | Stainless Steel,"Unveil the art of modern horology with the TSAR BOMBA TB-8218, a flagship model from the prestigious W-Series. This Automatic Mechanical Watch is a masterpiece of transparency and technical prowess, designed for the individual who demands a bold, futuristic aesthetic.  The TB-8218 is defined by its iconic Tonneau Watch silhouette, a hallmark of elite luxury sport watches. Its standout feature is the intricate Skeleton Watch dial, which offers an unobstructed view of the high-precision self-winding mechanical movement in action. Without the need for batteries or quartz crystals, this watch captures the raw energy of your wrist's motion to keep time.  Crafted with premium materials, the watch features a high-clarity case and a scratch-resistant Sapphire Crystal surface, ensuring the skeletonized inner workings remain visible and protected for years. The minimalist design focuses on pure timekeeping, intentionally omitting calendar or chronograph complications to maintain a clean, high-impact visual experience.  Engineered for durability and comfort, the TB-8218 includes a high-grade, skin-friendly FKM rubber strap and offers reliable water resistance for daily wear. Whether you are a collector or a trendsetter, this men's automatic watch represents the pinnacle of Luxury Mechanical design.  Key Features & Keywords:  Movement: Reliable Automatic Winding (Self-Winding) Mechanical Movement.  Design: Iconic Tonneau Case with a fully Skeletonized dial.  Material: Ultra-clear construction with scratch-resistant Sapphire Crystal.  Style: High-end Transparent Watch for a futuristic Luxury Sport look.  Function: Pure mechanical timekeeping (No batteries required).  Invest in a timepiece that stands at the intersection of transparency and power|the TSAR BOMBA TB-8218 Automatic Skeleton Watch.","""Barrel-shaped Interchangeable automatic watch"", ""Japanese movement"", ""Stainless steel case"", “Stainless steel bezel”, ""Sapphire crystal"", ""100m water resistance"", ""A-grade lume"", ""Fluoro rubber strap"".",https://tsarbomba.com/products/tb8218w?variant=44058738688256,https://cdn.shopify.com/s/files/1/0540/8145/4255/files/32.png?v=1728893840,USD,710.99,new,Black,TSAR BOMBA WATCH Barrel Type,male,Products source-US3-Men's Watch,Atomic Series,500~1000,45mm*50.4mm*13.55mm,316L Stainless Steel,,"General:Movement: Japanese Movement, General: Case Material: Stainless Steel, General: Bezel Material: Stainless Steel, General:Crystal: Sapphire Crystal, General: Water Resistance:100m, General: Lume: A-Grade Luminous, General: Strap Material: Fluoro Rubber.",Apparel & Accessories > Jewelry > Watches,in_stock,Automatic,717020317338,Men's Watches
113495,109230,Tsarbomba,43890233007,https://www.awin1.com/pclick.php?p=43890233007&a=3002879&m=109230,https://images2.productserve.com/?w=200&h=200&bg=white&trim=5&t=letterbox&url=ssl%3Acdn.shopify.com%2Fs%2Ffiles%2F1%2F0540%2F8145%2F4255%2Ffiles%2F33.png%3Fv%3D1728893839&feedId=113495&k=028514c495912dece892cbd04959ea9e7171af7c,https://images2.productserve.com/?w=70&h=70&bg=white&trim=5&t=letterbox&url=ssl%3Acdn.shopify.com%2Fs%2Ffiles%2F1%2F0540%2F8145%2F4255%2Ffiles%2F33.png%3Fv%3D1728893839&feedId=113495&k=028514c495912dece892cbd04959ea9e7171af7c,544,Men's Watches,,TSAR BOMBA WATCH,8218A-Rose Gold,Watches,8218A-Rose Gold,TSAR BOMBA Men's Automatic Skeleton Watch | Interchangeable Luxury Design | Rose Gold | Atomic TB8218 | Stainless Steel,"Unveil the art of modern horology with the TSAR BOMBA TB-8218, a flagship model from the prestigious W-Series. This Automatic Mechanical Watch is a masterpiece of transparency and technical prowess, designed for the individual who demands a bold, futuristic aesthetic.  The TB-8218 is defined by its iconic Tonneau Watch silhouette, a hallmark of elite luxury sport watches. Its standout feature is the intricate Skeleton Watch dial, which offers an unobstructed view of the high-precision self-winding mechanical movement in action. Without the need for batteries or quartz crystals, this watch captures the raw energy of your wrist's motion to keep time.  Crafted with premium materials, the watch features a high-clarity case and a scratch-resistant Sapphire Crystal surface, ensuring the skeletonized inner workings remain visible and protected for years. The minimalist design focuses on pure timekeeping, intentionally omitting calendar or chronograph complications to maintain a clean, high-impact visual experience.  Engineered for durability and comfort, the TB-8218 includes a high-grade, skin-friendly FKM rubber strap and offers reliable water resistance for daily wear. Whether you are a collector or a trendsetter, this men's automatic watch represents the pinnacle of Luxury Mechanical design.  Key Features & Keywords:  Movement: Reliable Automatic Winding (Self-Winding) Mechanical Movement.  Design: Iconic Tonneau Case with a fully Skeletonized dial.  Material: Ultra-clear construction with scratch-resistant Sapphire Crystal.  Style: High-end Transparent Watch for a futuristic Luxury Sport look.  Function: Pure mechanical timekeeping (No batteries required).  Invest in a timepiece that stands at the intersection of transparency and power|the TSAR BOMBA TB-8218 Automatic Skeleton Watch.","""Barrel-shaped Interchangeable automatic watch"", ""Japanese movement"", ""Stainless steel case"", “Stainless steel bezel”, ""Sapphire crystal"", ""100m water resistance"", ""A-grade lume"", ""Fluoro rubber strap"".",https://tsarbomba.com/products/tb8218w?variant=44058738721024,https://cdn.shopify.com/s/files/1/0540/8145/4255/files/33.png?v=1728893839,USD,710.99,new,Rose Gold,TSAR BOMBA WATCH Barrel Type,male,Products source-US3-Men's Watch,Atomic Series,500~1000,45mm*50.4mm*13.55mm,316L Stainless Steel,,"General:Movement: Japanese Movement, General: Case Material: Stainless Steel, General: Bezel Material: Stainless Steel, General:Crystal: Sapphire Crystal, General: Water Resistance:100m, General: Lume: A-Grade Luminous, General: Strap Material: Fluoro Rubber.",Apparel & Accessories > Jewelry > Watches,in_stock,Automatic,717020317345,Men's Watches
113495,109230,Tsarbomba,43890233008,https://www.awin1.com/pclick.php?p=43890233008&a=3002879&m=109230,https://images2.productserve.com/?w=200&h=200&bg=white&trim=5&t=letterbox&url=ssl%3Acdn.shopify.com%2Fs%2Ffiles%2F1%2F0540%2F8145%2F4255%2Ffiles%2F34.png%3Fv%3D1728893838&feedId=113495&k=cf4623e85e2c80bd79a77561fc9f25761f59910d,https://images2.productserve.com/?w=70&h=70&bg=white&trim=5&t=letterbox&url=ssl%3Acdn.shopify.com%2Fs%2Ffiles%2F1%2F0540%2F8145%2F4255%2Ffiles%2F34.png%3Fv%3D1728893838&feedId=113495&k=cf4623e85e2c80bd79a77561fc9f25761f59910d,544,Men's Watches,,TSAR BOMBA WATCH,8218A-Silver,Watches,8218A-Silver,TSAR BOMBA Men's Automatic Skeleton Watch | Interchangeable Luxury Design | Silver | Atomic TB8218 | Stainless Steel,"Unveil the art of modern horology with the TSAR BOMBA TB-8218, a flagship model from the prestigious W-Series. This Automatic Mechanical Watch is a masterpiece of transparency and technical prowess, designed for the individual who demands a bold, futuristic aesthetic.  The TB-8218 is defined by its iconic Tonneau Watch silhouette, a hallmark of elite luxury sport watches. Its standout feature is the intricate Skeleton Watch dial, which offers an unobstructed view of the high-precision self-winding mechanical movement in action. Without the need for batteries or quartz crystals, this watch captures the raw energy of your wrist's motion to keep time.  Crafted with premium materials, the watch features a high-clarity case and a scratch-resistant Sapphire Crystal surface, ensuring the skeletonized inner workings remain visible and protected for years. The minimalist design focuses on pure timekeeping, intentionally omitting calendar or chronograph complications to maintain a clean, high-impact visual experience.  Engineered for durability and comfort, the TB-8218 includes a high-grade, skin-friendly FKM rubber strap and offers reliable water resistance for daily wear. Whether you are a collector or a trendsetter, this men's automatic watch represents the pinnacle of Luxury Mechanical design.  Key Features & Keywords:  Movement: Reliable Automatic Winding (Self-Winding) Mechanical Movement.  Design: Iconic Tonneau Case with a fully Skeletonized dial.  Material: Ultra-clear construction with scratch-resistant Sapphire Crystal.  Style: High-end Transparent Watch for a futuristic Luxury Sport look.  Function: Pure mechanical timekeeping (No batteries required).  Invest in a timepiece that stands at the intersection of transparency and power|the TSAR BOMBA TB-8218 Automatic Skeleton Watch.","""Barrel-shaped Interchangeable automatic watch"", ""Japanese movement"", ""Stainless steel case"", “Stainless steel bezel”, ""Sapphire crystal"", ""100m water resistance"", ""A-grade lume"", ""Fluoro rubber strap"".",https://tsarbomba.com/products/tb8218w?variant=44058738753792,https://cdn.shopify.com/s/files/1/0540/8145/4255/files/34.png?v=1728893838,USD,710.99,new,Silver,TSAR BOMBA WATCH Barrel Type,male,Products source-US3-Men's Watch,Atomic Series,500~1000,45mm*50.4mm*13.55mm,316L Stainless Steel,,"General:Movement: Japanese Movement, General: Case Material: Stainless Steel, General: Bezel Material: Stainless Steel, General:Crystal: Sapphire Crystal, General: Water Resistance:100m, General: Lume: A-Grade Luminous, General: Strap Material: Fluoro Rubber.",Apparel & Accessories > Jewelry > Watches,in_stock,Automatic,717020317369,Men's Watches
113495,109230,Tsarbomba,43890233009,https://www.awin1.com/pclick.php?p=43890233009&a=3002879&m=109230,https://images2.productserve.com/?w=200&h=200&bg=white&trim=5&t=letterbox&url=ssl%3Acdn.shopify.com%2Fs%2Ffiles%2F1%2F0540%2F8145%2F4255%2Ffiles%2F8213GBK.png%3Fv%3D1735030259&feedId=113495&k=fa13099fa2af149582b9b16865892632fdcc221c,https://images2.productserve.com/?w=70&h=70&bg=white&trim=5&t=letterbox&url=ssl%3Acdn.shopify.com%2Fs%2Ffiles%2F1%2F0540%2F8145%2F4255%2Ffiles%2F8213GBK.png%3Fv%3D1735030259&feedId=113495&k=fa13099fa2af149582b9b16865892632fdcc221c,544,Men's Watches,,TSAR BOMBA WATCH,TB8213A-07,Watches,TB8213A-07,TSAR BOMBA Men's Reactor Series Automatic Mechanical Watch | Golden Black | Wandering Hour Satellite Display | Waterproof Luxury Cyberpunk Timepiece,"Experience the pinnacle of avant-garde horology with the TSAR BOMBA TB8213. Part of the revolutionary Reactor Series, this timepiece replaces traditional hands with a sophisticated Wandering Hour Satellite complication. Encased in surgical-grade 316L stainless steel with carbon fiber accents, it features a unique ""addition-based"" time display that transforms reading time into a mechanical art form. Powered by a reliable Japanese automatic movement, the TB8213 boasts a modular DIY design, allowing you to swap bezels, crowns, and straps without tools. Protected by scratch-resistant sapphire crystal and water-resistant to 100M (10ATM), it is a high-performance masterpiece for the modern collector.","""Interchangeable automatic watch"", ""Japanese movement"", ""Unique dial"", “316L stainless steel bezel”, ""316L stainless steel case"", ""Sapphire crystal"", ""100m water resistance"", ""A-grade lume"", ""Fluoro rubber strap"".",https://tsarbomba.com/products/tb8213?variant=43829917483264,https://cdn.shopify.com/s/files/1/0540/8145/4255/files/8213GBK.png?v=1735030259,USD,649.99,new,Golden Black,TSAR BOMBA WATCH Barrel Type,male,Products source-US3-Men's Watch,Reactor Series,500~1000,44mm*52mm*13mm,316L Stainless Steel,"https://cdn.shopify.com/s/files/1/0540/8145/4255/files/4_ec421527-0be6-4a67-b8b5-1bcecefd9584.jpg?v=1735030259,https://cdn.shopify.com/s/files/1/0540/8145/4255/files/3_a003fbae-f636-43fd-a01b-c8b1277a35c0.jpg?v=1735030259","General:Movement: Japanese Movement, General: Case Material:316L Stainless Steel, General: Bezel Material: 316L Stainless Steel, General:Crystal: Sapphire Crystal, General: Water Resistance:100m, General: Lume: A-Grade Luminous, General: Strap Material: Fluoro Rubber Strap.",Apparel & Accessories > Jewelry > Watches,in_stock,Automatic,717020318380,Men's Watches
113495,109230,Tsarbomba,43890233010,https://www.awin1.com/pclick.php?p=43890233010&a=3002879&m=109230,https://images2.productserve.com/?w=200&h=200&bg=white&trim=5&t=letterbox&url=ssl%3Acdn.shopify.com%2Fs%2Ffiles%2F1%2F0540%2F8145%2F4255%2Ffiles%2F4_8c203a93-33c3-412b-971c-4d629aec0aeb.png%3Fv%3D1750842367&feedId=113495&k=ec55c1529ea80e960d797b4cffaf61f4179f9df4,https://images2.productserve.com/?w=70&h=70&bg=white&trim=5&t=letterbox&url=ssl%3Acdn.shopify.com%2Fs%2Ffiles%2F1%2F0540%2F8145%2F4255%2Ffiles%2F4_8c203a93-33c3-412b-971c-4d629aec0aeb.png%3Fv%3D1750842367&feedId=113495&k=ec55c1529ea80e960d797b4cffaf61f4179f9df4,544,Men's Watches,,TSAR BOMBA WATCH,TB8213A-06,Watches,TB8213A-06,TSAR BOMBA Men's Reactor Series Automatic Mechanical Watch | Carbon Fiber Black | Wandering Hour Satellite Display | Waterproof Luxury Cyberpunk Timepiece,"Experience the pinnacle of avant-garde horology with the TSAR BOMBA TB8213. Part of the revolutionary Reactor Series, this timepiece replaces traditional hands with a sophisticated Wandering Hour Satellite complication. Encased in surgical-grade 316L stainless steel with carbon fiber accents, it features a unique ""addition-based"" time display that transforms reading time into a mechanical art form. Powered by a reliable Japanese automatic movement, the TB8213 boasts a modular DIY design, allowing you to swap bezels, crowns, and straps without tools. Protected by scratch-resistant sapphire crystal and water-resistant to 100M (10ATM), it is a high-performance masterpiece for the modern collector.","""Interchangeable automatic watch"", ""Japanese movement"", ""Unique dial"", “Carbon fiber bezel”, ""316L stainless steel case"", ""Sapphire crystal"", ""100m water resistance"", ""A-grade lume"", ""Fluoro rubber strap"".",https://tsarbomba.com/products/tb8213?variant=43829917384960,https://cdn.shopify.com/s/files/1/0540/8145/4255/files/4_8c203a93-33c3-412b-971c-4d629aec0aeb.png?v=1750842367,USD,749.99,new,Carbon Fiber Black,TSAR BOMBA WATCH Barrel Type,male,Products source-US3-Men's Watch,Reactor Series,500~1000,44mm*52mm*13mm,Carbon Fiber,"https://cdn.shopify.com/s/files/1/0540/8145/4255/files/6_682fd2e7-e1b1-414f-bde2-e50eb1dd5df4.jpg?v=1725876671,https://cdn.shopify.com/s/files/1/0540/8145/4255/files/2_c26593b2-9ba1-4816-bd4d-ea9a3a43af8a.jpg?v=1721986113,https://cdn.shopify.com/s/files/1/0540/8145/4255/files/3_5270fafc-64af-4d53-94e3-2d2dfa8b876a.png?v=1750842367","General:Movement: Japanese Movement, General: Case Material:316L Stainless Steel, General: Bezel Material: Carbon Fiber, General:Crystal: Sapphire Crystal, General: Water Resistance:100m, General: Lume: A-Grade Luminous, General: Strap Material: Fluoro Rubber Strap.",Apparel & Accessories > Jewelry > Watches,in_stock,Automatic,717020318335,Men's Watches
113495,109230,Tsarbomba,43890233011,https://www.awin1.com/pclick.php?p=43890233011&a=3002879&m=109230,https://images2.productserve.com/?w=200&h=200&bg=white&trim=5&t=letterbox&url=ssl%3Acdn.shopify.com%2Fs%2Ffiles%2F1%2F0540%2F8145%2F4255%2Ffiles%2F8213SBL.png%3Fv%3D1735030259&feedId=113495&k=8b6cd0dea43697bb44b41fd1ac7a379bfc7c162a,https://images2.productserve.com/?w=70&h=70&bg=white&trim=5&t=letterbox&url=ssl%3Acdn.shopify.com%2Fs%2Ffiles%2F1%2F0540%2F8145%2F4255%2Ffiles%2F8213SBL.png%3Fv%3D1735030259&feedId=113495&k=8b6cd0dea43697bb44b41fd1ac7a379bfc7c162a,544,Men's Watches,,TSAR BOMBA WATCH,TB8213A-03,Watches,TB8213A-03,TSAR BOMBA Men's Reactor Series Automatic Mechanical Watch | Silver Blue | Wandering Hour Satellite Display | Waterproof Luxury Cyberpunk Timepiece,"Experience the pinnacle of avant-garde horology with the TSAR BOMBA TB8213. Part of the revolutionary Reactor Series, this timepiece replaces traditional hands with a sophisticated Wandering Hour Satellite complication. Encased in surgical-grade 316L stainless steel with carbon fiber accents, it features a unique ""addition-based"" time display that transforms reading time into a mechanical art form. Powered by a reliable Japanese automatic movement, the TB8213 boasts a modular DIY design, allowing you to swap bezels, crowns, and straps without tools. Protected by scratch-resistant sapphire crystal and water-resistant to 100M (10ATM), it is a high-performance masterpiece for the modern collector.","""Interchangeable automatic watch"", ""Japanese movement"", ""Unique dial"", “316L stainless steel bezel”, ""316L stainless steel case"", ""Sapphire crystal"", ""100m water resistance"", ""A-grade lume"", ""Fluoro rubber strap"".",https://tsarbomba.com/products/tb8213?variant=43829917417728,https://cdn.shopify.com/s/files/1/0540/8145/4255/files/8213SBL.png?v=1735030259,USD,649.99,new,Silver Blue,TSAR BOMBA WATCH Barrel Type,male,Products source-US3-Men's Watch,Reactor Series,500~1000,44mm*52mm*13mm,316L Stainless Steel,"https://cdn.shopify.com/s/files/1/0540/8145/4255/files/14_3f1f8f61-c0f8-449d-ac36-320e2a22d00d.jpg?v=1735030259,https://cdn.shopify.com/s/files/1/0540/8145/4255/files/5_ae2aad3d-d436-413e-ad91-bf239684452a.jpg?v=1735030259","General:Movement: Japanese Movement, General: Case Material:316L Stainless Steel, General: Bezel Material: 316L Stainless Steel, General:Crystal: Sapphire Crystal, General: Water Resistance:100m, General: Lume: A-Grade Luminous, General: Strap Material: Fluoro Rubber Strap.",Apparel & Accessories > Jewelry > Watches,in_stock,Automatic,717020318359,Men's Watches
113495,109230,Tsarbomba,43890233012,https://www.awin1.com/pclick.php?p=43890233012&a=3002879&m=109230,https://images2.productserve.com/?w=200&h=200&bg=white&trim=5&t=letterbox&url=ssl%3Acdn.shopify.com%2Fs%2Ffiles%2F1%2F0540%2F8145%2F4255%2Ffiles%2F8213SBK.png%3Fv%3D1735030259&feedId=113495&k=0331e9fe9779c984f450a2cfc5a65c97680741ea,https://images2.productserve.com/?w=70&h=70&bg=white&trim=5&t=letterbox&url=ssl%3Acdn.shopify.com%2Fs%2Ffiles%2F1%2F0540%2F8145%2F4255%2Ffiles%2F8213SBK.png%3Fv%3D1735030259&feedId=113495&k=0331e9fe9779c984f450a2cfc5a65c97680741ea,544,Men's Watches,,TSAR BOMBA WATCH,TB8213A-02,Watches,TB8213A-02,TSAR BOMBA Men's Reactor Series Automatic Mechanical Watch | Silver Black | Wandering Hour Satellite Display | Waterproof Luxury Cyberpunk Timepiece,"Experience the pinnacle of avant-garde horology with the TSAR BOMBA TB8213. Part of the revolutionary Reactor Series, this timepiece replaces traditional hands with a sophisticated Wandering Hour Satellite complication. Encased in surgical-grade 316L stainless steel with carbon fiber accents, it features a unique ""addition-based"" time display that transforms reading time into a mechanical art form. Powered by a reliable Japanese automatic movement, the TB8213 boasts a modular DIY design, allowing you to swap bezels, crowns, and straps without tools. Protected by scratch-resistant sapphire crystal and water-resistant to 100M (10ATM), it is a high-performance masterpiece for the modern collector.","""Interchangeable automatic watch"", ""Japanese movement"", ""Unique dial"", “316L stainless steel bezel”, ""316L stainless steel case"", ""Sapphire crystal"", ""100m water resistance"", ""A-grade lume"", ""Fluoro rubber strap"".",https://tsarbomba.com/products/tb8213?variant=43829917450496,https://cdn.shopify.com/s/files/1/0540/8145/4255/files/8213SBK.png?v=1735030259,USD,649.99,new,Silver Black,TSAR BOMBA WATCH Barrel Type,male,Products source-US3-Men's Watch,Reactor Series,500~1000,44mm*52mm*13mm,316L Stainless Steel,"https://cdn.shopify.com/s/files/1/0540/8145/4255/files/10_042de8f5-7412-420a-ba1c-03e0bec892cd.jpg?v=1735030259,https://cdn.shopify.com/s/files/1/0540/8145/4255/files/16-1.jpg?v=1735030259","General:Movement: Japanese Movement, General: Case Material:316L Stainless Steel, General: Bezel Material: 316L Stainless Steel, General:Crystal: Sapphire Crystal, General: Water Resistance:100m, General: Lume: A-Grade Luminous, General: Strap Material: Fluoro Rubber Strap.",Apparel & Accessories > Jewelry > Watches,in_stock,Automatic,717020318366,Men's Watches
113495,109230,Tsarbomba,43890233013,https://www.awin1.com/pclick.php?p=43890233013&a=3002879&m=109230,https://images2.productserve.com/?w=200&h=200&bg=white&trim=5&t=letterbox&url=ssl%3Acdn.shopify.com%2Fs%2Ffiles%2F1%2F0540%2F8145%2F4255%2Ffiles%2F8213SO.png%3Fv%3D1725876622&feedId=113495&k=739b566cb7c23d3fb7301246a5ad4891ea6a1df5,https://images2.productserve.com/?w=70&h=70&bg=white&trim=5&t=letterbox&url=ssl%3Acdn.shopify.com%2Fs%2Ffiles%2F1%2F0540%2F8145%2F4255%2Ffiles%2F8213SO.png%3Fv%3D1725876622&feedId=113495&k=739b566cb7c23d3fb7301246a5ad4891ea6a1df5,544,Men's Watches,,TSAR BOMBA WATCH,TB8213A-01,Watches,TB8213A-01,TSAR BOMBA Men's Automatic Wandering Hour Watch | Reactor Series Interchangeable Watch | Silver Orange | TB8213,"Experience the pinnacle of avant-garde horology with the TSAR BOMBA TB8213. Part of the revolutionary Reactor Series, this timepiece replaces traditional hands with a sophisticated Wandering Hour Satellite complication. Encased in surgical-grade 316L stainless steel with carbon fiber accents, it features a unique ""addition-based"" time display that transforms reading time into a mechanical art form. Powered by a reliable Japanese automatic movement, the TB8213 boasts a modular DIY design, allowing you to swap bezels, crowns, and straps without tools. Protected by scratch-resistant sapphire crystal and water-resistant to 100M (10ATM), it is a high-performance masterpiece for the modern collector.","""Interchangeable automatic watch"", ""Japanese movement"", ""Unique dial"", “316L stainless steel bezel”, ""316L stainless steel case"", ""Sapphire crystal"", ""100m water resistance"", ""A-grade lume"", ""Fluoro rubber strap"".",https://tsarbomba.com/products/tb8213?variant=43829917516032,https://cdn.shopify.com/s/files/1/0540/8145/4255/files/8213SO.png?v=1725876622,USD,649.99,new,Silver Orange,TSAR BOMBA WATCH Barrel Type,male,Products source-US3-Men's Watch,Reactor Series,500~1000,44mm*52mm*13mm,316L Stainless Steel,"https://cdn.shopify.com/s/files/1/0540/8145/4255/files/8_68ab454d-3bfa-433e-88e9-92e4ff59f196.jpg?v=1725876780,https://cdn.shopify.com/s/files/1/0540/8145/4255/files/7_ed6541bb-23be-441a-a372-bcbe52c4c15a.jpg?v=1721986113,https://cdn.shopify.com/s/files/1/0540/8145/4255/files/20_1bf3924f-b71b-471e-9a49-a1feb54f305f.png?v=1757563350","General:Movement: Japanese Movement, General: Case Material:316L Stainless Steel, General: Bezel Material: 316L Stainless Steel, General:Crystal: Sapphire Crystal, General: Water Resistance:100m, General: Lume: A-Grade Luminous, General: Strap Material: Fluoro Rubber Strap.",Apparel & Accessories > Jewelry > Watches,in_stock,Automatic,717020318397,Men's Watches
113495,109230,Tsarbomba,43890233014,https://www.awin1.com/pclick.php?p=43890233014&a=3002879&m=109230,https://images2.productserve.com/?w=200&h=200&bg=white&trim=5&t=letterbox&url=ssl%3Acdn.shopify.com%2Fs%2Ffiles%2F1%2F0540%2F8145%2F4255%2Ffiles%2F8213SR.png%3Fv%3D1725876622&feedId=113495&k=8be791395bb07dd238ef28e2142cf6c099a935fd,https://images2.productserve.com/?w=70&h=70&bg=white&trim=5&t=letterbox&url=ssl%3Acdn.shopify.com%2Fs%2Ffiles%2F1%2F0540%2F8145%2F4255%2Ffiles%2F8213SR.png%3Fv%3D1725876622&feedId=113495&k=8be791395bb07dd238ef28e2142cf6c099a935fd,544,Men's Watches,,TSAR BOMBA WATCH,TB8213A-04,Watches,TB8213A-04,TSAR BOMBA Men's Reactor Series Automatic Mechanical Watch | Silver Red | Wandering Hour Satellite Display | Waterproof Luxury Cyberpunk Timepiece,"Experience the pinnacle of avant-garde horology with the TSAR BOMBA TB8213. Part of the revolutionary Reactor Series, this timepiece replaces traditional hands with a sophisticated Wandering Hour Satellite complication. Encased in surgical-grade 316L stainless steel with carbon fiber accents, it features a unique ""addition-based"" time display that transforms reading time into a mechanical art form. Powered by a reliable Japanese automatic movement, the TB8213 boasts a modular DIY design, allowing you to swap bezels, crowns, and straps without tools. Protected by scratch-resistant sapphire crystal and water-resistant to 100M (10ATM), it is a high-performance masterpiece for the modern collector.","""Interchangeable automatic watch"", ""Japanese movement"", ""Unique dial"", “316L stainless steel bezel”, ""316L stainless steel case"", ""Sapphire crystal"", ""100m water resistance"", ""A-grade lume"", ""Fluoro rubber strap"".",https://tsarbomba.com/products/tb8213?variant=43829918007552,https://cdn.shopify.com/s/files/1/0540/8145/4255/files/8213SR.png?v=1725876622,USD,649.99,new,Silver Red,TSAR BOMBA WATCH Barrel Type,male,Products source-US3-Men's Watch,Reactor Series,500~1000,44mm*52mm*13mm,316L Stainless Steel,"https://cdn.shopify.com/s/files/1/0540/8145/4255/files/11_6266588a-08b4-4931-b257-46dd29a6c5dd.jpg?v=1725876780,https://cdn.shopify.com/s/files/1/0540/8145/4255/files/17_389a4fba-f525-4472-9b61-d77311b9b6be.jpg?v=1721986113","General:Movement: Japanese Movement, General: Case Material:316L Stainless Steel, General: Bezel Material: 316L Stainless Steel, General:Crystal: Sapphire Crystal, General: Water Resistance:100m, General: Lume: A-Grade Luminous, General: Strap Material: Fluoro Rubber Strap.",Apparel & Accessories > Jewelry > Watches,in_stock,Automatic,717020318410,Men's Watches
113495,109230,Tsarbomba,43890233015,https://www.awin1.com/pclick.php?p=43890233015&a=3002879&m=109230,https://images2.productserve.com/?w=200&h=200&bg=white&trim=5&t=letterbox&url=ssl%3Acdn.shopify.com%2Fs%2Ffiles%2F1%2F0540%2F8145%2F4255%2Ffiles%2F8213BY.png%3Fv%3D1725876621&feedId=113495&k=d5ef840661431f449a1e6aa68913a326ddffaecb,https://images2.productserve.com/?w=70&h=70&bg=white&trim=5&t=letterbox&url=ssl%3Acdn.shopify.com%2Fs%2Ffiles%2F1%2F0540%2F8145%2F4255%2Ffiles%2F8213BY.png%3Fv%3D1725876621&feedId=113495&k=d5ef840661431f449a1e6aa68913a326ddffaecb,544,Men's Watches,,TSAR BOMBA WATCH,TB8213A-05,Watches,TB8213A-05,TSAR BOMBA Men's Reactor Series Automatic Mechanical Watch | Black Yellow | Wandering Hour Satellite Display | Waterproof Luxury Cyberpunk Timepiece,"Experience the pinnacle of avant-garde horology with the TSAR BOMBA TB8213. Part of the revolutionary Reactor Series, this timepiece replaces traditional hands with a sophisticated Wandering Hour Satellite complication. Encased in surgical-grade 316L stainless steel with carbon fiber accents, it features a unique ""addition-based"" time display that transforms reading time into a mechanical art form. Powered by a reliable Japanese automatic movement, the TB8213 boasts a modular DIY design, allowing you to swap bezels, crowns, and straps without tools. Protected by scratch-resistant sapphire crystal and water-resistant to 100M (10ATM), it is a high-performance masterpiece for the modern collector.","""Interchangeable automatic watch"", ""Japanese movement"", ""Unique dial"", “316L stainless steel bezel”, ""316L stainless steel case"", ""Sapphire crystal"", ""100m water resistance"", ""A-grade lume"", ""Fluoro rubber strap"".",https://tsarbomba.com/products/tb8213?variant=43829917548800,https://cdn.shopify.com/s/files/1/0540/8145/4255/files/8213BY.png?v=1725876621,USD,649.99,new,Black Yellow,TSAR BOMBA WATCH Barrel Type,male,Products source-US3-Men's Watch,Reactor Series,500~1000,44mm*52mm*13mm,316L Stainless Steel,"https://cdn.shopify.com/s/files/1/0540/8145/4255/files/1_44344b89-e79d-4520-aabe-397516e053b8.jpg?v=1725876671,https://cdn.shopify.com/s/files/1/0540/8145/4255/files/1_6a64baeb-732e-4f71-9429-39522d2d6b62.jpg?v=1721986113","General:Movement: Japanese Movement, General: Case Material:316L Stainless Steel, General: Bezel Material: 316L Stainless Steel, General:Crystal: Sapphire Crystal, General: Water Resistance:100m, General: Lume: A-Grade Luminous, General: Strap Material: Fluoro Rubber Strap.",Apparel & Accessories > Jewelry > Watches,in_stock,Automatic,717020318427,Men's Watches
113495,109230,Tsarbomba,43890233016,https://www.awin1.com/pclick.php?p=43890233016&a=3002879&m=109230,https://images2.productserve.com/?w=200&h=200&bg=white&trim=5&t=letterbox&url=ssl%3Acdn.shopify.com%2Fs%2Ffiles%2F1%2F0540%2F8145%2F4255%2Ffiles%2F8209C_e9cbbd2a-6dc8-4a9e-9a6c-f49febe3aa70.png%3Fv%3D1727249064&feedId=113495&k=de29d7d62a2ba3887fa3ce59cc6fe2184fd0cd15,https://images2.productserve.com/?w=70&h=70&bg=white&trim=5&t=letterbox&url=ssl%3Acdn.shopify.com%2Fs%2Ffiles%2F1%2F0540%2F8145%2F4255%2Ffiles%2F8209C_e9cbbd2a-6dc8-4a9e-9a6c-f49febe3aa70.png%3Fv%3D1727249064&feedId=113495&k=de29d7d62a2ba3887fa3ce59cc6fe2184fd0cd15,544,Men's Watches,,TSAR BOMBA WATCH,TB8209C-04,Watches,TB8209C-04,TSAR BOMBA Men's Luxury Ceramic Bezel Skeleton Mechanical Watch | Blue | Elementalal TB8209C | Sapphire Glass 50M Waterproof FKM Rubber Strap,"Elevate your wrist game with the TSAR BOMBA TB8209C, a masterpiece of Elementalal Series. This timepiece features a premium scratch-resistant ceramic bezel and a Stainless Steel Case, combining industrial strength with refined aesthetics. The heart of the watch is a Japanese Miyota 82S0 automatic movement, fully visible through the mesmerizing skeleton dial. Equipped with high-transmittance sapphire crystal, luminous hands for night visibility, and a durable military-grade FKM rubber strap. Water-resistant up to 50 meters, it's designed for the bold man who values both precision and style.","""Barrel-shaped automatic watch"", ""Japanese movement"", ""Ceramic case"", “Ceramic bezel"", ""Hollow dial"", ""Sapphire crystal"", ""50m water resistance"", ""A-grade lume"", ""Fluoro rubber strap"".",https://tsarbomba.com/products/tb8209c?variant=43064114020608,https://cdn.shopify.com/s/files/1/0540/8145/4255/files/8209C_e9cbbd2a-6dc8-4a9e-9a6c-f49febe3aa70.png?v=1727249064,USD,649.99,new,Blue,TSAR BOMBA WATCH Barrel Type,male,Products source-US3-Men's Watch,Elemental Series,500~1000,43mm*50.5mm*15.5mm,Ceramic,"https://cdn.shopify.com/s/files/1/0540/8145/4255/files/4_b19c4c6e-5602-42df-a964-e0227a594c0e.jpg?v=1724725275,https://cdn.shopify.com/s/files/1/0540/8145/4255/files/3_552d22c4-2265-42f6-82e2-5ac499488b71.jpg?v=1724725275","General:Movement: Japanese Movement, General: Case Material: Ceramic, General: Bezel Material: Ceramic, General:Crystal: Sapphire Crystal, General: Water Resistance:50m, General: Lume: A-Grade Luminous, General: Strap Material: Fluoro Rubber.",Apparel & Accessories > Jewelry > Watches,in_stock,Automatic,762704078760,Men's Watches
113495,109230,Tsarbomba,43890233017,https://www.awin1.com/pclick.php?p=43890233017&a=3002879&m=109230,https://images2.productserve.com/?w=200&h=200&bg=white&trim=5&t=letterbox&url=ssl%3Acdn.shopify.com%2Fs%2Ffiles%2F1%2F0540%2F8145%2F4255%2Ffiles%2F8209C_94809bec-e7c5-4219-955f-94614bd00aaf.png%3Fv%3D1727249064&feedId=113495&k=a7f0d24a063da02a90a27b91c9c891b1d5f8513b,https://images2.productserve.com/?w=70&h=70&bg=white&trim=5&t=letterbox&url=ssl%3Acdn.shopify.com%2Fs%2Ffiles%2F1%2F0540%2F8145%2F4255%2Ffiles%2F8209C_94809bec-e7c5-4219-955f-94614bd00aaf.png%3Fv%3D1727249064&feedId=113495&k=a7f0d24a063da02a90a27b91c9c891b1d5f8513b,544,Men's Watches,,TSAR BOMBA WATCH,TB8209C-03,Watches,TB8209C-03,TSAR BOMBA Men's Luxury Ceramic Bezel Skeleton Mechanical Watch | Black | Elementalal TB8209C | Sapphire Glass 50M Waterproof FKM Rubber Strap,"Elevate your wrist game with the TSAR BOMBA TB8209C, a masterpiece of Elementalal Series. This timepiece features a premium scratch-resistant ceramic bezel and a Stainless Steel Case, combining industrial strength with refined aesthetics. The heart of the watch is a Japanese Miyota 82S0 automatic movement, fully visible through the mesmerizing skeleton dial. Equipped with high-transmittance sapphire crystal, luminous hands for night visibility, and a durable military-grade FKM rubber strap. Water-resistant up to 50 meters, it's designed for the bold man who values both precision and style.","""Barrel-shaped automatic watch"", ""Japanese movement"", ""Ceramic case"", “Ceramic bezel"", ""Hollow dial"", ""Sapphire crystal"", ""50m water resistance"", ""A-grade lume"", ""Fluoro rubber strap"".",https://tsarbomba.com/products/tb8209c?variant=43064114053376,https://cdn.shopify.com/s/files/1/0540/8145/4255/files/8209C_94809bec-e7c5-4219-955f-94614bd00aaf.png?v=1727249064,USD,649.99,new,Black,TSAR BOMBA WATCH Barrel Type,male,Products source-US3-Men's Watch,Elemental Series,500~1000,43mm*50.5mm*15.5mm,Ceramic,"https://cdn.shopify.com/s/files/1/0540/8145/4255/files/2_f77c0702-8f7c-4ac3-a798-ac7488d90e1a.jpg?v=1724725275,https://cdn.shopify.com/s/files/1/0540/8145/4255/files/6_0c328a68-ca6b-4c73-939b-019edd1ea90a.jpg?v=1724725275","General:Movement: Japanese Movement, General: Case Material: Ceramic, General: Bezel Material: Ceramic, General:Crystal: Sapphire Crystal, General: Water Resistance:50m, General: Lume: A-Grade Luminous, General: Strap Material: Fluoro Rubber.",Apparel & Accessories > Jewelry > Watches,in_stock,Automatic,762704078777,Men's Watches
113495,109230,Tsarbomba,43890233018,https://www.awin1.com/pclick.php?p=43890233018&a=3002879&m=109230,https://images2.productserve.com/?w=200&h=200&bg=white&trim=5&t=letterbox&url=ssl%3Acdn.shopify.com%2Fs%2Ffiles%2F1%2F0540%2F8145%2F4255%2Ffiles%2F8209C_97f25825-8bdb-4743-8ce7-820649f0b833.png%3Fv%3D1727249064&feedId=113495&k=332ce809e79d13ac85aa3d0238df11c61ff4c632,https://images2.productserve.com/?w=70&h=70&bg=white&trim=5&t=letterbox&url=ssl%3Acdn.shopify.com%2Fs%2Ffiles%2F1%2F0540%2F8145%2F4255%2Ffiles%2F8209C_97f25825-8bdb-4743-8ce7-820649f0b833.png%3Fv%3D1727249064&feedId=113495&k=332ce809e79d13ac85aa3d0238df11c61ff4c632,544,Men's Watches,,TSAR BOMBA WATCH,TB8209C-01,Watches,TB8209C-01,TSAR BOMBA Men's Luxury Ceramic Bezel Skeleton Mechanical Watch | Red | Elementalal TB8209C | Sapphire Glass 50M Waterproof FKM Rubber Strap,"Elevate your wrist game with the TSAR BOMBA TB8209C, a masterpiece of Elementalal Series. This timepiece features a premium scratch-resistant ceramic bezel and a Stainless Steel Case, combining industrial strength with refined aesthetics. The heart of the watch is a Japanese Miyota 82S0 automatic movement, fully visible through the mesmerizing skeleton dial. Equipped with high-transmittance sapphire crystal, luminous hands for night visibility, and a durable military-grade FKM rubber strap. Water-resistant up to 50 meters, it's designed for the bold man who values both precision and style.","""Barrel-shaped automatic watch"", ""Japanese movement"", ""Ceramic case"", “Ceramic bezel"", ""Hollow dial"", ""Sapphire crystal"", ""50m water resistance"", ""A-grade lume"", ""Fluoro rubber strap"".",https://tsarbomba.com/products/tb8209c?variant=43064114086144,https://cdn.shopify.com/s/files/1/0540/8145/4255/files/8209C_97f25825-8bdb-4743-8ce7-820649f0b833.png?v=1727249064,USD,649.99,new,Red,TSAR BOMBA WATCH Barrel Type,male,Products source-US3-Men's Watch,Elemental Series,500~1000,43mm*50.5mm*15.5mm,Ceramic,"https://cdn.shopify.com/s/files/1/0540/8145/4255/files/3_4100eb8d-47b0-43f1-9e39-cc0ca8f8d2f2.jpg?v=1724725275,https://cdn.shopify.com/s/files/1/0540/8145/4255/files/10_03189c7b-7317-449b-8129-53568099a6f9.jpg?v=1724725275","General:Movement: Japanese Movement, General: Case Material: Ceramic, General: Bezel Material: Ceramic, General:Crystal: Sapphire Crystal, General: Water Resistance:50m, General: Lume: A-Grade Luminous, General: Strap Material: Fluoro Rubber.",Apparel & Accessories > Jewelry > Watches,in_stock,Automatic,762704078784,Men's Watches
113495,109230,Tsarbomba,43890233019,https://www.awin1.com/pclick.php?p=43890233019&a=3002879&m=109230,https://images2.productserve.com/?w=200&h=200&bg=white&trim=5&t=letterbox&url=ssl%3Acdn.shopify.com%2Fs%2Ffiles%2F1%2F0540%2F8145%2F4255%2Ffiles%2F3_09164565-af40-466e-ad15-7468264a1d66.png%3Fv%3D1728895416&feedId=113495&k=86559ee7e112c2be7331c69e2a45edf28a80ea04,https://images2.productserve.com/?w=70&h=70&bg=white&trim=5&t=letterbox&url=ssl%3Acdn.shopify.com%2Fs%2Ffiles%2F1%2F0540%2F8145%2F4255%2Ffiles%2F3_09164565-af40-466e-ad15-7468264a1d66.png%3Fv%3D1728895416&feedId=113495&k=86559ee7e112c2be7331c69e2a45edf28a80ea04,544,Men's Watches,,TSAR BOMBA WATCH,8214CF-White,Watches,8214CF-White,TSAR BOMBA Men's Quartz Watch | White | Atomic TB8214 | Carbon Fiber Bezel | Luxury Sport Watch | 50M Waterproof Sapphire Glass FKM Rubber Strap,"The TSAR BOMBA TB8214 combines futuristic industrial design with high-performance materials. Featuring a genuine Carbon Fiber case, this watch is engineered to be incredibly lightweight yet exceptionally durable, with a unique marbled texture that stands out. The intricate, multi-layered dial offers a skeletonized aesthetic, revealing a high-precision Japanese quartz movement for reliable and maintenance-free timekeeping. Protected by a scratch-resistant sapphire crystal and paired with a premium FKM fluororubber strap, this 50M water-resistant timepiece is built for those who demand a bold, avant-garde look without the complexity of a mechanical movement.","""Barrel-shaped interchangeable calendar quartz watch"", ""Japanese movement"", ""Stainless steel case"", “Carbon fiber bezel”, ""Sapphire crystal"", ""100m water resistance"", ""A-grade lume"", ""Fluoro rubber strap"".",https://tsarbomba.com/products/tb8214w?variant=44058703593728,https://cdn.shopify.com/s/files/1/0540/8145/4255/files/3_09164565-af40-466e-ad15-7468264a1d66.png?v=1728895416,USD,630.99,new,White,TSAR BOMBA WATCH Barrel Type,male,Products source-US3-Men's Watch,Atomic Series,500~1000,45mm*50.4mm*13.55mm,Carbon Fiber,"https://cdn.shopify.com/s/files/1/0540/8145/4255/files/8214W.png?v=1732677882,https://cdn.shopify.com/s/files/1/0540/8145/4255/files/2_dc6ea1d6-fe66-4563-88c5-5c4fd4f1a033.png?v=1728895413","General:Movement: Japanese Movement, General: Case Material: Stainless Steel, General: Bezel Material: Carbon Fiber, General:Crystal: Sapphire Crystal, General: Water Resistance:100m, General: Lume: A-Grade Luminous, General: Strap Material: Fluoro Rubber.",Apparel & Accessories > Jewelry > Watches,in_stock,Quartz,717020317871,Men's Watches
113495,109230,Tsarbomba,43890233020,https://www.awin1.com/pclick.php?p=43890233020&a=3002879&m=109230,https://images2.productserve.com/?w=200&h=200&bg=white&trim=5&t=letterbox&url=ssl%3Acdn.shopify.com%2Fs%2Ffiles%2F1%2F0540%2F8145%2F4255%2Ffiles%2F4_e631df90-45cb-4280-ba34-e5500e8f9c85.png%3Fv%3D1728895415&feedId=113495&k=d8430614864c7411b6f1ecfec3577d5629c910ea,https://images2.productserve.com/?w=70&h=70&bg=white&trim=5&t=letterbox&url=ssl%3Acdn.shopify.com%2Fs%2Ffiles%2F1%2F0540%2F8145%2F4255%2Ffiles%2F4_e631df90-45cb-4280-ba34-e5500e8f9c85.png%3Fv%3D1728895415&feedId=113495&k=d8430614864c7411b6f1ecfec3577d5629c910ea,544,Men's Watches,,TSAR BOMBA WATCH,8214CF-Black,Watches,8214CF-Black,TSAR BOMBA Men's Quartz Watch | Black | Atomic TB8214 | Carbon Fiber Bezel | Luxury Sport Watch | 50M Waterproof Sapphire Glass FKM Rubber Strap,"The TSAR BOMBA TB8214 combines futuristic industrial design with high-performance materials. Featuring a genuine Carbon Fiber case, this watch is engineered to be incredibly lightweight yet exceptionally durable, with a unique marbled texture that stands out. The intricate, multi-layered dial offers a skeletonized aesthetic, revealing a high-precision Japanese quartz movement for reliable and maintenance-free timekeeping. Protected by a scratch-resistant sapphire crystal and paired with a premium FKM fluororubber strap, this 50M water-resistant timepiece is built for those who demand a bold, avant-garde look without the complexity of a mechanical movement.","""Barrel-shaped interchangeable calendar quartz watch"", ""Japanese movement"", ""Stainless steel case"", “Carbon fiber bezel”, ""Sapphire crystal"", ""100m water resistance"", ""A-grade lume"", ""Fluoro rubber strap"".",https://tsarbomba.com/products/tb8214w?variant=44058703560960,https://cdn.shopify.com/s/files/1/0540/8145/4255/files/4_e631df90-45cb-4280-ba34-e5500e8f9c85.png?v=1728895415,USD,630.99,new,Black,TSAR BOMBA WATCH Barrel Type,male,Products source-US3-Men's Watch,Atomic Series,500~1000,45mm*50.4mm*13.55mm,Carbon Fiber,,"General:Movement: Japanese Movement, General: Case Material: Stainless Steel, General: Bezel Material: Carbon Fiber, General:Crystal: Sapphire Crystal, General: Water Resistance:100m, General: Lume: A-Grade Luminous, General: Strap Material: Fluoro Rubber.",Apparel & Accessories > Jewelry > Watches,in_stock,Quartz,717020317888,Men's Watches
113495,109230,Tsarbomba,43890233021,https://www.awin1.com/pclick.php?p=43890233021&a=3002879&m=109230,https://images2.productserve.com/?w=200&h=200&bg=white&trim=5&t=letterbox&url=ssl%3Acdn.shopify.com%2Fs%2Ffiles%2F1%2F0540%2F8145%2F4255%2Ffiles%2F5_0d7d8f15-ab4d-4170-a039-ec956759d3c3.png%3Fv%3D1728895416&feedId=113495&k=2c3910a4788f0df7089a61ba16e34c449d9506a0,https://images2.productserve.com/?w=70&h=70&bg=white&trim=5&t=letterbox&url=ssl%3Acdn.shopify.com%2Fs%2Ffiles%2F1%2F0540%2F8145%2F4255%2Ffiles%2F5_0d7d8f15-ab4d-4170-a039-ec956759d3c3.png%3Fv%3D1728895416&feedId=113495&k=2c3910a4788f0df7089a61ba16e34c449d9506a0,544,Men's Watches,,TSAR BOMBA WATCH,8214CF-Red,Watches,8214CF-Red,TSAR BOMBA Men's Quartz Watch | Red | Atomic TB8214 | Carbon Fiber Bezel | Luxury Sport Watch | 50M Waterproof Sapphire Glass FKM Rubber Strap,"The TSAR BOMBA TB8214 combines futuristic industrial design with high-performance materials. Featuring a genuine Carbon Fiber case, this watch is engineered to be incredibly lightweight yet exceptionally durable, with a unique marbled texture that stands out. The intricate, multi-layered dial offers a skeletonized aesthetic, revealing a high-precision Japanese quartz movement for reliable and maintenance-free timekeeping. Protected by a scratch-resistant sapphire crystal and paired with a premium FKM fluororubber strap, this 50M water-resistant timepiece is built for those who demand a bold, avant-garde look without the complexity of a mechanical movement.","""Barrel-shaped interchangeable calendar quartz watch"", ""Japanese movement"", ""Stainless steel case"", “Carbon fiber bezel”, ""Sapphire crystal"", ""100m water resistance"", ""A-grade lume"", ""Fluoro rubber strap"".",https://tsarbomba.com/products/tb8214w?variant=44058703626496,https://cdn.shopify.com/s/files/1/0540/8145/4255/files/5_0d7d8f15-ab4d-4170-a039-ec956759d3c3.png?v=1728895416,USD,630.99,new,Red,TSAR BOMBA WATCH Barrel Type,male,Products source-US3-Men's Watch,Atomic Series,500~1000,45mm*50.4mm*13.55mm,Carbon Fiber,,"General:Movement: Japanese Movement, General: Case Material: Stainless Steel, General: Bezel Material: Carbon Fiber, General:Crystal: Sapphire Crystal, General: Water Resistance:100m, General: Lume: A-Grade Luminous, General: Strap Material: Fluoro Rubber.",Apparel & Accessories > Jewelry > Watches,in_stock,Quartz,717020317901,Men's Watches
113495,109230,Tsarbomba,43890233022,https://www.awin1.com/pclick.php?p=43890233022&a=3002879&m=109230,https://images2.productserve.com/?w=200&h=200&bg=white&trim=5&t=letterbox&url=ssl%3Acdn.shopify.com%2Fs%2Ffiles%2F1%2F0540%2F8145%2F4255%2Ffiles%2F6_e1748499-e012-4958-9783-c1103dbc6a55.png%3Fv%3D1728895417&feedId=113495&k=dbe73360268ab0f4da61d60c0a84b624d9907113,https://images2.productserve.com/?w=70&h=70&bg=white&trim=5&t=letterbox&url=ssl%3Acdn.shopify.com%2Fs%2Ffiles%2F1%2F0540%2F8145%2F4255%2Ffiles%2F6_e1748499-e012-4958-9783-c1103dbc6a55.png%3Fv%3D1728895417&feedId=113495&k=dbe73360268ab0f4da61d60c0a84b624d9907113,544,Men's Watches,,TSAR BOMBA WATCH,8214CF-Blue,Watches,8214CF-Blue,TSAR BOMBA Men's Quartz Watch | Blue | Atomic TB8214 | Carbon Fiber Bezel | Luxury Sport Watch | 50M Waterproof Sapphire Glass FKM Rubber Strap,"The TSAR BOMBA TB8214 combines futuristic industrial design with high-performance materials. Featuring a genuine Carbon Fiber case, this watch is engineered to be incredibly lightweight yet exceptionally durable, with a unique marbled texture that stands out. The intricate, multi-layered dial offers a skeletonized aesthetic, revealing a high-precision Japanese quartz movement for reliable and maintenance-free timekeeping. Protected by a scratch-resistant sapphire crystal and paired with a premium FKM fluororubber strap, this 50M water-resistant timepiece is built for those who demand a bold, avant-garde look without the complexity of a mechanical movement.","""Barrel-shaped interchangeable calendar quartz watch"", ""Japanese movement"", ""Stainless steel case"", “Carbon fiber bezel”, ""Sapphire crystal"", ""100m water resistance"", ""A-grade lume"", ""Fluoro rubber strap"".",https://tsarbomba.com/products/tb8214w?variant=44058703659264,https://cdn.shopify.com/s/files/1/0540/8145/4255/files/6_e1748499-e012-4958-9783-c1103dbc6a55.png?v=1728895417,USD,630.99,new,Blue,TSAR BOMBA WATCH Barrel Type,male,Products source-US3-Men's Watch,Atomic Series,500~1000,45mm*50.4mm*13.55mm,Carbon Fiber,,"General:Movement: Japanese Movement, General: Case Material: Stainless Steel, General: Bezel Material: Carbon Fiber, General:Crystal: Sapphire Crystal, General: Water Resistance:100m, General: Lume: A-Grade Luminous, General: Strap Material: Fluoro Rubber.",Apparel & Accessories > Jewelry > Watches,in_stock,Quartz,717020317918,Men's Watches
113495,109230,Tsarbomba,43890233023,https://www.awin1.com/pclick.php?p=43890233023&a=3002879&m=109230,https://images2.productserve.com/?w=200&h=200&bg=white&trim=5&t=letterbox&url=ssl%3Acdn.shopify.com%2Fs%2Ffiles%2F1%2F0540%2F8145%2F4255%2Ffiles%2F7_b3662b13-246f-4f2a-a6ba-f0b1f690dedd.png%3Fv%3D1728895416&feedId=113495&k=e8dc70f450ccde2ae2951ddb55567f2cfddd0dc1,https://images2.productserve.com/?w=70&h=70&bg=white&trim=5&t=letterbox&url=ssl%3Acdn.shopify.com%2Fs%2Ffiles%2F1%2F0540%2F8145%2F4255%2Ffiles%2F7_b3662b13-246f-4f2a-a6ba-f0b1f690dedd.png%3Fv%3D1728895416&feedId=113495&k=e8dc70f450ccde2ae2951ddb55567f2cfddd0dc1,544,Men's Watches,,TSAR BOMBA WATCH,8214CF-Gold,Watches,8214CF-Gold,TSAR BOMBA Men's Quartz Watch | Gold | Atomic TB8214 | Carbon Fiber Bezel | Luxury Sport Watch | 50M Waterproof Sapphire Glass FKM Rubber Strap,"The TSAR BOMBA TB8214 combines futuristic industrial design with high-performance materials. Featuring a genuine Carbon Fiber case, this watch is engineered to be incredibly lightweight yet exceptionally durable, with a unique marbled texture that stands out. The intricate, multi-layered dial offers a skeletonized aesthetic, revealing a high-precision Japanese quartz movement for reliable and maintenance-free timekeeping. Protected by a scratch-resistant sapphire crystal and paired with a premium FKM fluororubber strap, this 50M water-resistant timepiece is built for those who demand a bold, avant-garde look without the complexity of a mechanical movement.","""Barrel-shaped interchangeable calendar quartz watch"", ""Japanese movement"", ""Stainless steel case"", “Carbon fiber bezel”, ""Sapphire crystal"", ""100m water resistance"", ""A-grade lume"", ""Fluoro rubber strap"".",https://tsarbomba.com/products/tb8214w?variant=44058703692032,https://cdn.shopify.com/s/files/1/0540/8145/4255/files/7_b3662b13-246f-4f2a-a6ba-f0b1f690dedd.png?v=1728895416,USD,630.99,new,Gold,TSAR BOMBA WATCH Barrel Type,male,Products source-US3-Men's Watch,Atomic Series,500~1000,45mm*50.4mm*13.55mm,Carbon Fiber,,"General:Movement: Japanese Movement, General: Case Material: Stainless Steel, General: Bezel Material: Carbon Fiber, General:Crystal: Sapphire Crystal, General: Water Resistance:100m, General: Lume: A-Grade Luminous, General: Strap Material: Fluoro Rubber.",Apparel & Accessories > Jewelry > Watches,in_stock,Quartz,717020317932,Men's Watches
113495,109230,Tsarbomba,43890233024,https://www.awin1.com/pclick.php?p=43890233024&a=3002879&m=109230,https://images2.productserve.com/?w=200&h=200&bg=white&trim=5&t=letterbox&url=ssl%3Acdn.shopify.com%2Fs%2Ffiles%2F1%2F0540%2F8145%2F4255%2Ffiles%2F8_9428dbf5-cde9-4b43-b63b-00bdd81e5119.png%3Fv%3D1728895417&feedId=113495&k=b43cbb24d1cb939aa6df4354551f2619486fcb01,https://images2.productserve.com/?w=70&h=70&bg=white&trim=5&t=letterbox&url=ssl%3Acdn.shopify.com%2Fs%2Ffiles%2F1%2F0540%2F8145%2F4255%2Ffiles%2F8_9428dbf5-cde9-4b43-b63b-00bdd81e5119.png%3Fv%3D1728895417&feedId=113495&k=b43cbb24d1cb939aa6df4354551f2619486fcb01,544,Men's Watches,,TSAR BOMBA WATCH,8214CF-Green,Watches,8214CF-Green,TSAR BOMBA Men's Quartz Watch | Green | Atomic TB8214 | Carbon Fiber Bezel | Luxury Sport Watch | 50M Waterproof Sapphire Glass FKM Rubber Strap,"The TSAR BOMBA TB8214 combines futuristic industrial design with high-performance materials. Featuring a genuine Carbon Fiber case, this watch is engineered to be incredibly lightweight yet exceptionally durable, with a unique marbled texture that stands out. The intricate, multi-layered dial offers a skeletonized aesthetic, revealing a high-precision Japanese quartz movement for reliable and maintenance-free timekeeping. Protected by a scratch-resistant sapphire crystal and paired with a premium FKM fluororubber strap, this 50M water-resistant timepiece is built for those who demand a bold, avant-garde look without the complexity of a mechanical movement.","""Barrel-shaped interchangeable calendar quartz watch"", ""Japanese movement"", ""Stainless steel case"", “Carbon fiber bezel”, ""Sapphire crystal"", ""100m water resistance"", ""A-grade lume"", ""Fluoro rubber strap"".",https://tsarbomba.com/products/tb8214w?variant=44058703724800,https://cdn.shopify.com/s/files/1/0540/8145/4255/files/8_9428dbf5-cde9-4b43-b63b-00bdd81e5119.png?v=1728895417,USD,630.99,new,Green,TSAR BOMBA WATCH Barrel Type,male,Products source-US3-Men's Watch,Atomic Series,500~1000,45mm*50.4mm*13.55mm,Carbon Fiber,,"General:Movement: Japanese Movement, General: Case Material: Stainless Steel, General: Bezel Material: Carbon Fiber, General:Crystal: Sapphire Crystal, General: Water Resistance:100m, General: Lume: A-Grade Luminous, General: Strap Material: Fluoro Rubber.",Apparel & Accessories > Jewelry > Watches,in_stock,Quartz,717020317949,Men's Watches
113495,109230,Tsarbomba,43890233025,https://www.awin1.com/pclick.php?p=43890233025&a=3002879&m=109230,https://images2.productserve.com/?w=200&h=200&bg=white&trim=5&t=letterbox&url=ssl%3Acdn.shopify.com%2Fs%2Ffiles%2F1%2F0540%2F8145%2F4255%2Ffiles%2F9_ad5902c4-9e9b-4a3b-8c85-3eff628fe45a.png%3Fv%3D1728895416&feedId=113495&k=8550fad6f65ed73872a86d58ce37153e8b92817b,https://images2.productserve.com/?w=70&h=70&bg=white&trim=5&t=letterbox&url=ssl%3Acdn.shopify.com%2Fs%2Ffiles%2F1%2F0540%2F8145%2F4255%2Ffiles%2F9_ad5902c4-9e9b-4a3b-8c85-3eff628fe45a.png%3Fv%3D1728895416&feedId=113495&k=8550fad6f65ed73872a86d58ce37153e8b92817b,544,Men's Watches,,TSAR BOMBA WATCH,8214CF-Orange,Watches,8214CF-Orange,TSAR BOMBA Men's Quartz Watch | Orange | Atomic TB8214 | Carbon Fiber Bezel | Luxury Sport Watch | 50M Waterproof Sapphire Glass FKM Rubber Strap,"The TSAR BOMBA TB8214 combines futuristic industrial design with high-performance materials. Featuring a genuine Carbon Fiber case, this watch is engineered to be incredibly lightweight yet exceptionally durable, with a unique marbled texture that stands out. The intricate, multi-layered dial offers a skeletonized aesthetic, revealing a high-precision Japanese quartz movement for reliable and maintenance-free timekeeping. Protected by a scratch-resistant sapphire crystal and paired with a premium FKM fluororubber strap, this 50M water-resistant timepiece is built for those who demand a bold, avant-garde look without the complexity of a mechanical movement.","""Barrel-shaped interchangeable calendar quartz watch"", ""Japanese movement"", ""Stainless steel case"", “Carbon fiber bezel”, ""Sapphire crystal"", ""100m water resistance"", ""A-grade lume"", ""Fluoro rubber strap"".",https://tsarbomba.com/products/tb8214w?variant=44058703757568,https://cdn.shopify.com/s/files/1/0540/8145/4255/files/9_ad5902c4-9e9b-4a3b-8c85-3eff628fe45a.png?v=1728895416,USD,630.99,new,Orange,TSAR BOMBA WATCH Barrel Type,male,Products source-US3-Men's Watch,Atomic Series,500~1000,45mm*50.4mm*13.55mm,Carbon Fiber,,"General:Movement: Japanese Movement, General: Case Material: Stainless Steel, General: Bezel Material: Carbon Fiber, General:Crystal: Sapphire Crystal, General: Water Resistance:100m, General: Lume: A-Grade Luminous, General: Strap Material: Fluoro Rubber.",Apparel & Accessories > Jewelry > Watches,in_stock,Quartz,717020317963,Men's Watches
113495,109230,Tsarbomba,43890233026,https://www.awin1.com/pclick.php?p=43890233026&a=3002879&m=109230,https://images2.productserve.com/?w=200&h=200&bg=white&trim=5&t=letterbox&url=ssl%3Acdn.shopify.com%2Fs%2Ffiles%2F1%2F0540%2F8145%2F4255%2Ffiles%2F11_0d6f1d88-8dae-4a39-9f4e-c4b4a0fe9835.png%3Fv%3D1728895416&feedId=113495&k=748ae131c4cae7275d227b036081ac4598c56d9a,https://images2.productserve.com/?w=70&h=70&bg=white&trim=5&t=letterbox&url=ssl%3Acdn.shopify.com%2Fs%2Ffiles%2F1%2F0540%2F8145%2F4255%2Ffiles%2F11_0d6f1d88-8dae-4a39-9f4e-c4b4a0fe9835.png%3Fv%3D1728895416&feedId=113495&k=748ae131c4cae7275d227b036081ac4598c56d9a,544,Men's Watches,,TSAR BOMBA WATCH,8214D-Black,Watches,8214D-Black,TSAR BOMBA Men's Quartz Watch | Black | Atomic TB8214 | Cubic Zirconia Bezel | Luxury Sport Watch | 50M Waterproof Sapphire Glass FKM Rubber Strap,"The TSAR BOMBA TB8214 combines futuristic industrial design with high-performance materials. Featuring a genuine Carbon Fiber case, this watch is engineered to be incredibly lightweight yet exceptionally durable, with a unique marbled texture that stands out. The intricate, multi-layered dial offers a skeletonized aesthetic, revealing a high-precision Japanese quartz movement for reliable and maintenance-free timekeeping. Protected by a scratch-resistant sapphire crystal and paired with a premium FKM fluororubber strap, this 50M water-resistant timepiece is built for those who demand a bold, avant-garde look without the complexity of a mechanical movement.","""Barrel-shaped interchangeable calendar quartz watch"", ""Japanese movement"", ""Stainless steel case"", “Cubic zirconium bezel”, ""Sapphire crystal"", ""100m water resistance"", ""A-grade lume"", ""Fluoro rubber strap"".",https://tsarbomba.com/products/tb8214w?variant=44058703823104,https://cdn.shopify.com/s/files/1/0540/8145/4255/files/11_0d6f1d88-8dae-4a39-9f4e-c4b4a0fe9835.png?v=1728895416,USD,630.99,new,Black,TSAR BOMBA WATCH Barrel Type,male,Products source-US3-Men's Watch,Atomic Series,500~1000,45mm*50.4mm*13.55mm,Cubic Zirconium,,"General:Movement: Japanese Movement, General: Case Material: Stainless Steel, General: Bezel Material: Cubic Zirconium, General:Crystal: Sapphire Crystal, General: Water Resistance:100m, General: Lume: A-Grade Luminous, General: Strap Material: Fluoro Rubber.",Apparel & Accessories > Jewelry > Watches,in_stock,Quartz,717020317994,Men's Watches
113495,109230,Tsarbomba,43890233027,https://www.awin1.com/pclick.php?p=43890233027&a=3002879&m=109230,https://images2.productserve.com/?w=200&h=200&bg=white&trim=5&t=letterbox&url=ssl%3Acdn.shopify.com%2Fs%2Ffiles%2F1%2F0540%2F8145%2F4255%2Ffiles%2F12_ae978c0e-f50b-4b83-a557-b167a0c81a33.png%3Fv%3D1728895417&feedId=113495&k=4d43da4c5ed867bd262febe3697a91e58c503ad6,https://images2.productserve.com/?w=70&h=70&bg=white&trim=5&t=letterbox&url=ssl%3Acdn.shopify.com%2Fs%2Ffiles%2F1%2F0540%2F8145%2F4255%2Ffiles%2F12_ae978c0e-f50b-4b83-a557-b167a0c81a33.png%3Fv%3D1728895417&feedId=113495&k=4d43da4c5ed867bd262febe3697a91e58c503ad6,544,Men's Watches,,TSAR BOMBA WATCH,8214D-Red,Watches,8214D-Red,TSAR BOMBA Men's Quartz Watch | Red | Atomic TB8214 | Cubic Zirconia Bezel | Luxury Sport Watch | 50M Waterproof Sapphire Glass FKM Rubber Strap,"The TSAR BOMBA TB8214 combines futuristic industrial design with high-performance materials. Featuring a genuine Carbon Fiber case, this watch is engineered to be incredibly lightweight yet exceptionally durable, with a unique marbled texture that stands out. The intricate, multi-layered dial offers a skeletonized aesthetic, revealing a high-precision Japanese quartz movement for reliable and maintenance-free timekeeping. Protected by a scratch-resistant sapphire crystal and paired with a premium FKM fluororubber strap, this 50M water-resistant timepiece is built for those who demand a bold, avant-garde look without the complexity of a mechanical movement.","""Barrel-shaped interchangeable calendar quartz watch"", ""Japanese movement"", ""Stainless steel case"", “Cubic zirconium bezel”, ""Sapphire crystal"", ""100m water resistance"", ""A-grade lume"", ""Fluoro rubber strap"".",https://tsarbomba.com/products/tb8214w?variant=44058703855872,https://cdn.shopify.com/s/files/1/0540/8145/4255/files/12_ae978c0e-f50b-4b83-a557-b167a0c81a33.png?v=1728895417,USD,630.99,new,Red,TSAR BOMBA WATCH Barrel Type,male,Products source-US3-Men's Watch,Atomic Series,500~1000,45mm*50.4mm*13.55mm,Cubic Zirconium,,"General:Movement: Japanese Movement, General: Case Material: Stainless Steel, General: Bezel Material: Cubic Zirconium, General:Crystal: Sapphire Crystal, General: Water Resistance:100m, General: Lume: A-Grade Luminous, General: Strap Material: Fluoro Rubber.",Apparel & Accessories > Jewelry > Watches,in_stock,Quartz,717020318007,Men's Watches
113495,109230,Tsarbomba,43890233028,https://www.awin1.com/pclick.php?p=43890233028&a=3002879&m=109230,https://images2.productserve.com/?w=200&h=200&bg=white&trim=5&t=letterbox&url=ssl%3Acdn.shopify.com%2Fs%2Ffiles%2F1%2F0540%2F8145%2F4255%2Ffiles%2F13_538acfb8-5feb-431e-93d6-52568d3bbea7.png%3Fv%3D1728895417&feedId=113495&k=8e553639f59e012d2a84e3a570e1e2bf41eeaa63,https://images2.productserve.com/?w=70&h=70&bg=white&trim=5&t=letterbox&url=ssl%3Acdn.shopify.com%2Fs%2Ffiles%2F1%2F0540%2F8145%2F4255%2Ffiles%2F13_538acfb8-5feb-431e-93d6-52568d3bbea7.png%3Fv%3D1728895417&feedId=113495&k=8e553639f59e012d2a84e3a570e1e2bf41eeaa63,544,Men's Watches,,TSAR BOMBA WATCH,8214D-White,Watches,8214D-White,TSAR BOMBA Men's Quartz Watch | White | Atomic TB8214 | Cubic Zirconia Bezel | Luxury Sport Watch | 50M Waterproof Sapphire Glass FKM Rubber Strap,"The TSAR BOMBA TB8214 combines futuristic industrial design with high-performance materials. Featuring a genuine Carbon Fiber case, this watch is engineered to be incredibly lightweight yet exceptionally durable, with a unique marbled texture that stands out. The intricate, multi-layered dial offers a skeletonized aesthetic, revealing a high-precision Japanese quartz movement for reliable and maintenance-free timekeeping. Protected by a scratch-resistant sapphire crystal and paired with a premium FKM fluororubber strap, this 50M water-resistant timepiece is built for those who demand a bold, avant-garde look without the complexity of a mechanical movement.","""Barrel-shaped interchangeable calendar quartz watch"", ""Japanese movement"", ""Stainless steel case"", “Cubic zirconium bezel”, ""Sapphire crystal"", ""100m water resistance"", ""A-grade lume"", ""Fluoro rubber strap"".",https://tsarbomba.com/products/tb8214w?variant=44058703888640,https://cdn.shopify.com/s/files/1/0540/8145/4255/files/13_538acfb8-5feb-431e-93d6-52568d3bbea7.png?v=1728895417,USD,630.99,new,White,TSAR BOMBA WATCH Barrel Type,male,Products source-US3-Men's Watch,Atomic Series,500~1000,45mm*50.4mm*13.55mm,Cubic Zirconium,,"General:Movement: Japanese Movement, General: Case Material: Stainless Steel, General: Bezel Material: Cubic Zirconium, General:Crystal: Sapphire Crystal, General: Water Resistance:100m, General: Lume: A-Grade Luminous, General: Strap Material: Fluoro Rubber.",Apparel & Accessories > Jewelry > Watches,in_stock,Quartz,717020318021,Men's Watches
113495,109230,Tsarbomba,43890233029,https://www.awin1.com/pclick.php?p=43890233029&a=3002879&m=109230,https://images2.productserve.com/?w=200&h=200&bg=white&trim=5&t=letterbox&url=ssl%3Acdn.shopify.com%2Fs%2Ffiles%2F1%2F0540%2F8145%2F4255%2Ffiles%2F8210CF.png%3Fv%3D1724724279&feedId=113495&k=36cdc3c2e62a305483fade34dc9301998cd5089a,https://images2.productserve.com/?w=70&h=70&bg=white&trim=5&t=letterbox&url=ssl%3Acdn.shopify.com%2Fs%2Ffiles%2F1%2F0540%2F8145%2F4255%2Ffiles%2F8210CF.png%3Fv%3D1724724279&feedId=113495&k=36cdc3c2e62a305483fade34dc9301998cd5089a,544,Men's Watches,,TSAR BOMBA WATCH,TB8210CF-02,Watches,TB8210CF-02,TSAR BOMBA Men's Automatic Watch | Elite White | Elementalal TB8210CF | Carbon Fiber Bezel | Luxury Skeleton Mechanical Watch | Sapphire Glass 50M Waterproof FKM Rubber Strap,"Master the fusion of technology and tradition with the TSAR BOMBA TB8210. This elite timepiece features a genuine Carbon Fiber case, renowned for its incredible strength-to-weight ratio and unique marbled finish. The skeletonized dial reveals a high-precision Japanese automatic movement, offering a mesmerizing view of every gear and spring in motion. Equipped with a scratch-proof sapphire crystal and a premium FKM fluororubber strap, this watch is designed for maximum durability and comfort. With 50M water resistance and a bold tonneau shape, it is the ultimate statement piece for the modern man.","""Barrel-shaped automatic watch"", ""Japanese movement"", ""316L stainless steel case"", “Carbon fiber bezel"", ""Power reserve indicator dial"", ""Sapphire crystal"", ""50m water resistance"", ""A-grade lume"", ""Fluoro rubber strap"".",https://tsarbomba.com/products/tb8210cf?variant=43043595092224,https://cdn.shopify.com/s/files/1/0540/8145/4255/files/8210CF.png?v=1724724279,USD,599.99,new,Elite White,TSAR BOMBA WATCH Barrel Type,male,Products source-US3-Men's Watch,Elemental Series,500~1000,45.5mm*51.5mm*15mm,Carbon Fiber,"https://cdn.shopify.com/s/files/1/0540/8145/4255/files/8210CF.jpg?v=1724724936,https://cdn.shopify.com/s/files/1/0540/8145/4255/files/1_3a7c9755-3d4b-46ff-be7a-0b0e27099e9d.jpg?v=1724724936","General:Movement: Japanese Movement, General: Case Material: 316L Stainless Steel, General: Bezel Material: Carbon Fiber, General:Crystal: Sapphire Crystal, General: Water Resistance:50m, General: Lume: A-Grade Luminous, General: Strap Material: Fluoro Rubber.",Apparel & Accessories > Jewelry > Watches,in_stock,Automatic,762704078012,Men's Watches
113495,109230,Tsarbomba,43890233030,https://www.awin1.com/pclick.php?p=43890233030&a=3002879&m=109230,https://images2.productserve.com/?w=200&h=200&bg=white&trim=5&t=letterbox&url=ssl%3Acdn.shopify.com%2Fs%2Ffiles%2F1%2F0540%2F8145%2F4255%2Ffiles%2Fcf.png%3Fv%3D1730514330&feedId=113495&k=b6a0f39a449a2f5cdcdcb3dc11fc199db9a47697,https://images2.productserve.com/?w=70&h=70&bg=white&trim=5&t=letterbox&url=ssl%3Acdn.shopify.com%2Fs%2Ffiles%2F1%2F0540%2F8145%2F4255%2Ffiles%2Fcf.png%3Fv%3D1730514330&feedId=113495&k=b6a0f39a449a2f5cdcdcb3dc11fc199db9a47697,544,Men's Watches,,TSAR BOMBA WATCH,TB8210CF-01,Watches,TB8210CF-01,TSAR BOMBA Men's Automatic Watch | Cool Black | Elementalal TB8210CF | Carbon Fiber Bezel | Luxury Skeleton Mechanical Watch | Sapphire Glass 50M Waterproof FKM Rubber Strap,"Master the fusion of technology and tradition with the TSAR BOMBA TB8210. This elite timepiece features a genuine Carbon Fiber case, renowned for its incredible strength-to-weight ratio and unique marbled finish. The skeletonized dial reveals a high-precision Japanese automatic movement, offering a mesmerizing view of every gear and spring in motion. Equipped with a scratch-proof sapphire crystal and a premium FKM fluororubber strap, this watch is designed for maximum durability and comfort. With 50M water resistance and a bold tonneau shape, it is the ultimate statement piece for the modern man.","""Barrel-shaped automatic watch"", ""Japanese movement"", ""316L stainless steel case"", “Carbon fiber bezel"", ""Power reserve indicator dial"", ""Sapphire crystal"", ""50m water resistance"", ""A-grade lume"", ""Fluoro rubber strap"".",https://tsarbomba.com/products/tb8210cf?variant=47046602686720,https://cdn.shopify.com/s/files/1/0540/8145/4255/files/cf.png?v=1730514330,USD,599.99,new,Cool Black,TSAR BOMBA WATCH Barrel Type,male,Products source-US3-Men's Watch,Elemental Series,500~1000,45.5mm*51.5mm*15mm,Carbon Fiber,"https://cdn.shopify.com/s/files/1/0540/8145/4255/files/8210CF_2.jpg?v=1724724936,https://cdn.shopify.com/s/files/1/0540/8145/4255/files/2_167d4853-db7f-47f4-b22a-4f402d00e186.jpg?v=1724724936","General:Movement: Japanese Movement, General: Case Material: 316L Stainless Steel, General: Bezel Material: Carbon Fiber, General:Crystal: Sapphire Crystal, General: Water Resistance:50m, General: Lume: A-Grade Luminous, General: Strap Material: Fluoro Rubber.",Apparel & Accessories > Jewelry > Watches,in_stock,Automatic,762704078005,Men's Watches
113495,109230,Tsarbomba,43890233031,https://www.awin1.com/pclick.php?p=43890233031&a=3002879&m=109230,https://images2.productserve.com/?w=200&h=200&bg=white&trim=5&t=letterbox&url=ssl%3Acdn.shopify.com%2Fs%2Ffiles%2F1%2F0540%2F8145%2F4255%2Ffiles%2Fcf_809fd89d-f470-4954-bd88-9b49b8a4693b.png%3Fv%3D1730514330&feedId=113495&k=76d5e6c71171f2ef411f89f7e1b59cb2abc4c449,https://images2.productserve.com/?w=70&h=70&bg=white&trim=5&t=letterbox&url=ssl%3Acdn.shopify.com%2Fs%2Ffiles%2F1%2F0540%2F8145%2F4255%2Ffiles%2Fcf_809fd89d-f470-4954-bd88-9b49b8a4693b.png%3Fv%3D1730514330&feedId=113495&k=76d5e6c71171f2ef411f89f7e1b59cb2abc4c449,544,Men's Watches,,TSAR BOMBA WATCH,TB8210CF-03,Watches,TB8210CF-03,TSAR BOMBA Men's Automatic Watch | Passion Red | Elementalal TB8210CF | Carbon Fiber Bezel | Luxury Skeleton Mechanical Watch | Sapphire Glass 50M Waterproof FKM Rubber Strap,"Master the fusion of technology and tradition with the TSAR BOMBA TB8210. This elite timepiece features a genuine Carbon Fiber case, renowned for its incredible strength-to-weight ratio and unique marbled finish. The skeletonized dial reveals a high-precision Japanese automatic movement, offering a mesmerizing view of every gear and spring in motion. Equipped with a scratch-proof sapphire crystal and a premium FKM fluororubber strap, this watch is designed for maximum durability and comfort. With 50M water resistance and a bold tonneau shape, it is the ultimate statement piece for the modern man.","""Barrel-shaped automatic watch"", ""Japanese movement"", ""316L stainless steel case"", “Carbon fiber bezel"", ""Power reserve indicator dial"", ""Sapphire crystal"", ""50m water resistance"", ""A-grade lume"", ""Fluoro rubber strap"".",https://tsarbomba.com/products/tb8210cf?variant=43043595124992,https://cdn.shopify.com/s/files/1/0540/8145/4255/files/cf_809fd89d-f470-4954-bd88-9b49b8a4693b.png?v=1730514330,USD,599.99,new,Passion Red,TSAR BOMBA WATCH Barrel Type,male,Products source-US3-Men's Watch,Elemental Series,500~1000,45.5mm*51.5mm*15mm,Carbon Fiber,"https://cdn.shopify.com/s/files/1/0540/8145/4255/files/6_8ff84ea6-f1b0-4aaf-89b6-2eaf71107f3f.jpg?v=1724724936,https://cdn.shopify.com/s/files/1/0540/8145/4255/files/8_de715159-2edd-4e83-94e9-d201928ee26f.jpg?v=1724724936","General:Movement: Japanese Movement, General: Case Material: 316L Stainless Steel, General: Bezel Material: Carbon Fiber, General:Crystal: Sapphire Crystal, General: Water Resistance:50m, General: Lume: A-Grade Luminous, General: Strap Material: Fluoro Rubber.",Apparel & Accessories > Jewelry > Watches,in_stock,Automatic,762704078029,Men's Watches
113495,109230,Tsarbomba,43890233032,https://www.awin1.com/pclick.php?p=43890233032&a=3002879&m=109230,https://images2.productserve.com/?w=200&h=200&bg=white&trim=5&t=letterbox&url=ssl%3Acdn.shopify.com%2Fs%2Ffiles%2F1%2F0540%2F8145%2F4255%2Ffiles%2F11_4d4e997e-fa58-486d-8cf1-d118361c1ca0.png%3Fv%3D1727692582&feedId=113495&k=0418acd1aced78c1ec13e42c769d01b63f1d281d,https://images2.productserve.com/?w=70&h=70&bg=white&trim=5&t=letterbox&url=ssl%3Acdn.shopify.com%2Fs%2Ffiles%2F1%2F0540%2F8145%2F4255%2Ffiles%2F11_4d4e997e-fa58-486d-8cf1-d118361c1ca0.png%3Fv%3D1727692582&feedId=113495&k=0418acd1aced78c1ec13e42c769d01b63f1d281d,544,Men's Watches,,TSAR BOMBA WATCH,TB8215L-01,Watches,TB8215L-01,TSAR BOMBA Luxury Women's Watch | White | Nucleus Femme 01 | Full Diamond Pave Floating Crystal Dial | Elegant Round Jewelry Watch with White Leather Strap,"Exude timeless elegance with this TSAR BOMBA luxury jewelry watch. Featuring a stunning full diamond-encrusted bezel and a unique floating crystal dial, this timepiece captures light from every angle. The mesmerizing design includes several ""dancing"" stones that move freely around the inner ring, creating a dynamic and sparkling effect. Crafted with high-quality materials and paired with a pristine white leather strap, it is the perfect accessory for weddings, galas, and special occasions. A blend of precision timekeeping and high-end jewelry art.","""Women's quartz watch"", ""Swiss movement"", ""Glass case"", “cubic zirconium bezel"", ""Hollow dial"", ""Glass mirror"", ""30m water resistance"", ""A-grade lume"", ""Leather strap"".",https://tsarbomba.com/products/tb8215?variant=45955399975168,https://cdn.shopify.com/s/files/1/0540/8145/4255/files/11_4d4e997e-fa58-486d-8cf1-d118361c1ca0.png?v=1727692582,USD,599.99,new,White,TSAR BOMBA WATCH Round,female,Products source-US3-Women's Watch,Nucleus Femme Series,500~1000,44mm*44mm*12mm,Cubic Zirconium,"https://cdn.shopify.com/s/files/1/0540/8145/4255/files/TB215-1.jpg?v=1732001290,https://cdn.shopify.com/s/files/1/0540/8145/4255/files/TB215-2.jpg?v=1732001290","General:Movement: Swiss Movement, General: Case Material: Glass, General: Bezel Material: Cubic Zirconium, General:Crystal: Glass, General: Water Resistance:30m, General: Lume: A-Grade Luminous, General: Strap Material: Leather.",Apparel & Accessories > Jewelry > Watches,in_stock,Quartz,717298579551,Women's Watches
113495,109230,Tsarbomba,43890233033,https://www.awin1.com/pclick.php?p=43890233033&a=3002879&m=109230,https://images2.productserve.com/?w=200&h=200&bg=white&trim=5&t=letterbox&url=ssl%3Acdn.shopify.com%2Fs%2Ffiles%2F1%2F0540%2F8145%2F4255%2Ffiles%2F16_4bdc65be-e6f5-4885-92f3-f836b209ae8b.png%3Fv%3D1752829978&feedId=113495&k=521ed31bb8d929095ec85fc1790c2ffe62a2c009,https://images2.productserve.com/?w=70&h=70&bg=white&trim=5&t=letterbox&url=ssl%3Acdn.shopify.com%2Fs%2Ffiles%2F1%2F0540%2F8145%2F4255%2Ffiles%2F16_4bdc65be-e6f5-4885-92f3-f836b209ae8b.png%3Fv%3D1752829978&feedId=113495&k=521ed31bb8d929095ec85fc1790c2ffe62a2c009,544,Men's Watches,,TSAR BOMBA WATCH,TB8215L-02,Watches,TB8215L-02,TSAR BOMBA Luxury Women's Watch | Green | Nucleus Femme 01 | Full Diamond Pave Floating Crystal Dial | Elegant Round Jewelry Watch with White Leather Strap,"Exude timeless elegance with this TSAR BOMBA luxury jewelry watch. Featuring a stunning full diamond-encrusted bezel and a unique floating crystal dial, this timepiece captures light from every angle. The mesmerizing design includes several ""dancing"" stones that move freely around the inner ring, creating a dynamic and sparkling effect. Crafted with high-quality materials and paired with a pristine white leather strap, it is the perfect accessory for weddings, galas, and special occasions. A blend of precision timekeeping and high-end jewelry art.","""Women's quartz watch"", ""Swiss movement"", ""Glass case"", “cubic zirconium bezel"", ""Hollow dial"", ""Glass mirror"", ""30m water resistance"", ""A-grade lume"", ""Leather strap"".",https://tsarbomba.com/products/tb8215?variant=45955400007936,https://cdn.shopify.com/s/files/1/0540/8145/4255/files/16_4bdc65be-e6f5-4885-92f3-f836b209ae8b.png?v=1752829978,USD,599.99,new,White Green,TSAR BOMBA WATCH Round,female,Products source-US3-Women's Watch,Nucleus Femme Series,500~1000,44mm*44mm*12mm,Cubic Zirconium,"https://cdn.shopify.com/s/files/1/0540/8145/4255/files/20_1ebb255c-46fb-4d4b-8572-2de25c51fb66.jpg?v=1727692582,https://cdn.shopify.com/s/files/1/0540/8145/4255/files/8215WG3.jpg?v=1726825234","General:Movement: Swiss Movement, General: Case Material: Glass, General: Bezel Material: Cubic Zirconium, General:Crystal: Glass, General: Water Resistance:30m, General: Lume: A-Grade Luminous, General: Strap Material: Leather.",Apparel & Accessories > Jewelry > Watches,in_stock,Quartz,717298579582,Women's Watches
113495,109230,Tsarbomba,43890233034,https://www.awin1.com/pclick.php?p=43890233034&a=3002879&m=109230,https://images2.productserve.com/?w=200&h=200&bg=white&trim=5&t=letterbox&url=ssl%3Acdn.shopify.com%2Fs%2Ffiles%2F1%2F0540%2F8145%2F4255%2Ffiles%2F17.png%3Fv%3D1727692580&feedId=113495&k=8ce4847dc284d5deddb8ceb18ec1c5be9314e62f,https://images2.productserve.com/?w=70&h=70&bg=white&trim=5&t=letterbox&url=ssl%3Acdn.shopify.com%2Fs%2Ffiles%2F1%2F0540%2F8145%2F4255%2Ffiles%2F17.png%3Fv%3D1727692580&feedId=113495&k=8ce4847dc284d5deddb8ceb18ec1c5be9314e62f,544,Men's Watches,,TSAR BOMBA WATCH,TB8215L-03,Watches,TB8215L-03,TSAR BOMBA Luxury Women's Watch | Black | Nucleus Femme 01 | Full Diamond Pave Floating Crystal Dial | Elegant Round Jewelry Watch with White Leather Strap,"Exude timeless elegance with this TSAR BOMBA luxury jewelry watch. Featuring a stunning full diamond-encrusted bezel and a unique floating crystal dial, this timepiece captures light from every angle. The mesmerizing design includes several ""dancing"" stones that move freely around the inner ring, creating a dynamic and sparkling effect. Crafted with high-quality materials and paired with a pristine white leather strap, it is the perfect accessory for weddings, galas, and special occasions. A blend of precision timekeeping and high-end jewelry art.","""Women's quartz watch"", ""Swiss movement"", ""Glass case"", “cubic zirconium bezel"", ""Hollow dial"", ""Glass mirror"", ""30m water resistance"", ""A-grade lume"", ""Leather strap"".",https://tsarbomba.com/products/tb8215?variant=45955400040704,https://cdn.shopify.com/s/files/1/0540/8145/4255/files/17.png?v=1727692580,USD,599.99,new,Black White,TSAR BOMBA WATCH Round,female,Products source-US3-Women's Watch,Nucleus Femme Series,500~1000,44mm*44mm*12mm,Cubic Zirconium,"https://cdn.shopify.com/s/files/1/0540/8145/4255/files/19_fc8fed0f-46cf-4bed-9afe-fd3acbe6c78c.jpg?v=1727692582,https://cdn.shopify.com/s/files/1/0540/8145/4255/files/8215WB3.jpg?v=1726825233","General:Movement: Swiss Movement, General: Case Material: Glass, General: Bezel Material: Cubic Zirconium, General:Crystal: Glass, General: Water Resistance:30m, General: Lume: A-Grade Luminous, General: Strap Material: Leather.",Apparel & Accessories > Jewelry > Watches,in_stock,Quartz,717298579612,Women's Watches
113495,109230,Tsarbomba,43890233035,https://www.awin1.com/pclick.php?p=43890233035&a=3002879&m=109230,https://images2.productserve.com/?w=200&h=200&bg=white&trim=5&t=letterbox&url=ssl%3Acdn.shopify.com%2Fs%2Ffiles%2F1%2F0540%2F8145%2F4255%2Ffiles%2F12_7587883a-5c69-47e9-b496-216431cff253.png%3Fv%3D1727692582&feedId=113495&k=8aa64d17a6380e2b6af686eb8ac5d237610de9dd,https://images2.productserve.com/?w=70&h=70&bg=white&trim=5&t=letterbox&url=ssl%3Acdn.shopify.com%2Fs%2Ffiles%2F1%2F0540%2F8145%2F4255%2Ffiles%2F12_7587883a-5c69-47e9-b496-216431cff253.png%3Fv%3D1727692582&feedId=113495&k=8aa64d17a6380e2b6af686eb8ac5d237610de9dd,544,Men's Watches,,TSAR BOMBA WATCH,TB8215L-04,Watches,TB8215L-04,TSAR BOMBA Luxury Women's Watch | Black Green | Nucleus Femme 01 | Full Diamond Pave Floating Crystal Dial | Elegant Round Jewelry Watch with White Leather Strap,"Exude timeless elegance with this TSAR BOMBA luxury jewelry watch. Featuring a stunning full diamond-encrusted bezel and a unique floating crystal dial, this timepiece captures light from every angle. The mesmerizing design includes several ""dancing"" stones that move freely around the inner ring, creating a dynamic and sparkling effect. Crafted with high-quality materials and paired with a pristine white leather strap, it is the perfect accessory for weddings, galas, and special occasions. A blend of precision timekeeping and high-end jewelry art.","""Women's quartz watch"", ""Swiss movement"", ""Glass case"", “cubic zirconium bezel"", ""Hollow dial"", ""Glass mirror"", ""30m water resistance"", ""A-grade lume"", ""Leather strap"".",https://tsarbomba.com/products/tb8215?variant=45955400073472,https://cdn.shopify.com/s/files/1/0540/8145/4255/files/12_7587883a-5c69-47e9-b496-216431cff253.png?v=1727692582,USD,599.99,new,Black Green,TSAR BOMBA WATCH Round,female,Products source-US3-Women's Watch,Nucleus Femme Series,500~1000,44mm*44mm*12mm,Cubic Zirconium,"https://cdn.shopify.com/s/files/1/0540/8145/4255/files/8_968a486b-62d9-4633-a414-3a8b1b8eb811.jpg?v=1727692583,https://cdn.shopify.com/s/files/1/0540/8145/4255/files/8215BG3.jpg?v=1726825233","General:Movement: Swiss Movement, General: Case Material: Glass, General: Bezel Material: Cubic Zirconium, General:Crystal: Glass, General: Water Resistance:30m, General: Lume: A-Grade Luminous, General: Strap Material: Leather.",Apparel & Accessories > Jewelry > Watches,in_stock,Quartz,717298579643,Women's Watches
113495,109230,Tsarbomba,43890233036,https://www.awin1.com/pclick.php?p=43890233036&a=3002879&m=109230,https://images2.productserve.com/?w=200&h=200&bg=white&trim=5&t=letterbox&url=ssl%3Acdn.shopify.com%2Fs%2Ffiles%2F1%2F0540%2F8145%2F4255%2Ffiles%2FBlue-1_c0837bdd-d3ef-494d-b4c1-15f2ec37c90e.png%3Fv%3D1761620476&feedId=113495&k=4a714aa36e3369f59094d208289fc53e5dfebcee,https://images2.productserve.com/?w=70&h=70&bg=white&trim=5&t=letterbox&url=ssl%3Acdn.shopify.com%2Fs%2Ffiles%2F1%2F0540%2F8145%2F4255%2Ffiles%2FBlue-1_c0837bdd-d3ef-494d-b4c1-15f2ec37c90e.png%3Fv%3D1761620476&feedId=113495&k=4a714aa36e3369f59094d208289fc53e5dfebcee,544,Men's Watches,,TSAR BOMBA WATCH,TB8208C-06,Watches,TB8208C-06,TSAR BOMBA Men's Luxury Ceramic Bezel Skeleton Mechanical Watch | Blue | Elementalal TB8208 | Sapphire Glass 50M Waterproof FKM Rubber Strap,"Experience the perfect blend of strength and precision with the TSAR BOMBA TB8208. Forged from high-tech Carbon Fiber, the case offers incredible durability while being exceptionally lightweight on the wrist. The skeletonized dial showcases a high-performance Japanese automatic movement, allowing you to witness the intricate mechanical heartbeat of the watch. Protected by a scratch-resistant sapphire crystal and paired with a premium FKM fluororubber strap, it is engineered for both extreme sports and luxury lifestyle. With 50M water resistance and luminous hands for night visibility, the TB8208C is a bold statement of modern engineering.","""Barrel-shaped automatic watch"", ""Japanese movement"", ""Ceramic case"", “Ceramic bezel"", ""Double bridge design hollow dial"", ""Sapphire crystal"", ""50m water resistance"", ""A-grade lume"", ""Fluoro rubber strap"".",https://tsarbomba.com/products/tb8208c?variant=43064110776576,https://cdn.shopify.com/s/files/1/0540/8145/4255/files/Blue-1_c0837bdd-d3ef-494d-b4c1-15f2ec37c90e.png?v=1761620476,USD,549.99,new,Blue,TSAR BOMBA WATCH Barrel Type,male,Products source-US3-Men's Watch,Elemental Series,500~1000,43mm*50.5mm*15.5mm,Ceramic,"https://cdn.shopify.com/s/files/1/0540/8145/4255/files/TB8208C-1.jpg?v=1720778824,https://cdn.shopify.com/s/files/1/0540/8145/4255/files/3_23e0e3c6-f728-40e3-8fc7-e6c24f5514c0.jpg?v=1724724978,https://cdn.shopify.com/s/files/1/0540/8145/4255/files/8208C.png?v=1724724279","General:Movement: Japanese Movement, General: Case Material: 316L Stainless Steel, General: Bezel Material: Ceramic, General:Crystal: Sapphire Crystal, General: Water Resistance:50m, General: Lume: A-Grade Luminous, General: Strap Material: Fluoro Rubber.",Apparel & Accessories > Jewelry > Watches,in_stock,Automatic,762704078715,Men's Watches
113495,109230,Tsarbomba,43890233037,https://www.awin1.com/pclick.php?p=43890233037&a=3002879&m=109230,https://images2.productserve.com/?w=200&h=200&bg=white&trim=5&t=letterbox&url=ssl%3Acdn.shopify.com%2Fs%2Ffiles%2F1%2F0540%2F8145%2F4255%2Ffiles%2F8208C_8664ecaa-7f21-4493-8e1a-f64db603e6e9.png%3Fv%3D1727248061&feedId=113495&k=013bb6cc0f33ab8f11d945ed1767e2648a74f44c,https://images2.productserve.com/?w=70&h=70&bg=white&trim=5&t=letterbox&url=ssl%3Acdn.shopify.com%2Fs%2Ffiles%2F1%2F0540%2F8145%2F4255%2Ffiles%2F8208C_8664ecaa-7f21-4493-8e1a-f64db603e6e9.png%3Fv%3D1727248061&feedId=113495&k=013bb6cc0f33ab8f11d945ed1767e2648a74f44c,544,Men's Watches,,TSAR BOMBA WATCH,TB8208C-07,Watches,TB8208C-07,Men's White Ceramic Watch | Automic Skeleton Watch | Elementalal TB8208 | TSAR BOMBA,"Experience the perfect blend of strength and precision with the TSAR BOMBA TB8208. Forged from high-tech Carbon Fiber, the case offers incredible durability while being exceptionally lightweight on the wrist. The skeletonized dial showcases a high-performance Japanese automatic movement, allowing you to witness the intricate mechanical heartbeat of the watch. Protected by a scratch-resistant sapphire crystal and paired with a premium FKM fluororubber strap, it is engineered for both extreme sports and luxury lifestyle. With 50M water resistance and luminous hands for night visibility, the TB8208C is a bold statement of modern engineering.","""Barrel-shaped automatic watch"", ""Japanese movement"", ""Ceramic case"", “Ceramic bezel"", ""Double bridge design hollow dial"", ""Sapphire crystal"", ""50m water resistance"", ""A-grade lume"", ""Fluoro rubber strap"".",https://tsarbomba.com/products/tb8208c?variant=43064110809344,https://cdn.shopify.com/s/files/1/0540/8145/4255/files/8208C_8664ecaa-7f21-4493-8e1a-f64db603e6e9.png?v=1727248061,USD,549.99,new,White Black,TSAR BOMBA WATCH Barrel Type,male,Products source-US3-Men's Watch,Elemental Series,500~1000,43mm*50.5mm*15.5mm,Ceramic,"https://cdn.shopify.com/s/files/1/0540/8145/4255/files/4_dc9dca24-c80b-4a03-8d5f-7504d5c55268.jpg?v=1724724978,https://cdn.shopify.com/s/files/1/0540/8145/4255/files/1_ec4111cd-fc29-44c9-a3a2-0ed959015c97.jpg?v=1724724978,https://cdn.shopify.com/s/files/1/0540/8145/4255/files/White-1_bb61d2ad-fbd5-4995-8192-b089ff2aab23.png?v=1761620476","General:Movement: Japanese Movement, General: Case Material: 316L Stainless Steel, General: Bezel Material: Ceramic, General:Crystal: Sapphire Crystal, General: Water Resistance:50m, General: Lume: A-Grade Luminous, General: Strap Material: Fluoro Rubber.",Apparel & Accessories > Jewelry > Watches,in_stock,Automatic,762704078722,Men's Watches
113495,109230,Tsarbomba,43890233038,https://www.awin1.com/pclick.php?p=43890233038&a=3002879&m=109230,https://images2.productserve.com/?w=200&h=200&bg=white&trim=5&t=letterbox&url=ssl%3Acdn.shopify.com%2Fs%2Ffiles%2F1%2F0540%2F8145%2F4255%2Ffiles%2F8208C_53fe290c-0867-407a-9828-4c830bf08c24.png%3Fv%3D1727248063&feedId=113495&k=d2389d0b9ef9f1491cafc39d8c3338386c01f877,https://images2.productserve.com/?w=70&h=70&bg=white&trim=5&t=letterbox&url=ssl%3Acdn.shopify.com%2Fs%2Ffiles%2F1%2F0540%2F8145%2F4255%2Ffiles%2F8208C_53fe290c-0867-407a-9828-4c830bf08c24.png%3Fv%3D1727248063&feedId=113495&k=d2389d0b9ef9f1491cafc39d8c3338386c01f877,544,Men's Watches,,TSAR BOMBA WATCH,TB8208C-08,Watches,TB8208C-08,TSAR BOMBA Men's Luxury Ceramic Bezel Skeleton Mechanical Watch | White Red | Elementalal TB8208 | Sapphire Glass 50M Waterproof FKM Rubber Strap,"Experience the perfect blend of strength and precision with the TSAR BOMBA TB8208. Forged from high-tech Carbon Fiber, the case offers incredible durability while being exceptionally lightweight on the wrist. The skeletonized dial showcases a high-performance Japanese automatic movement, allowing you to witness the intricate mechanical heartbeat of the watch. Protected by a scratch-resistant sapphire crystal and paired with a premium FKM fluororubber strap, it is engineered for both extreme sports and luxury lifestyle. With 50M water resistance and luminous hands for night visibility, the TB8208C is a bold statement of modern engineering.","""Barrel-shaped automatic watch"", ""Japanese movement"", ""Ceramic case"", “Ceramic bezel"", ""Double bridge design hollow dial"", ""Sapphire crystal"", ""50m water resistance"", ""A-grade lume"", ""Fluoro rubber strap"".",https://tsarbomba.com/products/tb8208c?variant=43064110842112,https://cdn.shopify.com/s/files/1/0540/8145/4255/files/8208C_53fe290c-0867-407a-9828-4c830bf08c24.png?v=1727248063,USD,549.99,new,White Red,TSAR BOMBA WATCH Barrel Type,male,Products source-US3-Men's Watch,Elemental Series,500~1000,43mm*50.5mm*15.5mm,Ceramic,"https://cdn.shopify.com/s/files/1/0540/8145/4255/files/9_5591e721-ebea-403f-be4f-4ed7e4d42ef0.png?v=1728960235,https://cdn.shopify.com/s/files/1/0540/8145/4255/files/2_e87bbf01-9dfd-407d-83cd-35753b91d95f.jpg?v=1724724978","General:Movement: Japanese Movement, General: Case Material: 316L Stainless Steel, General: Bezel Material: Ceramic, General:Crystal: Sapphire Crystal, General: Water Resistance:50m, General: Lume: A-Grade Luminous, General: Strap Material: Fluoro Rubber.",Apparel & Accessories > Jewelry > Watches,in_stock,Automatic,762704078739,Men's Watches
113495,109230,Tsarbomba,43890233039,https://www.awin1.com/pclick.php?p=43890233039&a=3002879&m=109230,https://images2.productserve.com/?w=200&h=200&bg=white&trim=5&t=letterbox&url=ssl%3Acdn.shopify.com%2Fs%2Ffiles%2F1%2F0540%2F8145%2F4255%2Ffiles%2F14_5ca50b79-a358-4d89-8d31-f1c444421491.png%3Fv%3D1728895414&feedId=113495&k=6bd099424daa51c4d2e13696b6fb41de546e4d2a,https://images2.productserve.com/?w=70&h=70&bg=white&trim=5&t=letterbox&url=ssl%3Acdn.shopify.com%2Fs%2Ffiles%2F1%2F0540%2F8145%2F4255%2Ffiles%2F14_5ca50b79-a358-4d89-8d31-f1c444421491.png%3Fv%3D1728895414&feedId=113495&k=6bd099424daa51c4d2e13696b6fb41de546e4d2a,544,Men's Watches,,TSAR BOMBA WATCH,8214DFKM- Dynamic Black,Watches,8214DFKM- Dynamic Black,TSAR BOMBA Men's Quartz Watch | Dynamic Black | Atomic TB8214 | Fluororubber Bezel | Luxury Sport Watch | 50M Waterproof Sapphire Glass FKM Rubber Strap,"The TSAR BOMBA TB8214 combines futuristic industrial design with high-performance materials. Featuring a genuine Carbon Fiber case, this watch is engineered to be incredibly lightweight yet exceptionally durable, with a unique marbled texture that stands out. The intricate, multi-layered dial offers a skeletonized aesthetic, revealing a high-precision Japanese quartz movement for reliable and maintenance-free timekeeping. Protected by a scratch-resistant sapphire crystal and paired with a premium FKM fluororubber strap, this 50M water-resistant timepiece is built for those who demand a bold, avant-garde look without the complexity of a mechanical movement.","""Barrel-shaped interchangeable calendar quartz watch"", ""Japanese movement"", ""Stainless steel case"", “Fluoro rubber bezel”, ""Sapphire crystal"", ""100m water resistance"", ""A-grade lume"", ""Fluoro rubber strap"".",https://tsarbomba.com/products/tb8214w?variant=44058703921408,https://cdn.shopify.com/s/files/1/0540/8145/4255/files/14_5ca50b79-a358-4d89-8d31-f1c444421491.png?v=1728895414,USD,539.99,new,Black,TSAR BOMBA WATCH Barrel Type,male,Products source-US3-Men's Watch,Atomic Series,500~1000,45mm*50.4mm*13.55mm,Fluoro Rubber,,"General:Movement: Japanese Movement, General: Case Material: Stainless Steel, General: Bezel Material: Fluoro Rubber, General:Crystal: Sapphire Crystal, General: Water Resistance:100m, General: Lume: A-Grade Luminous, General: Strap Material: Fluoro Rubber.",Apparel & Accessories > Jewelry > Watches,in_stock,Quartz,717020318038,Men's Watches
113495,109230,Tsarbomba,43890233040,https://www.awin1.com/pclick.php?p=43890233040&a=3002879&m=109230,https://images2.productserve.com/?w=200&h=200&bg=white&trim=5&t=letterbox&url=ssl%3Acdn.shopify.com%2Fs%2Ffiles%2F1%2F0540%2F8145%2F4255%2Ffiles%2F15_c0210ac7-1112-4aff-9b6f-1aa93f14bd9b.png%3Fv%3D1728895416&feedId=113495&k=66c85eabf3cdb67165b41debf2f2e56c92e50745,https://images2.productserve.com/?w=70&h=70&bg=white&trim=5&t=letterbox&url=ssl%3Acdn.shopify.com%2Fs%2Ffiles%2F1%2F0540%2F8145%2F4255%2Ffiles%2F15_c0210ac7-1112-4aff-9b6f-1aa93f14bd9b.png%3Fv%3D1728895416&feedId=113495&k=66c85eabf3cdb67165b41debf2f2e56c92e50745,544,Men's Watches,,TSAR BOMBA WATCH,8214DFKM-Dynamic Blue,Watches,8214DFKM-Dynamic Blue,TSAR BOMBA Men's Quartz Watch | Dynamic Blue | Atomic TB8214 | Fluororubber Bezel | Luxury Sport Watch | 50M Waterproof Sapphire Glass FKM Rubber Strap,"The TSAR BOMBA TB8214 combines futuristic industrial design with high-performance materials. Featuring a genuine Carbon Fiber case, this watch is engineered to be incredibly lightweight yet exceptionally durable, with a unique marbled texture that stands out. The intricate, multi-layered dial offers a skeletonized aesthetic, revealing a high-precision Japanese quartz movement for reliable and maintenance-free timekeeping. Protected by a scratch-resistant sapphire crystal and paired with a premium FKM fluororubber strap, this 50M water-resistant timepiece is built for those who demand a bold, avant-garde look without the complexity of a mechanical movement.","""Barrel-shaped interchangeable calendar quartz watch"", ""Japanese movement"", ""Stainless steel case"", “Fluoro rubber bezel”, ""Sapphire crystal"", ""100m water resistance"", ""A-grade lume"", ""Fluoro rubber strap"".",https://tsarbomba.com/products/tb8214w?variant=44058703954176,https://cdn.shopify.com/s/files/1/0540/8145/4255/files/15_c0210ac7-1112-4aff-9b6f-1aa93f14bd9b.png?v=1728895416,USD,539.99,new,Blue,TSAR BOMBA WATCH Barrel Type,male,Products source-US3-Men's Watch,Atomic Series,500~1000,45mm*50.4mm*13.55mm,Fluoro Rubber,,"General:Movement: Japanese Movement, General: Case Material: Stainless Steel, General: Bezel Material: Fluoro Rubber, General:Crystal: Sapphire Crystal, General: Water Resistance:100m, General: Lume: A-Grade Luminous, General: Strap Material: Fluoro Rubber.",Apparel & Accessories > Jewelry > Watches,in_stock,Quartz,717020318052,Men's Watches
113495,109230,Tsarbomba,43890233041,https://www.awin1.com/pclick.php?p=43890233041&a=3002879&m=109230,https://images2.productserve.com/?w=200&h=200&bg=white&trim=5&t=letterbox&url=ssl%3Acdn.shopify.com%2Fs%2Ffiles%2F1%2F0540%2F8145%2F4255%2Ffiles%2F16_adc571d5-02d5-407e-92e7-aa12c0058ebf.png%3Fv%3D1728895416&feedId=113495&k=1f78cceb5c2d55a4ed8b31c5560a25ad073eb9d0,https://images2.productserve.com/?w=70&h=70&bg=white&trim=5&t=letterbox&url=ssl%3Acdn.shopify.com%2Fs%2Ffiles%2F1%2F0540%2F8145%2F4255%2Ffiles%2F16_adc571d5-02d5-407e-92e7-aa12c0058ebf.png%3Fv%3D1728895416&feedId=113495&k=1f78cceb5c2d55a4ed8b31c5560a25ad073eb9d0,544,Men's Watches,,TSAR BOMBA WATCH,8214DFKM-Dynamic Green,Watches,8214DFKM-Dynamic Green,TSAR BOMBA Men's Quartz Watch | Dynamic Green | Atomic TB8214 | Fluororubber Bezel | Luxury Sport Watch | 50M Waterproof Sapphire Glass FKM Rubber Strap,"The TSAR BOMBA TB8214 combines futuristic industrial design with high-performance materials. Featuring a genuine Carbon Fiber case, this watch is engineered to be incredibly lightweight yet exceptionally durable, with a unique marbled texture that stands out. The intricate, multi-layered dial offers a skeletonized aesthetic, revealing a high-precision Japanese quartz movement for reliable and maintenance-free timekeeping. Protected by a scratch-resistant sapphire crystal and paired with a premium FKM fluororubber strap, this 50M water-resistant timepiece is built for those who demand a bold, avant-garde look without the complexity of a mechanical movement.","""Barrel-shaped interchangeable calendar quartz watch"", ""Japanese movement"", ""Stainless steel case"", “Fluoro rubber bezel”, ""Sapphire crystal"", ""100m water resistance"", ""A-grade lume"", ""Fluoro rubber strap"".",https://tsarbomba.com/products/tb8214w?variant=44058703986944,https://cdn.shopify.com/s/files/1/0540/8145/4255/files/16_adc571d5-02d5-407e-92e7-aa12c0058ebf.png?v=1728895416,USD,539.99,new,Green,TSAR BOMBA WATCH Barrel Type,male,Products source-US3-Men's Watch,Atomic Series,500~1000,45mm*50.4mm*13.55mm,Fluoro Rubber,,"General:Movement: Japanese Movement, General: Case Material: Stainless Steel, General: Bezel Material: Fluoro Rubber, General:Crystal: Sapphire Crystal, General: Water Resistance:100m, General: Lume: A-Grade Luminous, General: Strap Material: Fluoro Rubber.",Apparel & Accessories > Jewelry > Watches,in_stock,Quartz,717020318069,Men's Watches
113495,109230,Tsarbomba,43890233042,https://www.awin1.com/pclick.php?p=43890233042&a=3002879&m=109230,https://images2.productserve.com/?w=200&h=200&bg=white&trim=5&t=letterbox&url=ssl%3Acdn.shopify.com%2Fs%2Ffiles%2F1%2F0540%2F8145%2F4255%2Ffiles%2F17_c27c7cd9-583b-428a-92a5-1f07dc7e42ee.png%3Fv%3D1728895416&feedId=113495&k=b84a1b64fe425d303240bed7a2963de3fbdbd1f8,https://images2.productserve.com/?w=70&h=70&bg=white&trim=5&t=letterbox&url=ssl%3Acdn.shopify.com%2Fs%2Ffiles%2F1%2F0540%2F8145%2F4255%2Ffiles%2F17_c27c7cd9-583b-428a-92a5-1f07dc7e42ee.png%3Fv%3D1728895416&feedId=113495&k=b84a1b64fe425d303240bed7a2963de3fbdbd1f8,544,Men's Watches,,TSAR BOMBA WATCH,8214DFKM-Dynamic Light Blue,Watches,8214DFKM-Dynamic Light Blue,TSAR BOMBA Men's Quartz Watch | Dynamic Light Blue | Atomic TB8214 | Fluororubber Bezel | Luxury Sport Watch | 50M Waterproof Sapphire Glass FKM Rubber Strap,"The TSAR BOMBA TB8214 combines futuristic industrial design with high-performance materials. Featuring a genuine Carbon Fiber case, this watch is engineered to be incredibly lightweight yet exceptionally durable, with a unique marbled texture that stands out. The intricate, multi-layered dial offers a skeletonized aesthetic, revealing a high-precision Japanese quartz movement for reliable and maintenance-free timekeeping. Protected by a scratch-resistant sapphire crystal and paired with a premium FKM fluororubber strap, this 50M water-resistant timepiece is built for those who demand a bold, avant-garde look without the complexity of a mechanical movement.","""Barrel-shaped interchangeable calendar quartz watch"", ""Japanese movement"", ""Stainless steel case"", “Fluoro rubber bezel”, ""Sapphire crystal"", ""100m water resistance"", ""A-grade lume"", ""Fluoro rubber strap"".",https://tsarbomba.com/products/tb8214w?variant=44058704019712,https://cdn.shopify.com/s/files/1/0540/8145/4255/files/17_c27c7cd9-583b-428a-92a5-1f07dc7e42ee.png?v=1728895416,USD,539.99,new,Light Blue,TSAR BOMBA WATCH Barrel Type,male,Products source-US3-Men's Watch,Atomic Series,500~1000,45mm*50.4mm*13.55mm,Fluoro Rubber,,"General:Movement: Japanese Movement, General: Case Material: Stainless Steel, General: Bezel Material: Fluoro Rubber, General:Crystal: Sapphire Crystal, General: Water Resistance:100m, General: Lume: A-Grade Luminous, General: Strap Material: Fluoro Rubber.",Apparel & Accessories > Jewelry > Watches,in_stock,Quartz,717020318083,Men's Watches
113495,109230,Tsarbomba,43890233043,https://www.awin1.com/pclick.php?p=43890233043&a=3002879&m=109230,https://images2.productserve.com/?w=200&h=200&bg=white&trim=5&t=letterbox&url=ssl%3Acdn.shopify.com%2Fs%2Ffiles%2F1%2F0540%2F8145%2F4255%2Ffiles%2F18_70e2628b-d611-49fe-b3a3-0d54e2c0de2b.png%3Fv%3D1728895415&feedId=113495&k=aa8790c1ac4d265feda7cc1a44d52d2c4edc07c7,https://images2.productserve.com/?w=70&h=70&bg=white&trim=5&t=letterbox&url=ssl%3Acdn.shopify.com%2Fs%2Ffiles%2F1%2F0540%2F8145%2F4255%2Ffiles%2F18_70e2628b-d611-49fe-b3a3-0d54e2c0de2b.png%3Fv%3D1728895415&feedId=113495&k=aa8790c1ac4d265feda7cc1a44d52d2c4edc07c7,544,Men's Watches,,TSAR BOMBA WATCH,8214DFKM-Dynamic Orange,Watches,8214DFKM-Dynamic Orange,TSAR BOMBA Men's Quartz Watch | Dynamic Orange | Atomic TB8214 | Fluororubber Bezel | Luxury Sport Watch | 50M Waterproof Sapphire Glass FKM Rubber Strap,"The TSAR BOMBA TB8214 combines futuristic industrial design with high-performance materials. Featuring a genuine Carbon Fiber case, this watch is engineered to be incredibly lightweight yet exceptionally durable, with a unique marbled texture that stands out. The intricate, multi-layered dial offers a skeletonized aesthetic, revealing a high-precision Japanese quartz movement for reliable and maintenance-free timekeeping. Protected by a scratch-resistant sapphire crystal and paired with a premium FKM fluororubber strap, this 50M water-resistant timepiece is built for those who demand a bold, avant-garde look without the complexity of a mechanical movement.","""Barrel-shaped interchangeable calendar quartz watch"", ""Japanese movement"", ""Stainless steel case"", “Fluoro rubber bezel”, ""Sapphire crystal"", ""100m water resistance"", ""A-grade lume"", ""Fluoro rubber strap"".",https://tsarbomba.com/products/tb8214w?variant=44058704052480,https://cdn.shopify.com/s/files/1/0540/8145/4255/files/18_70e2628b-d611-49fe-b3a3-0d54e2c0de2b.png?v=1728895415,USD,539.99,new,Orange,TSAR BOMBA WATCH Barrel Type,male,Products source-US3-Men's Watch,Atomic Series,500~1000,45mm*50.4mm*13.55mm,Fluoro Rubber,,"General:Movement: Japanese Movement, General: Case Material: Stainless Steel, General: Bezel Material: Fluoro Rubber, General:Crystal: Sapphire Crystal, General: Water Resistance:100m, General: Lume: A-Grade Luminous, General: Strap Material: Fluoro Rubber.",Apparel & Accessories > Jewelry > Watches,in_stock,Quartz,717020318090,Men's Watches
113495,109230,Tsarbomba,43890233044,https://www.awin1.com/pclick.php?p=43890233044&a=3002879&m=109230,https://images2.productserve.com/?w=200&h=200&bg=white&trim=5&t=letterbox&url=ssl%3Acdn.shopify.com%2Fs%2Ffiles%2F1%2F0540%2F8145%2F4255%2Ffiles%2F19_ab1e4d84-0452-41ca-b2ae-c56e2921941b.png%3Fv%3D1728895417&feedId=113495&k=37a1e95c3097dfc54f7098beca60d4d1420840ff,https://images2.productserve.com/?w=70&h=70&bg=white&trim=5&t=letterbox&url=ssl%3Acdn.shopify.com%2Fs%2Ffiles%2F1%2F0540%2F8145%2F4255%2Ffiles%2F19_ab1e4d84-0452-41ca-b2ae-c56e2921941b.png%3Fv%3D1728895417&feedId=113495&k=37a1e95c3097dfc54f7098beca60d4d1420840ff,544,Men's Watches,,TSAR BOMBA WATCH,8214DFKM-Dynamic Red,Watches,8214DFKM-Dynamic Red,TSAR BOMBA Men's Quartz Watch | Dynamic Red | Atomic TB8214 | Fluororubber Bezel | Luxury Sport Watch | 50M Waterproof Sapphire Glass FKM Rubber Strap,"The TSAR BOMBA TB8214 combines futuristic industrial design with high-performance materials. Featuring a genuine Carbon Fiber case, this watch is engineered to be incredibly lightweight yet exceptionally durable, with a unique marbled texture that stands out. The intricate, multi-layered dial offers a skeletonized aesthetic, revealing a high-precision Japanese quartz movement for reliable and maintenance-free timekeeping. Protected by a scratch-resistant sapphire crystal and paired with a premium FKM fluororubber strap, this 50M water-resistant timepiece is built for those who demand a bold, avant-garde look without the complexity of a mechanical movement.","""Barrel-shaped interchangeable calendar quartz watch"", ""Japanese movement"", ""Stainless steel case"", “Fluoro rubber bezel”, ""Sapphire crystal"", ""100m water resistance"", ""A-grade lume"", ""Fluoro rubber strap"".",https://tsarbomba.com/products/tb8214w?variant=44058704085248,https://cdn.shopify.com/s/files/1/0540/8145/4255/files/19_ab1e4d84-0452-41ca-b2ae-c56e2921941b.png?v=1728895417,USD,539.99,new,Red,TSAR BOMBA WATCH Barrel Type,male,Products source-US3-Men's Watch,Atomic Series,500~1000,45mm*50.4mm*13.55mm,Fluoro Rubber,,"General:Movement: Japanese Movement, General: Case Material: Stainless Steel, General: Bezel Material: Fluoro Rubber, General:Crystal: Sapphire Crystal, General: Water Resistance:100m, General: Lume: A-Grade Luminous, General: Strap Material: Fluoro Rubber.",Apparel & Accessories > Jewelry > Watches,in_stock,Quartz,717020318113,Men's Watches
113495,109230,Tsarbomba,43890233045,https://www.awin1.com/pclick.php?p=43890233045&a=3002879&m=109230,https://images2.productserve.com/?w=200&h=200&bg=white&trim=5&t=letterbox&url=ssl%3Acdn.shopify.com%2Fs%2Ffiles%2F1%2F0540%2F8145%2F4255%2Ffiles%2F20_438af77f-df4c-40f9-8898-7ccf5b49a8bd.png%3Fv%3D1728895415&feedId=113495&k=7949417dce68ecf3c98b09edc8611552b98540ee,https://images2.productserve.com/?w=70&h=70&bg=white&trim=5&t=letterbox&url=ssl%3Acdn.shopify.com%2Fs%2Ffiles%2F1%2F0540%2F8145%2F4255%2Ffiles%2F20_438af77f-df4c-40f9-8898-7ccf5b49a8bd.png%3Fv%3D1728895415&feedId=113495&k=7949417dce68ecf3c98b09edc8611552b98540ee,544,Men's Watches,,TSAR BOMBA WATCH,8214DFKM-Dynamic White,Watches,8214DFKM-Dynamic White,TSAR BOMBA Men's Quartz Watch | Dynamic White | Atomic TB8214 | Fluororubber Bezel | Luxury Sport Watch | 50M Waterproof Sapphire Glass FKM Rubber Strap,"The TSAR BOMBA TB8214 combines futuristic industrial design with high-performance materials. Featuring a genuine Carbon Fiber case, this watch is engineered to be incredibly lightweight yet exceptionally durable, with a unique marbled texture that stands out. The intricate, multi-layered dial offers a skeletonized aesthetic, revealing a high-precision Japanese quartz movement for reliable and maintenance-free timekeeping. Protected by a scratch-resistant sapphire crystal and paired with a premium FKM fluororubber strap, this 50M water-resistant timepiece is built for those who demand a bold, avant-garde look without the complexity of a mechanical movement.","""Barrel-shaped interchangeable calendar quartz watch"", ""Japanese movement"", ""Stainless steel case"", “Fluoro rubber bezel”, ""Sapphire crystal"", ""100m water resistance"", ""A-grade lume"", ""Fluoro rubber strap"".",https://tsarbomba.com/products/tb8214w?variant=44058704118016,https://cdn.shopify.com/s/files/1/0540/8145/4255/files/20_438af77f-df4c-40f9-8898-7ccf5b49a8bd.png?v=1728895415,USD,539.99,new,White,TSAR BOMBA WATCH Barrel Type,male,Products source-US3-Men's Watch,Atomic Series,500~1000,45mm*50.4mm*13.55mm,Fluoro Rubber,,"General:Movement: Japanese Movement, General: Case Material: Stainless Steel, General: Bezel Material: Fluoro Rubber, General:Crystal: Sapphire Crystal, General: Water Resistance:100m, General: Lume: A-Grade Luminous, General: Strap Material: Fluoro Rubber.",Apparel & Accessories > Jewelry > Watches,in_stock,Quartz,717020318120,Men's Watches
113495,109230,Tsarbomba,43890233046,https://www.awin1.com/pclick.php?p=43890233046&a=3002879&m=109230,https://images2.productserve.com/?w=200&h=200&bg=white&trim=5&t=letterbox&url=ssl%3Acdn.shopify.com%2Fs%2Ffiles%2F1%2F0540%2F8145%2F4255%2Ffiles%2F21_abc41453-f545-412c-87ab-87905b5c1018.png%3Fv%3D1728895416&feedId=113495&k=a8ea4654bf49e6ad5e22dc65ac1f598394004c64,https://images2.productserve.com/?w=70&h=70&bg=white&trim=5&t=letterbox&url=ssl%3Acdn.shopify.com%2Fs%2Ffiles%2F1%2F0540%2F8145%2F4255%2Ffiles%2F21_abc41453-f545-412c-87ab-87905b5c1018.png%3Fv%3D1728895416&feedId=113495&k=a8ea4654bf49e6ad5e22dc65ac1f598394004c64,544,Men's Watches,,TSAR BOMBA WATCH,8214DFKM-Dynamic Yellow,Watches,8214DFKM-Dynamic Yellow,TSAR BOMBA Men's Quartz Watch | Dynamic Yellow | Atomic TB8214 | Fluororubber Bezel | Luxury Sport Watch | 50M Waterproof Sapphire Glass FKM Rubber Strap,"The TSAR BOMBA TB8214 combines futuristic industrial design with high-performance materials. Featuring a genuine Carbon Fiber case, this watch is engineered to be incredibly lightweight yet exceptionally durable, with a unique marbled texture that stands out. The intricate, multi-layered dial offers a skeletonized aesthetic, revealing a high-precision Japanese quartz movement for reliable and maintenance-free timekeeping. Protected by a scratch-resistant sapphire crystal and paired with a premium FKM fluororubber strap, this 50M water-resistant timepiece is built for those who demand a bold, avant-garde look without the complexity of a mechanical movement.","""Barrel-shaped interchangeable calendar quartz watch"", ""Japanese movement"", ""Stainless steel case"", “Fluoro rubber bezel”, ""Sapphire crystal"", ""100m water resistance"", ""A-grade lume"", ""Fluoro rubber strap"".",https://tsarbomba.com/products/tb8214w?variant=44058704150784,https://cdn.shopify.com/s/files/1/0540/8145/4255/files/21_abc41453-f545-412c-87ab-87905b5c1018.png?v=1728895416,USD,539.99,new,Yellow,TSAR BOMBA WATCH Barrel Type,male,Products source-US3-Men's Watch,Atomic Series,500~1000,45mm*50.4mm*13.55mm,Fluoro Rubber,,"General:Movement: Japanese Movement, General: Case Material: Stainless Steel, General: Bezel Material: Fluoro Rubber, General:Crystal: Sapphire Crystal, General: Water Resistance:100m, General: Lume: A-Grade Luminous, General: Strap Material: Fluoro Rubber.",Apparel & Accessories > Jewelry > Watches,in_stock,Quartz,717020318144,Men's Watches
113495,109230,Tsarbomba,43890233047,https://www.awin1.com/pclick.php?p=43890233047&a=3002879&m=109230,https://images2.productserve.com/?w=200&h=200&bg=white&trim=5&t=letterbox&url=ssl%3Acdn.shopify.com%2Fs%2Ffiles%2F1%2F0540%2F8145%2F4255%2Ffiles%2F22_64bf421d-0632-4737-a739-2c9cfad151e2.png%3Fv%3D1728895414&feedId=113495&k=c64ace8eb18807483bb160fa4b1868514d645951,https://images2.productserve.com/?w=70&h=70&bg=white&trim=5&t=letterbox&url=ssl%3Acdn.shopify.com%2Fs%2Ffiles%2F1%2F0540%2F8145%2F4255%2Ffiles%2F22_64bf421d-0632-4737-a739-2c9cfad151e2.png%3Fv%3D1728895414&feedId=113495&k=c64ace8eb18807483bb160fa4b1868514d645951,544,Men's Watches,,TSAR BOMBA WATCH,8214FKM-Black,Watches,8214FKM-Black,TSAR BOMBA Men's Quartz Watch | Black | Atomic TB8214 | Fluororubber Bezel | Luxury Sport Watch | 50M Waterproof Sapphire Glass FKM Rubber Strap,"The TSAR BOMBA TB8214 combines futuristic industrial design with high-performance materials. Featuring a genuine Carbon Fiber case, this watch is engineered to be incredibly lightweight yet exceptionally durable, with a unique marbled texture that stands out. The intricate, multi-layered dial offers a skeletonized aesthetic, revealing a high-precision Japanese quartz movement for reliable and maintenance-free timekeeping. Protected by a scratch-resistant sapphire crystal and paired with a premium FKM fluororubber strap, this 50M water-resistant timepiece is built for those who demand a bold, avant-garde look without the complexity of a mechanical movement.","""Barrel-shaped interchangeable calendar quartz watch"", ""Japanese movement"", ""Stainless steel case"", “Fluoro rubber bezel”, ""Sapphire crystal"", ""100m water resistance"", ""A-grade lume"", ""Fluoro rubber strap"".",https://tsarbomba.com/products/tb8214w?variant=44058704183552,https://cdn.shopify.com/s/files/1/0540/8145/4255/files/22_64bf421d-0632-4737-a739-2c9cfad151e2.png?v=1728895414,USD,539.99,new,Black,TSAR BOMBA WATCH Barrel Type,male,Products source-US3-Men's Watch,Atomic Series,500~1000,45mm*50.4mm*13.55mm,Fluoro Rubber,https://cdn.shopify.com/s/files/1/0540/8145/4255/files/Atomic-Interchangeable_Calendar_Watch_Fluororubber_Black-1.jpg?v=1724144430，https://cdn.shopify.com/s/files/1/0540/8145/4255/files/Atomic-Interchangeable_Calendar_Watch_Fluororubber_Black-3.jpg?v=1724144513,"General:Movement: Japanese Movement, General: Case Material: Stainless Steel, General: Bezel Material: Fluoro Rubber, General:Crystal: Sapphire Crystal, General: Water Resistance:100m, General: Lume: A-Grade Luminous, General: Strap Material: Fluoro Rubber.",Apparel & Accessories > Jewelry > Watches,in_stock,Quartz,717020318151,Men's Watches
113495,109230,Tsarbomba,43890233048,https://www.awin1.com/pclick.php?p=43890233048&a=3002879&m=109230,https://images2.productserve.com/?w=200&h=200&bg=white&trim=5&t=letterbox&url=ssl%3Acdn.shopify.com%2Fs%2Ffiles%2F1%2F0540%2F8145%2F4255%2Ffiles%2F23_c853ac85-cfd7-4817-9023-7d8f9163297e.png%3Fv%3D1728895417&feedId=113495&k=61db2230fc5036099cfffbb2fd9febda4005779c,https://images2.productserve.com/?w=70&h=70&bg=white&trim=5&t=letterbox&url=ssl%3Acdn.shopify.com%2Fs%2Ffiles%2F1%2F0540%2F8145%2F4255%2Ffiles%2F23_c853ac85-cfd7-4817-9023-7d8f9163297e.png%3Fv%3D1728895417&feedId=113495&k=61db2230fc5036099cfffbb2fd9febda4005779c,544,Men's Watches,,TSAR BOMBA WATCH,8214FKM-Blue,Watches,8214FKM-Blue,TSAR BOMBA Men's Quartz Watch | Blue | Atomic TB8214 | Fluororubber Bezel | Luxury Sport Watch | 50M Waterproof Sapphire Glass FKM Rubber Strap,"The TSAR BOMBA TB8214 combines futuristic industrial design with high-performance materials. Featuring a genuine Carbon Fiber case, this watch is engineered to be incredibly lightweight yet exceptionally durable, with a unique marbled texture that stands out. The intricate, multi-layered dial offers a skeletonized aesthetic, revealing a high-precision Japanese quartz movement for reliable and maintenance-free timekeeping. Protected by a scratch-resistant sapphire crystal and paired with a premium FKM fluororubber strap, this 50M water-resistant timepiece is built for those who demand a bold, avant-garde look without the complexity of a mechanical movement.","""Barrel-shaped interchangeable calendar quartz watch"", ""Japanese movement"", ""Stainless steel case"", “Fluoro rubber bezel”, ""Sapphire crystal"", ""100m water resistance"", ""A-grade lume"", ""Fluoro rubber strap"".",https://tsarbomba.com/products/tb8214w?variant=44058704216320,https://cdn.shopify.com/s/files/1/0540/8145/4255/files/23_c853ac85-cfd7-4817-9023-7d8f9163297e.png?v=1728895417,USD,539.99,new,Blue,TSAR BOMBA WATCH Barrel Type,male,Products source-US3-Men's Watch,Atomic Series,500~1000,45mm*50.4mm*13.55mm,Fluoro Rubber,https://cdn.shopify.com/s/files/1/0540/8145/4255/files/Atomic-Interchangeable_Calendar_Watch_Fluororubber_Blue-1.jpg?v=1724144584,"General:Movement: Japanese Movement, General: Case Material: Stainless Steel, General: Bezel Material: Fluoro Rubber, General:Crystal: Sapphire Crystal, General: Water Resistance:100m, General: Lume: A-Grade Luminous, General: Strap Material: Fluoro Rubber.",Apparel & Accessories > Jewelry > Watches,in_stock,Quartz,717020318175,Men's Watches
113495,109230,Tsarbomba,43890233049,https://www.awin1.com/pclick.php?p=43890233049&a=3002879&m=109230,https://images2.productserve.com/?w=200&h=200&bg=white&trim=5&t=letterbox&url=ssl%3Acdn.shopify.com%2Fs%2Ffiles%2F1%2F0540%2F8145%2F4255%2Ffiles%2F24_189375d9-b3b4-4f0a-a484-e57c30625de0.png%3Fv%3D1728895417&feedId=113495&k=d1da71e9457b253d609a0fda9995809bb5bbd3f6,https://images2.productserve.com/?w=70&h=70&bg=white&trim=5&t=letterbox&url=ssl%3Acdn.shopify.com%2Fs%2Ffiles%2F1%2F0540%2F8145%2F4255%2Ffiles%2F24_189375d9-b3b4-4f0a-a484-e57c30625de0.png%3Fv%3D1728895417&feedId=113495&k=d1da71e9457b253d609a0fda9995809bb5bbd3f6,544,Men's Watches,,TSAR BOMBA WATCH,8214FKM-Green,Watches,8214FKM-Green,TSAR BOMBA Men's Quartz Watch | Green | Atomic TB8214 | Fluororubber Bezel | Luxury Sport Watch | 50M Waterproof Sapphire Glass FKM Rubber Strap,"The TSAR BOMBA TB8214 combines futuristic industrial design with high-performance materials. Featuring a genuine Carbon Fiber case, this watch is engineered to be incredibly lightweight yet exceptionally durable, with a unique marbled texture that stands out. The intricate, multi-layered dial offers a skeletonized aesthetic, revealing a high-precision Japanese quartz movement for reliable and maintenance-free timekeeping. Protected by a scratch-resistant sapphire crystal and paired with a premium FKM fluororubber strap, this 50M water-resistant timepiece is built for those who demand a bold, avant-garde look without the complexity of a mechanical movement.","""Barrel-shaped interchangeable calendar quartz watch"", ""Japanese movement"", ""Stainless steel case"", “Fluoro rubber bezel”, ""Sapphire crystal"", ""100m water resistance"", ""A-grade lume"", ""Fluoro rubber strap"".",https://tsarbomba.com/products/tb8214w?variant=44058704249088,https://cdn.shopify.com/s/files/1/0540/8145/4255/files/24_189375d9-b3b4-4f0a-a484-e57c30625de0.png?v=1728895417,USD,539.99,new,Green,TSAR BOMBA WATCH Barrel Type,male,Products source-US3-Men's Watch,Atomic Series,500~1000,45mm*50.4mm*13.55mm,Fluoro Rubber,,"General:Movement: Japanese Movement, General: Case Material: Stainless Steel, General: Bezel Material: Fluoro Rubber, General:Crystal: Sapphire Crystal, General: Water Resistance:100m, General: Lume: A-Grade Luminous, General: Strap Material: Fluoro Rubber.",Apparel & Accessories > Jewelry > Watches,in_stock,Quartz,717020318182,Men's Watches
113495,109230,Tsarbomba,43890233050,https://www.awin1.com/pclick.php?p=43890233050&a=3002879&m=109230,https://images2.productserve.com/?w=200&h=200&bg=white&trim=5&t=letterbox&url=ssl%3Acdn.shopify.com%2Fs%2Ffiles%2F1%2F0540%2F8145%2F4255%2Ffiles%2F25_cba15505-5a59-429f-a915-a72975d68179.png%3Fv%3D1728895416&feedId=113495&k=aff9e4f7ff59ad5241ad07aa542916314612eb64,https://images2.productserve.com/?w=70&h=70&bg=white&trim=5&t=letterbox&url=ssl%3Acdn.shopify.com%2Fs%2Ffiles%2F1%2F0540%2F8145%2F4255%2Ffiles%2F25_cba15505-5a59-429f-a915-a72975d68179.png%3Fv%3D1728895416&feedId=113495&k=aff9e4f7ff59ad5241ad07aa542916314612eb64,544,Men's Watches,,TSAR BOMBA WATCH,8214FKM-Light Blue,Watches,8214FKM-Light Blue,TSAR BOMBA Men's Quartz Watch | Light Blue | Atomic TB8214 | Fluororubber Bezel | Luxury Sport Watch | 50M Waterproof Sapphire Glass FKM Rubber Strap,"The TSAR BOMBA TB8214 combines futuristic industrial design with high-performance materials. Featuring a genuine Carbon Fiber case, this watch is engineered to be incredibly lightweight yet exceptionally durable, with a unique marbled texture that stands out. The intricate, multi-layered dial offers a skeletonized aesthetic, revealing a high-precision Japanese quartz movement for reliable and maintenance-free timekeeping. Protected by a scratch-resistant sapphire crystal and paired with a premium FKM fluororubber strap, this 50M water-resistant timepiece is built for those who demand a bold, avant-garde look without the complexity of a mechanical movement.","""Barrel-shaped interchangeable calendar quartz watch"", ""Japanese movement"", ""Stainless steel case"", “Fluoro rubber bezel”, ""Sapphire crystal"", ""100m water resistance"", ""A-grade lume"", ""Fluoro rubber strap"".",https://tsarbomba.com/products/tb8214w?variant=44058704281856,https://cdn.shopify.com/s/files/1/0540/8145/4255/files/25_cba15505-5a59-429f-a915-a72975d68179.png?v=1728895416,USD,539.99,new,Light Blue,TSAR BOMBA WATCH Barrel Type,male,Products source-US3-Men's Watch,Atomic Series,500~1000,45mm*50.4mm*13.55mm,Fluoro Rubber,,"General:Movement: Japanese Movement, General: Case Material: Stainless Steel, General: Bezel Material: Fluoro Rubber, General:Crystal: Sapphire Crystal, General: Water Resistance:100m, General: Lume: A-Grade Luminous, General: Strap Material: Fluoro Rubber.",Apparel & Accessories > Jewelry > Watches,in_stock,Quartz,717020318205,Men's Watches
113495,109230,Tsarbomba,43890233051,https://www.awin1.com/pclick.php?p=43890233051&a=3002879&m=109230,https://images2.productserve.com/?w=200&h=200&bg=white&trim=5&t=letterbox&url=ssl%3Acdn.shopify.com%2Fs%2Ffiles%2F1%2F0540%2F8145%2F4255%2Ffiles%2F26_a05bd018-f3a7-42d3-8f6d-bee141c56a2d.png%3Fv%3D1728895417&feedId=113495&k=e04f0e56190a8c1cd25c186a00d40af20c9e8838,https://images2.productserve.com/?w=70&h=70&bg=white&trim=5&t=letterbox&url=ssl%3Acdn.shopify.com%2Fs%2Ffiles%2F1%2F0540%2F8145%2F4255%2Ffiles%2F26_a05bd018-f3a7-42d3-8f6d-bee141c56a2d.png%3Fv%3D1728895417&feedId=113495&k=e04f0e56190a8c1cd25c186a00d40af20c9e8838,544,Men's Watches,,TSAR BOMBA WATCH,8214FKM-Orange,Watches,8214FKM-Orange,TSAR BOMBA Men's Quartz Watch | Orange | Atomic TB8214 | Fluororubber Bezel | Luxury Sport Watch | 50M Waterproof Sapphire Glass FKM Rubber Strap,"The TSAR BOMBA TB8214 combines futuristic industrial design with high-performance materials. Featuring a genuine Carbon Fiber case, this watch is engineered to be incredibly lightweight yet exceptionally durable, with a unique marbled texture that stands out. The intricate, multi-layered dial offers a skeletonized aesthetic, revealing a high-precision Japanese quartz movement for reliable and maintenance-free timekeeping. Protected by a scratch-resistant sapphire crystal and paired with a premium FKM fluororubber strap, this 50M water-resistant timepiece is built for those who demand a bold, avant-garde look without the complexity of a mechanical movement.","""Barrel-shaped interchangeable calendar quartz watch"", ""Japanese movement"", ""Stainless steel case"", “Fluoro rubber bezel”, ""Sapphire crystal"", ""100m water resistance"", ""A-grade lume"", ""Fluoro rubber strap"".",https://tsarbomba.com/products/tb8214w?variant=44058704314624,https://cdn.shopify.com/s/files/1/0540/8145/4255/files/26_a05bd018-f3a7-42d3-8f6d-bee141c56a2d.png?v=1728895417,USD,539.99,new,Orange,TSAR BOMBA WATCH Barrel Type,male,Products source-US3-Men's Watch,Atomic Series,500~1000,45mm*50.4mm*13.55mm,Fluoro Rubber,https://cdn.shopify.com/s/files/1/0540/8145/4255/files/Atomic-Interchangeable_Calendar_Watch_Fluororubber_Orange-1.jpg?v=1724145488,"General:Movement: Japanese Movement, General: Case Material: Stainless Steel, General: Bezel Material: Fluoro Rubber, General:Crystal: Sapphire Crystal, General: Water Resistance:100m, General: Lume: A-Grade Luminous, General: Strap Material: Fluoro Rubber.",Apparel & Accessories > Jewelry > Watches,in_stock,Quartz,717020318212,Men's Watches
113495,109230,Tsarbomba,43890233052,https://www.awin1.com/pclick.php?p=43890233052&a=3002879&m=109230,https://images2.productserve.com/?w=200&h=200&bg=white&trim=5&t=letterbox&url=ssl%3Acdn.shopify.com%2Fs%2Ffiles%2F1%2F0540%2F8145%2F4255%2Ffiles%2F27_c38b3488-4e63-411f-ba60-454f058c0e6e.png%3Fv%3D1728895417&feedId=113495&k=c1ce7989c023ee824a9d60fb00ba84b6071186fc,https://images2.productserve.com/?w=70&h=70&bg=white&trim=5&t=letterbox&url=ssl%3Acdn.shopify.com%2Fs%2Ffiles%2F1%2F0540%2F8145%2F4255%2Ffiles%2F27_c38b3488-4e63-411f-ba60-454f058c0e6e.png%3Fv%3D1728895417&feedId=113495&k=c1ce7989c023ee824a9d60fb00ba84b6071186fc,544,Men's Watches,,TSAR BOMBA WATCH,8214FKM-Red,Watches,8214FKM-Red,TSAR BOMBA Men's Quartz Watch | Red | Atomic TB8214 | Fluororubber Bezel | Luxury Sport Watch | 50M Waterproof Sapphire Glass FKM Rubber Strap,"The TSAR BOMBA TB8214 combines futuristic industrial design with high-performance materials. Featuring a genuine Carbon Fiber case, this watch is engineered to be incredibly lightweight yet exceptionally durable, with a unique marbled texture that stands out. The intricate, multi-layered dial offers a skeletonized aesthetic, revealing a high-precision Japanese quartz movement for reliable and maintenance-free timekeeping. Protected by a scratch-resistant sapphire crystal and paired with a premium FKM fluororubber strap, this 50M water-resistant timepiece is built for those who demand a bold, avant-garde look without the complexity of a mechanical movement.","""Barrel-shaped interchangeable calendar quartz watch"", ""Japanese movement"", ""Stainless steel case"", “Fluoro rubber bezel”, ""Sapphire crystal"", ""100m water resistance"", ""A-grade lume"", ""Fluoro rubber strap"".",https://tsarbomba.com/products/tb8214w?variant=44058704347392,https://cdn.shopify.com/s/files/1/0540/8145/4255/files/27_c38b3488-4e63-411f-ba60-454f058c0e6e.png?v=1728895417,USD,539.99,new,Red,TSAR BOMBA WATCH Barrel Type,male,Products source-US3-Men's Watch,Atomic Series,500~1000,45mm*50.4mm*13.55mm,Fluoro Rubber,,"General:Movement: Japanese Movement, General: Case Material: Stainless Steel, General: Bezel Material: Fluoro Rubber, General:Crystal: Sapphire Crystal, General: Water Resistance:100m, General: Lume: A-Grade Luminous, General: Strap Material: Fluoro Rubber.",Apparel & Accessories > Jewelry > Watches,in_stock,Quartz,717020318236,Men's Watches
113495,109230,Tsarbomba,43890233053,https://www.awin1.com/pclick.php?p=43890233053&a=3002879&m=109230,https://images2.productserve.com/?w=200&h=200&bg=white&trim=5&t=letterbox&url=ssl%3Acdn.shopify.com%2Fs%2Ffiles%2F1%2F0540%2F8145%2F4255%2Ffiles%2F28_6da1b404-4be6-4c51-8cc6-299e5d6f4f3a.png%3Fv%3D1728895414&feedId=113495&k=63358bcdfa0e860131116a5d8828f895218f0c43,https://images2.productserve.com/?w=70&h=70&bg=white&trim=5&t=letterbox&url=ssl%3Acdn.shopify.com%2Fs%2Ffiles%2F1%2F0540%2F8145%2F4255%2Ffiles%2F28_6da1b404-4be6-4c51-8cc6-299e5d6f4f3a.png%3Fv%3D1728895414&feedId=113495&k=63358bcdfa0e860131116a5d8828f895218f0c43,544,Men's Watches,,TSAR BOMBA WATCH,8214FKM-White,Watches,8214FKM-White,TSAR BOMBA Men's Quartz Watch | White | Atomic TB8214 | Fluororubber Bezel | Luxury Sport Watch | 50M Waterproof Sapphire Glass FKM Rubber Strap,"The TSAR BOMBA TB8214 combines futuristic industrial design with high-performance materials. Featuring a genuine Carbon Fiber case, this watch is engineered to be incredibly lightweight yet exceptionally durable, with a unique marbled texture that stands out. The intricate, multi-layered dial offers a skeletonized aesthetic, revealing a high-precision Japanese quartz movement for reliable and maintenance-free timekeeping. Protected by a scratch-resistant sapphire crystal and paired with a premium FKM fluororubber strap, this 50M water-resistant timepiece is built for those who demand a bold, avant-garde look without the complexity of a mechanical movement.","""Barrel-shaped interchangeable calendar quartz watch"", ""Japanese movement"", ""Stainless steel case"", “Fluoro rubber bezel”, ""Sapphire crystal"", ""100m water resistance"", ""A-grade lume"", ""Fluoro rubber strap"".",https://tsarbomba.com/products/tb8214w?variant=44058704380160,https://cdn.shopify.com/s/files/1/0540/8145/4255/files/28_6da1b404-4be6-4c51-8cc6-299e5d6f4f3a.png?v=1728895414,USD,539.99,new,White,TSAR BOMBA WATCH Barrel Type,male,Products source-US3-Men's Watch,Atomic Series,500~1000,45mm*50.4mm*13.55mm,Fluoro Rubber,https://cdn.shopify.com/s/files/1/0540/8145/4255/files/Atomic-Interchangeable_Calendar_Watch_Fluororubber_White-1.jpg?v=1724146639，https://cdn.shopify.com/s/files/1/0540/8145/4255/files/Atomic-Interchangeable_Calendar_Watch_Fluororubber_White-2.jpg?v=1724146654,"General:Movement: Japanese Movement, General: Case Material: Stainless Steel, General: Bezel Material: Fluoro Rubber, General:Crystal: Sapphire Crystal, General: Water Resistance:100m, General: Lume: A-Grade Luminous, General: Strap Material: Fluoro Rubber.",Apparel & Accessories > Jewelry > Watches,in_stock,Quartz,717020318243,Men's Watches
113495,109230,Tsarbomba,43890233054,https://www.awin1.com/pclick.php?p=43890233054&a=3002879&m=109230,https://images2.productserve.com/?w=200&h=200&bg=white&trim=5&t=letterbox&url=ssl%3Acdn.shopify.com%2Fs%2Ffiles%2F1%2F0540%2F8145%2F4255%2Ffiles%2F29_944d46c7-6bb1-4f84-93f4-71ab23cf059d.png%3Fv%3D1728895417&feedId=113495&k=582bace980264c7dc2cb3124e545a2526ab5bb89,https://images2.productserve.com/?w=70&h=70&bg=white&trim=5&t=letterbox&url=ssl%3Acdn.shopify.com%2Fs%2Ffiles%2F1%2F0540%2F8145%2F4255%2Ffiles%2F29_944d46c7-6bb1-4f84-93f4-71ab23cf059d.png%3Fv%3D1728895417&feedId=113495&k=582bace980264c7dc2cb3124e545a2526ab5bb89,544,Men's Watches,,TSAR BOMBA WATCH,8214FKM-Yellow,Watches,8214FKM-Yellow,TSAR BOMBA Men's Quartz Watch | Yellow | Atomic TB8214 | Fluororubber Bezel | Luxury Sport Watch | 50M Waterproof Sapphire Glass FKM Rubber Strap,"The TSAR BOMBA TB8214 combines futuristic industrial design with high-performance materials. Featuring a genuine Carbon Fiber case, this watch is engineered to be incredibly lightweight yet exceptionally durable, with a unique marbled texture that stands out. The intricate, multi-layered dial offers a skeletonized aesthetic, revealing a high-precision Japanese quartz movement for reliable and maintenance-free timekeeping. Protected by a scratch-resistant sapphire crystal and paired with a premium FKM fluororubber strap, this 50M water-resistant timepiece is built for those who demand a bold, avant-garde look without the complexity of a mechanical movement.","""Barrel-shaped interchangeable calendar quartz watch"", ""Japanese movement"", ""Stainless steel case"", “Fluoro rubber bezel”, ""Sapphire crystal"", ""100m water resistance"", ""A-grade lume"", ""Fluoro rubber strap"".",https://tsarbomba.com/products/tb8214w?variant=44058704412928,https://cdn.shopify.com/s/files/1/0540/8145/4255/files/29_944d46c7-6bb1-4f84-93f4-71ab23cf059d.png?v=1728895417,USD,539.99,new,Yellow,TSAR BOMBA WATCH Barrel Type,male,Products source-US3-Men's Watch,Atomic Series,500~1000,45mm*50.4mm*13.55mm,Fluoro Rubber,,"General:Movement: Japanese Movement, General: Case Material: Stainless Steel, General: Bezel Material: Fluoro Rubber, General:Crystal: Sapphire Crystal, General: Water Resistance:100m, General: Lume: A-Grade Luminous, General: Strap Material: Fluoro Rubber.",Apparel & Accessories > Jewelry > Watches,in_stock,Quartz,717020318267,Men's Watches
113495,109230,Tsarbomba,43890233055,https://www.awin1.com/pclick.php?p=43890233055&a=3002879&m=109230,https://images2.productserve.com/?w=200&h=200&bg=white&trim=5&t=letterbox&url=ssl%3Acdn.shopify.com%2Fs%2Ffiles%2F1%2F0540%2F8145%2F4255%2Ffiles%2F30_dbcbbaa6-1903-4c3c-92d9-b4a52abd5be7.png%3Fv%3D1728895415&feedId=113495&k=58ad7cf9fefae2b4149401fad8d8c86e99192cdc,https://images2.productserve.com/?w=70&h=70&bg=white&trim=5&t=letterbox&url=ssl%3Acdn.shopify.com%2Fs%2Ffiles%2F1%2F0540%2F8145%2F4255%2Ffiles%2F30_dbcbbaa6-1903-4c3c-92d9-b4a52abd5be7.png%3Fv%3D1728895415&feedId=113495&k=58ad7cf9fefae2b4149401fad8d8c86e99192cdc,544,Men's Watches,,TSAR BOMBA WATCH,8214A-Black,Watches,8214A-Black,TSAR BOMBA Men's Quartz Watch | Black | Atomic TB8214 | Stanless Steel Bezel | Luxury Sport Watch | 50M Waterproof Sapphire Glass FKM Rubber Strap,"The TSAR BOMBA TB8214 combines futuristic industrial design with high-performance materials. Featuring a genuine Carbon Fiber case, this watch is engineered to be incredibly lightweight yet exceptionally durable, with a unique marbled texture that stands out. The intricate, multi-layered dial offers a skeletonized aesthetic, revealing a high-precision Japanese quartz movement for reliable and maintenance-free timekeeping. Protected by a scratch-resistant sapphire crystal and paired with a premium FKM fluororubber strap, this 50M water-resistant timepiece is built for those who demand a bold, avant-garde look without the complexity of a mechanical movement.","""Barrel-shaped interchangeable calendar quartz watch"", ""Japanese movement"", ""Stainless steel case"", “Stainless steel bezel”, ""Sapphire crystal"", ""100m water resistance"", ""A-grade lume"", ""Fluoro rubber strap"".",https://tsarbomba.com/products/tb8214w?variant=44058704445696,https://cdn.shopify.com/s/files/1/0540/8145/4255/files/30_dbcbbaa6-1903-4c3c-92d9-b4a52abd5be7.png?v=1728895415,USD,510.99,new,Black,TSAR BOMBA WATCH Barrel Type,male,Products source-US3-Men's Watch,Atomic Series,500~1000,45mm*50.4mm*13.55mm,316L Stainless Steel,,"General:Movement: Japanese Movement, General: Case Material: Stainless Steel, General: Bezel Material: Stainless Steel, General:Crystal: Sapphire Crystal, General: Water Resistance:100m, General: Lume: A-Grade Luminous, General: Strap Material: Fluoro Rubber.",Apparel & Accessories > Jewelry > Watches,in_stock,Quartz,717020318274,Men's Watches
113495,109230,Tsarbomba,43890233056,https://www.awin1.com/pclick.php?p=43890233056&a=3002879&m=109230,https://images2.productserve.com/?w=200&h=200&bg=white&trim=5&t=letterbox&url=ssl%3Acdn.shopify.com%2Fs%2Ffiles%2F1%2F0540%2F8145%2F4255%2Ffiles%2F31_b0fc6ff4-65b4-4d46-b347-bdcaa1da406f.png%3Fv%3D1728895416&feedId=113495&k=8383a3765e1cb1b2092e0b7e88543fd689803b80,https://images2.productserve.com/?w=70&h=70&bg=white&trim=5&t=letterbox&url=ssl%3Acdn.shopify.com%2Fs%2Ffiles%2F1%2F0540%2F8145%2F4255%2Ffiles%2F31_b0fc6ff4-65b4-4d46-b347-bdcaa1da406f.png%3Fv%3D1728895416&feedId=113495&k=8383a3765e1cb1b2092e0b7e88543fd689803b80,544,Men's Watches,,TSAR BOMBA WATCH,8214A-Rose Gold,Watches,8214A-Rose Gold,TSAR BOMBA Men's Quartz Watch | Rose Gold | Atomic TB8214 | Stanless Steel Bezel | Luxury Sport Watch | 50M Waterproof Sapphire Glass FKM Rubber Strap,"The TSAR BOMBA TB8214 combines futuristic industrial design with high-performance materials. Featuring a genuine Carbon Fiber case, this watch is engineered to be incredibly lightweight yet exceptionally durable, with a unique marbled texture that stands out. The intricate, multi-layered dial offers a skeletonized aesthetic, revealing a high-precision Japanese quartz movement for reliable and maintenance-free timekeeping. Protected by a scratch-resistant sapphire crystal and paired with a premium FKM fluororubber strap, this 50M water-resistant timepiece is built for those who demand a bold, avant-garde look without the complexity of a mechanical movement.","""Barrel-shaped interchangeable calendar quartz watch"", ""Japanese movement"", ""Stainless steel case"", “Stainless steel bezel”, ""Sapphire crystal"", ""100m water resistance"", ""A-grade lume"", ""Fluoro rubber strap"".",https://tsarbomba.com/products/tb8214w?variant=44058704478464,https://cdn.shopify.com/s/files/1/0540/8145/4255/files/31_b0fc6ff4-65b4-4d46-b347-bdcaa1da406f.png?v=1728895416,USD,510.99,new,Rose Gold,TSAR BOMBA WATCH Barrel Type,male,Products source-US3-Men's Watch,Atomic Series,500~1000,45mm*50.4mm*13.55mm,316L Stainless Steel,,"General:Movement: Japanese Movement, General: Case Material: Stainless Steel, General: Bezel Material: Stainless Steel, General:Crystal: Sapphire Crystal, General: Water Resistance:100m, General: Lume: A-Grade Luminous, General: Strap Material: Fluoro Rubber.",Apparel & Accessories > Jewelry > Watches,in_stock,Quartz,717020318298,Men's Watches
113495,109230,Tsarbomba,43890233057,https://www.awin1.com/pclick.php?p=43890233057&a=3002879&m=109230,https://images2.productserve.com/?w=200&h=200&bg=white&trim=5&t=letterbox&url=ssl%3Acdn.shopify.com%2Fs%2Ffiles%2F1%2F0540%2F8145%2F4255%2Ffiles%2F32_a7d042ec-33eb-471f-a67f-0e61790c830a.png%3Fv%3D1728895417&feedId=113495&k=6a612d0dfc77e4beee5659cf504c7b7e6e40cc06,https://images2.productserve.com/?w=70&h=70&bg=white&trim=5&t=letterbox&url=ssl%3Acdn.shopify.com%2Fs%2Ffiles%2F1%2F0540%2F8145%2F4255%2Ffiles%2F32_a7d042ec-33eb-471f-a67f-0e61790c830a.png%3Fv%3D1728895417&feedId=113495&k=6a612d0dfc77e4beee5659cf504c7b7e6e40cc06,544,Men's Watches,,TSAR BOMBA WATCH,8214A-Silver,Watches,8214A-Silver,TSAR BOMBA Men's Quartz Watch | Silver | Atomic TB8214 | Stanless Steel Bezel | Luxury Sport Watch | 50M Waterproof Sapphire Glass FKM Rubber Strap,"The TSAR BOMBA TB8214 combines futuristic industrial design with high-performance materials. Featuring a genuine Carbon Fiber case, this watch is engineered to be incredibly lightweight yet exceptionally durable, with a unique marbled texture that stands out. The intricate, multi-layered dial offers a skeletonized aesthetic, revealing a high-precision Japanese quartz movement for reliable and maintenance-free timekeeping. Protected by a scratch-resistant sapphire crystal and paired with a premium FKM fluororubber strap, this 50M water-resistant timepiece is built for those who demand a bold, avant-garde look without the complexity of a mechanical movement.","""Barrel-shaped interchangeable calendar quartz watch"", ""Japanese movement"", ""Stainless steel case"", “Stainless steel bezel”, ""Sapphire crystal"", ""100m water resistance"", ""A-grade lume"", ""Fluoro rubber strap"".",https://tsarbomba.com/products/tb8214w?variant=44058704511232,https://cdn.shopify.com/s/files/1/0540/8145/4255/files/32_a7d042ec-33eb-471f-a67f-0e61790c830a.png?v=1728895417,USD,510.99,new,Silver,TSAR BOMBA WATCH Barrel Type,male,Products source-US3-Men's Watch,Atomic Series,500~1000,45mm*50.4mm*13.55mm,316L Stainless Steel,,"General:Movement: Japanese Movement, General: Case Material: Stainless Steel, General: Bezel Material: Stainless Steel, General:Crystal: Sapphire Crystal, General: Water Resistance:100m, General: Lume: A-Grade Luminous, General: Strap Material: Fluoro Rubber.",Apparel & Accessories > Jewelry > Watches,in_stock,Quartz,717020318304,Men's Watches
113495,109230,Tsarbomba,43890233058,https://www.awin1.com/pclick.php?p=43890233058&a=3002879&m=109230,https://images2.productserve.com/?w=200&h=200&bg=white&trim=5&t=letterbox&url=ssl%3Acdn.shopify.com%2Fs%2Ffiles%2F1%2F0540%2F8145%2F4255%2Ffiles%2FTB8604-R4.png%3Fv%3D1757663137&feedId=113495&k=5391e2100a47a3ef6cc2fbed65f2abfd68fc72a7,https://images2.productserve.com/?w=70&h=70&bg=white&trim=5&t=letterbox&url=ssl%3Acdn.shopify.com%2Fs%2Ffiles%2F1%2F0540%2F8145%2F4255%2Ffiles%2FTB8604-R4.png%3Fv%3D1757663137&feedId=113495&k=5391e2100a47a3ef6cc2fbed65f2abfd68fc72a7,544,Men's Watches,,TSAR BOMBA WATCH,TB8604-01,Watches,TB8604-01,TSAR BOMBA Men's Swiss Automatic Watch | Dark Matter 4 | Rafael Signed Limited Edition | Meteorite Chronograph Calendar Dial | Carbon Fiber & Titanium Case | 100M Waterproof | Luxury Sport Timepiece,"Elevate your collection with the TSAR BOMBA TB8604 Dark Matter 4, an exclusive collaboration with football legend Rafael Márquez. This limited-edition masterpiece merges haute horology with rugged performance.  Key Features:  Swiss SW500 Automatic Movement: Experience unparalleled precision with a premium Swiss-made chronograph movement, featuring three sub-dials and a date function.  Exclusive Meteorite Dial: Each watch is unique, featuring a dial forged from authentic meteorite, offering a cosmic aesthetic that stands out from the crowd.  High-Tech Materials: Crafted with a lightweight, high-strength Carbon Fiber bezel and a durable Titanium case, ensuring comfort and longevity.  Innovative Interchangeable Design: Part of our ""72,670 Ways to Be You"" series. Effortlessly customize your style with quick-release interchangeable bezels, crowns, and straps.  Performance Ready: Rated at 10ATM (100M) water resistance, making it suitable for swimming and water sports. Protected by scratch-resistant Sapphire Crystal with A-level AlphaLuminex for superior night visibility.  Premium FKM Rubber Strap: The military-grade fluoro-rubber strap is heat, sweat, and oil resistant, providing a soft yet secure fit for any adventure.  What’s in the Box: Includes the TB8604 timepiece, an exclusive Rafael Márquez collector’s display box, and a 2-year international warranty.","""Barrel-shaped interchangeable automatic watch"", ""Swiss movement"", ""316L stainless steel case"", “Carbon fiber bezel”, ""Meteorite dial"", ""Sapphire crystal"", ""100m water resistance"", ""A-grade lume"", ""Fluoro rubber strap"".",https://tsarbomba.com/products/tb8604,https://cdn.shopify.com/s/files/1/0540/8145/4255/files/TB8604-R4.png?v=1757663137,USD,4999.99,new,Red Set,TSAR BOMBA WATCH Barrel Type,male,Products source-US3-Men's Watch,Dark Matter Series,2000~,43mm*53.5mm*14.5mm,Carbon Fiber,"https://cdn.shopify.com/s/files/1/0540/8145/4255/files/TB8604-Box1.jpg?v=1725611537,https://cdn.shopify.com/s/files/1/0540/8145/4255/files/TB8604B1.jpg?v=1727076951,https://cdn.shopify.com/s/files/1/0540/8145/4255/files/8604BL.jpg?v=1727402682,https://cdn.shopify.com/s/files/1/0540/8145/4255/files/TB8604G.jpg?v=1727076951,https://cdn.shopify.com/s/files/1/0540/8145/4255/files/8604O.jpg?v=1727402659","General:Movement: Swiss Movement, General: Case Material: 316L Stainless Steel, General: Bezel Material: Carbon Fiber, General:Dial: Meteorite Dial, General:Crystal: Sapphire Crystal, General: Water Resistance:100m, General: Lume: A-Grade Luminous, General: Strap Material: Fluoro Rubber.",Apparel & Accessories > Jewelry > Watches,in_stock,Automatic,717298580755,Men's Watches
113495,109230,Tsarbomba,43890233059,https://www.awin1.com/pclick.php?p=43890233059&a=3002879&m=109230,https://images2.productserve.com/?w=200&h=200&bg=white&trim=5&t=letterbox&url=ssl%3Acdn.shopify.com%2Fs%2Ffiles%2F1%2F0540%2F8145%2F4255%2Ffiles%2F8208CF-0.png%3Fv%3D1753153125&feedId=113495&k=d88d3768b42e82c383d467a456afd46cf0b7ab09,https://images2.productserve.com/?w=70&h=70&bg=white&trim=5&t=letterbox&url=ssl%3Acdn.shopify.com%2Fs%2Ffiles%2F1%2F0540%2F8145%2F4255%2Ffiles%2F8208CF-0.png%3Fv%3D1753153125&feedId=113495&k=d88d3768b42e82c383d467a456afd46cf0b7ab09,544,Men's Watches,,TSAR BOMBA WATCH,TB8208CF-08,Watches,TB8208CF-08,Men's Automatic Carbon Fiber Watch | Affordable Black Skeleton Tonneau Wristwatch | Elemental TB8208CF | TSAR BOMBA,"Unleash your individuality with the TSAR BOMBA TB8208CF, a standout masterpiece from Elementalal Series. This watch combines cutting-edge materials with a bold, ""cyber-mechanical"" aesthetic, designed for those who command attention.  Key Features:  High-Performance Carbon Fiber Bezel: Engineered for strength and lightness, the unique carbon fiber texture adds a high-tech racing edge while providing superior scratch resistance.  Japanese Miyota 82S0 Automatic Movement: Powered by the natural motion of your wrist, this reliable self-winding movement ensures precision without the need for batteries.  Intricate Skeleton Dial: Experience the ""Soul of Precision"" with a fully hollowed-out dial that showcases the rhythmic dance of gears and springs.  Ergonomic Tonneau Design: The 316L stainless steel case features an ergonomic double-bridge design, ensuring a bold visual impact and a comfortable fit on the wrist.  Scratch-Resistant Sapphire Crystal: With a Mohs hardness level of 9, the sapphire glass protects your timepiece from daily wear while maintaining crystal-clear visibility.  A-Level Super Luminous: Coated with high-grade luminous material, the hands and markers offer exceptional night vision for low-light environments.  Comfortable FKM/Silicone Strap: The sweat-resistant and flexible strap is designed for all-day wear, whether you’re at the office or outdoors.  Specifications: 43.5mm case diameter, 5ATM (50M) water resistance, exhibition case back.","""Skeleton barrel-shaped automatic watch"", ""Japanese 82S0 movement"", ""Carbon fiber bezel"", ""316L steel case"", ""Sapphire crystal"", ""50m water resistance"", ""A-grade lume"", ""Silicone strap"".",https://tsarbomba.com/products/tb8208cf?variant=42908746842368,https://cdn.shopify.com/s/files/1/0540/8145/4255/files/8208CF-0.png?v=1753153125,USD,499.99,new,Cool Black,TSAR BOMBA WATCH Barrel Type,male,Products source-US3-Men's Watch,Elemental Series,0~500,43mm*50.5mm*15.5mm,Carbon Fiber,"https://cdn.shopify.com/s/files/1/0540/8145/4255/files/8208CF_5.jpg?v=1724724836,https://cdn.shopify.com/s/files/1/0540/8145/4255/files/3_f9adf3d0-825c-40ae-baf2-257409e8894a.jpg?v=1724724836,https://cdn.shopify.com/s/files/1/0540/8145/4255/files/8208CF_8d99ac5c-7296-4614-b98f-504039f9185e.png?v=1724724279","General:Movement: Japanese 82S0 movement, General: Case Material:316L Stainless Steel, General: Bezel Material: Carbon Fiber, General:Crystal: Sapphire Crystal, General: Water Resistance:50m, General: Lume: A-Grade Luminous, General: Strap Material: Silicone Strap",Apparel & Accessories > Jewelry > Watches,in_stock,Automatic,762704078401,Men's Watches
113495,109230,Tsarbomba,43890233060,https://www.awin1.com/pclick.php?p=43890233060&a=3002879&m=109230,https://images2.productserve.com/?w=200&h=200&bg=white&trim=5&t=letterbox&url=ssl%3Acdn.shopify.com%2Fs%2Ffiles%2F1%2F0540%2F8145%2F4255%2Ffiles%2F5_a3f0b41c-6145-47b6-b4fe-0ccdd45b776a.png%3Fv%3D1729648478&feedId=113495&k=6c1c25554d9c879310eef6cca1794b5eea9cace1,https://images2.productserve.com/?w=70&h=70&bg=white&trim=5&t=letterbox&url=ssl%3Acdn.shopify.com%2Fs%2Ffiles%2F1%2F0540%2F8145%2F4255%2Ffiles%2F5_a3f0b41c-6145-47b6-b4fe-0ccdd45b776a.png%3Fv%3D1729648478&feedId=113495&k=6c1c25554d9c879310eef6cca1794b5eea9cace1,544,Men's Watches,,TSAR BOMBA WATCH,TB8208CF-06,Watches,TB8208CF-06,TSAR BOMBA Men's Automatic Watch | Carbon Fiber Luxury Skeleton Wristwatch | White Blue | Elemental TB8208CF | Tonneau Mechanical Watch | Sapphire Glass | 50M Waterproof Sport Watch | Gift for Men,"Unleash your individuality with the TSAR BOMBA TB8208CF, a standout masterpiece from Elementalal Series. This watch combines cutting-edge materials with a bold, ""cyber-mechanical"" aesthetic, designed for those who command attention.  Key Features:  High-Performance Carbon Fiber Bezel: Engineered for strength and lightness, the unique carbon fiber texture adds a high-tech racing edge while providing superior scratch resistance.  Japanese Miyota 82S0 Automatic Movement: Powered by the natural motion of your wrist, this reliable self-winding movement ensures precision without the need for batteries.  Intricate Skeleton Dial: Experience the ""Soul of Precision"" with a fully hollowed-out dial that showcases the rhythmic dance of gears and springs.  Ergonomic Tonneau Design: The 316L stainless steel case features an ergonomic double-bridge design, ensuring a bold visual impact and a comfortable fit on the wrist.  Scratch-Resistant Sapphire Crystal: With a Mohs hardness level of 9, the sapphire glass protects your timepiece from daily wear while maintaining crystal-clear visibility.  A-Level Super Luminous: Coated with high-grade luminous material, the hands and markers offer exceptional night vision for low-light environments.  Comfortable FKM/Silicone Strap: The sweat-resistant and flexible strap is designed for all-day wear, whether you’re at the office or outdoors.  Specifications: 43.5mm case diameter, 5ATM (50M) water resistance, exhibition case back.","""Skeleton barrel-shaped automatic watch"", ""Japanese 82S0 movement"", ""Carbon fiber bezel"", ""316L steel case"", ""Sapphire crystal"", ""50m water resistance"", ""A-grade lume"", ""Silicone strap"".",https://tsarbomba.com/products/tb8208cf?variant=43443691847936,https://cdn.shopify.com/s/files/1/0540/8145/4255/files/5_a3f0b41c-6145-47b6-b4fe-0ccdd45b776a.png?v=1729648478,USD,499.99,new,White Blue,TSAR BOMBA WATCH Barrel Type,male,Products source-US3-Men's Watch,Elemental Series,0~500,43mm*50.5mm*15.5mm,Carbon Fiber,"https://cdn.shopify.com/s/files/1/0540/8145/4255/files/8208CF_2.jpg?v=1724724836,https://cdn.shopify.com/s/files/1/0540/8145/4255/files/19_2d9ecbbc-9cca-4fd1-809d-b0e6c1f537cf.jpg?v=1724724836","General:Movement: Japanese 82S0 movement, General: Case Material:316L Stainless Steel, General: Bezel Material: Carbon Fiber, General:Crystal: Sapphire Crystal, General: Water Resistance:50m, General: Lume: A-Grade Luminous, General: Strap Material: Silicone Strap",Apparel & Accessories > Jewelry > Watches,out_of_stock,Automatic,762704078487,Men's Watches
113495,109230,Tsarbomba,43890233061,https://www.awin1.com/pclick.php?p=43890233061&a=3002879&m=109230,https://images2.productserve.com/?w=200&h=200&bg=white&trim=5&t=letterbox&url=ssl%3Acdn.shopify.com%2Fs%2Ffiles%2F1%2F0540%2F8145%2F4255%2Ffiles%2F11_9f14f597-3ba7-4a6a-8080-e5400d911aca.png%3Fv%3D1729648478&feedId=113495&k=2d1b9076df8331d67b2365c22b4773738b5a22a8,https://images2.productserve.com/?w=70&h=70&bg=white&trim=5&t=letterbox&url=ssl%3Acdn.shopify.com%2Fs%2Ffiles%2F1%2F0540%2F8145%2F4255%2Ffiles%2F11_9f14f597-3ba7-4a6a-8080-e5400d911aca.png%3Fv%3D1729648478&feedId=113495&k=2d1b9076df8331d67b2365c22b4773738b5a22a8,544,Men's Watches,,TSAR BOMBA WATCH,TB8208CF-07,Watches,TB8208CF-07,TSAR BOMBA Men's Automatic Watch | Carbon Fiber Luxury Skeleton Wristwatch | Bull Red | Elemental TB8208CF | Tonneau Mechanical Watch | Sapphire Glass | 50M Waterproof Sport Watch | Gift for Men,"Unleash your individuality with the TSAR BOMBA TB8208CF, a standout masterpiece from Elementalal Series. This watch combines cutting-edge materials with a bold, ""cyber-mechanical"" aesthetic, designed for those who command attention.  Key Features:  High-Performance Carbon Fiber Bezel: Engineered for strength and lightness, the unique carbon fiber texture adds a high-tech racing edge while providing superior scratch resistance.  Japanese Miyota 82S0 Automatic Movement: Powered by the natural motion of your wrist, this reliable self-winding movement ensures precision without the need for batteries.  Intricate Skeleton Dial: Experience the ""Soul of Precision"" with a fully hollowed-out dial that showcases the rhythmic dance of gears and springs.  Ergonomic Tonneau Design: The 316L stainless steel case features an ergonomic double-bridge design, ensuring a bold visual impact and a comfortable fit on the wrist.  Scratch-Resistant Sapphire Crystal: With a Mohs hardness level of 9, the sapphire glass protects your timepiece from daily wear while maintaining crystal-clear visibility.  A-Level Super Luminous: Coated with high-grade luminous material, the hands and markers offer exceptional night vision for low-light environments.  Comfortable FKM/Silicone Strap: The sweat-resistant and flexible strap is designed for all-day wear, whether you’re at the office or outdoors.  Specifications: 43.5mm case diameter, 5ATM (50M) water resistance, exhibition case back.","""Skeleton barrel-shaped automatic watch"", ""Japanese 82S0 movement"", ""Carbon fiber bezel"", ""316L steel case"", ""Sapphire crystal"", ""50m water resistance"", ""A-grade lume"", ""Silicone strap"".",https://tsarbomba.com/products/tb8208cf?variant=43462391890176,https://cdn.shopify.com/s/files/1/0540/8145/4255/files/11_9f14f597-3ba7-4a6a-8080-e5400d911aca.png?v=1729648478,USD,499.99,new,Bull Red,TSAR BOMBA WATCH Barrel Type,male,Products source-US3-Men's Watch,Elemental Series,0~500,43mm*50.5mm*15.5mm,Carbon Fiber,"https://cdn.shopify.com/s/files/1/0540/8145/4255/files/8208CF_8f21a122-fd25-4199-92a9-fb71e763a5a5.jpg?v=1724724836,https://cdn.shopify.com/s/files/1/0540/8145/4255/files/5_dbc2f150-64e8-448b-a209-87c964818ded.jpg?v=1724724836","General:Movement: Japanese 82S0 movement, General: Case Material:316L Stainless Steel, General: Bezel Material: Carbon Fiber, General:Crystal: Sapphire Crystal, General: Water Resistance:50m, General: Lume: A-Grade Luminous, General: Strap Material: Silicone Strap",Apparel & Accessories > Jewelry > Watches,in_stock,Automatic,762704078470,Men's Watches
113495,109230,Tsarbomba,43890233062,https://www.awin1.com/pclick.php?p=43890233062&a=3002879&m=109230,https://images2.productserve.com/?w=200&h=200&bg=white&trim=5&t=letterbox&url=ssl%3Acdn.shopify.com%2Fs%2Ffiles%2F1%2F0540%2F8145%2F4255%2Ffiles%2F8208CF-7.png%3Fv%3D1763783839&feedId=113495&k=988cfbc469faaa08257aceae2b59f37df5f0e169,https://images2.productserve.com/?w=70&h=70&bg=white&trim=5&t=letterbox&url=ssl%3Acdn.shopify.com%2Fs%2Ffiles%2F1%2F0540%2F8145%2F4255%2Ffiles%2F8208CF-7.png%3Fv%3D1763783839&feedId=113495&k=988cfbc469faaa08257aceae2b59f37df5f0e169,544,Men's Watches,,TSAR BOMBA WATCH,TB8208CF-05,Watches,TB8208CF-05,TSAR BOMBA Men's Automatic Watch | Carbon Fiber Luxury Skeleton Wristwatch | Elite White | Elemental TB8208CF | Tonneau Mechanical Watch | Sapphire Glass | 50M Waterproof Sport Watch | Gift for Men,"Unleash your individuality with the TSAR BOMBA TB8208CF, a standout masterpiece from Elementalal Series. This watch combines cutting-edge materials with a bold, ""cyber-mechanical"" aesthetic, designed for those who command attention.  Key Features:  High-Performance Carbon Fiber Bezel: Engineered for strength and lightness, the unique carbon fiber texture adds a high-tech racing edge while providing superior scratch resistance.  Japanese Miyota 82S0 Automatic Movement: Powered by the natural motion of your wrist, this reliable self-winding movement ensures precision without the need for batteries.  Intricate Skeleton Dial: Experience the ""Soul of Precision"" with a fully hollowed-out dial that showcases the rhythmic dance of gears and springs.  Ergonomic Tonneau Design: The 316L stainless steel case features an ergonomic double-bridge design, ensuring a bold visual impact and a comfortable fit on the wrist.  Scratch-Resistant Sapphire Crystal: With a Mohs hardness level of 9, the sapphire glass protects your timepiece from daily wear while maintaining crystal-clear visibility.  A-Level Super Luminous: Coated with high-grade luminous material, the hands and markers offer exceptional night vision for low-light environments.  Comfortable FKM/Silicone Strap: The sweat-resistant and flexible strap is designed for all-day wear, whether you’re at the office or outdoors.  Specifications: 43.5mm case diameter, 5ATM (50M) water resistance, exhibition case back.","""Skeleton barrel-shaped automatic watch"", ""Japanese 82S0 movement"", ""Carbon fiber bezel"", ""316L steel case"", ""Sapphire crystal"", ""50m water resistance"", ""A-grade lume"", ""Silicone strap"".",https://tsarbomba.com/products/tb8208cf?variant=43568931766528,https://cdn.shopify.com/s/files/1/0540/8145/4255/files/8208CF-7.png?v=1763783839,USD,499.99,new,Elite White,TSAR BOMBA WATCH Barrel Type,male,Products source-US3-Men's Watch,Elemental Series,0~500,43mm*50.5mm*15.5mm,Carbon Fiber,"https://cdn.shopify.com/s/files/1/0540/8145/4255/files/8208CF_7.jpg?v=1724724836,https://cdn.shopify.com/s/files/1/0540/8145/4255/files/4_9cb92746-78d0-4aa5-8b37-bbb3b8d1477a.jpg?v=1724724836,https://cdn.shopify.com/s/files/1/0540/8145/4255/files/4_9cb92746-78d0-4aa5-8b37-bbb3b8d1477a.jpg?v=1763783839","General:Movement: Japanese 82S0 movement, General: Case Material:316L Stainless Steel, General: Bezel Material: Carbon Fiber, General:Crystal: Sapphire Crystal, General: Water Resistance:50m, General: Lume: A-Grade Luminous, General: Strap Material: Silicone Strap",Apparel & Accessories > Jewelry > Watches,in_stock,Automatic,762704078494,Men's Watches
113495,109230,Tsarbomba,43890233063,https://www.awin1.com/pclick.php?p=43890233063&a=3002879&m=109230,https://images2.productserve.com/?w=200&h=200&bg=white&trim=5&t=letterbox&url=ssl%3Acdn.shopify.com%2Fs%2Ffiles%2F1%2F0540%2F8145%2F4255%2Ffiles%2F3_2ae22078-f973-4887-9618-3209f8f4ffcc.png%3Fv%3D1729648478&feedId=113495&k=ef7866c0d1016605d073a7c99688c3db8c41fda4,https://images2.productserve.com/?w=70&h=70&bg=white&trim=5&t=letterbox&url=ssl%3Acdn.shopify.com%2Fs%2Ffiles%2F1%2F0540%2F8145%2F4255%2Ffiles%2F3_2ae22078-f973-4887-9618-3209f8f4ffcc.png%3Fv%3D1729648478&feedId=113495&k=ef7866c0d1016605d073a7c99688c3db8c41fda4,544,Men's Watches,,TSAR BOMBA WATCH,TB8208CF-10,Watches,TB8208CF-10,TSAR BOMBA Men's Automatic Watch | Carbon Fiber Luxury Skeleton Wristwatch | Elegant White | Elemental TB8208CF | Tonneau Mechanical Watch | Sapphire Glass | 50M Waterproof Sport Watch | Gift for Men,"Unleash your individuality with the TSAR BOMBA TB8208CF, a standout masterpiece from Elementalal Series. This watch combines cutting-edge materials with a bold, ""cyber-mechanical"" aesthetic, designed for those who command attention.  Key Features:  High-Performance Carbon Fiber Bezel: Engineered for strength and lightness, the unique carbon fiber texture adds a high-tech racing edge while providing superior scratch resistance.  Japanese Miyota 82S0 Automatic Movement: Powered by the natural motion of your wrist, this reliable self-winding movement ensures precision without the need for batteries.  Intricate Skeleton Dial: Experience the ""Soul of Precision"" with a fully hollowed-out dial that showcases the rhythmic dance of gears and springs.  Ergonomic Tonneau Design: The 316L stainless steel case features an ergonomic double-bridge design, ensuring a bold visual impact and a comfortable fit on the wrist.  Scratch-Resistant Sapphire Crystal: With a Mohs hardness level of 9, the sapphire glass protects your timepiece from daily wear while maintaining crystal-clear visibility.  A-Level Super Luminous: Coated with high-grade luminous material, the hands and markers offer exceptional night vision for low-light environments.  Comfortable FKM/Silicone Strap: The sweat-resistant and flexible strap is designed for all-day wear, whether you’re at the office or outdoors.  Specifications: 43.5mm case diameter, 5ATM (50M) water resistance, exhibition case back.","""Skeleton barrel-shaped automatic watch"", ""Japanese 82S0 movement"", ""Carbon fiber bezel"", ""316L steel case"", ""Sapphire crystal"", ""50m water resistance"", ""A-grade lume"", ""Silicone strap"".",https://tsarbomba.com/products/tb8208cf?variant=42908754313472,https://cdn.shopify.com/s/files/1/0540/8145/4255/files/3_2ae22078-f973-4887-9618-3209f8f4ffcc.png?v=1729648478,USD,499.99,new,Elegant White,TSAR BOMBA WATCH Barrel Type,male,Products source-US3-Men's Watch,Elemental Series,0~500,43mm*50.5mm*15.5mm,Carbon Fiber,"https://cdn.shopify.com/s/files/1/0540/8145/4255/files/6_8b73251c-f12c-4e85-91f9-f3aecb71f685.jpg?v=1724724836,https://cdn.shopify.com/s/files/1/0540/8145/4255/files/7_7ff98d99-38e2-4098-97a3-cdf2ce2bfe84.jpg?v=1724724836","General:Movement: Japanese 82S0 movement, General: Case Material:316L Stainless Steel, General: Bezel Material: Carbon Fiber, General:Crystal: Sapphire Crystal, General: Water Resistance:50m, General: Lume: A-Grade Luminous, General: Strap Material: Silicone Strap",Apparel & Accessories > Jewelry > Watches,in_stock,Automatic,762704078418,Men's Watches
113495,109230,Tsarbomba,43890233064,https://www.awin1.com/pclick.php?p=43890233064&a=3002879&m=109230,https://images2.productserve.com/?w=200&h=200&bg=white&trim=5&t=letterbox&url=ssl%3Acdn.shopify.com%2Fs%2Ffiles%2F1%2F0540%2F8145%2F4255%2Ffiles%2F8208CF-10.png%3Fv%3D1763783839&feedId=113495&k=a1475f79477c4e9a97535028f75c168d9868c6aa,https://images2.productserve.com/?w=70&h=70&bg=white&trim=5&t=letterbox&url=ssl%3Acdn.shopify.com%2Fs%2Ffiles%2F1%2F0540%2F8145%2F4255%2Ffiles%2F8208CF-10.png%3Fv%3D1763783839&feedId=113495&k=a1475f79477c4e9a97535028f75c168d9868c6aa,544,Men's Watches,,TSAR BOMBA WATCH,TB8208CF-09,Watches,TB8208CF-09,Men's Automatic Carbon Fiber Watch | Affordable Skeleton Tonneau Wristwatch | Passion Red | Elemental TB8208CF | TSAR BOMBA,"Unleash your individuality with the TSAR BOMBA TB8208CF, a standout masterpiece from Elementalal Series. This watch combines cutting-edge materials with a bold, ""cyber-mechanical"" aesthetic, designed for those who command attention.  Key Features:  High-Performance Carbon Fiber Bezel: Engineered for strength and lightness, the unique carbon fiber texture adds a high-tech racing edge while providing superior scratch resistance.  Japanese Miyota 82S0 Automatic Movement: Powered by the natural motion of your wrist, this reliable self-winding movement ensures precision without the need for batteries.  Intricate Skeleton Dial: Experience the ""Soul of Precision"" with a fully hollowed-out dial that showcases the rhythmic dance of gears and springs.  Ergonomic Tonneau Design: The 316L stainless steel case features an ergonomic double-bridge design, ensuring a bold visual impact and a comfortable fit on the wrist.  Scratch-Resistant Sapphire Crystal: With a Mohs hardness level of 9, the sapphire glass protects your timepiece from daily wear while maintaining crystal-clear visibility.  A-Level Super Luminous: Coated with high-grade luminous material, the hands and markers offer exceptional night vision for low-light environments.  Comfortable FKM/Silicone Strap: The sweat-resistant and flexible strap is designed for all-day wear, whether you’re at the office or outdoors.  Specifications: 43.5mm case diameter, 5ATM (50M) water resistance, exhibition case back.","""Skeleton barrel-shaped automatic watch"", ""Japanese 82S0 movement"", ""Carbon fiber bezel"", ""316L steel case"", ""Sapphire crystal"", ""50m water resistance"", ""A-grade lume"", ""Silicone strap"".",https://tsarbomba.com/products/tb8208cf?variant=42908752281856,https://cdn.shopify.com/s/files/1/0540/8145/4255/files/8208CF-10.png?v=1763783839,USD,499.99,new,Passion Red,TSAR BOMBA WATCH Barrel Type,male,Products source-US3-Men's Watch,Elemental Series,0~500,43mm*50.5mm*15.5mm,Carbon Fiber,"https://cdn.shopify.com/s/files/1/0540/8145/4255/files/14_dca99f50-a18a-482f-b015-521717622d1a.jpg?v=1724724836,https://cdn.shopify.com/s/files/1/0540/8145/4255/files/5_8d16de8d-4ff1-480a-8cba-238f6a0a8bc0.jpg?v=1724724836,https://cdn.shopify.com/s/files/1/0540/8145/4255/files/10_4a4fd7e7-fc35-426c-a5ad-9ce7c09a63d9.png?v=1729648478","General:Movement: Japanese 82S0 movement, General: Case Material:316L Stainless Steel, General: Bezel Material: Carbon Fiber, General:Crystal: Sapphire Crystal, General: Water Resistance:50m, General: Lume: A-Grade Luminous, General: Strap Material: Silicone Strap",Apparel & Accessories > Jewelry > Watches,in_stock,Automatic,762704078425,Men's Watches
113495,109230,Tsarbomba,43890233065,https://www.awin1.com/pclick.php?p=43890233065&a=3002879&m=109230,https://images2.productserve.com/?w=200&h=200&bg=white&trim=5&t=letterbox&url=ssl%3Acdn.shopify.com%2Fs%2Ffiles%2F1%2F0540%2F8145%2F4255%2Ffiles%2F13_7e652dea-36de-4328-8663-4846da8ad766.png%3Fv%3D1729648478&feedId=113495&k=bdc900e5986cc0d12c952744f669c95222a7d090,https://images2.productserve.com/?w=70&h=70&bg=white&trim=5&t=letterbox&url=ssl%3Acdn.shopify.com%2Fs%2Ffiles%2F1%2F0540%2F8145%2F4255%2Ffiles%2F13_7e652dea-36de-4328-8663-4846da8ad766.png%3Fv%3D1729648478&feedId=113495&k=bdc900e5986cc0d12c952744f669c95222a7d090,544,Men's Watches,,TSAR BOMBA WATCH,TB8208CF-11,Watches,TB8208CF-11,TSAR BOMBA Men's Automatic Watch | Carbon Fiber Luxury Skeleton Wristwatch | Fashion Blue | Elemental TB8208CF | Tonneau Mechanical Watch | Sapphire Glass | 50M Waterproof Sport Watch | Gift for Men,"Unleash your individuality with the TSAR BOMBA TB8208CF, a standout masterpiece from Elementalal Series. This watch combines cutting-edge materials with a bold, ""cyber-mechanical"" aesthetic, designed for those who command attention.  Key Features:  High-Performance Carbon Fiber Bezel: Engineered for strength and lightness, the unique carbon fiber texture adds a high-tech racing edge while providing superior scratch resistance.  Japanese Miyota 82S0 Automatic Movement: Powered by the natural motion of your wrist, this reliable self-winding movement ensures precision without the need for batteries.  Intricate Skeleton Dial: Experience the ""Soul of Precision"" with a fully hollowed-out dial that showcases the rhythmic dance of gears and springs.  Ergonomic Tonneau Design: The 316L stainless steel case features an ergonomic double-bridge design, ensuring a bold visual impact and a comfortable fit on the wrist.  Scratch-Resistant Sapphire Crystal: With a Mohs hardness level of 9, the sapphire glass protects your timepiece from daily wear while maintaining crystal-clear visibility.  A-Level Super Luminous: Coated with high-grade luminous material, the hands and markers offer exceptional night vision for low-light environments.  Comfortable FKM/Silicone Strap: The sweat-resistant and flexible strap is designed for all-day wear, whether you’re at the office or outdoors.  Specifications: 43.5mm case diameter, 5ATM (50M) water resistance, exhibition case back.","""Skeleton barrel-shaped automatic watch"", ""Japanese 82S0 movement"", ""Carbon fiber bezel"", ""316L steel case"", ""Sapphire crystal"", ""50m water resistance"", ""A-grade lume"", ""Silicone strap"".",https://tsarbomba.com/products/tb8208cf?variant=43316664631552,https://cdn.shopify.com/s/files/1/0540/8145/4255/files/13_7e652dea-36de-4328-8663-4846da8ad766.png?v=1729648478,USD,499.99,new,Fashion Blue,TSAR BOMBA WATCH Barrel Type,male,Products source-US3-Men's Watch,Elemental Series,0~500,43mm*50.5mm*15.5mm,Carbon Fiber,"https://cdn.shopify.com/s/files/1/0540/8145/4255/files/2_3bb0044c-d9cd-4b9b-9b0b-cd571aa4e681.jpg?v=1724724836,https://cdn.shopify.com/s/files/1/0540/8145/4255/files/1_e1ecc8b0-4687-4546-a8b0-db3c4efbc006.jpg?v=1724724836","General:Movement: Japanese 82S0 movement, General: Case Material:316L Stainless Steel, General: Bezel Material: Carbon Fiber, General:Crystal: Sapphire Crystal, General: Water Resistance:50m, General: Lume: A-Grade Luminous, General: Strap Material: Silicone Strap",Apparel & Accessories > Jewelry > Watches,in_stock,Automatic,762704078432,Men's Watches
113495,109230,Tsarbomba,43890233066,https://www.awin1.com/pclick.php?p=43890233066&a=3002879&m=109230,https://images2.productserve.com/?w=200&h=200&bg=white&trim=5&t=letterbox&url=ssl%3Acdn.shopify.com%2Fs%2Ffiles%2F1%2F0540%2F8145%2F4255%2Ffiles%2F8209CF.png%3Fv%3D1724724279&feedId=113495&k=a3d566a3e31e818dfb2d38a7a0fc3697cf125788,https://images2.productserve.com/?w=70&h=70&bg=white&trim=5&t=letterbox&url=ssl%3Acdn.shopify.com%2Fs%2Ffiles%2F1%2F0540%2F8145%2F4255%2Ffiles%2F8209CF.png%3Fv%3D1724724279&feedId=113495&k=a3d566a3e31e818dfb2d38a7a0fc3697cf125788,544,Men's Watches,,TSAR BOMBA WATCH,TB8209CF-04,Watches,TB8209CF-04,TSAR BOMBA Men's Luxury Tonneau Mechanical Sport Watch | Carbon Fiber Watch | Black Blue | Elemental TB8209CF | Japanese Automatic Skeleton Movement | 10ATM Waterproof,"Engineered for performance, the TSAR BOMBA TB8209CF features a signature carbon fiber bezel and a robust 10ATM (100m) waterproof rating, making it suitable for swimming and water sports. The Japanese automatic movement ensures precision, visible through the stunning skeletonized dial. Designed with an ergonomic tonneau case and high-grade sapphire glass for maximum durability and a luxury aesthetic.","""Barrel-shaped automatic watch"", ""Japanese movement"", ""316L stainless steel case"", “Carbon fiber bezel"", ""Hollow dial"", ""Sapphire crystal"", ""50m water resistance"", ""A-grade lume"", ""Fluoro rubber strap"".",https://tsarbomba.com/products/tb8209cf?variant=42651803451648,https://cdn.shopify.com/s/files/1/0540/8145/4255/files/8209CF.png?v=1724724279,USD,499.99,new,Black Blue,TSAR BOMBA WATCH Barrel Type,male,Products source-US3-Men's Watch,Elemental Series,0~500,43mm*50.5mm*15.5mm,Carbon Fiber,"https://cdn.shopify.com/s/files/1/0540/8145/4255/files/5_14119955-8f0e-4102-a026-715f1fba974e.jpg?v=1724725479,https://cdn.shopify.com/s/files/1/0540/8145/4255/files/3_19768850-bb5d-4e4b-9db6-b6dccaff9ec3.jpg?v=1724725479","General:Movement: Japanese Movement, General: Case Material: 316L Stainless Steel, General: Bezel Material: Carbon Fiber, General:Crystal: Sapphire Crystal, General: Water Resistance:50m, General: Lume: A-Grade Luminous, General: Strap Material: Fluoro Rubber.",Apparel & Accessories > Jewelry > Watches,out_of_stock,Automatic,762704078197,Men's Watches
113495,109230,Tsarbomba,43890233067,https://www.awin1.com/pclick.php?p=43890233067&a=3002879&m=109230,https://images2.productserve.com/?w=200&h=200&bg=white&trim=5&t=letterbox&url=ssl%3Acdn.shopify.com%2Fs%2Ffiles%2F1%2F0540%2F8145%2F4255%2Ffiles%2F8209CF_243717e4-e488-4cae-a29c-1214a594655d.png%3Fv%3D1727248679&feedId=113495&k=f942fb9f35bd645b772871903709327495607336,https://images2.productserve.com/?w=70&h=70&bg=white&trim=5&t=letterbox&url=ssl%3Acdn.shopify.com%2Fs%2Ffiles%2F1%2F0540%2F8145%2F4255%2Ffiles%2F8209CF_243717e4-e488-4cae-a29c-1214a594655d.png%3Fv%3D1727248679&feedId=113495&k=f942fb9f35bd645b772871903709327495607336,544,Men's Watches,,TSAR BOMBA WATCH,TB8209CF-01,Watches,TB8209CF-01,TSAR BOMBA Men's Luxury Tonneau Mechanical Sport Watch | Carbon Fiber Watch | Black | Elemental TB8209CF | Japanese Automatic Skeleton Movement | 10ATM Waterproof,"Engineered for performance, the TSAR BOMBA TB8209CF features a signature carbon fiber bezel and a robust 10ATM (100m) waterproof rating, making it suitable for swimming and water sports. The Japanese automatic movement ensures precision, visible through the stunning skeletonized dial. Designed with an ergonomic tonneau case and high-grade sapphire glass for maximum durability and a luxury aesthetic.","""Barrel-shaped automatic watch"", ""Japanese movement"", ""316L stainless steel case"", “Carbon fiber bezel"", ""Hollow dial"", ""Sapphire crystal"", ""50m water resistance"", ""A-grade lume"", ""Fluoro rubber strap"".",https://tsarbomba.com/products/tb8209cf?variant=42651803386112,https://cdn.shopify.com/s/files/1/0540/8145/4255/files/8209CF_243717e4-e488-4cae-a29c-1214a594655d.png?v=1727248679,USD,499.99,new,Black,TSAR BOMBA WATCH Barrel Type,male,Products source-US3-Men's Watch,Elemental Series,0~500,43mm*50.5mm*15.5mm,Carbon Fiber,"https://cdn.shopify.com/s/files/1/0540/8145/4255/files/8209CF_3.jpg?v=1724725479,https://cdn.shopify.com/s/files/1/0540/8145/4255/files/19_4554264f-f528-4353-855c-208386c0c568.jpg?v=1724725479","General:Movement: Japanese Movement, General: Case Material: 316L Stainless Steel, General: Bezel Material: Carbon Fiber, General:Crystal: Sapphire Crystal, General: Water Resistance:50m, General: Lume: A-Grade Luminous, General: Strap Material: Fluoro Rubber.",Apparel & Accessories > Jewelry > Watches,out_of_stock,Automatic,762704078210,Men's Watches
113495,109230,Tsarbomba,43890233068,https://www.awin1.com/pclick.php?p=43890233068&a=3002879&m=109230,https://images2.productserve.com/?w=200&h=200&bg=white&trim=5&t=letterbox&url=ssl%3Acdn.shopify.com%2Fs%2Ffiles%2F1%2F0540%2F8145%2F4255%2Ffiles%2F8209CF_dc1e7efb-c4cd-4b15-9640-eabcb51b2bb2.png%3Fv%3D1727248679&feedId=113495&k=5c4d7ffa25a991cfc32e0bf08e11b7ff52a11315,https://images2.productserve.com/?w=70&h=70&bg=white&trim=5&t=letterbox&url=ssl%3Acdn.shopify.com%2Fs%2Ffiles%2F1%2F0540%2F8145%2F4255%2Ffiles%2F8209CF_dc1e7efb-c4cd-4b15-9640-eabcb51b2bb2.png%3Fv%3D1727248679&feedId=113495&k=5c4d7ffa25a991cfc32e0bf08e11b7ff52a11315,544,Men's Watches,,TSAR BOMBA WATCH,TB8209CF-06,Watches,TB8209CF-06,TSAR BOMBA Men's Luxury Tonneau Mechanical Sport Watch | Carbon Fiber Watch | White Blue | Elemental TB8209CF | Japanese Automatic Skeleton Movement | 10ATM Waterproof,"Engineered for performance, the TSAR BOMBA TB8209CF features a signature carbon fiber bezel and a robust 10ATM (100m) waterproof rating, making it suitable for swimming and water sports. The Japanese automatic movement ensures precision, visible through the stunning skeletonized dial. Designed with an ergonomic tonneau case and high-grade sapphire glass for maximum durability and a luxury aesthetic.","""Barrel-shaped automatic watch"", ""Japanese movement"", ""316L stainless steel case"", “Carbon fiber bezel"", ""Hollow dial"", ""Sapphire crystal"", ""50m water resistance"", ""A-grade lume"", ""Fluoro rubber strap"".",https://tsarbomba.com/products/tb8209cf?variant=43490321596672,https://cdn.shopify.com/s/files/1/0540/8145/4255/files/8209CF_dc1e7efb-c4cd-4b15-9640-eabcb51b2bb2.png?v=1727248679,USD,499.99,new,White Blue,TSAR BOMBA WATCH Barrel Type,male,Products source-US3-Men's Watch,Elemental Series,0~500,43mm*50.5mm*15.5mm,Carbon Fiber,"https://cdn.shopify.com/s/files/1/0540/8145/4255/files/10_feb12ac0-b49c-49d4-94f2-e2b24d7b5f2e.jpg?v=1724725479,https://cdn.shopify.com/s/files/1/0540/8145/4255/files/11_63d577ea-a4b0-43d5-b689-4ec68100e9f2.jpg?v=1724725479,https://cdn.shopify.com/s/files/1/0540/8145/4255/files/2_0db2828b-0913-4e37-8fb4-bd86d124f052.jpg?v=1764901757","General:Movement: Japanese Movement, General: Case Material: 316L Stainless Steel, General: Bezel Material: Carbon Fiber, General:Crystal: Sapphire Crystal, General: Water Resistance:50m, General: Lume: A-Grade Luminous, General: Strap Material: Fluoro Rubber.",Apparel & Accessories > Jewelry > Watches,in_stock,Automatic,762704078258,Men's Watches
113495,109230,Tsarbomba,43890233069,https://www.awin1.com/pclick.php?p=43890233069&a=3002879&m=109230,https://images2.productserve.com/?w=200&h=200&bg=white&trim=5&t=letterbox&url=ssl%3Acdn.shopify.com%2Fs%2Ffiles%2F1%2F0540%2F8145%2F4255%2Ffiles%2F8209CF_bccfbdcd-a09a-4c9d-b2fd-097398dab7cc.png%3Fv%3D1727248679&feedId=113495&k=bea1dcf3f9f9389f191b9a9513c0a865271049fc,https://images2.productserve.com/?w=70&h=70&bg=white&trim=5&t=letterbox&url=ssl%3Acdn.shopify.com%2Fs%2Ffiles%2F1%2F0540%2F8145%2F4255%2Ffiles%2F8209CF_bccfbdcd-a09a-4c9d-b2fd-097398dab7cc.png%3Fv%3D1727248679&feedId=113495&k=bea1dcf3f9f9389f191b9a9513c0a865271049fc,544,Men's Watches,,TSAR BOMBA WATCH,TB8209CF-03,Watches,TB8209CF-03,TSAR BOMBA Men's Luxury Tonneau Mechanical Sport Watch | Carbon Fiber Watch | Black White | Elemental TB8209CF | Japanese Automatic Skeleton Movement | 10ATM Waterproof,"Engineered for performance, the TSAR BOMBA TB8209CF features a signature carbon fiber bezel and a robust 10ATM (100m) waterproof rating, making it suitable for swimming and water sports. The Japanese automatic movement ensures precision, visible through the stunning skeletonized dial. Designed with an ergonomic tonneau case and high-grade sapphire glass for maximum durability and a luxury aesthetic.","""Barrel-shaped automatic watch"", ""Japanese movement"", ""316L stainless steel case"", “Carbon fiber bezel"", ""Hollow dial"", ""Sapphire crystal"", ""50m water resistance"", ""A-grade lume"", ""Fluoro rubber strap"".",https://tsarbomba.com/products/tb8209cf-us?variant=47303080345856,https://cdn.shopify.com/s/files/1/0540/8145/4255/files/8209CF_bccfbdcd-a09a-4c9d-b2fd-097398dab7cc.png?v=1727248679,USD,499.99,new,Black White,TSAR BOMBA WATCH Barrel Type,male,Products source-CLE-Men's Watch,Elemental Series,0~500,43mm*50.5mm*15.5mm,Carbon Fiber,"https://cdn.shopify.com/s/files/1/0540/8145/4255/files/15_b371e4ea-1433-489f-9db6-9c1a15795d06.jpg?v=1724725479,https://cdn.shopify.com/s/files/1/0540/8145/4255/files/13_8d94fbed-37b7-4a7e-8bb5-fcc267ee6b6e.jpg?v=1724725479","General:Movement: Japanese Movement, General: Case Material: 316L Stainless Steel, General: Bezel Material: Carbon Fiber, General:Crystal: Sapphire Crystal, General: Water Resistance:50m, General: Lume: A-Grade Luminous, General: Strap Material: Fluoro Rubber.",Apparel & Accessories > Jewelry > Watches,in_stock,Automatic,762704078234,Men's Watches
113495,109230,Tsarbomba,43890233070,https://www.awin1.com/pclick.php?p=43890233070&a=3002879&m=109230,https://images2.productserve.com/?w=200&h=200&bg=white&trim=5&t=letterbox&url=ssl%3Acdn.shopify.com%2Fs%2Ffiles%2F1%2F0540%2F8145%2F4255%2Ffiles%2F8209CF_ee5446d9-ca74-4e3e-b164-3f49e2478f70.png%3Fv%3D1727248679&feedId=113495&k=5ab1473133679d8aa1749cacce3ffa41e3fd61e6,https://images2.productserve.com/?w=70&h=70&bg=white&trim=5&t=letterbox&url=ssl%3Acdn.shopify.com%2Fs%2Ffiles%2F1%2F0540%2F8145%2F4255%2Ffiles%2F8209CF_ee5446d9-ca74-4e3e-b164-3f49e2478f70.png%3Fv%3D1727248679&feedId=113495&k=5ab1473133679d8aa1749cacce3ffa41e3fd61e6,544,Men's Watches,,TSAR BOMBA WATCH,TB8209CF-02,Watches,TB8209CF-02,TSAR BOMBA Men's Luxury Tonneau Mechanical Sport Watch | Carbon Fiber Watch | Black Red | Elemental TB8209CF | Japanese Automatic Skeleton Movement | 10ATM Waterproof,"Engineered for performance, the TSAR BOMBA TB8209CF features a signature carbon fiber bezel and a robust 10ATM (100m) waterproof rating, making it suitable for swimming and water sports. The Japanese automatic movement ensures precision, visible through the stunning skeletonized dial. Designed with an ergonomic tonneau case and high-grade sapphire glass for maximum durability and a luxury aesthetic.","""Barrel-shaped automatic watch"", ""Japanese movement"", ""316L stainless steel case"", “Carbon fiber bezel"", ""Hollow dial"", ""Sapphire crystal"", ""50m water resistance"", ""A-grade lume"", ""Fluoro rubber strap"".",https://tsarbomba.com/products/tb8209cf?variant=47305979789568,https://cdn.shopify.com/s/files/1/0540/8145/4255/files/8209CF_ee5446d9-ca74-4e3e-b164-3f49e2478f70.png?v=1727248679,USD,499.99,new,Black Red,TSAR BOMBA WATCH Barrel Type,male,Products source-US3-Men's Watch,Elemental Series,0~500,43mm*50.5mm*15.5mm,Carbon Fiber,"https://cdn.shopify.com/s/files/1/0540/8145/4255/files/23_d102a412-5f82-4754-9457-2b69c4390f6b.jpg?v=1724725479,https://cdn.shopify.com/s/files/1/0540/8145/4255/files/26_780dffa2-b5e4-4f7a-83de-33b27f85bacd.jpg?v=1724725479","General:Movement: Japanese Movement, General: Case Material: 316L Stainless Steel, General: Bezel Material: Carbon Fiber, General:Crystal: Sapphire Crystal, General: Water Resistance:50m, General: Lume: A-Grade Luminous, General: Strap Material: Fluoro Rubber.",Apparel & Accessories > Jewelry > Watches,out_of_stock,Automatic,762704078227,Men's Watches
113495,109230,Tsarbomba,43890233071,https://www.awin1.com/pclick.php?p=43890233071&a=3002879&m=109230,https://images2.productserve.com/?w=200&h=200&bg=white&trim=5&t=letterbox&url=ssl%3Acdn.shopify.com%2Fs%2Ffiles%2F1%2F0540%2F8145%2F4255%2Ffiles%2F8209CF_2fda10e8-8feb-4dc3-8463-1d64e20bc7a0.png%3Fv%3D1727248679&feedId=113495&k=5b22bac15456192b7111cd4a841eebc6f050c6a1,https://images2.productserve.com/?w=70&h=70&bg=white&trim=5&t=letterbox&url=ssl%3Acdn.shopify.com%2Fs%2Ffiles%2F1%2F0540%2F8145%2F4255%2Ffiles%2F8209CF_2fda10e8-8feb-4dc3-8463-1d64e20bc7a0.png%3Fv%3D1727248679&feedId=113495&k=5b22bac15456192b7111cd4a841eebc6f050c6a1,544,Men's Watches,,TSAR BOMBA WATCH,TB8209CF-05,Watches,TB8209CF-05,TSAR BOMBA Men's Luxury Tonneau Mechanical Sport Watch | Carbon Fiber Watch | White | Elemental TB8209CF | Japanese Automatic Skeleton Movement | 10ATM Waterproof,"Engineered for performance, the TSAR BOMBA TB8209CF features a signature carbon fiber bezel and a robust 10ATM (100m) waterproof rating, making it suitable for swimming and water sports. The Japanese automatic movement ensures precision, visible through the stunning skeletonized dial. Designed with an ergonomic tonneau case and high-grade sapphire glass for maximum durability and a luxury aesthetic.","""Barrel-shaped automatic watch"", ""Japanese movement"", ""316L stainless steel case"", “Carbon fiber bezel"", ""Hollow dial"", ""Sapphire crystal"", ""50m water resistance"", ""A-grade lume"", ""Fluoro rubber strap"".",https://tsarbomba.com/products/tb8209cf?variant=42651803418880,https://cdn.shopify.com/s/files/1/0540/8145/4255/files/8209CF_2fda10e8-8feb-4dc3-8463-1d64e20bc7a0.png?v=1727248679,USD,499.99,new,White,TSAR BOMBA WATCH Barrel Type,male,Products source-US3-Men's Watch,Elemental Series,0~500,43mm*50.5mm*15.5mm,Carbon Fiber,"https://cdn.shopify.com/s/files/1/0540/8145/4255/files/6_61e91948-0b5e-4d33-9e1e-5497d96ddb93.jpg?v=1724725479,https://cdn.shopify.com/s/files/1/0540/8145/4255/files/5_d14ca0b1-89df-4f79-88fd-d0e5c707ff08.jpg?v=1724725479","General:Movement: Japanese Movement, General: Case Material: 316L Stainless Steel, General: Bezel Material: Carbon Fiber, General:Crystal: Sapphire Crystal, General: Water Resistance:50m, General: Lume: A-Grade Luminous, General: Strap Material: Fluoro Rubber.",Apparel & Accessories > Jewelry > Watches,out_of_stock,Automatic,762704078203,Men's Watches
113495,109230,Tsarbomba,43890233072,https://www.awin1.com/pclick.php?p=43890233072&a=3002879&m=109230,https://images2.productserve.com/?w=200&h=200&bg=white&trim=5&t=letterbox&url=ssl%3Acdn.shopify.com%2Fs%2Ffiles%2F1%2F0540%2F8145%2F4255%2Ffiles%2F8209CF_4a4acbef-5a00-4e12-8645-6c1b705d5d3e.png%3Fv%3D1727248679&feedId=113495&k=f37cced78fcee55a05da790603d51ac06bdf7833,https://images2.productserve.com/?w=70&h=70&bg=white&trim=5&t=letterbox&url=ssl%3Acdn.shopify.com%2Fs%2Ffiles%2F1%2F0540%2F8145%2F4255%2Ffiles%2F8209CF_4a4acbef-5a00-4e12-8645-6c1b705d5d3e.png%3Fv%3D1727248679&feedId=113495&k=f37cced78fcee55a05da790603d51ac06bdf7833,544,Men's Watches,,TSAR BOMBA WATCH,TB8209CF-07,Watches,TB8209CF-07,TSAR BOMBA Men's Luxury Tonneau Mechanical Sport Watch | Carbon Fiber Watch | Bull Red | Elemental TB8209CF | Japanese Automatic Skeleton Movement | 10ATM Waterproof,"Engineered for performance, the TSAR BOMBA TB8209CF features a signature carbon fiber bezel and a robust 10ATM (100m) waterproof rating, making it suitable for swimming and water sports. The Japanese automatic movement ensures precision, visible through the stunning skeletonized dial. Designed with an ergonomic tonneau case and high-grade sapphire glass for maximum durability and a luxury aesthetic.","""Barrel-shaped automatic watch"", ""Japanese movement"", ""316L stainless steel case"", “Carbon fiber bezel"", ""Hollow dial"", ""Sapphire crystal"", ""50m water resistance"", ""A-grade lume"", ""Fluoro rubber strap"".",https://tsarbomba.com/products/tb8209cf?variant=43490321629440,https://cdn.shopify.com/s/files/1/0540/8145/4255/files/8209CF_4a4acbef-5a00-4e12-8645-6c1b705d5d3e.png?v=1727248679,USD,499.99,new,Bull Red,TSAR BOMBA WATCH Barrel Type,male,Products source-US3-Men's Watch,Elemental Series,0~500,43mm*50.5mm*15.5mm,Carbon Fiber,"https://cdn.shopify.com/s/files/1/0540/8145/4255/files/8_da915b43-f64e-4414-9e5f-3536732662e7.jpg?v=1724725479,https://cdn.shopify.com/s/files/1/0540/8145/4255/files/7_106e3ca9-0fb6-4267-85fe-30d87512d157.jpg?v=1724725479","General:Movement: Japanese Movement, General: Case Material: 316L Stainless Steel, General: Bezel Material: Carbon Fiber, General:Crystal: Sapphire Crystal, General: Water Resistance:50m, General: Lume: A-Grade Luminous, General: Strap Material: Fluoro Rubber.",Apparel & Accessories > Jewelry > Watches,in_stock,Automatic,762704078241,Men's Watches
113495,109230,Tsarbomba,43890233077,https://www.awin1.com/pclick.php?p=43890233077&a=3002879&m=109230,https://images2.productserve.com/?w=200&h=200&bg=white&trim=5&t=letterbox&url=ssl%3Acdn.shopify.com%2Fs%2Ffiles%2F1%2F0540%2F8145%2F4255%2Ffiles%2F8208D-R3.png%3Fv%3D1765534272&feedId=113495&k=47b3aeeb616dfaaff787e0232177f1669274306a,https://images2.productserve.com/?w=70&h=70&bg=white&trim=5&t=letterbox&url=ssl%3Acdn.shopify.com%2Fs%2Ffiles%2F1%2F0540%2F8145%2F4255%2Ffiles%2F8208D-R3.png%3Fv%3D1765534272&feedId=113495&k=47b3aeeb616dfaaff787e0232177f1669274306a,544,Men's Watches,,TSAR BOMBA WATCH,TB8208D-12,Watches,TB8208D-12,TSAR BOMBA Men's Automatic Watch | Red | Elemental TB8208D | High-Tech Ceramic Bezel | Japanese Mechanical Skeleton Movement | 316L Stainless Steel Tonneau Luxury Sport Watch,"Experience the brilliance of the TSAR BOMBA TB8208D, featuring a premium high-tech ceramic bezel that offers unparalleled scratch resistance and a permanent high-gloss finish. This luxury men's timepiece is powered by a precision Japanese automatic movement, visible through a captivating skeletonized dial that showcases the art of mechanical horology. The signature tonneau case is crafted from surgical-grade 316L stainless steel, paired with a Mohs grade 9 sapphire crystal for ultimate durability. With 5ATM (50M) water resistance, super-luminous hands for night visibility, and a flexible, skin-friendly FKM rubber strap, the TB8208D is engineered for the man who demands both high-performance materials and bold, modern design.","""Barrel-shaped automatic watch"", ""Japanese movement"", ""316L stainless steel case"", “Cubic zirconium bezel"", ""Double bridge design hollow dial"", ""Sapphire crystal"", ""50m water resistance"", ""A-grade lume"", ""Fluoro rubber strap"".",https://tsarbomba.com/products/tb8208d?variant=47446503522560,https://cdn.shopify.com/s/files/1/0540/8145/4255/files/8208D-R3.png?v=1765534272,USD,549.99,new,Red,TSAR BOMBA WATCH Barrel Type,male,Products source-US3-Men's Watch,Elemental Series,0~500,43mm*50.5mm*15.5mm,Cubic Zirconium,"https://cdn.shopify.com/s/files/1/0540/8145/4255/files/8208D-R4_0fb82bed-2aa6-4020-ba40-c93e140763b3.png?v=1765534272,https://cdn.shopify.com/s/files/1/0540/8145/4255/files/8208D-R1_bd7de126-d11c-46d1-9b85-905a60e02064.png?v=1765534272","General:Movement: Japanese Movement, General: Case Material: 316L Stainless Steel, General: Bezel Material: Cubic Zirconium, General:Crystal: Sapphire Crystal, General: Water Resistance:50m, General: Lume: A-Grade Luminous, General: Strap Material: Fluoro Rubber.",Apparel & Accessories > Jewelry > Watches,in_stock,Automatic,717710038864,Men's Watches
113495,109230,Tsarbomba,43890233078,https://www.awin1.com/pclick.php?p=43890233078&a=3002879&m=109230,https://images2.productserve.com/?w=200&h=200&bg=white&trim=5&t=letterbox&url=ssl%3Acdn.shopify.com%2Fs%2Ffiles%2F1%2F0540%2F8145%2F4255%2Ffiles%2F8208D_6a750632-904d-4be6-bb7c-70b9c0bc6e2a__compressed.png%3Fv%3D1765534366&feedId=113495&k=57c162e813df187743b70fe0c1c9cd8ad2d64996,https://images2.productserve.com/?w=70&h=70&bg=white&trim=5&t=letterbox&url=ssl%3Acdn.shopify.com%2Fs%2Ffiles%2F1%2F0540%2F8145%2F4255%2Ffiles%2F8208D_6a750632-904d-4be6-bb7c-70b9c0bc6e2a__compressed.png%3Fv%3D1765534366&feedId=113495&k=57c162e813df187743b70fe0c1c9cd8ad2d64996,544,Men's Watches,,TSAR BOMBA WATCH,TB8208D-11,Watches,TB8208D-11,TSAR BOMBA Men's Automatic Watch | White | Elemental TB8208D | High-Tech Ceramic Bezel | Japanese Mechanical Skeleton Movement | 316L Stainless Steel Tonneau Luxury Sport Watch,"Experience the brilliance of the TSAR BOMBA TB8208D, featuring a premium high-tech ceramic bezel that offers unparalleled scratch resistance and a permanent high-gloss finish. This luxury men's timepiece is powered by a precision Japanese automatic movement, visible through a captivating skeletonized dial that showcases the art of mechanical horology. The signature tonneau case is crafted from surgical-grade 316L stainless steel, paired with a Mohs grade 9 sapphire crystal for ultimate durability. With 5ATM (50M) water resistance, super-luminous hands for night visibility, and a flexible, skin-friendly FKM rubber strap, the TB8208D is engineered for the man who demands both high-performance materials and bold, modern design.","""Barrel-shaped automatic watch"", ""Japanese movement"", ""316L stainless steel case"", “Cubic zirconium bezel"", ""Double bridge design hollow dial"", ""Sapphire crystal"", ""50m water resistance"", ""A-grade lume"", ""Fluoro rubber strap"".",https://tsarbomba.com/products/tb8208d?variant=47446503555328,https://cdn.shopify.com/s/files/1/0540/8145/4255/files/8208D_6a750632-904d-4be6-bb7c-70b9c0bc6e2a__compressed.png?v=1765534366,USD,549.99,new,White,TSAR BOMBA WATCH Barrel Type,male,Products source-US3-Men's Watch,Elemental Series,0~500,43mm*50.5mm*15.5mm,Cubic Zirconium,"https://cdn.shopify.com/s/files/1/0540/8145/4255/files/8208D-W4.png?v=1765534366,https://cdn.shopify.com/s/files/1/0540/8145/4255/files/8208D-W1.png?v=1765534366","General:Movement: Japanese Movement, General: Case Material: 316L Stainless Steel, General: Bezel Material: Cubic Zirconium, General:Crystal: Sapphire Crystal, General: Water Resistance:50m, General: Lume: A-Grade Luminous, General: Strap Material: Fluoro Rubber.",Apparel & Accessories > Jewelry > Watches,in_stock,Automatic,717710038857,Men's Watches
113495,109230,Tsarbomba,43890233079,https://www.awin1.com/pclick.php?p=43890233079&a=3002879&m=109230,https://images2.productserve.com/?w=200&h=200&bg=white&trim=5&t=letterbox&url=ssl%3Acdn.shopify.com%2Fs%2Ffiles%2F1%2F0540%2F8145%2F4255%2Ffiles%2F8208D-GBK3_74aed567-e1dd-4123-901a-9eae52d91a8b.png%3Fv%3D1762226240&feedId=113495&k=7d9d21312685d73463bda457bf330b1e1c299c34,https://images2.productserve.com/?w=70&h=70&bg=white&trim=5&t=letterbox&url=ssl%3Acdn.shopify.com%2Fs%2Ffiles%2F1%2F0540%2F8145%2F4255%2Ffiles%2F8208D-GBK3_74aed567-e1dd-4123-901a-9eae52d91a8b.png%3Fv%3D1762226240&feedId=113495&k=7d9d21312685d73463bda457bf330b1e1c299c34,544,Men's Watches,,TSAR BOMBA WATCH,TB8208D-13,Watches,TB8208D-13,TSAR BOMBA Men's Automatic Watch | Black | Elemental TB8208D | High-Tech Ceramic Bezel | Japanese Mechanical Skeleton Movement | 316L Stainless Steel Tonneau Luxury Sport Watch,"Experience the brilliance of the TSAR BOMBA TB8208D, featuring a premium high-tech ceramic bezel that offers unparalleled scratch resistance and a permanent high-gloss finish. This luxury men's timepiece is powered by a precision Japanese automatic movement, visible through a captivating skeletonized dial that showcases the art of mechanical horology. The signature tonneau case is crafted from surgical-grade 316L stainless steel, paired with a Mohs grade 9 sapphire crystal for ultimate durability. With 5ATM (50M) water resistance, super-luminous hands for night visibility, and a flexible, skin-friendly FKM rubber strap, the TB8208D is engineered for the man who demands both high-performance materials and bold, modern design.","""Barrel-shaped automatic watch"", ""Japanese movement"", ""316L stainless steel case"", “Cubic zirconium bezel"", ""Double bridge design hollow dial"", ""Sapphire crystal"", ""50m water resistance"", ""A-grade lume"", ""Fluoro rubber strap"".",https://tsarbomba.com/products/tb8208d?variant=47007544377600,https://cdn.shopify.com/s/files/1/0540/8145/4255/files/8208D-GBK3_74aed567-e1dd-4123-901a-9eae52d91a8b.png?v=1762226240,USD,549.99,new,Black,TSAR BOMBA WATCH Barrel Type,male,Products source-US3-Men's Watch,Elemental Series,0~500,43mm*50.5mm*15.5mm,Cubic Zirconium,"https://cdn.shopify.com/s/files/1/0540/8145/4255/files/8208D-GBK4.png?v=1762226240,https://cdn.shopify.com/s/files/1/0540/8145/4255/files/8208D-GBK1.png?v=1762226240","General:Movement: Japanese Movement, General: Case Material: 316L Stainless Steel, General: Bezel Material: Cubic Zirconium, General:Crystal: Sapphire Crystal, General: Water Resistance:50m, General: Lume: A-Grade Luminous, General: Strap Material: Fluoro Rubber.",Apparel & Accessories > Jewelry > Watches,in_stock,Automatic,717710038871,Men's Watches
113495,109230,Tsarbomba,43890233080,https://www.awin1.com/pclick.php?p=43890233080&a=3002879&m=109230,https://images2.productserve.com/?w=200&h=200&bg=white&trim=5&t=letterbox&url=ssl%3Acdn.shopify.com%2Fs%2Ffiles%2F1%2F0540%2F8145%2F4255%2Ffiles%2F8208A.png%3Fv%3D1724724279&feedId=113495&k=1c5b84bfc81f8e60bf1c26c14e42dbebbfa1734e,https://images2.productserve.com/?w=70&h=70&bg=white&trim=5&t=letterbox&url=ssl%3Acdn.shopify.com%2Fs%2Ffiles%2F1%2F0540%2F8145%2F4255%2Ffiles%2F8208A.png%3Fv%3D1724724279&feedId=113495&k=1c5b84bfc81f8e60bf1c26c14e42dbebbfa1734e,544,Men's Watches,,TSAR BOMBA WATCH,TB8208A-16,Watches,TB8208A-16,TSAR BOMBA Men's Automatic Watch | Rose Golden Black | Stainless Steel Case | Japanese Mechanical Skeleton Movement | Luxury Sport Wristwatch | Elemental TB8208A,"Discover the perfect balance of industrial aesthetics and precision engineering with the TSAR BOMBA TB8208A. Crafted from premium 316L surgical-grade stainless steel, this luxury men's watch features the iconic tonneau-shaped case and a sophisticated skeleton dial that reveals a high-performance Japanese automatic movement. The ergonomic curved design ensures a comfortable fit, while the scratch-resistant sapphire crystal protects your timepiece from daily wear. Equipped with A-level Super-Luminova for clear night reading and 5ATM (50M) water resistance, the TB8208A is built for both the boardroom and the weekend. Featuring a durable, sweat-resistant silicone strap, it is the ultimate statement of style and durability for the modern man.","""Barrel-shaped automatic watch"", ""Japanese movement"", ""316L stainless steel case"", “316L stainless steel bezel”, ""double bridge design hollow dial"", ""Sapphire crystal"", ""50m water resistance"", ""A-grade lume"", ""Silicone strap"".",https://tsarbomba.com/products/tb8208a?variant=42279399981312,https://cdn.shopify.com/s/files/1/0540/8145/4255/files/8208A.png?v=1724724279,USD,399.99,new,Rose Gold Black,TSAR BOMBA WATCH Barrel Type,male,Products source-US3-Men's Watch,Elemental Series,0~500,43mm*50.5mm*15.5mm,316L Stainless Steel,"https://cdn.shopify.com/s/files/1/0540/8145/4255/files/4_cc6bfe50-7fd0-468f-8b80-41ab3e8064b1.png?v=1728897143,https://cdn.shopify.com/s/files/1/0540/8145/4255/files/Elemental_Series-Automatic_Watch_TB8208A_Gold_Black-9.jpg?v=1724724381","General:Movement: Japanese Movement, General: Case Material: 316L Stainless Steel, General: Bezel Material: 316L Stainless Steel, General:Dial: Double Bridge Design Hollow Dial, General:Crystal: Sapphire Crystal, General: Water Resistance:50m, General: Lume: A-Grade Luminous, General: Strap Material: Silicone.",Apparel & Accessories > Jewelry > Watches,in_stock,Automatic,762704078302,Men's Watches
113495,109230,Tsarbomba,43890233081,https://www.awin1.com/pclick.php?p=43890233081&a=3002879&m=109230,https://images2.productserve.com/?w=200&h=200&bg=white&trim=5&t=letterbox&url=ssl%3Acdn.shopify.com%2Fs%2Ffiles%2F1%2F0540%2F8145%2F4255%2Ffiles%2FTB8208A_-40-01.png%3Fv%3D1769396438&feedId=113495&k=6d270b3f3f99a0523574271234d0a4c1a1ed5bb2,https://images2.productserve.com/?w=70&h=70&bg=white&trim=5&t=letterbox&url=ssl%3Acdn.shopify.com%2Fs%2Ffiles%2F1%2F0540%2F8145%2F4255%2Ffiles%2FTB8208A_-40-01.png%3Fv%3D1769396438&feedId=113495&k=6d270b3f3f99a0523574271234d0a4c1a1ed5bb2,544,Men's Watches,,TSAR BOMBA WATCH,TB8208A-01,Watches,TB8208A-01,TSAR BOMBA Men's Automatic Watch | Black Orange | Stainless Steel Case | Japanese Mechanical Skeleton Movement | Luxury Sport Wristwatch | Elemental TB8208A,"Discover the perfect balance of industrial aesthetics and precision engineering with the TSAR BOMBA TB8208A. Crafted from premium 316L surgical-grade stainless steel, this luxury men's watch features the iconic tonneau-shaped case and a sophisticated skeleton dial that reveals a high-performance Japanese automatic movement. The ergonomic curved design ensures a comfortable fit, while the scratch-resistant sapphire crystal protects your timepiece from daily wear. Equipped with A-level Super-Luminova for clear night reading and 5ATM (50M) water resistance, the TB8208A is built for both the boardroom and the weekend. Featuring a durable, sweat-resistant silicone strap, it is the ultimate statement of style and durability for the modern man.","""Barrel-shaped automatic watch"", ""Japanese movement"", ""316L stainless steel case"", “316L stainless steel bezel”, ""double bridge design hollow dial"", ""Sapphire crystal"", ""50m water resistance"", ""A-grade lume"", ""Silicone strap"".",https://tsarbomba.com/products/tb8208a?variant=40904895463599,https://cdn.shopify.com/s/files/1/0540/8145/4255/files/TB8208A_-40-01.png?v=1769396438,USD,399.99,new,Black Orange,TSAR BOMBA WATCH Barrel Type,male,Products source-US3-Men's Watch,Elemental Series,0~500,43mm*50.5mm*15.5mm,316L Stainless Steel,"https://cdn.shopify.com/s/files/1/0540/8145/4255/files/13_dd3b1e7c-38b6-435f-930e-42db6b852bb9.png?v=1728897143,https://cdn.shopify.com/s/files/1/0540/8145/4255/files/Elemental_Series-Automatic_Watch_TB8208A_Black_Orange-8.jpg?v=1724724381,https://cdn.shopify.com/s/files/1/0540/8145/4255/files/TB8208A_-40-02.png?v=1769396438","General:Movement: Japanese Movement, General: Case Material: 316L Stainless Steel, General: Bezel Material: 316L Stainless Steel, General:Dial: Double Bridge Design Hollow Dial, General:Crystal: Sapphire Crystal, General: Water Resistance:50m, General: Lume: A-Grade Luminous, General: Strap Material: Silicone.",Apparel & Accessories > Jewelry > Watches,in_stock,Automatic,762704078333,Men's Watches
113495,109230,Tsarbomba,43890233082,https://www.awin1.com/pclick.php?p=43890233082&a=3002879&m=109230,https://images2.productserve.com/?w=200&h=200&bg=white&trim=5&t=letterbox&url=ssl%3Acdn.shopify.com%2Fs%2Ffiles%2F1%2F0540%2F8145%2F4255%2Ffiles%2FTB8208A_-45-01.png%3Fv%3D1769396438&feedId=113495&k=8230a537ae99ecb8082aeaa0a7f3075f99819881,https://images2.productserve.com/?w=70&h=70&bg=white&trim=5&t=letterbox&url=ssl%3Acdn.shopify.com%2Fs%2Ffiles%2F1%2F0540%2F8145%2F4255%2Ffiles%2FTB8208A_-45-01.png%3Fv%3D1769396438&feedId=113495&k=8230a537ae99ecb8082aeaa0a7f3075f99819881,544,Men's Watches,,TSAR BOMBA WATCH,TB8208A-15,Watches,TB8208A-15,TSAR BOMBA Men's Automatic Watch | Black | Stainless Steel Case | Japanese Mechanical Skeleton Movement | Luxury Sport Wristwatch | Elemental TB8208A,"Discover the perfect balance of industrial aesthetics and precision engineering with the TSAR BOMBA TB8208A. Crafted from premium 316L surgical-grade stainless steel, this luxury men's watch features the iconic tonneau-shaped case and a sophisticated skeleton dial that reveals a high-performance Japanese automatic movement. The ergonomic curved design ensures a comfortable fit, while the scratch-resistant sapphire crystal protects your timepiece from daily wear. Equipped with A-level Super-Luminova for clear night reading and 5ATM (50M) water resistance, the TB8208A is built for both the boardroom and the weekend. Featuring a durable, sweat-resistant silicone strap, it is the ultimate statement of style and durability for the modern man.","""Barrel-shaped automatic watch"", ""Japanese movement"", ""316L stainless steel case"", “316L stainless steel bezel”, ""double bridge design hollow dial"", ""Sapphire crystal"", ""50m water resistance"", ""A-grade lume"", ""Silicone strap"".",https://tsarbomba.com/products/tb8208a?variant=40904895365295,https://cdn.shopify.com/s/files/1/0540/8145/4255/files/TB8208A_-45-01.png?v=1769396438,USD,399.99,new,Black,TSAR BOMBA WATCH Barrel Type,male,Products source-US3-Men's Watch,Elemental Series,0~500,43mm*50.5mm*15.5mm,316L Stainless Steel,"https://cdn.shopify.com/s/files/1/0540/8145/4255/files/2_38d75f65-62f0-49e0-9496-1f120cf5b2f7.png?v=1729049760,https://cdn.shopify.com/s/files/1/0540/8145/4255/files/Elemental_Series-Automatic_Watch_TB8208A_Black-8.jpg?v=1724724381,https://cdn.shopify.com/s/files/1/0540/8145/4255/files/TB8208A_-45-02.png?v=1769396438","General:Movement: Japanese Movement, General: Case Material: 316L Stainless Steel, General: Bezel Material: 316L Stainless Steel, General:Dial: Double Bridge Design Hollow Dial, General:Crystal: Sapphire Crystal, General: Water Resistance:50m, General: Lume: A-Grade Luminous, General: Strap Material: Silicone.",Apparel & Accessories > Jewelry > Watches,in_stock,Automatic,762704078319,Men's Watches
113495,109230,Tsarbomba,43890233083,https://www.awin1.com/pclick.php?p=43890233083&a=3002879&m=109230,https://images2.productserve.com/?w=200&h=200&bg=white&trim=5&t=letterbox&url=ssl%3Acdn.shopify.com%2Fs%2Ffiles%2F1%2F0540%2F8145%2F4255%2Ffiles%2F8_8c237a05-8b33-40c8-86a1-30dd574c9517.png%3Fv%3D1729648191&feedId=113495&k=ecfb26ee831b314122f057bb5872cd0115eaa26d,https://images2.productserve.com/?w=70&h=70&bg=white&trim=5&t=letterbox&url=ssl%3Acdn.shopify.com%2Fs%2Ffiles%2F1%2F0540%2F8145%2F4255%2Ffiles%2F8_8c237a05-8b33-40c8-86a1-30dd574c9517.png%3Fv%3D1729648191&feedId=113495&k=ecfb26ee831b314122f057bb5872cd0115eaa26d,544,Men's Watches,,TSAR BOMBA WATCH,TB8208A-13,Watches,TB8208A-13,TSAR BOMBA Men's Automatic Watch | Black Yellow | Stainless Steel Case | Japanese Mechanical Skeleton Movement | Luxury Sport Wristwatch | Elemental TB8208A,"Discover the perfect balance of industrial aesthetics and precision engineering with the TSAR BOMBA TB8208A. Crafted from premium 316L surgical-grade stainless steel, this luxury men's watch features the iconic tonneau-shaped case and a sophisticated skeleton dial that reveals a high-performance Japanese automatic movement. The ergonomic curved design ensures a comfortable fit, while the scratch-resistant sapphire crystal protects your timepiece from daily wear. Equipped with A-level Super-Luminova for clear night reading and 5ATM (50M) water resistance, the TB8208A is built for both the boardroom and the weekend. Featuring a durable, sweat-resistant silicone strap, it is the ultimate statement of style and durability for the modern man.","""Barrel-shaped automatic watch"", ""Japanese movement"", ""316L stainless steel case"", “316L stainless steel bezel”, ""double bridge design hollow dial"", ""Sapphire crystal"", ""50m water resistance"", ""A-grade lume"", ""Silicone strap"".",https://tsarbomba.com/products/tb8208a?variant=40904895430831,https://cdn.shopify.com/s/files/1/0540/8145/4255/files/8_8c237a05-8b33-40c8-86a1-30dd574c9517.png?v=1729648191,USD,399.99,new,Black Yellow,TSAR BOMBA WATCH Barrel Type,male,Products source-US3-Men's Watch,Elemental Series,0~500,43mm*50.5mm*15.5mm,316L Stainless Steel,"https://cdn.shopify.com/s/files/1/0540/8145/4255/files/2_47230778-61ec-4bec-b5b6-ca9dd41c3c06.png?v=1729049759,https://cdn.shopify.com/s/files/1/0540/8145/4255/files/Elemental_Series-Automatic_Watch_TB8208A_Black_Yellow-4.jpg?v=1724724381","General:Movement: Japanese Movement, General: Case Material: 316L Stainless Steel, General: Bezel Material: 316L Stainless Steel, General:Dial: Double Bridge Design Hollow Dial, General:Crystal: Sapphire Crystal, General: Water Resistance:50m, General: Lume: A-Grade Luminous, General: Strap Material: Silicone.",Apparel & Accessories > Jewelry > Watches,out_of_stock,Automatic,762704078371,Men's Watches
113495,109230,Tsarbomba,43890233084,https://www.awin1.com/pclick.php?p=43890233084&a=3002879&m=109230,https://images2.productserve.com/?w=200&h=200&bg=white&trim=5&t=letterbox&url=ssl%3Acdn.shopify.com%2Fs%2Ffiles%2F1%2F0540%2F8145%2F4255%2Ffiles%2F12_47b533a0-d4b4-4103-85bc-f30208645146.png%3Fv%3D1729648191&feedId=113495&k=8396d17bafa22d424f43ac53fcd0d1ae1f4ff832,https://images2.productserve.com/?w=70&h=70&bg=white&trim=5&t=letterbox&url=ssl%3Acdn.shopify.com%2Fs%2Ffiles%2F1%2F0540%2F8145%2F4255%2Ffiles%2F12_47b533a0-d4b4-4103-85bc-f30208645146.png%3Fv%3D1729648191&feedId=113495&k=8396d17bafa22d424f43ac53fcd0d1ae1f4ff832,544,Men's Watches,,TSAR BOMBA WATCH,TB8208A-08,Watches,TB8208A-08,TSAR BOMBA Men's Automatic Watch | Gold Blue | Stainless Steel Case | Japanese Mechanical Skeleton Movement | Luxury Sport Wristwatch | Elemental TB8208A,"Discover the perfect balance of industrial aesthetics and precision engineering with the TSAR BOMBA TB8208A. Crafted from premium 316L surgical-grade stainless steel, this luxury men's watch features the iconic tonneau-shaped case and a sophisticated skeleton dial that reveals a high-performance Japanese automatic movement. The ergonomic curved design ensures a comfortable fit, while the scratch-resistant sapphire crystal protects your timepiece from daily wear. Equipped with A-level Super-Luminova for clear night reading and 5ATM (50M) water resistance, the TB8208A is built for both the boardroom and the weekend. Featuring a durable, sweat-resistant silicone strap, it is the ultimate statement of style and durability for the modern man.","""Barrel-shaped automatic watch"", ""Japanese movement"", ""316L stainless steel case"", “316L stainless steel bezel”, ""double bridge design hollow dial"", ""Sapphire crystal"", ""50m water resistance"", ""A-grade lume"", ""Silicone strap"".",https://tsarbomba.com/products/tb8208a?variant=42291574997248,https://cdn.shopify.com/s/files/1/0540/8145/4255/files/12_47b533a0-d4b4-4103-85bc-f30208645146.png?v=1729648191,USD,399.99,new,Gold Blue,TSAR BOMBA WATCH Barrel Type,male,Products source-US3-Men's Watch,Elemental Series,0~500,43mm*50.5mm*15.5mm,316L Stainless Steel,"https://cdn.shopify.com/s/files/1/0540/8145/4255/files/19_02e3b9a9-0938-4ae1-9cc0-f9e266a0282f.png?v=1728897143,https://cdn.shopify.com/s/files/1/0540/8145/4255/files/Elemental_Series-Automatic_Watch_TB8208A_Gold_Blue-4.jpg?v=1724724381","General:Movement: Japanese Movement, General: Case Material: 316L Stainless Steel, General: Bezel Material: 316L Stainless Steel, General:Dial: Double Bridge Design Hollow Dial, General:Crystal: Sapphire Crystal, General: Water Resistance:50m, General: Lume: A-Grade Luminous, General: Strap Material: Silicone.",Apparel & Accessories > Jewelry > Watches,out_of_stock,Automatic,762704078364,Men's Watches
113495,109230,Tsarbomba,43890233085,https://www.awin1.com/pclick.php?p=43890233085&a=3002879&m=109230,https://images2.productserve.com/?w=200&h=200&bg=white&trim=5&t=letterbox&url=ssl%3Acdn.shopify.com%2Fs%2Ffiles%2F1%2F0540%2F8145%2F4255%2Ffiles%2F15_b87b3aa7-e0de-4235-b6ac-4540aac12b32.png%3Fv%3D1729648191&feedId=113495&k=38a85a9a49becffcd523e30cf6f2a4b0e88aa178,https://images2.productserve.com/?w=70&h=70&bg=white&trim=5&t=letterbox&url=ssl%3Acdn.shopify.com%2Fs%2Ffiles%2F1%2F0540%2F8145%2F4255%2Ffiles%2F15_b87b3aa7-e0de-4235-b6ac-4540aac12b32.png%3Fv%3D1729648191&feedId=113495&k=38a85a9a49becffcd523e30cf6f2a4b0e88aa178,544,Men's Watches,,TSAR BOMBA WATCH,TB8208A-18,Watches,TB8208A-18,TSAR BOMBA Men's Automatic Watch | Silver Orange | Stainless Steel Case | Japanese Mechanical Skeleton Movement | Luxury Sport Wristwatch | Elemental TB8208A,"Discover the perfect balance of industrial aesthetics and precision engineering with the TSAR BOMBA TB8208A. Crafted from premium 316L surgical-grade stainless steel, this luxury men's watch features the iconic tonneau-shaped case and a sophisticated skeleton dial that reveals a high-performance Japanese automatic movement. The ergonomic curved design ensures a comfortable fit, while the scratch-resistant sapphire crystal protects your timepiece from daily wear. Equipped with A-level Super-Luminova for clear night reading and 5ATM (50M) water resistance, the TB8208A is built for both the boardroom and the weekend. Featuring a durable, sweat-resistant silicone strap, it is the ultimate statement of style and durability for the modern man.","""Barrel-shaped automatic watch"", ""Japanese movement"", ""316L stainless steel case"", “316L stainless steel bezel”, ""double bridge design hollow dial"", ""Sapphire crystal"", ""50m water resistance"", ""A-grade lume"", ""Silicone strap"".",https://tsarbomba.com/products/tb8208a?variant=42291575030016,https://cdn.shopify.com/s/files/1/0540/8145/4255/files/15_b87b3aa7-e0de-4235-b6ac-4540aac12b32.png?v=1729648191,USD,399.99,new,Silver Orange,TSAR BOMBA WATCH Barrel Type,male,Products source-US3-Men's Watch,Elemental Series,0~500,43mm*50.5mm*15.5mm,316L Stainless Steel,"https://cdn.shopify.com/s/files/1/0540/8145/4255/files/2_83ca184c-70e4-4042-9e09-9624f3c7abbf.png?v=1729049759,https://cdn.shopify.com/s/files/1/0540/8145/4255/files/5bc9b171dab2a1c1cb352dcd17f2b80d.png?v=1729049759","General:Movement: Japanese Movement, General: Case Material: 316L Stainless Steel, General: Bezel Material: 316L Stainless Steel, General:Dial: Double Bridge Design Hollow Dial, General:Crystal: Sapphire Crystal, General: Water Resistance:50m, General: Lume: A-Grade Luminous, General: Strap Material: Silicone.",Apparel & Accessories > Jewelry > Watches,out_of_stock,Automatic,762704078340,Men's Watches
113495,109230,Tsarbomba,43890233086,https://www.awin1.com/pclick.php?p=43890233086&a=3002879&m=109230,https://images2.productserve.com/?w=200&h=200&bg=white&trim=5&t=letterbox&url=ssl%3Acdn.shopify.com%2Fs%2Ffiles%2F1%2F0540%2F8145%2F4255%2Ffiles%2F8208A-13.png%3Fv%3D1769396438&feedId=113495&k=5c4458a079b4c24ca6b392f07aacb253a8772c0b,https://images2.productserve.com/?w=70&h=70&bg=white&trim=5&t=letterbox&url=ssl%3Acdn.shopify.com%2Fs%2Ffiles%2F1%2F0540%2F8145%2F4255%2Ffiles%2F8208A-13.png%3Fv%3D1769396438&feedId=113495&k=5c4458a079b4c24ca6b392f07aacb253a8772c0b,544,Men's Watches,,TSAR BOMBA WATCH,TB8208A-01L,Watches,TB8208A-01L,Men's Automatic Skeleton Watch | Luxury Sports Watch for Men | Elemental TB8208A | TSAR BOMBA,"Discover the perfect balance of industrial aesthetics and precision engineering with the TSAR BOMBA TB8208A. Crafted from premium 316L surgical-grade stainless steel, this luxury men's watch features the iconic tonneau-shaped case and a sophisticated skeleton dial that reveals a high-performance Japanese automatic movement. The ergonomic curved design ensures a comfortable fit, while the scratch-resistant sapphire crystal protects your timepiece from daily wear. Equipped with A-level Super-Luminova for clear night reading and 5ATM (50M) water resistance, the TB8208A is built for both the boardroom and the weekend. Featuring a durable, sweat-resistant silicone strap, it is the ultimate statement of style and durability for the modern man.","""Barrel-shaped automatic watch"", ""Japanese movement"", ""316L stainless steel case"", “316L stainless steel bezel”, ""double bridge design hollow dial"", ""Sapphire crystal"", ""50m water resistance"", ""A-grade lume"", ""Silicone strap"".",https://tsarbomba.com/products/tb8208a?variant=42679904108800,https://cdn.shopify.com/s/files/1/0540/8145/4255/files/8208A-13.png?v=1769396438,USD,399.99,new,Black Blue,TSAR BOMBA WATCH Barrel Type,male,Products source-US3-Men's Watch,Elemental Series,0~500,43mm*50.5mm*15.5mm,316L Stainless Steel,"https://cdn.shopify.com/s/files/1/0540/8145/4255/files/29_9accd570-2772-4343-b059-763a6161d9c0.png?v=1728897146,https://cdn.shopify.com/s/files/1/0540/8145/4255/files/Elemental_Series-Automatic_Watch_TB8208A_Black_Blue-3.jpg?v=1724724381,https://cdn.shopify.com/s/files/1/0540/8145/4255/files/8208A-14.png?v=1769396438","General:Movement: Japanese Movement, General: Case Material: 316L Stainless Steel, General: Bezel Material: 316L Stainless Steel, General:Dial: Double Bridge Design Hollow Dial, General:Crystal: Sapphire Crystal, General: Water Resistance:50m, General: Lume: A-Grade Luminous, General: Strap Material: Silicone.",Apparel & Accessories > Jewelry > Watches,in_stock,Automatic,762704078395,Men's Watches
113495,109230,Tsarbomba,43890233087,https://www.awin1.com/pclick.php?p=43890233087&a=3002879&m=109230,https://images2.productserve.com/?w=200&h=200&bg=white&trim=5&t=letterbox&url=ssl%3Acdn.shopify.com%2Fs%2Ffiles%2F1%2F0540%2F8145%2F4255%2Ffiles%2FTB8208A_-41-01.png%3Fv%3D1769396438&feedId=113495&k=f0093fbd0580ff4b4d94deae4a86d7532011b65d,https://images2.productserve.com/?w=70&h=70&bg=white&trim=5&t=letterbox&url=ssl%3Acdn.shopify.com%2Fs%2Ffiles%2F1%2F0540%2F8145%2F4255%2Ffiles%2FTB8208A_-41-01.png%3Fv%3D1769396438&feedId=113495&k=f0093fbd0580ff4b4d94deae4a86d7532011b65d,544,Men's Watches,,TSAR BOMBA WATCH,TB8208A-11,Watches,TB8208A-11,TSAR BOMBA Men's Automatic Watch | Silver Blue | Stainless Steel Case | Japanese Mechanical Skeleton Movement | Luxury Sport Wristwatch | Elemental TB8208A,"Discover the perfect balance of industrial aesthetics and precision engineering with the TSAR BOMBA TB8208A. Crafted from premium 316L surgical-grade stainless steel, this luxury men's watch features the iconic tonneau-shaped case and a sophisticated skeleton dial that reveals a high-performance Japanese automatic movement. The ergonomic curved design ensures a comfortable fit, while the scratch-resistant sapphire crystal protects your timepiece from daily wear. Equipped with A-level Super-Luminova for clear night reading and 5ATM (50M) water resistance, the TB8208A is built for both the boardroom and the weekend. Featuring a durable, sweat-resistant silicone strap, it is the ultimate statement of style and durability for the modern man.","""Barrel-shaped automatic watch"", ""Japanese movement"", ""316L stainless steel case"", “316L stainless steel bezel”, ""double bridge design hollow dial"", ""Sapphire crystal"", ""50m water resistance"", ""A-grade lume"", ""Silicone strap"".",https://tsarbomba.com/products/tb8208a?variant=40904895529135,https://cdn.shopify.com/s/files/1/0540/8145/4255/files/TB8208A_-41-01.png?v=1769396438,USD,399.99,new,Silver Blue,TSAR BOMBA WATCH Barrel Type,male,Products source-US3-Men's Watch,Elemental Series,0~500,43mm*50.5mm*15.5mm,316L Stainless Steel,"https://cdn.shopify.com/s/files/1/0540/8145/4255/files/7_b8b04e8b-a181-4ebe-9ad7-1c7b14fef7d0.png?v=1728897144,https://cdn.shopify.com/s/files/1/0540/8145/4255/files/11_1bcb5cfd-5b7c-4528-82a3-c198313de277.png?v=1728897142,https://cdn.shopify.com/s/files/1/0540/8145/4255/files/TB8208A_-41-04.png?v=1769396438","General:Movement: Japanese Movement, General: Case Material: 316L Stainless Steel, General: Bezel Material: 316L Stainless Steel, General:Dial: Double Bridge Design Hollow Dial, General:Crystal: Sapphire Crystal, General: Water Resistance:50m, General: Lume: A-Grade Luminous, General: Strap Material: Silicone.",Apparel & Accessories > Jewelry > Watches,in_stock,Automatic,762704078357,Men's Watches
113495,109230,Tsarbomba,43890233088,https://www.awin1.com/pclick.php?p=43890233088&a=3002879&m=109230,https://images2.productserve.com/?w=200&h=200&bg=white&trim=5&t=letterbox&url=ssl%3Acdn.shopify.com%2Fs%2Ffiles%2F1%2F0540%2F8145%2F4255%2Ffiles%2FTB8219L-05_05499c89-c008-4a04-85d5-df57f848cba8.png%3Fv%3D1733015587&feedId=113495&k=533c02fa585114718abca4315e6edfcd5505ac32,https://images2.productserve.com/?w=70&h=70&bg=white&trim=5&t=letterbox&url=ssl%3Acdn.shopify.com%2Fs%2Ffiles%2F1%2F0540%2F8145%2F4255%2Ffiles%2FTB8219L-05_05499c89-c008-4a04-85d5-df57f848cba8.png%3Fv%3D1733015587&feedId=113495&k=533c02fa585114718abca4315e6edfcd5505ac32,544,Men's Watches,,TSAR BOMBA WATCH,TB8219L-05,Watches,TB8219L-05,TSAR BOMBA Women's Quartz Watch | Green | Swiss Movement Wristwatch | Cubic Zirconia Mother of Pearl Dial | Waterproof Sapphire Glass | Nucleus Femme 02 TB8219L,"Elevate your everyday style with the TSAR BOMBA TB8219 Nucleus Femme 02, a masterpiece from the Acrylic Elemental Series. Specifically designed for women who value both elegance and modern engineering, this luxury timepiece combines high-end materials with Swiss precision.  **Key Features:**  **Swiss Precision Movement:** Powered by the reliable Swiss 763 quartz movement, ensuring accurate timekeeping with minimal maintenance.  **Exquisite Natural Shell Dial:** Each watch features a unique Mother of Pearl dial that captures light beautifully, making every piece one-of-a-kind.  **Premium Materials:** The watch is protected by a scratch-resistant Sapphire Crystal and housed in a lightweight, durable Acrylic case with a plastic titanium bezel for ultimate comfort.  **Supreme Comfort:** Equipped with a high-quality FKM Fluoro-rubber strap, which is skin-friendly, anti-oxidant, and perfect for all-day wear.  **Visibility & Durability:** Features AlphaLuminex (A-level Lume) for exceptional nighttime visibility and 3 ATM (30 meters) water resistance for daily splash protection.  Whether you are looking for a sophisticated accessory for business meetings or a stylish companion for daily life, the TSAR BOMBA TB8219 is the perfect blend of luxury, durability, and feminine aesthetics. Ideal as a premium gift for her.","""Barrel-shaped women's quartz watch"", ""Swiss movement"", ""Mother-of-pearl dial"", “Plastic titanium bezel”, ""316L stainless steel case"", ""Sapphire crystal"", ""30m water resistance"", ""A-grade lume"", ""Fluoro rubber strap"".",https://tsarbomba.com/products/tb8219?variant=46125100892416,https://cdn.shopify.com/s/files/1/0540/8145/4255/files/TB8219L-05_05499c89-c008-4a04-85d5-df57f848cba8.png?v=1733015587,USD,299.99,new,Green,TSAR BOMBA WATCH Barrel Type,female,Products source-US3-Women's Watch,Nucleus Femme Series,0~500,35mm*39.5mm*11mm,Plastic Titanium,"https://cdn.shopify.com/s/files/1/0540/8145/4255/files/TB8219L-05.png?v=1733015584,https://cdn.shopify.com/s/files/1/0540/8145/4255/files/TB8219L-05_da3d13f1-b665-4f3a-8188-ede052dd963a.png?v=1733015588","General:Movement: Swiss Movement, General: Case Material:316L Stainless Steel, General: Bezel Material: Plastic Titanium, General:Crystal: Sapphire Crystal, General: Water Resistance:30m, General: Lume: A-Grade Luminous, General: Strap Material: Fluoro Rubber Strap.",Apparel & Accessories > Jewelry > Watches,in_stock,Quartz,717701173567,Women's Watches
113495,109230,Tsarbomba,43890233089,https://www.awin1.com/pclick.php?p=43890233089&a=3002879&m=109230,https://images2.productserve.com/?w=200&h=200&bg=white&trim=5&t=letterbox&url=ssl%3Acdn.shopify.com%2Fs%2Ffiles%2F1%2F0540%2F8145%2F4255%2Ffiles%2FTB8219L-06_c56dbe0b-d601-4d80-974a-88a5632095f6.png%3Fv%3D1733015587&feedId=113495&k=b31aa7dccbbfadaeb4e62dded43f96379a4f9763,https://images2.productserve.com/?w=70&h=70&bg=white&trim=5&t=letterbox&url=ssl%3Acdn.shopify.com%2Fs%2Ffiles%2F1%2F0540%2F8145%2F4255%2Ffiles%2FTB8219L-06_c56dbe0b-d601-4d80-974a-88a5632095f6.png%3Fv%3D1733015587&feedId=113495&k=b31aa7dccbbfadaeb4e62dded43f96379a4f9763,544,Men's Watches,,TSAR BOMBA WATCH,TB8219L-06,Watches,TB8219L-06,TSAR BOMBA Women's Quartz Watch | Grey | Swiss Movement Wristwatch | Cubic Zirconia Mother of Pearl Dial | Waterproof Sapphire Glass | Nucleus Femme 02 TB8219L,"Elevate your everyday style with the TSAR BOMBA TB8219 Nucleus Femme 02, a masterpiece from the Acrylic Elemental Series. Specifically designed for women who value both elegance and modern engineering, this luxury timepiece combines high-end materials with Swiss precision.  **Key Features:**  **Swiss Precision Movement:** Powered by the reliable Swiss 763 quartz movement, ensuring accurate timekeeping with minimal maintenance.  **Exquisite Natural Shell Dial:** Each watch features a unique Mother of Pearl dial that captures light beautifully, making every piece one-of-a-kind.  **Premium Materials:** The watch is protected by a scratch-resistant Sapphire Crystal and housed in a lightweight, durable Acrylic case with a plastic titanium bezel for ultimate comfort.  **Supreme Comfort:** Equipped with a high-quality FKM Fluoro-rubber strap, which is skin-friendly, anti-oxidant, and perfect for all-day wear.  **Visibility & Durability:** Features AlphaLuminex (A-level Lume) for exceptional nighttime visibility and 3 ATM (30 meters) water resistance for daily splash protection.  Whether you are looking for a sophisticated accessory for business meetings or a stylish companion for daily life, the TSAR BOMBA TB8219 is the perfect blend of luxury, durability, and feminine aesthetics. Ideal as a premium gift for her.","""Barrel-shaped women's quartz watch"", ""Swiss movement"", ""Mother-of-pearl dial"", “Plastic titanium bezel”, ""316L stainless steel case"", ""Sapphire crystal"", ""30m water resistance"", ""A-grade lume"", ""Fluoro rubber strap"".",https://tsarbomba.com/products/tb8219?variant=46125100925184,https://cdn.shopify.com/s/files/1/0540/8145/4255/files/TB8219L-06_c56dbe0b-d601-4d80-974a-88a5632095f6.png?v=1733015587,USD,299.99,new,Gray,TSAR BOMBA WATCH Barrel Type,female,Products source-US3-Women's Watch,Nucleus Femme Series,0~500,35mm*39.5mm*11mm,Plastic Titanium,"https://cdn.shopify.com/s/files/1/0540/8145/4255/files/TB8219L-06.png?v=1733015584,https://cdn.shopify.com/s/files/1/0540/8145/4255/files/TB8219L-06_44938e51-927c-4ec8-9643-2063747be5d3.png?v=1733015588","General:Movement: Swiss Movement, General: Case Material:316L Stainless Steel, General: Bezel Material: Plastic Titanium, General:Crystal: Sapphire Crystal, General: Water Resistance:30m, General: Lume: A-Grade Luminous, General: Strap Material: Fluoro Rubber Strap.",Apparel & Accessories > Jewelry > Watches,in_stock,Quartz,717701173550,Women's Watches
113495,109230,Tsarbomba,43890233090,https://www.awin1.com/pclick.php?p=43890233090&a=3002879&m=109230,https://images2.productserve.com/?w=200&h=200&bg=white&trim=5&t=letterbox&url=ssl%3Acdn.shopify.com%2Fs%2Ffiles%2F1%2F0540%2F8145%2F4255%2Ffiles%2FTB8219L-03.png%3Fv%3D1752830499&feedId=113495&k=0a938c8dfea4048ede305827e332e3032dff4d5f,https://images2.productserve.com/?w=70&h=70&bg=white&trim=5&t=letterbox&url=ssl%3Acdn.shopify.com%2Fs%2Ffiles%2F1%2F0540%2F8145%2F4255%2Ffiles%2FTB8219L-03.png%3Fv%3D1752830499&feedId=113495&k=0a938c8dfea4048ede305827e332e3032dff4d5f,544,Men's Watches,,TSAR BOMBA WATCH,TB8219L-03,Watches,TB8219L-03,TSAR BOMBA Women's Quartz Watch | White Blue | Swiss Movement Wristwatch | Cubic Zirconia Mother of Pearl Dial | Waterproof Sapphire Glass | Nucleus Femme 02 TB8219L,"Elevate your everyday style with the TSAR BOMBA TB8219 Nucleus Femme 02, a masterpiece from the Acrylic Elemental Series. Specifically designed for women who value both elegance and modern engineering, this luxury timepiece combines high-end materials with Swiss precision.  **Key Features:**  **Swiss Precision Movement:** Powered by the reliable Swiss 763 quartz movement, ensuring accurate timekeeping with minimal maintenance.  **Exquisite Natural Shell Dial:** Each watch features a unique Mother of Pearl dial that captures light beautifully, making every piece one-of-a-kind.  **Premium Materials:** The watch is protected by a scratch-resistant Sapphire Crystal and housed in a lightweight, durable Acrylic case with a plastic titanium bezel for ultimate comfort.  **Supreme Comfort:** Equipped with a high-quality FKM Fluoro-rubber strap, which is skin-friendly, anti-oxidant, and perfect for all-day wear.  **Visibility & Durability:** Features AlphaLuminex (A-level Lume) for exceptional nighttime visibility and 3 ATM (30 meters) water resistance for daily splash protection.  Whether you are looking for a sophisticated accessory for business meetings or a stylish companion for daily life, the TSAR BOMBA TB8219 is the perfect blend of luxury, durability, and feminine aesthetics. Ideal as a premium gift for her.","""Barrel-shaped women's quartz watch"", ""Swiss movement"", ""Mother-of-pearl dial"", “Plastic titanium bezel”, ""316L stainless steel case"", ""Sapphire crystal"", ""30m water resistance"", ""A-grade lume"", ""Fluoro rubber strap"".",https://tsarbomba.com/products/tb8219?variant=46125101023488,https://cdn.shopify.com/s/files/1/0540/8145/4255/files/TB8219L-03.png?v=1752830499,USD,299.99,new,White Blue,TSAR BOMBA WATCH Barrel Type,female,Products source-US3-Women's Watch,Nucleus Femme Series,0~500,35mm*39.5mm*11mm,Plastic Titanium,"https://cdn.shopify.com/s/files/1/0540/8145/4255/files/TB8219L-03.png?v=1733015583,https://cdn.shopify.com/s/files/1/0540/8145/4255/files/TB8219L-03_79c135a4-9ef4-4ad4-ac06-82c59624aa5f.png?v=1733015586,https://cdn.shopify.com/s/files/1/0540/8145/4255/files/TB8219L-03_79c135a4-9ef4-4ad4-ac06-82c59624aa5f.png?v=1752830499","General:Movement: Swiss Movement, General: Case Material:316L Stainless Steel, General: Bezel Material: Plastic Titanium, General:Crystal: Sapphire Crystal, General: Water Resistance:30m, General: Lume: A-Grade Luminous, General: Strap Material: Fluoro Rubber Strap.",Apparel & Accessories > Jewelry > Watches,in_stock,Quartz,717701173543,Women's Watches
113495,109230,Tsarbomba,43890233091,https://www.awin1.com/pclick.php?p=43890233091&a=3002879&m=109230,https://images2.productserve.com/?w=200&h=200&bg=white&trim=5&t=letterbox&url=ssl%3Acdn.shopify.com%2Fs%2Ffiles%2F1%2F0540%2F8145%2F4255%2Ffiles%2FTB8219L-02.png%3Fv%3D1752830499&feedId=113495&k=17b945b60ef9360d8ec9bcf4264ca6ca1f2e5906,https://images2.productserve.com/?w=70&h=70&bg=white&trim=5&t=letterbox&url=ssl%3Acdn.shopify.com%2Fs%2Ffiles%2F1%2F0540%2F8145%2F4255%2Ffiles%2FTB8219L-02.png%3Fv%3D1752830499&feedId=113495&k=17b945b60ef9360d8ec9bcf4264ca6ca1f2e5906,544,Men's Watches,,TSAR BOMBA WATCH,TB8219L-02,Watches,TB8219L-02,TSAR BOMBA Women's Quartz Watch | Pink | Swiss Movement Wristwatch | Cubic Zirconia Mother of Pearl Dial | Waterproof Sapphire Glass | Nucleus Femme 02 TB8219L,"Elevate your everyday style with the TSAR BOMBA TB8219 Nucleus Femme 02, a masterpiece from the Acrylic Elemental Series. Specifically designed for women who value both elegance and modern engineering, this luxury timepiece combines high-end materials with Swiss precision.  **Key Features:**  **Swiss Precision Movement:** Powered by the reliable Swiss 763 quartz movement, ensuring accurate timekeeping with minimal maintenance.  **Exquisite Natural Shell Dial:** Each watch features a unique Mother of Pearl dial that captures light beautifully, making every piece one-of-a-kind.  **Premium Materials:** The watch is protected by a scratch-resistant Sapphire Crystal and housed in a lightweight, durable Acrylic case with a plastic titanium bezel for ultimate comfort.  **Supreme Comfort:** Equipped with a high-quality FKM Fluoro-rubber strap, which is skin-friendly, anti-oxidant, and perfect for all-day wear.  **Visibility & Durability:** Features AlphaLuminex (A-level Lume) for exceptional nighttime visibility and 3 ATM (30 meters) water resistance for daily splash protection.  Whether you are looking for a sophisticated accessory for business meetings or a stylish companion for daily life, the TSAR BOMBA TB8219 is the perfect blend of luxury, durability, and feminine aesthetics. Ideal as a premium gift for her.","""Barrel-shaped women's quartz watch"", ""Swiss movement"", ""Mother-of-pearl dial"", “Plastic titanium bezel”, ""316L stainless steel case"", ""Sapphire crystal"", ""30m water resistance"", ""A-grade lume"", ""Fluoro rubber strap"".",https://tsarbomba.com/products/tb8219?variant=46125100990720,https://cdn.shopify.com/s/files/1/0540/8145/4255/files/TB8219L-02.png?v=1752830499,USD,299.99,new,Pink,TSAR BOMBA WATCH Barrel Type,female,Products source-US3-Women's Watch,Nucleus Femme Series,0~500,35mm*39.5mm*11mm,Plastic Titanium,"https://cdn.shopify.com/s/files/1/0540/8145/4255/files/TB8219L-02.png?v=1733015582,https://cdn.shopify.com/s/files/1/0540/8145/4255/files/TB8219L-02_e22ae5be-0bff-434f-8732-d0c391fe8e58.png?v=1733015588","General:Movement: Swiss Movement, General: Case Material:316L Stainless Steel, General: Bezel Material: Plastic Titanium, General:Crystal: Sapphire Crystal, General: Water Resistance:30m, General: Lume: A-Grade Luminous, General: Strap Material: Fluoro Rubber Strap.",Apparel & Accessories > Jewelry > Watches,in_stock,Quartz,717701173536,Women's Watches
113495,109230,Tsarbomba,43890233092,https://www.awin1.com/pclick.php?p=43890233092&a=3002879&m=109230,https://images2.productserve.com/?w=200&h=200&bg=white&trim=5&t=letterbox&url=ssl%3Acdn.shopify.com%2Fs%2Ffiles%2F1%2F0540%2F8145%2F4255%2Ffiles%2FTB8219L-04_b24167b9-75a5-4721-98aa-9c2db0468d57.png%3Fv%3D1733015588&feedId=113495&k=8fddf5a5f61598d54fb88cb8dd9f70075c89fa65,https://images2.productserve.com/?w=70&h=70&bg=white&trim=5&t=letterbox&url=ssl%3Acdn.shopify.com%2Fs%2Ffiles%2F1%2F0540%2F8145%2F4255%2Ffiles%2FTB8219L-04_b24167b9-75a5-4721-98aa-9c2db0468d57.png%3Fv%3D1733015588&feedId=113495&k=8fddf5a5f61598d54fb88cb8dd9f70075c89fa65,544,Men's Watches,,TSAR BOMBA WATCH,TB8219L-04,Watches,TB8219L-04,TSAR BOMBA Women's Quartz Watch | White Green | Swiss Movement Wristwatch | Cubic Zirconia Mother of Pearl Dial | Waterproof Sapphire Glass | Nucleus Femme 02 TB8219L,"Elevate your everyday style with the TSAR BOMBA TB8219 Nucleus Femme 02, a masterpiece from the Acrylic Elemental Series. Specifically designed for women who value both elegance and modern engineering, this luxury timepiece combines high-end materials with Swiss precision.  **Key Features:**  **Swiss Precision Movement:** Powered by the reliable Swiss 763 quartz movement, ensuring accurate timekeeping with minimal maintenance.  **Exquisite Natural Shell Dial:** Each watch features a unique Mother of Pearl dial that captures light beautifully, making every piece one-of-a-kind.  **Premium Materials:** The watch is protected by a scratch-resistant Sapphire Crystal and housed in a lightweight, durable Acrylic case with a plastic titanium bezel for ultimate comfort.  **Supreme Comfort:** Equipped with a high-quality FKM Fluoro-rubber strap, which is skin-friendly, anti-oxidant, and perfect for all-day wear.  **Visibility & Durability:** Features AlphaLuminex (A-level Lume) for exceptional nighttime visibility and 3 ATM (30 meters) water resistance for daily splash protection.  Whether you are looking for a sophisticated accessory for business meetings or a stylish companion for daily life, the TSAR BOMBA TB8219 is the perfect blend of luxury, durability, and feminine aesthetics. Ideal as a premium gift for her.","""Barrel-shaped women's quartz watch"", ""Swiss movement"", ""Mother-of-pearl dial"", “Plastic titanium bezel”, ""316L stainless steel case"", ""Sapphire crystal"", ""30m water resistance"", ""A-grade lume"", ""Fluoro rubber strap"".",https://tsarbomba.com/products/tb8219?variant=46141823779072,https://cdn.shopify.com/s/files/1/0540/8145/4255/files/TB8219L-04_b24167b9-75a5-4721-98aa-9c2db0468d57.png?v=1733015588,USD,299.99,new,White Green,TSAR BOMBA WATCH Barrel Type,female,Products source-US3-Women's Watch,Nucleus Femme Series,0~500,35mm*39.5mm*11mm,Plastic Titanium,"https://cdn.shopify.com/s/files/1/0540/8145/4255/files/TB8219L-04.png?v=1733015583,https://cdn.shopify.com/s/files/1/0540/8145/4255/files/TB8219L-04_59767a56-c681-49e3-949a-b99dfa82f719.png?v=1733015588","General:Movement: Swiss Movement, General: Case Material:316L Stainless Steel, General: Bezel Material: Plastic Titanium, General:Crystal: Sapphire Crystal, General: Water Resistance:30m, General: Lume: A-Grade Luminous, General: Strap Material: Fluoro Rubber Strap.",Apparel & Accessories > Jewelry > Watches,in_stock,Quartz,717701173529,Women's Watches
113495,109230,Tsarbomba,43890233093,https://www.awin1.com/pclick.php?p=43890233093&a=3002879&m=109230,https://images2.productserve.com/?w=200&h=200&bg=white&trim=5&t=letterbox&url=ssl%3Acdn.shopify.com%2Fs%2Ffiles%2F1%2F0540%2F8145%2F4255%2Ffiles%2FTB8219L-01_2e5bdbc3-1e67-4f9e-81f0-5e834f0b2353.png%3Fv%3D1733015588&feedId=113495&k=42fc22c415a3bdf29285b0f354add1423f2f9311,https://images2.productserve.com/?w=70&h=70&bg=white&trim=5&t=letterbox&url=ssl%3Acdn.shopify.com%2Fs%2Ffiles%2F1%2F0540%2F8145%2F4255%2Ffiles%2FTB8219L-01_2e5bdbc3-1e67-4f9e-81f0-5e834f0b2353.png%3Fv%3D1733015588&feedId=113495&k=42fc22c415a3bdf29285b0f354add1423f2f9311,544,Men's Watches,,TSAR BOMBA WATCH,TB8219L-01,Watches,TB8219L-01,TSAR BOMBA Women's Quartz Watch | Blue | Swiss Movement Wristwatch | Cubic Zirconia Mother of Pearl Dial | Waterproof Sapphire Glass | Nucleus Femme 02 TB8219L,"Elevate your everyday style with the TSAR BOMBA TB8219 Nucleus Femme 02, a masterpiece from the Acrylic Elemental Series. Specifically designed for women who value both elegance and modern engineering, this luxury timepiece combines high-end materials with Swiss precision.  **Key Features:**  **Swiss Precision Movement:** Powered by the reliable Swiss 763 quartz movement, ensuring accurate timekeeping with minimal maintenance.  **Exquisite Natural Shell Dial:** Each watch features a unique Mother of Pearl dial that captures light beautifully, making every piece one-of-a-kind.  **Premium Materials:** The watch is protected by a scratch-resistant Sapphire Crystal and housed in a lightweight, durable Acrylic case with a plastic titanium bezel for ultimate comfort.  **Supreme Comfort:** Equipped with a high-quality FKM Fluoro-rubber strap, which is skin-friendly, anti-oxidant, and perfect for all-day wear.  **Visibility & Durability:** Features AlphaLuminex (A-level Lume) for exceptional nighttime visibility and 3 ATM (30 meters) water resistance for daily splash protection.  Whether you are looking for a sophisticated accessory for business meetings or a stylish companion for daily life, the TSAR BOMBA TB8219 is the perfect blend of luxury, durability, and feminine aesthetics. Ideal as a premium gift for her.","""Barrel-shaped women's quartz watch"", ""Swiss movement"", ""Mother-of-pearl dial"", “Plastic titanium bezel”, ""316L stainless steel case"", ""Sapphire crystal"", ""30m water resistance"", ""A-grade lume"", ""Fluoro rubber strap"".",https://tsarbomba.com/products/tb8219?variant=46125100957952,https://cdn.shopify.com/s/files/1/0540/8145/4255/files/TB8219L-01_2e5bdbc3-1e67-4f9e-81f0-5e834f0b2353.png?v=1733015588,USD,299.99,new,Blue,TSAR BOMBA WATCH Barrel Type,female,Products source-US3-Women's Watch,Nucleus Femme Series,0~500,35mm*39.5mm*11mm,Plastic Titanium,"https://cdn.shopify.com/s/files/1/0540/8145/4255/files/TB8219L-01.png?v=1733015585,https://cdn.shopify.com/s/files/1/0540/8145/4255/files/TB8219L-01_02d1d984-8660-400c-abd2-cd5c00dd46d8.png?v=1733015588","General:Movement: Swiss Movement, General: Case Material:316L Stainless Steel, General: Bezel Material: Plastic Titanium, General:Crystal: Sapphire Crystal, General: Water Resistance:30m, General: Lume: A-Grade Luminous, General: Strap Material: Fluoro Rubber Strap.",Apparel & Accessories > Jewelry > Watches,in_stock,Quartz,717701173512,Women's Watches
113495,109230,Tsarbomba,43890233094,https://www.awin1.com/pclick.php?p=43890233094&a=3002879&m=109230,https://images2.productserve.com/?w=200&h=200&bg=white&trim=5&t=letterbox&url=ssl%3Acdn.shopify.com%2Fs%2Ffiles%2F1%2F0540%2F8145%2F4255%2Ffiles%2FTB8219GY-1.png%3Fv%3D1732697955&feedId=113495&k=460b1dd433421b91044715e1fc788c0db11ebb68,https://images2.productserve.com/?w=70&h=70&bg=white&trim=5&t=letterbox&url=ssl%3Acdn.shopify.com%2Fs%2Ffiles%2F1%2F0540%2F8145%2F4255%2Ffiles%2FTB8219GY-1.png%3Fv%3D1732697955&feedId=113495&k=460b1dd433421b91044715e1fc788c0db11ebb68,544,Men's Watches,,TSAR BOMBA WATCH,TB8219LA-03,Watches,TB8219LA-03,TSAR BOMBA Women's Quartz Watch | Arab Grey | Swiss Movement Wristwatch | Cubic Zirconia Mother of Pearl Dial | Waterproof Sapphire Glass | Nucleus Femme 02 TB8219L,"Elevate your everyday style with the TSAR BOMBA TB8219 Nucleus Femme 02, a masterpiece from the Acrylic Elemental Series. Specifically designed for women who value both elegance and modern engineering, this luxury timepiece combines high-end materials with Swiss precision.  **Key Features:**  **Swiss Precision Movement:** Powered by the reliable Swiss 763 quartz movement, ensuring accurate timekeeping with minimal maintenance.  **Exquisite Natural Shell Dial:** Each watch features a unique Mother of Pearl dial that captures light beautifully, making every piece one-of-a-kind.  **Premium Materials:** The watch is protected by a scratch-resistant Sapphire Crystal and housed in a lightweight, durable Acrylic case with a plastic titanium bezel for ultimate comfort.  **Supreme Comfort:** Equipped with a high-quality FKM Fluoro-rubber strap, which is skin-friendly, anti-oxidant, and perfect for all-day wear.  **Visibility & Durability:** Features AlphaLuminex (A-level Lume) for exceptional nighttime visibility and 3 ATM (30 meters) water resistance for daily splash protection.  Whether you are looking for a sophisticated accessory for business meetings or a stylish companion for daily life, the TSAR BOMBA TB8219 is the perfect blend of luxury, durability, and feminine aesthetics. Ideal as a premium gift for her.","""Barrel-shaped women's quartz watch"", ""Swiss movement"", ""Mother-of-pearl dial"", “Plastic titanium bezel”, ""316L stainless steel case"", ""Sapphire crystal"", ""30m water resistance"", ""A-grade lume"", ""Fluoro rubber strap"".",https://tsarbomba.com/products/tb8219?variant=46141823811840,https://cdn.shopify.com/s/files/1/0540/8145/4255/files/TB8219GY-1.png?v=1732697955,USD,299.99,new,Arab Gray,TSAR BOMBA WATCH Barrel Type,female,Products source-US3-Women's Watch,Nucleus Femme Series,0~500,35mm*39.5mm*11mm,Plastic Titanium,"https://cdn.shopify.com/s/files/1/0540/8145/4255/files/TB8219GY-3.png?v=1732697955,https://cdn.shopify.com/s/files/1/0540/8145/4255/files/TB8219GY-4.png?v=1732697955","General:Movement: Swiss Movement, General: Case Material:316L Stainless Steel, General: Bezel Material: Plastic Titanium, General:Crystal: Sapphire Crystal, General: Water Resistance:30m, General: Lume: A-Grade Luminous, General: Strap Material: Fluoro Rubber Strap.",Apparel & Accessories > Jewelry > Watches,in_stock,Quartz,717701173505,Women's Watches
113495,109230,Tsarbomba,43890233095,https://www.awin1.com/pclick.php?p=43890233095&a=3002879&m=109230,https://images2.productserve.com/?w=200&h=200&bg=white&trim=5&t=letterbox&url=ssl%3Acdn.shopify.com%2Fs%2Ffiles%2F1%2F0540%2F8145%2F4255%2Ffiles%2FTB8219LA-G1.png%3Fv%3D1733123284&feedId=113495&k=889c01bc662ea0cadd11f9c5f70985f2706873e8,https://images2.productserve.com/?w=70&h=70&bg=white&trim=5&t=letterbox&url=ssl%3Acdn.shopify.com%2Fs%2Ffiles%2F1%2F0540%2F8145%2F4255%2Ffiles%2FTB8219LA-G1.png%3Fv%3D1733123284&feedId=113495&k=889c01bc662ea0cadd11f9c5f70985f2706873e8,544,Men's Watches,,TSAR BOMBA WATCH,TB8219LA-01,Watches,TB8219LA-01,TSAR BOMBA Women's Quartz Watch | Arab Green | Swiss Movement Wristwatch | Cubic Zirconia Mother of Pearl Dial | Waterproof Sapphire Glass | Nucleus Femme 02 TB8219L,"Elevate your everyday style with the TSAR BOMBA TB8219 Nucleus Femme 02, a masterpiece from the Acrylic Elemental Series. Specifically designed for women who value both elegance and modern engineering, this luxury timepiece combines high-end materials with Swiss precision.  **Key Features:**  **Swiss Precision Movement:** Powered by the reliable Swiss 763 quartz movement, ensuring accurate timekeeping with minimal maintenance.  **Exquisite Natural Shell Dial:** Each watch features a unique Mother of Pearl dial that captures light beautifully, making every piece one-of-a-kind.  **Premium Materials:** The watch is protected by a scratch-resistant Sapphire Crystal and housed in a lightweight, durable Acrylic case with a plastic titanium bezel for ultimate comfort.  **Supreme Comfort:** Equipped with a high-quality FKM Fluoro-rubber strap, which is skin-friendly, anti-oxidant, and perfect for all-day wear.  **Visibility & Durability:** Features AlphaLuminex (A-level Lume) for exceptional nighttime visibility and 3 ATM (30 meters) water resistance for daily splash protection.  Whether you are looking for a sophisticated accessory for business meetings or a stylish companion for daily life, the TSAR BOMBA TB8219 is the perfect blend of luxury, durability, and feminine aesthetics. Ideal as a premium gift for her.","""Barrel-shaped women's quartz watch"", ""Swiss movement"", ""Mother-of-pearl dial"", “Plastic titanium bezel”, ""316L stainless steel case"", ""Sapphire crystal"", ""30m water resistance"", ""A-grade lume"", ""Fluoro rubber strap"".",https://tsarbomba.com/products/tb8219?variant=46144898498816,https://cdn.shopify.com/s/files/1/0540/8145/4255/files/TB8219LA-G1.png?v=1733123284,USD,299.99,new,Arab Green,TSAR BOMBA WATCH Barrel Type,female,Products source-US3-Women's Watch,Nucleus Femme Series,0~500,35mm*39.5mm*11mm,Plastic Titanium,"https://cdn.shopify.com/s/files/1/0540/8145/4255/files/TB8219LA-G2.png?v=1733123282,https://cdn.shopify.com/s/files/1/0540/8145/4255/files/TB8219LA-G3.png?v=1733123284","General:Movement: Swiss Movement, General: Case Material:316L Stainless Steel, General: Bezel Material: Plastic Titanium, General:Crystal: Sapphire Crystal, General: Water Resistance:30m, General: Lume: A-Grade Luminous, General: Strap Material: Fluoro Rubber Strap.",Apparel & Accessories > Jewelry > Watches,in_stock,Quartz,717701173499,Women's Watches
113495,109230,Tsarbomba,43890233096,https://www.awin1.com/pclick.php?p=43890233096&a=3002879&m=109230,https://images2.productserve.com/?w=200&h=200&bg=white&trim=5&t=letterbox&url=ssl%3Acdn.shopify.com%2Fs%2Ffiles%2F1%2F0540%2F8145%2F4255%2Ffiles%2FTB8219LA-W2.png%3Fv%3D1733123283&feedId=113495&k=42ce3c83ad6afa4512f2694ac722e2cc55674601,https://images2.productserve.com/?w=70&h=70&bg=white&trim=5&t=letterbox&url=ssl%3Acdn.shopify.com%2Fs%2Ffiles%2F1%2F0540%2F8145%2F4255%2Ffiles%2FTB8219LA-W2.png%3Fv%3D1733123283&feedId=113495&k=42ce3c83ad6afa4512f2694ac722e2cc55674601,544,Men's Watches,,TSAR BOMBA WATCH,TB8219LA-02,Watches,TB8219LA-02,TSAR BOMBA Women's Quartz Watch | Arab White | Swiss Movement Wristwatch | Cubic Zirconia Mother of Pearl Dial | Waterproof Sapphire Glass | Nucleus Femme 02 TB8219L,"Elevate your everyday style with the TSAR BOMBA TB8219 Nucleus Femme 02, a masterpiece from the Acrylic Elemental Series. Specifically designed for women who value both elegance and modern engineering, this luxury timepiece combines high-end materials with Swiss precision.  **Key Features:**  **Swiss Precision Movement:** Powered by the reliable Swiss 763 quartz movement, ensuring accurate timekeeping with minimal maintenance.  **Exquisite Natural Shell Dial:** Each watch features a unique Mother of Pearl dial that captures light beautifully, making every piece one-of-a-kind.  **Premium Materials:** The watch is protected by a scratch-resistant Sapphire Crystal and housed in a lightweight, durable Acrylic case with a plastic titanium bezel for ultimate comfort.  **Supreme Comfort:** Equipped with a high-quality FKM Fluoro-rubber strap, which is skin-friendly, anti-oxidant, and perfect for all-day wear.  **Visibility & Durability:** Features AlphaLuminex (A-level Lume) for exceptional nighttime visibility and 3 ATM (30 meters) water resistance for daily splash protection.  Whether you are looking for a sophisticated accessory for business meetings or a stylish companion for daily life, the TSAR BOMBA TB8219 is the perfect blend of luxury, durability, and feminine aesthetics. Ideal as a premium gift for her.","""Barrel-shaped women's quartz watch"", ""Swiss movement"", ""Mother-of-pearl dial"", “Plastic titanium bezel”, ""316L stainless steel case"", ""Sapphire crystal"", ""30m water resistance"", ""A-grade lume"", ""Fluoro rubber strap"".",https://tsarbomba.com/products/tb8219?variant=46144898531584,https://cdn.shopify.com/s/files/1/0540/8145/4255/files/TB8219LA-W2.png?v=1733123283,USD,299.99,new,Arab White,TSAR BOMBA WATCH Barrel Type,female,Products source-US3-Women's Watch,Nucleus Femme Series,0~500,35mm*39.5mm*11mm,Plastic Titanium,"https://cdn.shopify.com/s/files/1/0540/8145/4255/files/TB8219LA-W2.png?v=1733123283,https://cdn.shopify.com/s/files/1/0540/8145/4255/files/TB8219LA-W3.png?v=1733123284","General:Movement: Swiss Movement, General: Case Material:316L Stainless Steel, General: Bezel Material: Plastic Titanium, General:Crystal: Sapphire Crystal, General: Water Resistance:30m, General: Lume: A-Grade Luminous, General: Strap Material: Fluoro Rubber Strap.",Apparel & Accessories > Jewelry > Watches,in_stock,Quartz,717701173482,Women's Watches
113495,109230,Tsarbomba,43890233097,https://www.awin1.com/pclick.php?p=43890233097&a=3002879&m=109230,https://images2.productserve.com/?w=200&h=200&bg=white&trim=5&t=letterbox&url=ssl%3Acdn.shopify.com%2Fs%2Ffiles%2F1%2F0540%2F8145%2F4255%2Ffiles%2F8211Q_34a13ef0-cae5-43b9-9ebb-2307808525ac.png%3Fv%3D1724724279&feedId=113495&k=7e1b88d208f3ec773912650c05448bad4b704215,https://images2.productserve.com/?w=70&h=70&bg=white&trim=5&t=letterbox&url=ssl%3Acdn.shopify.com%2Fs%2Ffiles%2F1%2F0540%2F8145%2F4255%2Ffiles%2F8211Q_34a13ef0-cae5-43b9-9ebb-2307808525ac.png%3Fv%3D1724724279&feedId=113495&k=7e1b88d208f3ec773912650c05448bad4b704215,544,Men's Watches,,TSAR BOMBA WATCH,TB8211Q-01,Watches,TB8211Q-01,Men's Affordable Quartz Chronograph Watch | Silver Black | Tonneau Stainless Steel Case | Elemental TB8211Q | TSAR BOMBA,"Upgrade your style with the TSAR BOMBA TB8211Q, a premium men's quartz chronograph watch from Elementalal Series. Featuring a distinctive tonneau-shaped 316L stainless steel case and a durable sapphire crystal, this timepiece offers exceptional scratch resistance and a futuristic aesthetic. Powered by a high-precision Japanese Seiko TMI YM92 movement, it provides accurate timekeeping with a functional chronograph (stopwatch) and date display. The watch is equipped with a comfortable, high-grade FKM rubber strap (or silicone) and AlphaLuminex luminous hands for perfect nighttime visibility. With 5ATM (50 meters) water resistance, it is suitable for daily wear, rain, and light swimming. Whether for business or outdoor sports, the TSAR BOMBA TB8211Q makes a bold statement of luxury and performance. Perfect as a premium gift for men who appreciate sophisticated engineering and bold design.","""Barrel-shaped quartz chronograph"", ""YN92 movement"", ""316L steel"", ""Sapphire crystal"", ""50m water resistance"", ""A-grade lume"".",https://tsarbomba.com/products/tb8211q?variant=43263261442304,https://cdn.shopify.com/s/files/1/0540/8145/4255/files/8211Q_34a13ef0-cae5-43b9-9ebb-2307808525ac.png?v=1724724279,USD,249.99,new,Silver Black,TSAR BOMBA WATCH Barrel Type,male,Products source-US3-Men's Watch,Elemental Series,0~500,46mm*51.5mm*15mm,316L Stainless Steel,"https://cdn.shopify.com/s/files/1/0540/8145/4255/files/4_171539cf-3bbb-44f0-8f9c-2611afb2a677.jpg?v=1724725997,https://cdn.shopify.com/s/files/1/0540/8145/4255/files/1_fe4b96f2-99aa-4557-a889-7aa98973f5df.jpg?v=1724725997","General:Movement: Japanese YN92 Quartz Movement, General: Case Material:316L Stainless Steel, General:Crystal: Sapphire Crystal, General: Water Resistance:50m, General: Lume: A-Grade Luminous, General: Strap Material: Silicone Strap",Apparel & Accessories > Jewelry > Watches,in_stock,Quartz,762704078838,Men's Watches
113495,109230,Tsarbomba,43890233098,https://www.awin1.com/pclick.php?p=43890233098&a=3002879&m=109230,https://images2.productserve.com/?w=200&h=200&bg=white&trim=5&t=letterbox&url=ssl%3Acdn.shopify.com%2Fs%2Ffiles%2F1%2F0540%2F8145%2F4255%2Ffiles%2F8211Q_GBK-1.png%3Fv%3D1732270913&feedId=113495&k=aa0963743386178bd160fd109ba82a139beba7f4,https://images2.productserve.com/?w=70&h=70&bg=white&trim=5&t=letterbox&url=ssl%3Acdn.shopify.com%2Fs%2Ffiles%2F1%2F0540%2F8145%2F4255%2Ffiles%2F8211Q_GBK-1.png%3Fv%3D1732270913&feedId=113495&k=aa0963743386178bd160fd109ba82a139beba7f4,544,Men's Watches,,TSAR BOMBA WATCH,TB8211Q-05,Watches,TB8211Q-05,TSAR BOMBA Men's Luxury Quartz Chronograph Watch | Gold Black | Tonneau Stainless Steel Case | Sapphire Glass | 50M Waterproof Sport Wristwatch | Elemental TB8211Q,"TSAR BOMBA Elemental Series-Men's Chronograph Quartz Watch, Business Tonneau Case Timepiece with Waterproof Design for Modern and Active Men, Stylish barrel-shaped quartz chronograph watch with Japanese YN92 movement, 316L stainless steel case, sapphire crystal, 50m water resistance, A-grade lume, and silicone strap. Free shipping and free returns within 30 days.","""Barrel-shaped quartz chronograph"", ""YN92 movement"", ""316L steel"", ""Sapphire crystal"", ""50m water resistance"", ""A-grade lume"".",https://tsarbomba.com/products/tb8211q?variant=43263261540608,https://cdn.shopify.com/s/files/1/0540/8145/4255/files/8211Q_GBK-1.png?v=1732270913,USD,249.99,new,Gold Black,TSAR BOMBA WATCH Barrel Type,male,Products source-US3-Men's Watch,Elemental Series,0~500,46mm*51.5mm*15mm,316L Stainless Steel,"https://cdn.shopify.com/s/files/1/0540/8145/4255/files/8211.jpg?v=1724725997,https://cdn.shopify.com/s/files/1/0540/8145/4255/files/4_2c35a839-825f-4e72-bdaa-c0666a161526.jpg?v=1724725997","General:Movement: Japanese YN92 Quartz Movement, General: Case Material:316L Stainless Steel, General:Crystal: Sapphire Crystal, General: Water Resistance:50m, General: Lume: A-Grade Luminous, General: Strap Material: Silicone Strap",Apparel & Accessories > Jewelry > Watches,in_stock,Quartz,762704078852,Men's Watches
113495,109230,Tsarbomba,43890233099,https://www.awin1.com/pclick.php?p=43890233099&a=3002879&m=109230,https://images2.productserve.com/?w=200&h=200&bg=white&trim=5&t=letterbox&url=ssl%3Acdn.shopify.com%2Fs%2Ffiles%2F1%2F0540%2F8145%2F4255%2Ffiles%2F7_0fce9043-64dd-47ce-9daf-07f5a6025c01.png%3Fv%3D1753861917&feedId=113495&k=01fd271ab56973829d97bbe96425a73323cc8977,https://images2.productserve.com/?w=70&h=70&bg=white&trim=5&t=letterbox&url=ssl%3Acdn.shopify.com%2Fs%2Ffiles%2F1%2F0540%2F8145%2F4255%2Ffiles%2F7_0fce9043-64dd-47ce-9daf-07f5a6025c01.png%3Fv%3D1753861917&feedId=113495&k=01fd271ab56973829d97bbe96425a73323cc8977,544,Men's Watches,,TSAR BOMBA WATCH,TB8211Q-03,Watches,TB8211Q-03,TSAR BOMBA Men's Luxury Quartz Chronograph Watch | Silver Blue | Tonneau Stainless Steel Case | Sapphire Glass | 50M Waterproof Sport Wristwatch | Elemental TB8211Q,"TSAR BOMBA Elemental Series-Men's Chronograph Quartz Watch, Business Tonneau Case Timepiece with Waterproof Design for Modern and Active Men, Stylish barrel-shaped quartz chronograph watch with Japanese YN92 movement, 316L stainless steel case, sapphire crystal, 50m water resistance, A-grade lume, and silicone strap. Free shipping and free returns within 30 days.","""Barrel-shaped quartz chronograph"", ""YN92 movement"", ""316L steel"", ""Sapphire crystal"", ""50m water resistance"", ""A-grade lume"".",https://tsarbomba.com/products/tb8211q?variant=43263261573376,https://cdn.shopify.com/s/files/1/0540/8145/4255/files/7_0fce9043-64dd-47ce-9daf-07f5a6025c01.png?v=1753861917,USD,249.99,new,Sliver Blue,TSAR BOMBA WATCH Barrel Type,male,Products source-US3-Men's Watch,Elemental Series,0~500,46mm*51.5mm*15mm,316L Stainless Steel,"https://cdn.shopify.com/s/files/1/0540/8145/4255/files/8211_2.jpg?v=1724725997,https://cdn.shopify.com/s/files/1/0540/8145/4255/files/3_7cd12058-490a-431e-9d2c-28f2351493bb.jpg?v=1724725997","General:Movement: Japanese YN92 Quartz Movement, General: Case Material:316L Stainless Steel, General:Crystal: Sapphire Crystal, General: Water Resistance:50m, General: Lume: A-Grade Luminous, General: Strap Material: Silicone Strap",Apparel & Accessories > Jewelry > Watches,in_stock,Quartz,762704078869,Men's Watches
113495,109230,Tsarbomba,43890233100,https://www.awin1.com/pclick.php?p=43890233100&a=3002879&m=109230,https://images2.productserve.com/?w=200&h=200&bg=white&trim=5&t=letterbox&url=ssl%3Acdn.shopify.com%2Fs%2Ffiles%2F1%2F0540%2F8145%2F4255%2Ffiles%2Fc92259f41a03715e5f5069a8203a89b9_7d441cd8-84da-447a-abf1-6df4a755b841.png%3Fv%3D1730516057&feedId=113495&k=1c63d59f6d80949a8b20a6e0816fe6f7e256ed2d,https://images2.productserve.com/?w=70&h=70&bg=white&trim=5&t=letterbox&url=ssl%3Acdn.shopify.com%2Fs%2Ffiles%2F1%2F0540%2F8145%2F4255%2Ffiles%2Fc92259f41a03715e5f5069a8203a89b9_7d441cd8-84da-447a-abf1-6df4a755b841.png%3Fv%3D1730516057&feedId=113495&k=1c63d59f6d80949a8b20a6e0816fe6f7e256ed2d,544,Men's Watches,,TSAR BOMBA WATCH,TB8211Q-04,Watches,TB8211Q-04,TSAR BOMBA Men's Luxury Quartz Chronograph Watch | Black | Tonneau Stainless Steel Case | Sapphire Glass | 50M Waterproof Sport Wristwatch | Elemental TB8211Q,"TSAR BOMBA Elemental Series-Men's Chronograph Quartz Watch, Business Tonneau Case Timepiece with Waterproof Design for Modern and Active Men, Stylish barrel-shaped quartz chronograph watch with Japanese YN92 movement, 316L stainless steel case, sapphire crystal, 50m water resistance, A-grade lume, and silicone strap. Free shipping and free returns within 30 days.","""Barrel-shaped quartz chronograph"", ""YN92 movement"", ""316L steel"", ""Sapphire crystal"", ""50m water resistance"", ""A-grade lume"".",https://tsarbomba.com/products/tb8211q?variant=43263261507840,https://cdn.shopify.com/s/files/1/0540/8145/4255/files/c92259f41a03715e5f5069a8203a89b9_7d441cd8-84da-447a-abf1-6df4a755b841.png?v=1730516057,USD,249.99,new,Black,TSAR BOMBA WATCH Barrel Type,male,Products source-US3-Men's Watch,Elemental Series,0~500,46mm*51.5mm*15mm,316L Stainless Steel,"https://cdn.shopify.com/s/files/1/0540/8145/4255/files/8211_3.jpg?v=1724725997,https://cdn.shopify.com/s/files/1/0540/8145/4255/files/5_3c268964-f544-45cd-a3fa-b7559a19da28.jpg?v=1724725997,https://cdn.shopify.com/s/files/1/0540/8145/4255/files/10_61394d2a-c149-43c3-bd85-650b89e8e2da.png?v=1753861917","General:Movement: Japanese YN92 Quartz Movement, General: Case Material:316L Stainless Steel, General:Crystal: Sapphire Crystal, General: Water Resistance:50m, General: Lume: A-Grade Luminous, General: Strap Material: Silicone Strap",Apparel & Accessories > Jewelry > Watches,in_stock,Quartz,762704078845,Men's Watches
113495,109230,Tsarbomba,43890233101,https://www.awin1.com/pclick.php?p=43890233101&a=3002879&m=109230,https://images2.productserve.com/?w=200&h=200&bg=white&trim=5&t=letterbox&url=ssl%3Acdn.shopify.com%2Fs%2Ffiles%2F1%2F0540%2F8145%2F4255%2Ffiles%2F5bc9b171dab2a1c1cb352dcd17f2b80d_f9292b17-5883-4d32-abe2-a614517b9e7d.png%3Fv%3D1730516058&feedId=113495&k=009228fc684fbb6b209ebb5444bde9bd64e65315,https://images2.productserve.com/?w=70&h=70&bg=white&trim=5&t=letterbox&url=ssl%3Acdn.shopify.com%2Fs%2Ffiles%2F1%2F0540%2F8145%2F4255%2Ffiles%2F5bc9b171dab2a1c1cb352dcd17f2b80d_f9292b17-5883-4d32-abe2-a614517b9e7d.png%3Fv%3D1730516058&feedId=113495&k=009228fc684fbb6b209ebb5444bde9bd64e65315,544,Men's Watches,,TSAR BOMBA WATCH,TB8211Q-02,Watches,TB8211Q-02,TSAR BOMBA Men's Luxury Quartz Chronograph Watch | Silver Orange | Tonneau Stainless Steel Case | Sapphire Glass | 50M Waterproof Sport Wristwatch | Elemental TB8211Q,"TSAR BOMBA Elemental Series-Men's Chronograph Quartz Watch, Business Tonneau Case Timepiece with Waterproof Design for Modern and Active Men, Stylish barrel-shaped quartz chronograph watch with Japanese YN92 movement, 316L stainless steel case, sapphire crystal, 50m water resistance, A-grade lume, and silicone strap. Free shipping and free returns within 30 days.","""Barrel-shaped quartz chronograph"", ""YN92 movement"", ""316L steel"", ""Sapphire crystal"", ""50m water resistance"", ""A-grade lume"".",https://tsarbomba.com/products/tb8211q?variant=43263261606144,https://cdn.shopify.com/s/files/1/0540/8145/4255/files/5bc9b171dab2a1c1cb352dcd17f2b80d_f9292b17-5883-4d32-abe2-a614517b9e7d.png?v=1730516058,USD,249.99,new,Silver Orange,TSAR BOMBA WATCH Barrel Type,male,Products source-US3-Men's Watch,Elemental Series,0~500,46mm*51.5mm*15mm,316L Stainless Steel,"https://cdn.shopify.com/s/files/1/0540/8145/4255/files/2_4f433583-2f9c-44dc-8834-f74fd2a8d7a5.jpg?v=1724725997,https://cdn.shopify.com/s/files/1/0540/8145/4255/files/14_fedeb75c-5a6e-47f0-a97a-16a290d91488.jpg?v=1724725997","General:Movement: Japanese YN92 Quartz Movement, General: Case Material:316L Stainless Steel, General:Crystal: Sapphire Crystal, General: Water Resistance:50m, General: Lume: A-Grade Luminous, General: Strap Material: Silicone Strap",Apparel & Accessories > Jewelry > Watches,in_stock,Quartz,762704078876,Men's Watches
113495,109230,Tsarbomba,43890233102,https://www.awin1.com/pclick.php?p=43890233102&a=3002879&m=109230,https://images2.productserve.com/?w=200&h=200&bg=white&trim=5&t=letterbox&url=ssl%3Acdn.shopify.com%2Fs%2Ffiles%2F1%2F0540%2F8145%2F4255%2Ffiles%2F7c642409c56ee964686801b72f66f398.png%3Fv%3D1730516058&feedId=113495&k=0397f98f1eb967f6e5626ed6707115e282fa02ea,https://images2.productserve.com/?w=70&h=70&bg=white&trim=5&t=letterbox&url=ssl%3Acdn.shopify.com%2Fs%2Ffiles%2F1%2F0540%2F8145%2F4255%2Ffiles%2F7c642409c56ee964686801b72f66f398.png%3Fv%3D1730516058&feedId=113495&k=0397f98f1eb967f6e5626ed6707115e282fa02ea,544,Men's Watches,,TSAR BOMBA WATCH,TB8211Q-06,Watches,TB8211Q-06,TSAR BOMBA Men's Luxury Quartz Chronograph Watch | Silver Yellow | Tonneau Stainless Steel Case | Sapphire Glass | 50M Waterproof Sport Wristwatch | Elemental TB8211Q,"TSAR BOMBA Elemental Series-Men's Chronograph Quartz Watch, Business Tonneau Case Timepiece with Waterproof Design for Modern and Active Men, Stylish barrel-shaped quartz chronograph watch with Japanese YN92 movement, 316L stainless steel case, sapphire crystal, 50m water resistance, A-grade lume, and silicone strap. Free shipping and free returns within 30 days.","""Barrel-shaped quartz chronograph"", ""YN92 movement"", ""316L steel"", ""Sapphire crystal"", ""50m water resistance"", ""A-grade lume"".",https://tsarbomba.com/products/tb8211q?variant=43263261638912,https://cdn.shopify.com/s/files/1/0540/8145/4255/files/7c642409c56ee964686801b72f66f398.png?v=1730516058,USD,249.99,new,Silver Yellow,TSAR BOMBA WATCH Barrel Type,male,Products source-US3-Men's Watch,Elemental Series,0~500,46mm*51.5mm*15mm,316L Stainless Steel,"https://cdn.shopify.com/s/files/1/0540/8145/4255/files/6_da0af345-6b6e-4e9f-b698-2a15e20b4980.jpg?v=1724725997,https://cdn.shopify.com/s/files/1/0540/8145/4255/files/18_e0dbebe1-6dc2-4457-8270-89c393d23ded.jpg?v=1724725997","General:Movement: Japanese YN92 Quartz Movement, General: Case Material:316L Stainless Steel, General:Crystal: Sapphire Crystal, General: Water Resistance:50m, General: Lume: A-Grade Luminous, General: Strap Material: Silicone Strap",Apparel & Accessories > Jewelry > Watches,in_stock,Quartz,762704078883,Men's Watches
113495,109230,Tsarbomba,43890233103,https://www.awin1.com/pclick.php?p=43890233103&a=3002879&m=109230,https://images2.productserve.com/?w=200&h=200&bg=white&trim=5&t=letterbox&url=ssl%3Acdn.shopify.com%2Fs%2Ffiles%2F1%2F0540%2F8145%2F4255%2Ffiles%2F8218CF.png%3Fv%3D1732680616&feedId=113495&k=418e31460c69db39dbd4653f222438e821f0ccc4,https://images2.productserve.com/?w=70&h=70&bg=white&trim=5&t=letterbox&url=ssl%3Acdn.shopify.com%2Fs%2Ffiles%2F1%2F0540%2F8145%2F4255%2Ffiles%2F8218CF.png%3Fv%3D1732680616&feedId=113495&k=418e31460c69db39dbd4653f222438e821f0ccc4,544,Men's Watches,,TSAR BOMBA WATCH,TB8218SCM,Watches,TB8218SCM,TSAR BOMBA Men's Full Carbon Fiber Automatic Watch | Black | Skeleton Dial | Interchangeable Bezel & Strap | 10ATM Waterproof Luxury Sport Timepiece | Atomic TB8218,"Experience the pinnacle of horological innovation with the TSAR BOMBA TB8218CF from Atomic Series. This high-performance men's automatic watch is crafted from aerospace-grade full carbon fiber, making it 5x stronger than steel yet incredibly lightweight. Powered by the legendary Japanese Citizen Miyota 82S0 automatic movement, it features a stunning skeletonized dial that offers a direct view into the mechanical heart of the timepiece.  A standout feature is the patented Quick-Release interchangeable system, allowing you to swap bezels, crowns, and straps in under 30 seconds to match your style. The watch is protected by a scratch-resistant sapphire crystal with anti-reflective coating and is waterproof up to 10ATM (100 meters), making it perfect for swimming and daily adventures. Equipped with a premium FKM fluoro-rubber strap for ultimate comfort and A-Level Super Luminous hands for low-light visibility. The TB8218CF is more than a watch; it's a statement of luxury, durability, and futuristic design.","""Barrel-shaped Interchangeable automatic watch"", ""Japanese movement"", ""Carbon fiber case"", “Carbon fiber bezel”, ""Sapphire crystal"", ""100m water resistance"", ""A-grade lume"", ""Fluoro rubber strap"".",https://tsarbomba.com/products/tb8218cf,https://cdn.shopify.com/s/files/1/0540/8145/4255/files/8218CF.png?v=1732680616,USD,2399.99,new,Black,TSAR BOMBA WATCH Barrel Type,male,Products source-US3-Men's Watch,Atomic Series,2000~,45mm*50.4mm*13.55mm,Carbon Fiber,"https://cdn.shopify.com/s/files/1/0540/8145/4255/files/Atomic-Carbon_Fiber_Interchangeable_Automatic_Watch_Box-4.jpg?v=1723627531,https://cdn.shopify.com/s/files/1/0540/8145/4255/files/Atomic-Carbon_Fiber_Interchangeable_Automatic_Watch_Box-7.jpg?v=1723628057","General:Movement: Japanese Movement, General: Case Material: Carbon Fiber, General: Bezel Material: Carbon Fiber, General:Crystal: Sapphire Crystal, General: Water Resistance:100m, General: Lume: A-Grade Luminous, General: Strap Material: Fluoro Rubber.",Apparel & Accessories > Jewelry > Watches,in_stock,Automatic,717020806702,Men's Watches
113495,109230,Tsarbomba,43890233104,https://www.awin1.com/pclick.php?p=43890233104&a=3002879&m=109230,https://images2.productserve.com/?w=200&h=200&bg=white&trim=5&t=letterbox&url=ssl%3Acdn.shopify.com%2Fs%2Ffiles%2F1%2F0540%2F8145%2F4255%2Ffiles%2F8204Q-Silver_Black2.png%3Fv%3D1752222871&feedId=113495&k=9359fdd581d2ccc311d8e9facd3bd44401748275,https://images2.productserve.com/?w=70&h=70&bg=white&trim=5&t=letterbox&url=ssl%3Acdn.shopify.com%2Fs%2Ffiles%2F1%2F0540%2F8145%2F4255%2Ffiles%2F8204Q-Silver_Black2.png%3Fv%3D1752222871&feedId=113495&k=9359fdd581d2ccc311d8e9facd3bd44401748275,544,Men's Watches,,TSAR BOMBA WATCH,TB8204Q-31,Watches,TB8204Q-31,Men's Quartz Tonneau Watch | Silver Black Chronograph Watch | Square Sports Watch | Elemental TB8204Q | TSAR BOMBA,"Discover the TSAR BOMBA TB8204Q Elemental-Calendar series, where modern sports style meets precision engineering. This luxury men's watch features a distinctive tonneau-shaped 316L stainless steel case and a clear date calendar display. Powered by a reliable Japanese Seiko movement, it is protected by scratch-resistant sapphire crystal for ultimate durability. With its ergonomic silicone strap and 50M (5ATM) water resistance, this timepiece is designed for both urban elegance and active lifestyles. A perfect fusion of bold aesthetics and everyday functionality.","""Barrel-shaped quartz chronograph"", ""VK67 movement"", ""316L steel"", ""Sapphire crystal"", ""50m water resistance"", ""A-grade lume"".",https://tsarbomba.com/products/tsarbomba8204q1?variant=40899441655983,https://cdn.shopify.com/s/files/1/0540/8145/4255/files/8204Q-Silver_Black2.png?v=1752222871,USD,219.99,new,Silver Black,TSAR BOMBA WATCH Barrel Type,male,Products source-US3-Men's Watch,Elemental Series,0~500,43mm*50.5mm*14mm,316L Stainless Steel,"https://cdn.shopify.com/s/files/1/0540/8145/4255/files/4_f5287239-f41c-41d3-b140-eff6d15dd0e9.jpg?v=1724725333,https://cdn.shopify.com/s/files/1/0540/8145/4255/files/8204Q-SBK-1.jpg?v=1721201192,https://cdn.shopify.com/s/files/1/0540/8145/4255/files/8204Q_8e219a74-f00f-4f39-bd35-49f30a73341b.png?v=1724725312","General:Movement: Japanese VK67 Quartz Movement, General: Case Material:316L Stainless Steel, General:Crystal: Sapphire Crystal, General: Water Resistance:50m, General: Lume: A-Grade Luminous, General: Strap Material: Silicone Strap",Apparel & Accessories > Jewelry > Watches,in_stock,Quartz,762704078562,Men's Watches
113495,109230,Tsarbomba,43890233105,https://www.awin1.com/pclick.php?p=43890233105&a=3002879&m=109230,https://images2.productserve.com/?w=200&h=200&bg=white&trim=5&t=letterbox&url=ssl%3Acdn.shopify.com%2Fs%2Ffiles%2F1%2F0540%2F8145%2F4255%2Ffiles%2F8204Q-Light_Blue2.png%3Fv%3D1752829877&feedId=113495&k=a78ab16ee3b491d596db09d3ac1ead6b32344d52,https://images2.productserve.com/?w=70&h=70&bg=white&trim=5&t=letterbox&url=ssl%3Acdn.shopify.com%2Fs%2Ffiles%2F1%2F0540%2F8145%2F4255%2Ffiles%2F8204Q-Light_Blue2.png%3Fv%3D1752829877&feedId=113495&k=a78ab16ee3b491d596db09d3ac1ead6b32344d52,544,Men's Watches,,TSAR BOMBA WATCH,TB8204Q-36,Watches,TB8204Q-36,TSAR BOMBA Men's Affordable Luxury Quartz Watch | Elite Blue | Tonneau Case | Seiko Quartz Movement | 5ATM Waterproof Silicone Strap | Elemental TB8204Q,"Discover the TSAR BOMBA TB8204Q Elemental-Calendar series, where modern sports style meets precision engineering. This luxury men's watch features a distinctive tonneau-shaped 316L stainless steel case and a clear date calendar display. Powered by a reliable Japanese Seiko movement, it is protected by scratch-resistant sapphire crystal for ultimate durability. With its ergonomic silicone strap and 50M (5ATM) water resistance, this timepiece is designed for both urban elegance and active lifestyles. A perfect fusion of bold aesthetics and everyday functionality.","""Barrel-shaped quartz chronograph"", ""VK67 movement"", ""316L steel"", ""Sapphire crystal"", ""50m water resistance"", ""A-grade lume"".",https://tsarbomba.com/products/tsarbomba8204q1?variant=43777237876992,https://cdn.shopify.com/s/files/1/0540/8145/4255/files/8204Q-Light_Blue2.png?v=1752829877,USD,219.99,new,Elite Blue,TSAR BOMBA WATCH Barrel Type,male,Products source-US3-Men's Watch,Elemental Series,0~500,43mm*50.5mm*14mm,316L Stainless Steel,"https://cdn.shopify.com/s/files/1/0540/8145/4255/files/64.jpg?v=1724725333,https://cdn.shopify.com/s/files/1/0540/8145/4255/files/60_6baba1a3-ddef-4426-ae4b-818b34408135.jpg?v=1724725333","General:Movement: Japanese VK67 Quartz Movement, General: Case Material:316L Stainless Steel, General:Crystal: Sapphire Crystal, General: Water Resistance:50m, General: Lume: A-Grade Luminous, General: Strap Material: Silicone Strap",Apparel & Accessories > Jewelry > Watches,in_stock,Quartz,762704078609,Men's Watches
113495,109230,Tsarbomba,43890233106,https://www.awin1.com/pclick.php?p=43890233106&a=3002879&m=109230,https://images2.productserve.com/?w=200&h=200&bg=white&trim=5&t=letterbox&url=ssl%3Acdn.shopify.com%2Fs%2Ffiles%2F1%2F0540%2F8145%2F4255%2Ffiles%2F8204Q-Silver_Blue2.png%3Fv%3D1752829877&feedId=113495&k=ec9a43bea003f5644b17f75c92761f6c97f0fa2a,https://images2.productserve.com/?w=70&h=70&bg=white&trim=5&t=letterbox&url=ssl%3Acdn.shopify.com%2Fs%2Ffiles%2F1%2F0540%2F8145%2F4255%2Ffiles%2F8204Q-Silver_Blue2.png%3Fv%3D1752829877&feedId=113495&k=ec9a43bea003f5644b17f75c92761f6c97f0fa2a,544,Men's Watches,,TSAR BOMBA WATCH,TB8204Q-14,Watches,TB8204Q-14,TSAR BOMBA Men's Affordable Luxury Quartz Watch | Silver Blue | Tonneau Case | Seiko Quartz Movement | 5ATM Waterproof Silicone Strap | Elemental TB8204Q,"Discover the TSAR BOMBA TB8204Q Elemental-Calendar series, where modern sports style meets precision engineering. This luxury men's watch features a distinctive tonneau-shaped 316L stainless steel case and a clear date calendar display. Powered by a reliable Japanese Seiko movement, it is protected by scratch-resistant sapphire crystal for ultimate durability. With its ergonomic silicone strap and 50M (5ATM) water resistance, this timepiece is designed for both urban elegance and active lifestyles. A perfect fusion of bold aesthetics and everyday functionality.","""Barrel-shaped quartz chronograph"", ""VK67 movement"", ""316L steel"", ""Sapphire crystal"", ""50m water resistance"", ""A-grade lume"".",https://tsarbomba.com/products/tsarbomba8204q1?variant=40899441590447,https://cdn.shopify.com/s/files/1/0540/8145/4255/files/8204Q-Silver_Blue2.png?v=1752829877,USD,219.99,new,Silver Blue,TSAR BOMBA WATCH Barrel Type,male,Products source-US3-Men's Watch,Elemental Series,0~500,43mm*50.5mm*15.5mm,316L Stainless Steel,"https://cdn.shopify.com/s/files/1/0540/8145/4255/files/8204_8af42317-273d-4e58-995d-a466042e4b09.jpg?v=1724725333,https://cdn.shopify.com/s/files/1/0540/8145/4255/files/8204Q-SBL-2.jpg?v=1721201192,https://cdn.shopify.com/s/files/1/0540/8145/4255/files/10_67c5dd4c-3faa-4852-baae-805bd8c372d7.png?v=1729565303","General:Movement: Japanese VK67 Quartz Movement, General: Case Material:316L Stainless Steel, General:Crystal: Sapphire Crystal, General: Water Resistance:50m, General: Lume: A-Grade Luminous, General: Strap Material: Silicone Strap",Apparel & Accessories > Jewelry > Watches,in_stock,Quartz,717298579766,Men's Watches
113495,109230,Tsarbomba,43890233107,https://www.awin1.com/pclick.php?p=43890233107&a=3002879&m=109230,https://images2.productserve.com/?w=200&h=200&bg=white&trim=5&t=letterbox&url=ssl%3Acdn.shopify.com%2Fs%2Ffiles%2F1%2F0540%2F8145%2F4255%2Ffiles%2F9_c9ad9715-38b7-4c3c-bf79-00ccb598b697.png%3Fv%3D1729565302&feedId=113495&k=51e800314290f2bc43682ed1304639f6a88d36fd,https://images2.productserve.com/?w=70&h=70&bg=white&trim=5&t=letterbox&url=ssl%3Acdn.shopify.com%2Fs%2Ffiles%2F1%2F0540%2F8145%2F4255%2Ffiles%2F9_c9ad9715-38b7-4c3c-bf79-00ccb598b697.png%3Fv%3D1729565302&feedId=113495&k=51e800314290f2bc43682ed1304639f6a88d36fd,544,Men's Watches,,TSAR BOMBA WATCH,TB8204Q-33,Watches,TB8204Q-33,TSAR BOMBA Men's Affordable Luxury Quartz Watch | Silver Red | Tonneau Case | Seiko Quartz Movement | 5ATM Waterproof Silicone Strap | Elemental TB8204Q,"Discover the TSAR BOMBA TB8204Q Elemental-Calendar series, where modern sports style meets precision engineering. This luxury men's watch features a distinctive tonneau-shaped 316L stainless steel case and a clear date calendar display. Powered by a reliable Japanese Seiko movement, it is protected by scratch-resistant sapphire crystal for ultimate durability. With its ergonomic silicone strap and 50M (5ATM) water resistance, this timepiece is designed for both urban elegance and active lifestyles. A perfect fusion of bold aesthetics and everyday functionality.","""Barrel-shaped quartz chronograph"", ""VK67 movement"", ""316L steel"", ""Sapphire crystal"", ""50m water resistance"", ""A-grade lume"".",https://tsarbomba.com/products/tsarbomba8204q1?variant=40899441623215,https://cdn.shopify.com/s/files/1/0540/8145/4255/files/9_c9ad9715-38b7-4c3c-bf79-00ccb598b697.png?v=1729565302,USD,219.99,new,Silver Red,TSAR BOMBA WATCH Barrel Type,male,Products source-US3-Men's Watch,Elemental Series,0~500,43mm*50.5mm*14mm,316L Stainless Steel,"https://cdn.shopify.com/s/files/1/0540/8145/4255/files/11_e8c6a6d5-53d4-4a3e-9f08-863bdc04c01a.jpg?v=1724725333,https://cdn.shopify.com/s/files/1/0540/8145/4255/files/8204Q-SR-2.jpg?v=1721201192","General:Movement: Japanese VK67 Quartz Movement, General: Case Material:316L Stainless Steel, General:Crystal: Sapphire Crystal, General: Water Resistance:50m, General: Lume: A-Grade Luminous, General: Strap Material: Silicone Strap",Apparel & Accessories > Jewelry > Watches,in_stock,Quartz,762704078586,Men's Watches
113495,109230,Tsarbomba,43890233108,https://www.awin1.com/pclick.php?p=43890233108&a=3002879&m=109230,https://images2.productserve.com/?w=200&h=200&bg=white&trim=5&t=letterbox&url=ssl%3Acdn.shopify.com%2Fs%2Ffiles%2F1%2F0540%2F8145%2F4255%2Ffiles%2F6_a002fb59-e406-41e4-9373-8163ce4a8483.png%3Fv%3D1729565302&feedId=113495&k=2ee768f8e983ff128dbd9bc22109d89797e1ab33,https://images2.productserve.com/?w=70&h=70&bg=white&trim=5&t=letterbox&url=ssl%3Acdn.shopify.com%2Fs%2Ffiles%2F1%2F0540%2F8145%2F4255%2Ffiles%2F6_a002fb59-e406-41e4-9373-8163ce4a8483.png%3Fv%3D1729565302&feedId=113495&k=2ee768f8e983ff128dbd9bc22109d89797e1ab33,544,Men's Watches,,TSAR BOMBA WATCH,TB8204Q-35,Watches,TB8204Q-35,TSAR BOMBA Men's Affordable Luxury Quartz Watch | Golden Black | Tonneau Case | Seiko Quartz Movement | 5ATM Waterproof Silicone Strap | Elemental TB8204Q,"Discover the TSAR BOMBA TB8204Q Elemental-Calendar series, where modern sports style meets precision engineering. This luxury men's watch features a distinctive tonneau-shaped 316L stainless steel case and a clear date calendar display. Powered by a reliable Japanese Seiko movement, it is protected by scratch-resistant sapphire crystal for ultimate durability. With its ergonomic silicone strap and 50M (5ATM) water resistance, this timepiece is designed for both urban elegance and active lifestyles. A perfect fusion of bold aesthetics and everyday functionality.","""Barrel-shaped quartz chronograph"", ""VK67 movement"", ""316L steel"", ""Sapphire crystal"", ""50m water resistance"", ""A-grade lume"".",https://tsarbomba.com/products/tsarbomba8204q1?variant=40899441918127,https://cdn.shopify.com/s/files/1/0540/8145/4255/files/6_a002fb59-e406-41e4-9373-8163ce4a8483.png?v=1729565302,USD,219.99,new,Golden Black,TSAR BOMBA WATCH Barrel Type,male,Products source-US3-Men's Watch,Elemental Series,0~500,43mm*50.5mm*14mm,316L Stainless Steel,"https://cdn.shopify.com/s/files/1/0540/8145/4255/files/14_ddf18dc8-a9f0-4232-b9b9-1f3ab7cf3bf8.jpg?v=1724725333,https://cdn.shopify.com/s/files/1/0540/8145/4255/files/8204Q-GBK-2.jpg?v=1721201192","General:Movement: Japanese VK67 Quartz Movement, General: Case Material:316L Stainless Steel, General:Crystal: Sapphire Crystal, General: Water Resistance:50m, General: Lume: A-Grade Luminous, General: Strap Material: Silicone Strap",Apparel & Accessories > Jewelry > Watches,in_stock,Quartz,762704078593,Men's Watches
113495,109230,Tsarbomba,43890233109,https://www.awin1.com/pclick.php?p=43890233109&a=3002879&m=109230,https://images2.productserve.com/?w=200&h=200&bg=white&trim=5&t=letterbox&url=ssl%3Acdn.shopify.com%2Fs%2Ffiles%2F1%2F0540%2F8145%2F4255%2Ffiles%2F7_2445524c-a990-45c4-ab76-fd6fe70c0f7a.png%3Fv%3D1729565303&feedId=113495&k=0bed040108bf9aa518a2f6f4a85871eb0bbe8671,https://images2.productserve.com/?w=70&h=70&bg=white&trim=5&t=letterbox&url=ssl%3Acdn.shopify.com%2Fs%2Ffiles%2F1%2F0540%2F8145%2F4255%2Ffiles%2F7_2445524c-a990-45c4-ab76-fd6fe70c0f7a.png%3Fv%3D1729565303&feedId=113495&k=0bed040108bf9aa518a2f6f4a85871eb0bbe8671,544,Men's Watches,,TSAR BOMBA WATCH,TB8204Q-05,Watches,TB8204Q-05,TSAR BOMBA Men's Affordable Luxury Quartz Watch | Silver Black | Tonneau Case | Seiko Quartz Movement | 5ATM Waterproof Silicone Strap | Elemental TB8204Q,"Discover the TSAR BOMBA TB8204Q Elemental-Calendar series, where modern sports style meets precision engineering. This luxury men's watch features a distinctive tonneau-shaped 316L stainless steel case and a clear date calendar display. Powered by a reliable Japanese Seiko movement, it is protected by scratch-resistant sapphire crystal for ultimate durability. With its ergonomic silicone strap and 50M (5ATM) water resistance, this timepiece is designed for both urban elegance and active lifestyles. A perfect fusion of bold aesthetics and everyday functionality.","""Barrel-shaped quartz chronograph"", ""VK67 movement"", ""316L steel"", ""Sapphire crystal"", ""50m water resistance"", ""A-grade lume"".",https://tsarbomba.com/products/tsarbomba8204q1?variant=40899441885359,https://cdn.shopify.com/s/files/1/0540/8145/4255/files/7_2445524c-a990-45c4-ab76-fd6fe70c0f7a.png?v=1729565303,USD,219.99,new,Golden Blue,TSAR BOMBA WATCH Barrel Type,male,Products source-US3-Men's Watch,Elemental Series,0~500,43mm*50.5mm*15.5mm,316L Stainless Steel,"https://cdn.shopify.com/s/files/1/0540/8145/4255/files/22_bc700677-9e0c-447c-b42e-9f91e27c1281.jpg?v=1724725333,https://cdn.shopify.com/s/files/1/0540/8145/4255/files/19_97b9733b-0383-4af7-bb2d-3895c0e0bf76.jpg?v=1724725333","General:Movement: Japanese VK67 Quartz Movement, General: Case Material:316L Stainless Steel, General:Crystal: Sapphire Crystal, General: Water Resistance:50m, General: Lume: A-Grade Luminous, General: Strap Material: Silicone Strap",Apparel & Accessories > Jewelry > Watches,in_stock,Quartz,762704078531,Men's Watches
113495,109230,Tsarbomba,43890233110,https://www.awin1.com/pclick.php?p=43890233110&a=3002879&m=109230,https://images2.productserve.com/?w=200&h=200&bg=white&trim=5&t=letterbox&url=ssl%3Acdn.shopify.com%2Fs%2Ffiles%2F1%2F0540%2F8145%2F4255%2Ffiles%2F2_f1d6dd78-9f48-40f7-8455-3c3318b7f1bb.png%3Fv%3D1729565303&feedId=113495&k=c1945cd2ae7afbfdd494cfe553fe711419ecdc98,https://images2.productserve.com/?w=70&h=70&bg=white&trim=5&t=letterbox&url=ssl%3Acdn.shopify.com%2Fs%2Ffiles%2F1%2F0540%2F8145%2F4255%2Ffiles%2F2_f1d6dd78-9f48-40f7-8455-3c3318b7f1bb.png%3Fv%3D1729565303&feedId=113495&k=c1945cd2ae7afbfdd494cfe553fe711419ecdc98,544,Men's Watches,,TSAR BOMBA WATCH,TB8204Q-12,Watches,TB8204Q-12,TSAR BOMBA Men's Affordable Luxury Quartz Watch | Black Orange | Tonneau Case | Seiko Quartz Movement | 5ATM Waterproof Silicone Strap | Elemental TB8204Q,"Discover the TSAR BOMBA TB8204Q Elemental-Calendar series, where modern sports style meets precision engineering. This luxury men's watch features a distinctive tonneau-shaped 316L stainless steel case and a clear date calendar display. Powered by a reliable Japanese Seiko movement, it is protected by scratch-resistant sapphire crystal for ultimate durability. With its ergonomic silicone strap and 50M (5ATM) water resistance, this timepiece is designed for both urban elegance and active lifestyles. A perfect fusion of bold aesthetics and everyday functionality.","""Barrel-shaped quartz chronograph"", ""VK67 movement"", ""316L steel"", ""Sapphire crystal"", ""50m water resistance"", ""A-grade lume"".",https://tsarbomba.com/products/tsarbomba8204q1?variant=40899441721519,https://cdn.shopify.com/s/files/1/0540/8145/4255/files/2_f1d6dd78-9f48-40f7-8455-3c3318b7f1bb.png?v=1729565303,USD,219.99,new,Black Orange,TSAR BOMBA WATCH Barrel Type,male,Products source-US3-Men's Watch,Elemental Series,0~500,43mm*50.5mm*15.5mm,316L Stainless Steel,"https://cdn.shopify.com/s/files/1/0540/8145/4255/files/26_30aa45a0-64f2-44b3-b64a-6a7efe92d495.jpg?v=1724725333,https://cdn.shopify.com/s/files/1/0540/8145/4255/files/24_3cc62930-1454-4d63-b916-d3a1b8c2ac9e.jpg?v=1724725333","General:Movement: Japanese VK67 Quartz Movement, General: Case Material:316L Stainless Steel, General:Crystal: Sapphire Crystal, General: Water Resistance:50m, General: Lume: A-Grade Luminous, General: Strap Material: Silicone Strap",Apparel & Accessories > Jewelry > Watches,in_stock,Quartz,717020927568,Men's Watches
113495,109230,Tsarbomba,43890233111,https://www.awin1.com/pclick.php?p=43890233111&a=3002879&m=109230,https://images2.productserve.com/?w=200&h=200&bg=white&trim=5&t=letterbox&url=ssl%3Acdn.shopify.com%2Fs%2Ffiles%2F1%2F0540%2F8145%2F4255%2Ffiles%2F8_d9da19f8-570c-4b04-89d2-31e400d0e7b9.png%3Fv%3D1729565303&feedId=113495&k=c6f626ade3793cfec7fcf5dbcfd72312424c964d,https://images2.productserve.com/?w=70&h=70&bg=white&trim=5&t=letterbox&url=ssl%3Acdn.shopify.com%2Fs%2Ffiles%2F1%2F0540%2F8145%2F4255%2Ffiles%2F8_d9da19f8-570c-4b04-89d2-31e400d0e7b9.png%3Fv%3D1729565303&feedId=113495&k=c6f626ade3793cfec7fcf5dbcfd72312424c964d,544,Men's Watches,,TSAR BOMBA WATCH,TB8204Q-11,Watches,TB8204Q-11,TSAR BOMBA Men's Affordable Luxury Quartz Watch | Silver Orange | Tonneau Case | Seiko Quartz Movement | 5ATM Waterproof Silicone Strap | Elemental TB8204Q,"Discover the TSAR BOMBA TB8204Q Elemental-Calendar series, where modern sports style meets precision engineering. This luxury men's watch features a distinctive tonneau-shaped 316L stainless steel case and a clear date calendar display. Powered by a reliable Japanese Seiko movement, it is protected by scratch-resistant sapphire crystal for ultimate durability. With its ergonomic silicone strap and 50M (5ATM) water resistance, this timepiece is designed for both urban elegance and active lifestyles. A perfect fusion of bold aesthetics and everyday functionality.","""Barrel-shaped quartz chronograph"", ""VK67 movement"", ""316L steel"", ""Sapphire crystal"", ""50m water resistance"", ""A-grade lume"".",https://tsarbomba.com/products/tsarbomba8204q1?variant=40899441950895,https://cdn.shopify.com/s/files/1/0540/8145/4255/files/8_d9da19f8-570c-4b04-89d2-31e400d0e7b9.png?v=1729565303,USD,219.99,new,Silver Orange,TSAR BOMBA WATCH Barrel Type,male,Products source-US3-Men's Watch,Elemental Series,0~500,43mm*50.5mm*15.5mm,316L Stainless Steel,"https://cdn.shopify.com/s/files/1/0540/8145/4255/files/31_dc35bc5b-f2f0-4813-90a7-aa3a9fc31a6e.jpg?v=1724725333,https://cdn.shopify.com/s/files/1/0540/8145/4255/files/34_ad1acb4a-3596-435a-aa49-8e77bdb2029e.jpg?v=1724725333","General:Movement: Japanese VK67 Quartz Movement, General: Case Material:316L Stainless Steel, General:Crystal: Sapphire Crystal, General: Water Resistance:50m, General: Lume: A-Grade Luminous, General: Strap Material: Silicone Strap",Apparel & Accessories > Jewelry > Watches,in_stock,Quartz,717298579735,Men's Watches
113495,109230,Tsarbomba,43890233112,https://www.awin1.com/pclick.php?p=43890233112&a=3002879&m=109230,https://images2.productserve.com/?w=200&h=200&bg=white&trim=5&t=letterbox&url=ssl%3Acdn.shopify.com%2Fs%2Ffiles%2F1%2F0540%2F8145%2F4255%2Ffiles%2F5_11d7054d-b856-4bbd-bc98-aadf9ea8ea49.png%3Fv%3D1729565302&feedId=113495&k=4125a702045bb7e458e32b48f0bc60fcabbe0be1,https://images2.productserve.com/?w=70&h=70&bg=white&trim=5&t=letterbox&url=ssl%3Acdn.shopify.com%2Fs%2Ffiles%2F1%2F0540%2F8145%2F4255%2Ffiles%2F5_11d7054d-b856-4bbd-bc98-aadf9ea8ea49.png%3Fv%3D1729565302&feedId=113495&k=4125a702045bb7e458e32b48f0bc60fcabbe0be1,544,Men's Watches,,TSAR BOMBA WATCH,TB8204Q-07,Watches,TB8204Q-07,TSAR BOMBA Men's Affordable Luxury Quartz Watch | Black Yellow | Tonneau Case | Seiko Quartz Movement | 5ATM Waterproof Silicone Strap | Elemental TB8204Q,"Discover the TSAR BOMBA TB8204Q Elemental-Calendar series, where modern sports style meets precision engineering. This luxury men's watch features a distinctive tonneau-shaped 316L stainless steel case and a clear date calendar display. Powered by a reliable Japanese Seiko movement, it is protected by scratch-resistant sapphire crystal for ultimate durability. With its ergonomic silicone strap and 50M (5ATM) water resistance, this timepiece is designed for both urban elegance and active lifestyles. A perfect fusion of bold aesthetics and everyday functionality.","""Barrel-shaped quartz chronograph"", ""VK67 movement"", ""316L steel"", ""Sapphire crystal"", ""50m water resistance"", ""A-grade lume"".",https://tsarbomba.com/products/tsarbomba8204q1?variant=40899441787055,https://cdn.shopify.com/s/files/1/0540/8145/4255/files/5_11d7054d-b856-4bbd-bc98-aadf9ea8ea49.png?v=1729565302,USD,219.99,new,Black Yellow,TSAR BOMBA WATCH Barrel Type,male,Products source-US3-Men's Watch,Elemental Series,0~500,43mm*50.5mm*15.5mm,316L Stainless Steel,"https://cdn.shopify.com/s/files/1/0540/8145/4255/files/38.jpg?v=1724725333,https://cdn.shopify.com/s/files/1/0540/8145/4255/files/37.jpg?v=1724725333","General:Movement: Japanese VK67 Quartz Movement, General: Case Material:316L Stainless Steel, General:Crystal: Sapphire Crystal, General: Water Resistance:50m, General: Lume: A-Grade Luminous, General: Strap Material: Silicone Strap",Apparel & Accessories > Jewelry > Watches,in_stock,Quartz,762704078579,Men's Watches
113495,109230,Tsarbomba,43890233113,https://www.awin1.com/pclick.php?p=43890233113&a=3002879&m=109230,https://images2.productserve.com/?w=200&h=200&bg=white&trim=5&t=letterbox&url=ssl%3Acdn.shopify.com%2Fs%2Ffiles%2F1%2F0540%2F8145%2F4255%2Ffiles%2F3_58099c98-2596-4cc6-a580-2d7141864ac0.png%3Fv%3D1729565303&feedId=113495&k=70606970d0deadf374e38a40a324172642063de1,https://images2.productserve.com/?w=70&h=70&bg=white&trim=5&t=letterbox&url=ssl%3Acdn.shopify.com%2Fs%2Ffiles%2F1%2F0540%2F8145%2F4255%2Ffiles%2F3_58099c98-2596-4cc6-a580-2d7141864ac0.png%3Fv%3D1729565303&feedId=113495&k=70606970d0deadf374e38a40a324172642063de1,544,Men's Watches,,TSAR BOMBA WATCH,TB8204Q-38,Watches,TB8204Q-38,TSAR BOMBA Men's Affordable Luxury Quartz Watch | Olive Green | Tonneau Case | Seiko Quartz Movement | 5ATM Waterproof Silicone Strap | Elemental TB8204Q,"Discover the TSAR BOMBA TB8204Q Elemental-Calendar series, where modern sports style meets precision engineering. This luxury men's watch features a distinctive tonneau-shaped 316L stainless steel case and a clear date calendar display. Powered by a reliable Japanese Seiko movement, it is protected by scratch-resistant sapphire crystal for ultimate durability. With its ergonomic silicone strap and 50M (5ATM) water resistance, this timepiece is designed for both urban elegance and active lifestyles. A perfect fusion of bold aesthetics and everyday functionality.","""Barrel-shaped quartz chronograph"", ""VK67 movement"", ""316L steel"", ""Sapphire crystal"", ""50m water resistance"", ""A-grade lume"".",https://tsarbomba.com/products/tsarbomba8204q1?variant=40899441688751,https://cdn.shopify.com/s/files/1/0540/8145/4255/files/3_58099c98-2596-4cc6-a580-2d7141864ac0.png?v=1729565303,USD,219.99,new,Olive Green,TSAR BOMBA WATCH Barrel Type,male,Products source-US3-Men's Watch,Elemental Series,0~500,43mm*50.5mm*14mm,316L Stainless Steel,"https://cdn.shopify.com/s/files/1/0540/8145/4255/files/45_7bf22865-f96f-41eb-bb95-967dfcd79dcd.jpg?v=1724725333,https://cdn.shopify.com/s/files/1/0540/8145/4255/files/42_a19aeb74-1e4c-4111-a902-c9c86ae1af7a.jpg?v=1724725333","General:Movement: Japanese VK67 Quartz Movement, General: Case Material:316L Stainless Steel, General:Crystal: Sapphire Crystal, General: Water Resistance:50m, General: Lume: A-Grade Luminous, General: Strap Material: Silicone Strap",Apparel & Accessories > Jewelry > Watches,in_stock,Quartz,717298579674,Men's Watches
113495,109230,Tsarbomba,43890233114,https://www.awin1.com/pclick.php?p=43890233114&a=3002879&m=109230,https://images2.productserve.com/?w=200&h=200&bg=white&trim=5&t=letterbox&url=ssl%3Acdn.shopify.com%2Fs%2Ffiles%2F1%2F0540%2F8145%2F4255%2Ffiles%2F8204Q-Silver_Red2.png%3Fv%3D1752829877&feedId=113495&k=3fbf0478f55476f3608384a4d52d645f37726dcc,https://images2.productserve.com/?w=70&h=70&bg=white&trim=5&t=letterbox&url=ssl%3Acdn.shopify.com%2Fs%2Ffiles%2F1%2F0540%2F8145%2F4255%2Ffiles%2F8204Q-Silver_Red2.png%3Fv%3D1752829877&feedId=113495&k=3fbf0478f55476f3608384a4d52d645f37726dcc,544,Men's Watches,,TSAR BOMBA WATCH,TB8204Q-37,Watches,TB8204Q-37,TSAR BOMBA Men's Affordable Luxury Quartz Watch | Black Red | Tonneau Case | Seiko Quartz Movement | 5ATM Waterproof Silicone Strap | Elemental TB8204Q,"Discover the TSAR BOMBA TB8204Q Elemental-Calendar series, where modern sports style meets precision engineering. This luxury men's watch features a distinctive tonneau-shaped 316L stainless steel case and a clear date calendar display. Powered by a reliable Japanese Seiko movement, it is protected by scratch-resistant sapphire crystal for ultimate durability. With its ergonomic silicone strap and 50M (5ATM) water resistance, this timepiece is designed for both urban elegance and active lifestyles. A perfect fusion of bold aesthetics and everyday functionality.","""Barrel-shaped quartz chronograph"", ""VK67 movement"", ""316L steel"", ""Sapphire crystal"", ""50m water resistance"", ""A-grade lume"".",https://tsarbomba.com/products/tsarbomba8204q1?variant=40899441754287,https://cdn.shopify.com/s/files/1/0540/8145/4255/files/8204Q-Silver_Red2.png?v=1752829877,USD,219.99,new,Black Red,TSAR BOMBA WATCH Barrel Type,male,Products source-US3-Men's Watch,Elemental Series,0~500,43mm*50.5mm*14mm,316L Stainless Steel,"https://cdn.shopify.com/s/files/1/0540/8145/4255/files/49.jpg?v=1724725333,https://cdn.shopify.com/s/files/1/0540/8145/4255/files/48.jpg?v=1724725333,https://cdn.shopify.com/s/files/1/0540/8145/4255/files/8204Q-Black_Red.png?v=1752829877,https://cdn.shopify.com/s/files/1/0540/8145/4255/files/8204Q-GBK2.png?v=1752829877","General:Movement: Japanese VK67 Quartz Movement, General: Case Material:316L Stainless Steel, General:Crystal: Sapphire Crystal, General: Water Resistance:50m, General: Lume: A-Grade Luminous, General: Strap Material: Silicone Strap",Apparel & Accessories > Jewelry > Watches,in_stock,Quartz,717298579704,Men's Watches
113495,109230,Tsarbomba,43890233115,https://www.awin1.com/pclick.php?p=43890233115&a=3002879&m=109230,https://images2.productserve.com/?w=200&h=200&bg=white&trim=5&t=letterbox&url=ssl%3Acdn.shopify.com%2Fs%2Ffiles%2F1%2F0540%2F8145%2F4255%2Ffiles%2F4_4b945c25-de79-4cc1-92d1-dbdfb9423e3e.png%3Fv%3D1749116933&feedId=113495&k=37d06d2b4a1adc3752dcdcfdd5f10a6d189e8225,https://images2.productserve.com/?w=70&h=70&bg=white&trim=5&t=letterbox&url=ssl%3Acdn.shopify.com%2Fs%2Ffiles%2F1%2F0540%2F8145%2F4255%2Ffiles%2F4_4b945c25-de79-4cc1-92d1-dbdfb9423e3e.png%3Fv%3D1749116933&feedId=113495&k=37d06d2b4a1adc3752dcdcfdd5f10a6d189e8225,544,Men's Watches,,TSAR BOMBA WATCH,TB8204B-01,Watches,TB8204B-01,TSAR BOMBA Men's Luxury Quartz Watch | White | Bioceramic Tonneau Case | Japanese Quartz Movement | 50M Waterproof Sport Wristwatch for Men | Elemental TB8204B,"Experience the perfect fusion of avant-garde design and sustainable technology with the TSAR BOMBA TB8204B Elemental Series. This premium men's luxury watch stands out with its innovative Bio-ceramic case, a high-tech material that is lightweight, eco-friendly, and incredibly durable, offering a smooth, skin-friendly texture.  The iconic tonneau-shaped (double bridge) design provides a bold, ergonomic fit, making it a standout piece for any collection. Powered by a reliable Japanese Seiko VJ42 Quartz movement, this watch features a classic three-hand display with a clear, functional Date Window at the 3 o'clock or 6 o'clock position (depending on specific dial layout).  Protected by scratch-resistant Sapphire Crystal with an anti-reflective coating, the dial remains pristine under all conditions. With 5ATM (50M) water resistance and A-Level Super Luminous hands, this timepiece is built for both daily elegance and active lifestyles. Finished with a high-grade, breathable silicone strap, the TB8204B is the ultimate statement of modern horology and sophisticated style.","""Barrel-shaped quartz watch"", ""Japanese movement"", ""316L stainless steel case"", “Bio-ceramic bezel”, ""Sapphire crystal"", ""50m water resistance"", ""A-grade lume"", ""Silicone strap"".",https://tsarbomba.com/products/tb8204b?variant=43081586508032,https://cdn.shopify.com/s/files/1/0540/8145/4255/files/4_4b945c25-de79-4cc1-92d1-dbdfb9423e3e.png?v=1749116933,USD,219.99,new,White,TSAR BOMBA WATCH Barrel Type,male,Products source-US3-Men's Watch,Elemental Series,0~500,43mm*50.5mm*15.5mm,Bio-ceramic,"https://cdn.shopify.com/s/files/1/0540/8145/4255/files/15_b92a9ee8-88b1-49f2-901f-0512b2cef8a9.jpg?v=1736478193,https://cdn.shopify.com/s/files/1/0540/8145/4255/files/10_8736750e-4ed8-4f55-ab27-1b0352734c49.jpg?v=1736478193","General:Movement: Japanese Movement, General: Case Material: 316L Stainless Steel, General: Bezel Material: Bio-ceramic, General:Crystal: Sapphire Crystal, General: Water Resistance:50m, General: Lume: A-Grade Luminous, General: Strap Material: Silicone.",Apparel & Accessories > Jewelry > Watches,in_stock,Quartz,762704078517,Men's Watches
113495,109230,Tsarbomba,43890233116,https://www.awin1.com/pclick.php?p=43890233116&a=3002879&m=109230,https://images2.productserve.com/?w=200&h=200&bg=white&trim=5&t=letterbox&url=ssl%3Acdn.shopify.com%2Fs%2Ffiles%2F1%2F0540%2F8145%2F4255%2Ffiles%2F1_5f2cf777-bf32-42d9-a8ba-e1b68d47a5d0.png%3Fv%3D1736478193&feedId=113495&k=bd40dfacf90430b93216e411864b98ac7019e287,https://images2.productserve.com/?w=70&h=70&bg=white&trim=5&t=letterbox&url=ssl%3Acdn.shopify.com%2Fs%2Ffiles%2F1%2F0540%2F8145%2F4255%2Ffiles%2F1_5f2cf777-bf32-42d9-a8ba-e1b68d47a5d0.png%3Fv%3D1736478193&feedId=113495&k=bd40dfacf90430b93216e411864b98ac7019e287,544,Men's Watches,,TSAR BOMBA WATCH,TB8204B-02,Watches,TB8204B-02,TSAR BOMBA Men's Luxury Quartz Watch | Blue | Bioceramic Tonneau Case | Japanese Quartz Movement | 50M Waterproof Sport Wristwatch for Men | Elemental TB8204B,"Experience the perfect fusion of avant-garde design and sustainable technology with the TSAR BOMBA TB8204B Elemental Series. This premium men's luxury watch stands out with its innovative Bio-ceramic case, a high-tech material that is lightweight, eco-friendly, and incredibly durable, offering a smooth, skin-friendly texture.  The iconic tonneau-shaped (double bridge) design provides a bold, ergonomic fit, making it a standout piece for any collection. Powered by a reliable Japanese Seiko VJ42 Quartz movement, this watch features a classic three-hand display with a clear, functional Date Window at the 3 o'clock or 6 o'clock position (depending on specific dial layout).  Protected by scratch-resistant Sapphire Crystal with an anti-reflective coating, the dial remains pristine under all conditions. With 5ATM (50M) water resistance and A-Level Super Luminous hands, this timepiece is built for both daily elegance and active lifestyles. Finished with a high-grade, breathable silicone strap, the TB8204B is the ultimate statement of modern horology and sophisticated style.","""Barrel-shaped quartz watch"", ""Japanese movement"", ""316L stainless steel case"", “Bio-ceramic bezel”, ""Sapphire crystal"", ""50m water resistance"", ""A-grade lume"", ""Silicone strap"".",https://tsarbomba.com/products/tb8204b?variant=43081586573568,https://cdn.shopify.com/s/files/1/0540/8145/4255/files/1_5f2cf777-bf32-42d9-a8ba-e1b68d47a5d0.png?v=1736478193,USD,219.99,new,Blue,TSAR BOMBA WATCH Barrel Type,male,Products source-US3-Men's Watch,Elemental Series,0~500,43mm*50.5mm*15.5mm,Bio-ceramic,"https://cdn.shopify.com/s/files/1/0540/8145/4255/files/18_fe08c811-2aa2-4b45-b2de-7974db1d6afc.jpg?v=1736478193,https://cdn.shopify.com/s/files/1/0540/8145/4255/files/17_92bf567a-be63-4026-b0ba-4e1d9b7c010e.jpg?v=1736478193","General:Movement: Japanese Movement, General: Case Material: 316L Stainless Steel, General: Bezel Material: Bio-ceramic, General:Crystal: Sapphire Crystal, General: Water Resistance:50m, General: Lume: A-Grade Luminous, General: Strap Material: Silicone.",Apparel & Accessories > Jewelry > Watches,in_stock,Quartz,762704078548,Men's Watches
113495,109230,Tsarbomba,43890233117,https://www.awin1.com/pclick.php?p=43890233117&a=3002879&m=109230,https://images2.productserve.com/?w=200&h=200&bg=white&trim=5&t=letterbox&url=ssl%3Acdn.shopify.com%2Fs%2Ffiles%2F1%2F0540%2F8145%2F4255%2Ffiles%2F03_7942ca04-15ad-43cd-8531-a2e917fb193d.png%3Fv%3D1730856684&feedId=113495&k=93a8399dd78bb0cc6ed268bbe20f7e89d116db09,https://images2.productserve.com/?w=70&h=70&bg=white&trim=5&t=letterbox&url=ssl%3Acdn.shopify.com%2Fs%2Ffiles%2F1%2F0540%2F8145%2F4255%2Ffiles%2F03_7942ca04-15ad-43cd-8531-a2e917fb193d.png%3Fv%3D1730856684&feedId=113495&k=93a8399dd78bb0cc6ed268bbe20f7e89d116db09,544,Men's Watches,,TSAR BOMBA WATCH,TB8204QA-03,Watches,TB8204QA-03,TSAR BOMBA Men's Luxury Quartz Watch | Olive | Bioceramic Tonneau Case | Japanese Quartz Movement | 50M Waterproof Sport Wristwatch for Men | Elemental TB8204B,"Experience the perfect fusion of avant-garde design and sustainable technology with the TSAR BOMBA TB8204B Elemental Series. This premium men's luxury watch stands out with its innovative Bio-ceramic case, a high-tech material that is lightweight, eco-friendly, and incredibly durable, offering a smooth, skin-friendly texture.  The iconic tonneau-shaped (double bridge) design provides a bold, ergonomic fit, making it a standout piece for any collection. Powered by a reliable Japanese Seiko VJ42 Quartz movement, this watch features a classic three-hand display with a clear, functional Date Window at the 3 o'clock or 6 o'clock position (depending on specific dial layout).  Protected by scratch-resistant Sapphire Crystal with an anti-reflective coating, the dial remains pristine under all conditions. With 5ATM (50M) water resistance and A-Level Super Luminous hands, this timepiece is built for both daily elegance and active lifestyles. Finished with a high-grade, breathable silicone strap, the TB8204B is the ultimate statement of modern horology and sophisticated style.","""Barrel-shaped quartz watch"", ""Japanese movement"", ""316L stainless steel case"", “Bio-ceramic bezel”, ""Sapphire crystal"", ""50m water resistance"", ""A-grade lume"", ""Silicone strap"".",https://tsarbomba.com/products/tb8204b?variant=47017876422912,https://cdn.shopify.com/s/files/1/0540/8145/4255/files/03_7942ca04-15ad-43cd-8531-a2e917fb193d.png?v=1730856684,USD,219.99,new,Olive,TSAR BOMBA WATCH Barrel Type,male,Products source-US3-Men's Watch,Elemental Series,0~500,43mm*50.5mm*15mm,Bio-ceramic,"https://cdn.shopify.com/s/files/1/0540/8145/4255/files/8d2ec1e27704e654efdfc6325141533f.png?v=1728980818,https://cdn.shopify.com/s/files/1/0540/8145/4255/files/2_d223d07d-34f5-4b52-909c-9fcc0d838815.png?v=1728980818","General:Movement: Japanese Movement, General: Case Material: 316L Stainless Steel, General: Bezel Material: Bio-ceramic, General:Crystal: Sapphire Crystal, General: Water Resistance:50m, General: Lume: A-Grade Luminous, General: Strap Material: Silicone.",Apparel & Accessories > Jewelry > Watches,in_stock,Quartz,717298579858,Men's Watches
113495,109230,Tsarbomba,43890233118,https://www.awin1.com/pclick.php?p=43890233118&a=3002879&m=109230,https://images2.productserve.com/?w=200&h=200&bg=white&trim=5&t=letterbox&url=ssl%3Acdn.shopify.com%2Fs%2Ffiles%2F1%2F0540%2F8145%2F4255%2Ffiles%2F02_2280acb0-9a8b-4395-a593-ea2d9381f7df.png%3Fv%3D1730856684&feedId=113495&k=be8ac0b51f9df33fd3d5fee7f010477255e72085,https://images2.productserve.com/?w=70&h=70&bg=white&trim=5&t=letterbox&url=ssl%3Acdn.shopify.com%2Fs%2Ffiles%2F1%2F0540%2F8145%2F4255%2Ffiles%2F02_2280acb0-9a8b-4395-a593-ea2d9381f7df.png%3Fv%3D1730856684&feedId=113495&k=be8ac0b51f9df33fd3d5fee7f010477255e72085,544,Men's Watches,,TSAR BOMBA WATCH,TB8204QA-02,Watches,TB8204QA-02,TSAR BOMBA Men's Luxury Quartz Watch | Arab Blue | Bioceramic Tonneau Case | Japanese Quartz Movement | 50M Waterproof Sport Wristwatch for Men | Elemental TB8204B,"Experience the perfect fusion of avant-garde design and sustainable technology with the TSAR BOMBA TB8204B Elemental Series. This premium men's luxury watch stands out with its innovative Bio-ceramic case, a high-tech material that is lightweight, eco-friendly, and incredibly durable, offering a smooth, skin-friendly texture.  The iconic tonneau-shaped (double bridge) design provides a bold, ergonomic fit, making it a standout piece for any collection. Powered by a reliable Japanese Seiko VJ42 Quartz movement, this watch features a classic three-hand display with a clear, functional Date Window at the 3 o'clock or 6 o'clock position (depending on specific dial layout).  Protected by scratch-resistant Sapphire Crystal with an anti-reflective coating, the dial remains pristine under all conditions. With 5ATM (50M) water resistance and A-Level Super Luminous hands, this timepiece is built for both daily elegance and active lifestyles. Finished with a high-grade, breathable silicone strap, the TB8204B is the ultimate statement of modern horology and sophisticated style.","""Barrel-shaped quartz watch"", ""Japanese movement"", ""316L stainless steel case"", “Bio-ceramic bezel”, ""Sapphire crystal"", ""50m water resistance"", ""A-grade lume"", ""Silicone strap"".",https://tsarbomba.com/products/tb8204b?variant=47017876455680,https://cdn.shopify.com/s/files/1/0540/8145/4255/files/02_2280acb0-9a8b-4395-a593-ea2d9381f7df.png?v=1730856684,USD,219.99,new,Blue,TSAR BOMBA WATCH Barrel Type,male,Products source-US3-Men's Watch,Elemental Series,0~500,43mm*50.5mm*15mm,Bio-ceramic,"https://cdn.shopify.com/s/files/1/0540/8145/4255/files/e44adefeb4b42888ae5147fd4090a60f_9220e490-20cf-4b76-86c2-d92949efc79f.png?v=1737084389,https://cdn.shopify.com/s/files/1/0540/8145/4255/files/2_dbe871af-5671-4957-bfef-747009371305.png?v=1737084389","General:Movement: Japanese Movement, General: Case Material: 316L Stainless Steel, General: Bezel Material: Bio-ceramic, General:Crystal: Sapphire Crystal, General: Water Resistance:50m, General: Lume: A-Grade Luminous, General: Strap Material: Silicone.",Apparel & Accessories > Jewelry > Watches,in_stock,Quartz,717298579827,Men's Watches
113495,109230,Tsarbomba,43890233119,https://www.awin1.com/pclick.php?p=43890233119&a=3002879&m=109230,https://images2.productserve.com/?w=200&h=200&bg=white&trim=5&t=letterbox&url=ssl%3Acdn.shopify.com%2Fs%2Ffiles%2F1%2F0540%2F8145%2F4255%2Ffiles%2F01_e7c177d5-83a3-4e42-8e60-1351409b0e04.png%3Fv%3D1737084389&feedId=113495&k=2359a450edfca55d8d46e94cc3c98f2830f5f486,https://images2.productserve.com/?w=70&h=70&bg=white&trim=5&t=letterbox&url=ssl%3Acdn.shopify.com%2Fs%2Ffiles%2F1%2F0540%2F8145%2F4255%2Ffiles%2F01_e7c177d5-83a3-4e42-8e60-1351409b0e04.png%3Fv%3D1737084389&feedId=113495&k=2359a450edfca55d8d46e94cc3c98f2830f5f486,544,Men's Watches,,TSAR BOMBA WATCH,TB8204QA-01,Watches,TB8204QA-01,TSAR BOMBA Men's Luxury Quartz Watch | Arab White | Bioceramic Tonneau Case | Japanese Quartz Movement | 50M Waterproof Sport Wristwatch for Men | Elemental TB8204B,"Experience the perfect fusion of avant-garde design and sustainable technology with the TSAR BOMBA TB8204B Elemental Series. This premium men's luxury watch stands out with its innovative Bio-ceramic case, a high-tech material that is lightweight, eco-friendly, and incredibly durable, offering a smooth, skin-friendly texture.  The iconic tonneau-shaped (double bridge) design provides a bold, ergonomic fit, making it a standout piece for any collection. Powered by a reliable Japanese Seiko VJ42 Quartz movement, this watch features a classic three-hand display with a clear, functional Date Window at the 3 o'clock or 6 o'clock position (depending on specific dial layout).  Protected by scratch-resistant Sapphire Crystal with an anti-reflective coating, the dial remains pristine under all conditions. With 5ATM (50M) water resistance and A-Level Super Luminous hands, this timepiece is built for both daily elegance and active lifestyles. Finished with a high-grade, breathable silicone strap, the TB8204B is the ultimate statement of modern horology and sophisticated style.","""Barrel-shaped quartz watch"", ""Japanese movement"", ""316L stainless steel case"", “Bio-ceramic bezel”, ""Sapphire crystal"", ""50m water resistance"", ""A-grade lume"", ""Silicone strap"".",https://tsarbomba.com/products/tb8204b?variant=47017876488448,https://cdn.shopify.com/s/files/1/0540/8145/4255/files/01_e7c177d5-83a3-4e42-8e60-1351409b0e04.png?v=1737084389,USD,219.99,new,White,TSAR BOMBA WATCH Barrel Type,male,Products source-US3-Men's Watch,Elemental Series,0~500,43mm*50.5mm*15mm,Bio-ceramic,"https://cdn.shopify.com/s/files/1/0540/8145/4255/files/1d8da7f161bd0af0b7aa2d053b4b515b_a278f919-73c3-4342-b29e-9785b658da1b.png?v=1737084389,https://cdn.shopify.com/s/files/1/0540/8145/4255/files/2_874e10e2-c840-4cd5-a2ae-7861f5d0bb90.png?v=1737084389","General:Movement: Japanese Movement, General: Case Material: 316L Stainless Steel, General: Bezel Material: Bio-ceramic, General:Crystal: Sapphire Crystal, General: Water Resistance:50m, General: Lume: A-Grade Luminous, General: Strap Material: Silicone.",Apparel & Accessories > Jewelry > Watches,in_stock,Quartz,717298579797,Men's Watches
113495,109230,Tsarbomba,43890233120,https://www.awin1.com/pclick.php?p=43890233120&a=3002879&m=109230,https://images2.productserve.com/?w=200&h=200&bg=white&trim=5&t=letterbox&url=ssl%3Acdn.shopify.com%2Fs%2Ffiles%2F1%2F0540%2F8145%2F4255%2Ffiles%2FTB8603BLB.png%3Fv%3D1733451732&feedId=113495&k=c4303197a1ae722a8bc23c1af9a7548bf72e2474,https://images2.productserve.com/?w=70&h=70&bg=white&trim=5&t=letterbox&url=ssl%3Acdn.shopify.com%2Fs%2Ffiles%2F1%2F0540%2F8145%2F4255%2Ffiles%2FTB8603BLB.png%3Fv%3D1733451732&feedId=113495&k=c4303197a1ae722a8bc23c1af9a7548bf72e2474,544,Men's Watches,,TSAR BOMBA WATCH,TB8603-01,Watches,TB8603-01,TSAR BOMBA Men's Swiss Automatic Watch | Blue | Titanium & Carbon Fiber | Interchangeable Modular | 10ATM Waterproof | Dark Matter 3 TB8603,"Experience the ultimate blend of Swiss engineering and bold futuristic design with the TSAR BOMBA TB8603. As part of the prestigious Dark Matter 3 Series, this timepiece is crafted for those who demand excellence and individuality.  Key Features:  Swiss Automatic Movement: Powered by the premium Swiss SW200-1 AJ movement, ensuring world-class precision, reliability, and a smooth mechanical heartbeat visible through the skeleton dial.  Aerospace-Grade Materials: Featuring a lightweight yet ultra-durable Titanium case and a high-tech Carbon Fiber bezel, offering a unique textured look and superior scratch resistance.  Patented Interchangeable System: The innovative modular design allows you to effortlessly swap the bezel, crown, and FKM rubber strap without tools, letting you customize your look in seconds.  Iconic Tonneau Design: The classic barrel-shaped case (43mm x 53.5mm) provides a bold wrist presence, inspired by high-end luxury racing aesthetics.  Premium Protection: Equipped with a Scratch-resistant Sapphire Crystal mirror and A-Grade Luminous hands for perfect readability in low-light conditions.  Adventure Ready: With 10ATM (100 Meters) water resistance, this watch is built for daily luxury, swimming, and professional marine activity.","""Barrel-shaped interchangeable automatic watch"", ""Swiss movement"", ""316L stainless steel case"", “Carbon fiber bezel”, ""Sapphire crystal"", ""100m water resistance"", ""A-grade lume"", ""Fluoro rubber strap"".",https://tsarbomba.com/products/tb8603?variant=46160216391936,https://cdn.shopify.com/s/files/1/0540/8145/4255/files/TB8603BLB.png?v=1733451732,USD,2000,new,Blue,TSAR BOMBA WATCH Barrel Type,male,Products source-US3-Men's Watch,Dark Matter Series,2000~,43mm*53.5mm*14.5mm,Carbon Fiber,"https://cdn.shopify.com/s/files/1/0540/8145/4255/files/8603BL.jpg?v=1733899005,https://cdn.shopify.com/s/files/1/0540/8145/4255/files/TB8603BBL-2.png?v=1733899005","General:Movement: Swiss Movement, General: Case Material: 316L Stainless Steel, General: Bezel Material: Carbon Fiber, General:Crystal: Sapphire Crystal, General: Water Resistance:100m, General: Lume: A-Grade Luminous, General: Strap Material: Fluoro Rubber.",Apparel & Accessories > Jewelry > Watches,in_stock,Automatic-Swiss,717701173451,Men's Watches
113495,109230,Tsarbomba,43890233121,https://www.awin1.com/pclick.php?p=43890233121&a=3002879&m=109230,https://images2.productserve.com/?w=200&h=200&bg=white&trim=5&t=letterbox&url=ssl%3Acdn.shopify.com%2Fs%2Ffiles%2F1%2F0540%2F8145%2F4255%2Ffiles%2FTB8603RB.png%3Fv%3D1733899342&feedId=113495&k=21d5ee47c3ab4a828dfc3fc63ac162ca6ea92f23,https://images2.productserve.com/?w=70&h=70&bg=white&trim=5&t=letterbox&url=ssl%3Acdn.shopify.com%2Fs%2Ffiles%2F1%2F0540%2F8145%2F4255%2Ffiles%2FTB8603RB.png%3Fv%3D1733899342&feedId=113495&k=21d5ee47c3ab4a828dfc3fc63ac162ca6ea92f23,544,Men's Watches,,TSAR BOMBA WATCH,TB8603-02,Watches,TB8603-02,TSAR BOMBA Men's Swiss Automatic Watch | Red | Titanium & Carbon Fiber | Interchangeable Modular | 10ATM Waterproof | Dark Matter 3 TB8603,"Experience the ultimate blend of Swiss engineering and bold futuristic design with the TSAR BOMBA TB8603. As part of the prestigious Dark Matter 3 Series, this timepiece is crafted for those who demand excellence and individuality.  Key Features:  Swiss Automatic Movement: Powered by the premium Swiss SW200-1 AJ movement, ensuring world-class precision, reliability, and a smooth mechanical heartbeat visible through the skeleton dial.  Aerospace-Grade Materials: Featuring a lightweight yet ultra-durable Titanium case and a high-tech Carbon Fiber bezel, offering a unique textured look and superior scratch resistance.  Patented Interchangeable System: The innovative modular design allows you to effortlessly swap the bezel, crown, and FKM rubber strap without tools, letting you customize your look in seconds.  Iconic Tonneau Design: The classic barrel-shaped case (43mm x 53.5mm) provides a bold wrist presence, inspired by high-end luxury racing aesthetics.  Premium Protection: Equipped with a Scratch-resistant Sapphire Crystal mirror and A-Grade Luminous hands for perfect readability in low-light conditions.  Adventure Ready: With 10ATM (100 Meters) water resistance, this watch is built for daily luxury, swimming, and professional marine activity.","""Barrel-shaped interchangeable automatic watch"", ""Swiss movement"", ""316L stainless steel case"", “Carbon fiber bezel”, ""Sapphire crystal"", ""100m water resistance"", ""A-grade lume"", ""Fluoro rubber strap"".",https://tsarbomba.com/products/tb8603?variant=46160216424704,https://cdn.shopify.com/s/files/1/0540/8145/4255/files/TB8603RB.png?v=1733899342,USD,2000,new,Red,TSAR BOMBA WATCH Barrel Type,male,Products source-US3-Men's Watch,Dark Matter Series,2000~,43mm*53.5mm*14.5mm,Carbon Fiber,"https://cdn.shopify.com/s/files/1/0540/8145/4255/files/8603R.jpg?v=1733899005,https://cdn.shopify.com/s/files/1/0540/8145/4255/files/TB8603BBK-2.png?v=1733899005","General:Movement: Swiss Movement, General: Case Material: 316L Stainless Steel, General: Bezel Material: Carbon Fiber, General:Crystal: Sapphire Crystal, General: Water Resistance:100m, General: Lume: A-Grade Luminous, General: Strap Material: Fluoro Rubber.",Apparel & Accessories > Jewelry > Watches,in_stock,Automatic-Swiss,717701173444,Men's Watches
113495,109230,Tsarbomba,43890233122,https://www.awin1.com/pclick.php?p=43890233122&a=3002879&m=109230,https://images2.productserve.com/?w=200&h=200&bg=white&trim=5&t=letterbox&url=ssl%3Acdn.shopify.com%2Fs%2Ffiles%2F1%2F0540%2F8145%2F4255%2Ffiles%2FTB8602O.png%3Fv%3D1733451674&feedId=113495&k=58b5e0d5e3f803d64610aebbb6b567646d125d69,https://images2.productserve.com/?w=70&h=70&bg=white&trim=5&t=letterbox&url=ssl%3Acdn.shopify.com%2Fs%2Ffiles%2F1%2F0540%2F8145%2F4255%2Ffiles%2FTB8602O.png%3Fv%3D1733451674&feedId=113495&k=58b5e0d5e3f803d64610aebbb6b567646d125d69,544,Men's Watches,,TSAR BOMBA WATCH,TB8602-02,Watches,TB8602-02,TSAR BOMBA Men's Automatic Watch | Orange | Titanium Case | Carbon Fiber Bezel | Skeleton Dial | 10ATM Waterproof Mechanical Luxury Men's Wristwatch | Dark Matter 2 TB8602,"Upgrade your collection with the TSAR BOMBA TB8602 Dark Matter 2, a high-performance automatic skeleton watch designed for the modern man. Engineered with a lightweight Grade 5 Titanium case and a durable Carbon Fiber bezel, this timepiece offers a perfect blend of luxury and sports aesthetics.  Featuring a precision Japanese Epson YN84 automatic movement, the TB8602 boasts a unique power reserve indicator and a mesmerizing skeleton dial that reveals the mechanical heartbeat. The scratch-resistant sapphire crystal and 10ATM (100M) water resistance ensure durability for daily wear and outdoor adventures.  Designed with an interchangeable system, you can easily swap the premium FKM fluoro-rubber strap and bezel to match your style. With AlphaLuminex A-Level luminous hands, this tonneau-shaped luxury watch provides clear visibility in low light. Perfect for those seeking a high-end mechanical watch with RM-style design and cutting-edge materials.","""Barrel-shaped interchangeable automatic watch"", ""Japanese movement"", ""316L stainless steel case"", “Carbon fiber bezel”, ""Power reserve indicator dial"", ""Sapphire crystal"", ""100m water resistance"", ""A-grade lume"", ""Fluoro rubber strap"".",https://tsarbomba.com/products/tb8602?variant=46160220094720,https://cdn.shopify.com/s/files/1/0540/8145/4255/files/TB8602O.png?v=1733451674,USD,1500,new,Orange,TSAR BOMBA WATCH Barrel Type,male,Products source-US3-Men's Watch,Dark Matter Series,1000~2000,43mm*53.5mm*14.5mm,Carbon Fiber,"https://cdn.shopify.com/s/files/1/0540/8145/4255/files/dbd541aeda91fe3337491ca7cf3fc833.jpg?v=1733900647,https://cdn.shopify.com/s/files/1/0540/8145/4255/files/TB8602CF-01_71003234-cd8d-4227-90df-b656a139b2a7.png?v=1733900647","General:Movement: Japanese Movement, General: Case Material: 316L Stainless Steel, General: Bezel Material: Carbon Fiber, General:Dial: Power Reserve Indicator Dial, General:Crystal: Sapphire Crystal, General: Water Resistance:100m, General: Lume: A-Grade Luminous, General: Strap Material: Fluoro Rubber.",Apparel & Accessories > Jewelry > Watches,in_stock,Automatic,717701173475,Men's Watches
113495,109230,Tsarbomba,43890233123,https://www.awin1.com/pclick.php?p=43890233123&a=3002879&m=109230,https://images2.productserve.com/?w=200&h=200&bg=white&trim=5&t=letterbox&url=ssl%3Acdn.shopify.com%2Fs%2Ffiles%2F1%2F0540%2F8145%2F4255%2Ffiles%2FTB8602CF-04_05e01e04-df38-43ed-bbb4-06ebe580abbe.png%3Fv%3D1733900647&feedId=113495&k=958fab4cb34b17901b9ece2dc050b09e5b7b6707,https://images2.productserve.com/?w=70&h=70&bg=white&trim=5&t=letterbox&url=ssl%3Acdn.shopify.com%2Fs%2Ffiles%2F1%2F0540%2F8145%2F4255%2Ffiles%2FTB8602CF-04_05e01e04-df38-43ed-bbb4-06ebe580abbe.png%3Fv%3D1733900647&feedId=113495&k=958fab4cb34b17901b9ece2dc050b09e5b7b6707,544,Men's Watches,,TSAR BOMBA WATCH,TB8602-01,Watches,TB8602-01,TSAR BOMBA Men's Automatic Watch | Blue | Titanium Case | Carbon Fiber Bezel | Skeleton Dial | 10ATM Waterproof Mechanical Luxury Men's Wristwatch | Dark Matter 2 TB8602,"Upgrade your collection with the TSAR BOMBA TB8602 Dark Matter 2, a high-performance automatic skeleton watch designed for the modern man. Engineered with a lightweight Grade 5 Titanium case and a durable Carbon Fiber bezel, this timepiece offers a perfect blend of luxury and sports aesthetics.  Featuring a precision Japanese Epson YN84 automatic movement, the TB8602 boasts a unique power reserve indicator and a mesmerizing skeleton dial that reveals the mechanical heartbeat. The scratch-resistant sapphire crystal and 10ATM (100M) water resistance ensure durability for daily wear and outdoor adventures.  Designed with an interchangeable system, you can easily swap the premium FKM fluoro-rubber strap and bezel to match your style. With AlphaLuminex A-Level luminous hands, this tonneau-shaped luxury watch provides clear visibility in low light. Perfect for those seeking a high-end mechanical watch with RM-style design and cutting-edge materials.","""Barrel-shaped interchangeable automatic watch"", ""Japanese movement"", ""316L stainless steel case"", “Carbon fiber bezel”, ""Power reserve indicator dial"", ""Sapphire crystal"", ""100m water resistance"", ""A-grade lume"", ""Fluoro rubber strap"".",https://tsarbomba.com/products/tb8602?variant=46160744448256,https://cdn.shopify.com/s/files/1/0540/8145/4255/files/TB8602CF-04_05e01e04-df38-43ed-bbb4-06ebe580abbe.png?v=1733900647,USD,1500,new,Blue,TSAR BOMBA WATCH Barrel Type,male,Products source-US3-Men's Watch,Dark Matter Series,1000~2000,43mm*53.5mm*14.5mm,Carbon Fiber,"https://cdn.shopify.com/s/files/1/0540/8145/4255/files/e4bfe1e5f6379a53519273e201266484.jpg?v=1733900647,https://cdn.shopify.com/s/files/1/0540/8145/4255/files/TB8602CF-02_26efc07b-bc61-43e9-8201-d0fead5e7182.png?v=1733900647","General:Movement: Japanese Movement, General: Case Material: 316L Stainless Steel, General: Bezel Material: Carbon Fiber, General:Dial: Power Reserve Indicator Dial, General:Crystal: Sapphire Crystal, General: Water Resistance:100m, General: Lume: A-Grade Luminous, General: Strap Material: Fluoro Rubber.",Apparel & Accessories > Jewelry > Watches,in_stock,Automatic,717701173468,Men's Watches
113495,109230,Tsarbomba,43890233124,https://www.awin1.com/pclick.php?p=43890233124&a=3002879&m=109230,https://images2.productserve.com/?w=200&h=200&bg=white&trim=5&t=letterbox&url=ssl%3Acdn.shopify.com%2Fs%2Ffiles%2F1%2F0540%2F8145%2F4255%2Ffiles%2FTB8601-B.png%3Fv%3D1724663949&feedId=113495&k=3586c3bbcb73dde95769c8fad0e03c48420953fc,https://images2.productserve.com/?w=70&h=70&bg=white&trim=5&t=letterbox&url=ssl%3Acdn.shopify.com%2Fs%2Ffiles%2F1%2F0540%2F8145%2F4255%2Ffiles%2FTB8601-B.png%3Fv%3D1724663949&feedId=113495&k=3586c3bbcb73dde95769c8fad0e03c48420953fc,544,Men's Watches,,TSAR BOMBA WATCH,TB8601-01,Watches,TB8601-01,TSAR BOMBA Men's Automatic Watch | Black | Tonneau Carbon Fiber Bezel | Citizen Miyota 82S7 Movement | 5ATM Waterproof Sport Luxury Skeleton Wristwatch | Dark Matter 1 TB8601,"Redefine your wrist game with the TSAR BOMBA TB8601 (Dark Matter Series). Designed for the modern gentleman who values precision and bold aesthetics, this timepiece features the iconic tonneau-shaped case that blends luxury sport style with industrial-grade engineering. The standout detachable system allows you to DIY your watch by swapping bezels, crowns, and straps effortlessly.  Premium Craftsmanship & Materials:  High-End Movement: Powered by the reliable Japanese Citizen Miyota 82S7 automatic movement with a 40-hour power reserve, ensuring pinpoint accuracy.  Aerospace-Grade Materials: Features a high-tech Carbon Fiber bezel and a 316L surgical-grade stainless steel case for a lightweight yet indestructible feel.  Scratch-Resistant Sapphire: The Sapphire Crystal mirror with anti-reflective coating provides diamond-level hardness and crystal-clear visibility.  Superior Lume: Equipped with AlphaLuminex™ Grade A luminous technology for exceptional readability in low-light conditions.  FKM Fluororubber Strap: Skin-friendly, sweat-proof, and more durable than standard silicone, offering ultimate comfort for daily wear.  Technical Specifications:  Case Shape: Tonneau (Barrel Shape)  Water Resistance: 5ATM (50 Meters) - Suitable for swimming and daily use.  Dial Design: Skeleton / Open-Heart Mechanical  Case Size: 43mm x 53.5mm  Thickness: 14.5mm  Whether you are a watch collector or looking for a high-performance luxury gift, the TSAR BOMBA TB8601 delivers unparalleled style and durability. Perfect for business, sports, and casual occasions.","""Barrel-shaped Interchangeable automatic watch"", ""Japanese movement"", ""316L stainless steel case"", “Carbon fiber and 316L stainless steel bezel”, ""Sapphire crystal"", ""50m water resistance"", ""A-grade lume"", ""Fluoro rubber strap"".",https://tsarbomba.com/products/tb8601?variant=45803552080128,https://cdn.shopify.com/s/files/1/0540/8145/4255/files/TB8601-B.png?v=1724663949,USD,1200,new,Black,TSAR BOMBA WATCH Barrel Type,male,Products source-US3-Men's Watch,Dark Matter Series,1000~2000,43mm*53.5mm*14.5mm,Carbon Fiber,"https://cdn.shopify.com/s/files/1/0540/8145/4255/files/8601B-box.jpg?v=1724903554,https://cdn.shopify.com/s/files/1/0540/8145/4255/files/ef2909840e65e8fef88e20dc209ce066.jpg?v=1723804002","General:Movement: Japanese Movement, General: Case Material: 316L Stainless Steel, General: Bezel Material: Carbon Fiber and 316L Stainless Steel, General:Crystal: Sapphire Crystal, General: Water Resistance:50m, General: Lume: A-Grade Luminous, General: Strap Material: Fluoro Rubber.",Apparel & Accessories > Jewelry > Watches,in_stock,Automatic,717298580540,Men's Watches
113495,109230,Tsarbomba,43890233125,https://www.awin1.com/pclick.php?p=43890233125&a=3002879&m=109230,https://images2.productserve.com/?w=200&h=200&bg=white&trim=5&t=letterbox&url=ssl%3Acdn.shopify.com%2Fs%2Ffiles%2F1%2F0540%2F8145%2F4255%2Ffiles%2F8601W-1.png%3Fv%3D1757489541&feedId=113495&k=fa0d1447ec1a702c5ad05893a08bbd68f1217f68,https://images2.productserve.com/?w=70&h=70&bg=white&trim=5&t=letterbox&url=ssl%3Acdn.shopify.com%2Fs%2Ffiles%2F1%2F0540%2F8145%2F4255%2Ffiles%2F8601W-1.png%3Fv%3D1757489541&feedId=113495&k=fa0d1447ec1a702c5ad05893a08bbd68f1217f68,544,Men's Watches,,TSAR BOMBA WATCH,TB8601-02,Watches,TB8601-02,TSAR BOMBA Men's Automatic Watch | White | Tonneau Carbon Fiber Bezel | Citizen Miyota 82S7 Movement | 5ATM Waterproof Sport Luxury Skeleton Wristwatch | Dark Matter 1 TB8601,"Redefine your wrist game with the TSAR BOMBA TB8601 (Dark Matter Series). Designed for the modern gentleman who values precision and bold aesthetics, this timepiece features the iconic tonneau-shaped case that blends luxury sport style with industrial-grade engineering. The standout detachable system allows you to DIY your watch by swapping bezels, crowns, and straps effortlessly.  Premium Craftsmanship & Materials:  High-End Movement: Powered by the reliable Japanese Citizen Miyota 82S7 automatic movement with a 40-hour power reserve, ensuring pinpoint accuracy.  Aerospace-Grade Materials: Features a high-tech Carbon Fiber bezel and a 316L surgical-grade stainless steel case for a lightweight yet indestructible feel.  Scratch-Resistant Sapphire: The Sapphire Crystal mirror with anti-reflective coating provides diamond-level hardness and crystal-clear visibility.  Superior Lume: Equipped with AlphaLuminex™ Grade A luminous technology for exceptional readability in low-light conditions.  FKM Fluororubber Strap: Skin-friendly, sweat-proof, and more durable than standard silicone, offering ultimate comfort for daily wear.  Technical Specifications:  Case Shape: Tonneau (Barrel Shape)  Water Resistance: 5ATM (50 Meters) - Suitable for swimming and daily use.  Dial Design: Skeleton / Open-Heart Mechanical  Case Size: 43mm x 53.5mm  Thickness: 14.5mm  Whether you are a watch collector or looking for a high-performance luxury gift, the TSAR BOMBA TB8601 delivers unparalleled style and durability. Perfect for business, sports, and casual occasions.","""Barrel-shaped Interchangeable automatic watch"", ""Japanese movement"", ""316L stainless steel case"", “Carbon fiber and 316L stainless steel bezel”, ""Sapphire crystal"", ""50m water resistance"", ""A-grade lume"", ""Fluoro rubber strap"".",https://tsarbomba.com/products/tb8601?variant=45803552112896,https://cdn.shopify.com/s/files/1/0540/8145/4255/files/8601W-1.png?v=1757489541,USD,1200,new,White,TSAR BOMBA WATCH Barrel Type,male,Products source-US3-Men's Watch,Dark Matter Series,1000~2000,43mm*53.5mm*14.5mm,Carbon Fiber,"https://cdn.shopify.com/s/files/1/0540/8145/4255/files/8601W-box.jpg?v=1724903554,https://cdn.shopify.com/s/files/1/0540/8145/4255/files/8601L-1.png?v=1724659905,https://cdn.shopify.com/s/files/1/0540/8145/4255/files/8601W-2.png?v=1757489541","General:Movement: Japanese Movement, General: Case Material: 316L Stainless Steel, General: Bezel Material: Carbon Fiber and 316L Stainless Steel, General:Crystal: Sapphire Crystal, General: Water Resistance:50m, General: Lume: A-Grade Luminous, General: Strap Material: Fluoro Rubber.",Apparel & Accessories > Jewelry > Watches,in_stock,Automatic,717298580571,Men's Watches
113495,109230,Tsarbomba,43890233126,https://www.awin1.com/pclick.php?p=43890233126&a=3002879&m=109230,https://images2.productserve.com/?w=200&h=200&bg=white&trim=5&t=letterbox&url=ssl%3Acdn.shopify.com%2Fs%2Ffiles%2F1%2F0540%2F8145%2F4255%2Ffiles%2FTB8601-o.png%3Fv%3D1724663949&feedId=113495&k=5eeb581d31d62dd3787c922f1ee752ac96815809,https://images2.productserve.com/?w=70&h=70&bg=white&trim=5&t=letterbox&url=ssl%3Acdn.shopify.com%2Fs%2Ffiles%2F1%2F0540%2F8145%2F4255%2Ffiles%2FTB8601-o.png%3Fv%3D1724663949&feedId=113495&k=5eeb581d31d62dd3787c922f1ee752ac96815809,544,Men's Watches,,TSAR BOMBA WATCH,TB8601-03,Watches,TB8601-03,TSAR BOMBA Men's Automatic Watch | Orange | Tonneau Carbon Fiber Bezel | Citizen Miyota 82S7 Movement | 5ATM Waterproof Sport Luxury Skeleton Wristwatch | Dark Matter 1 TB8601,"Redefine your wrist game with the TSAR BOMBA TB8601 (Dark Matter Series). Designed for the modern gentleman who values precision and bold aesthetics, this timepiece features the iconic tonneau-shaped case that blends luxury sport style with industrial-grade engineering. The standout detachable system allows you to DIY your watch by swapping bezels, crowns, and straps effortlessly.  Premium Craftsmanship & Materials:  High-End Movement: Powered by the reliable Japanese Citizen Miyota 82S7 automatic movement with a 40-hour power reserve, ensuring pinpoint accuracy.  Aerospace-Grade Materials: Features a high-tech Carbon Fiber bezel and a 316L surgical-grade stainless steel case for a lightweight yet indestructible feel.  Scratch-Resistant Sapphire: The Sapphire Crystal mirror with anti-reflective coating provides diamond-level hardness and crystal-clear visibility.  Superior Lume: Equipped with AlphaLuminex™ Grade A luminous technology for exceptional readability in low-light conditions.  FKM Fluororubber Strap: Skin-friendly, sweat-proof, and more durable than standard silicone, offering ultimate comfort for daily wear.  Technical Specifications:  Case Shape: Tonneau (Barrel Shape)  Water Resistance: 5ATM (50 Meters) - Suitable for swimming and daily use.  Dial Design: Skeleton / Open-Heart Mechanical  Case Size: 43mm x 53.5mm  Thickness: 14.5mm  Whether you are a watch collector or looking for a high-performance luxury gift, the TSAR BOMBA TB8601 delivers unparalleled style and durability. Perfect for business, sports, and casual occasions.","""Barrel-shaped Interchangeable automatic watch"", ""Japanese movement"", ""316L stainless steel case"", “Carbon fiber and 316L stainless steel bezel”, ""Sapphire crystal"", ""50m water resistance"", ""A-grade lume"", ""Fluoro rubber strap"".",https://tsarbomba.com/products/tb8601?variant=45803552145664,https://cdn.shopify.com/s/files/1/0540/8145/4255/files/TB8601-o.png?v=1724663949,USD,1200,new,Orange,TSAR BOMBA WATCH Barrel Type,male,Products source-US3-Men's Watch,Dark Matter Series,1000~2000,43mm*53.5mm*14.5mm,Carbon Fiber,"https://cdn.shopify.com/s/files/1/0540/8145/4255/files/8601O-box.jpg?v=1724903554,https://cdn.shopify.com/s/files/1/0540/8145/4255/files/8601BO-3.jpg?v=1723458514","General:Movement: Japanese Movement, General: Case Material: 316L Stainless Steel, General: Bezel Material: Carbon Fiber and 316L Stainless Steel, General:Crystal: Sapphire Crystal, General: Water Resistance:50m, General: Lume: A-Grade Luminous, General: Strap Material: Fluoro Rubber.",Apparel & Accessories > Jewelry > Watches,in_stock,Automatic,717298580601,Men's Watches
113495,109230,Tsarbomba,43890233127,https://www.awin1.com/pclick.php?p=43890233127&a=3002879&m=109230,https://images2.productserve.com/?w=200&h=200&bg=white&trim=5&t=letterbox&url=ssl%3Acdn.shopify.com%2Fs%2Ffiles%2F1%2F0540%2F8145%2F4255%2Ffiles%2FLake_Blue-3_b025c884-5197-44d0-bd04-467af261fcb1.png%3Fv%3D1764408822&feedId=113495&k=42615d195176bf264231d87012841a318bea3d03,https://images2.productserve.com/?w=70&h=70&bg=white&trim=5&t=letterbox&url=ssl%3Acdn.shopify.com%2Fs%2Ffiles%2F1%2F0540%2F8145%2F4255%2Ffiles%2FLake_Blue-3_b025c884-5197-44d0-bd04-467af261fcb1.png%3Fv%3D1764408822&feedId=113495&k=42615d195176bf264231d87012841a318bea3d03,544,Men's Watches,,TSAR BOMBA WATCH,TB8218C-01LB,Watches,TB8218C-01LB,TSAR BOMBA Men's Automatic Watch | Lake Blue | Skeleton Mechanical Wristwatch | Stainless Steel Case | 5ATM Waterproof Luxury Sports Watch | Atomic TB8218,"Elevate your wrist game with the TSAR BOMBA TB8218C, a masterpiece from Atomic Series. This high-performance men's automatic watch features a sophisticated skeleton dial that showcases the precision of its Japanese Miyota 82S0 mechanical movement. Crafted with a premium 316L stainless steel tonneau-shaped case and a scratch-resistant sapphire crystal glass, it combines durability with a luxury aesthetic inspired by avant-garde supercar designs.  Key Features:  Interchangeable Design: Part of the Tsar Bomba DIY system, allowing you to easily swap bezels and straps to match your style.  Military-Grade Durability: 5ATM water resistance and high-grade fluoro-rubber strap for ultimate comfort and resilience.  Luminous Display: Features A-Level Super Luminous hands and indexes for clear reading in low-light conditions.  Precision Engineering: 21-jewel automatic movement with 40+ hours of power reserve.  Perfect as a luxury gift for men or a statement piece for watch collectors, the TB8218C is the ultimate fusion of modern technology and timeless horology.","""Barrel-shaped Interchangeable automatic watch"", ""Japanese movement"", ""316L stainless steel case"", “Ceramic bezel”, ""Sapphire crystal"", ""100m water resistance"", ""A-grade lume"", ""Fluoro rubber strap"".",https://tsarbomba.com/products/tb8218c?variant=46173759275264,https://cdn.shopify.com/s/files/1/0540/8145/4255/files/Lake_Blue-3_b025c884-5197-44d0-bd04-467af261fcb1.png?v=1764408822,USD,1099.99,new,Lake Blue,TSAR BOMBA WATCH Barrel Type,male,Products source-US3-Men's Watch,Atomic Series,1000~2000,45mm*50.4mm*13.55mm,Ceramic,"https://cdn.shopify.com/s/files/1/0540/8145/4255/files/lake_blue-2_4f25448e-6d9d-47a9-8e41-2e67b7365a88.png?v=1734571344,https://cdn.shopify.com/s/files/1/0540/8145/4255/files/lake_blue-3_aa2806a9-fa49-44eb-aa92-8891e9422700.png?v=1734571344,https://cdn.shopify.com/s/files/1/0540/8145/4255/files/Lake_Blue-4_b0877129-864b-4ce2-8220-7cbccc62f556.png?v=1764408822","General:Movement: Japanese Movement, General: Case Material: 316L Stainless Steel, General: Bezel Material: Ceramic, General:Crystal: Sapphire Crystal, General: Water Resistance:100m, General: Lume: A-Grade Luminous, General: Strap Material: Fluoro Rubber.",Apparel & Accessories > Jewelry > Watches,in_stock,Automatic,717701173178,Men's Watches
113495,109230,Tsarbomba,43890233128,https://www.awin1.com/pclick.php?p=43890233128&a=3002879&m=109230,https://images2.productserve.com/?w=200&h=200&bg=white&trim=5&t=letterbox&url=ssl%3Acdn.shopify.com%2Fs%2Ffiles%2F1%2F0540%2F8145%2F4255%2Ffiles%2F8218C.png%3Fv%3D1734571344&feedId=113495&k=a73ffe480f41ba004b5db2e872b7bbbc5cc421d9,https://images2.productserve.com/?w=70&h=70&bg=white&trim=5&t=letterbox&url=ssl%3Acdn.shopify.com%2Fs%2Ffiles%2F1%2F0540%2F8145%2F4255%2Ffiles%2F8218C.png%3Fv%3D1734571344&feedId=113495&k=a73ffe480f41ba004b5db2e872b7bbbc5cc421d9,544,Men's Watches,,TSAR BOMBA WATCH,TB8218C-01W,Watches,TB8218C-01W,TSAR BOMBA Men's Automatic Watch | White | Skeleton Mechanical Wristwatch | Stainless Steel Case | 5ATM Waterproof Luxury Sports Watch | Atomic TB8218,"Elevate your wrist game with the TSAR BOMBA TB8218C, a masterpiece from Atomic Series. This high-performance men's automatic watch features a sophisticated skeleton dial that showcases the precision of its Japanese Miyota 82S0 mechanical movement. Crafted with a premium 316L stainless steel tonneau-shaped case and a scratch-resistant sapphire crystal glass, it combines durability with a luxury aesthetic inspired by avant-garde supercar designs.  Key Features:  Interchangeable Design: Part of the Tsar Bomba DIY system, allowing you to easily swap bezels and straps to match your style.  Military-Grade Durability: 5ATM water resistance and high-grade fluoro-rubber strap for ultimate comfort and resilience.  Luminous Display: Features A-Level Super Luminous hands and indexes for clear reading in low-light conditions.  Precision Engineering: 21-jewel automatic movement with 40+ hours of power reserve.  Perfect as a luxury gift for men or a statement piece for watch collectors, the TB8218C is the ultimate fusion of modern technology and timeless horology.","""Barrel-shaped Interchangeable automatic watch"", ""Japanese movement"", ""316L stainless steel case"", “Ceramic bezel”, ""Sapphire crystal"", ""100m water resistance"", ""A-grade lume"", ""Fluoro rubber strap"".",https://tsarbomba.com/products/tb8218c?variant=45868192923904,https://cdn.shopify.com/s/files/1/0540/8145/4255/files/8218C.png?v=1734571344,USD,1099.99,new,White,TSAR BOMBA WATCH Barrel Type,male,Products source-US3-Men's Watch,Atomic Series,1000~2000,45mm*50.4mm*13.55mm,Ceramic,"https://cdn.shopify.com/s/files/1/0540/8145/4255/files/8218C-W2.jpg?v=1734571344,https://cdn.shopify.com/s/files/1/0540/8145/4255/files/8218C-W1.jpg?v=1734571344","General:Movement: Japanese Movement, General: Case Material: 316L Stainless Steel, General: Bezel Material: Ceramic, General:Crystal: Sapphire Crystal, General: Water Resistance:100m, General: Lume: A-Grade Luminous, General: Strap Material: Fluoro Rubber.",Apparel & Accessories > Jewelry > Watches,in_stock,Automatic,717298580212,Men's Watches
113495,109230,Tsarbomba,43890233129,https://www.awin1.com/pclick.php?p=43890233129&a=3002879&m=109230,https://images2.productserve.com/?w=200&h=200&bg=white&trim=5&t=letterbox&url=ssl%3Acdn.shopify.com%2Fs%2Ffiles%2F1%2F0540%2F8145%2F4255%2Ffiles%2FKlein_Blue-1.png%3Fv%3D1734330641&feedId=113495&k=92a877d8f945ab5e640a4387720ffdced5c2df11,https://images2.productserve.com/?w=70&h=70&bg=white&trim=5&t=letterbox&url=ssl%3Acdn.shopify.com%2Fs%2Ffiles%2F1%2F0540%2F8145%2F4255%2Ffiles%2FKlein_Blue-1.png%3Fv%3D1734330641&feedId=113495&k=92a877d8f945ab5e640a4387720ffdced5c2df11,544,Men's Watches,,TSAR BOMBA WATCH,TB8218C-03KB,Watches,TB8218C-03KB,TSAR BOMBA Men's Automatic Watch | Klein Blue | Skeleton Mechanical Wristwatch | Stainless Steel Case | 5ATM Waterproof Luxury Sports Watch | Atomic TB8218,"Elevate your wrist game with the TSAR BOMBA TB8218C, a masterpiece from Atomic Series. This high-performance men's automatic watch features a sophisticated skeleton dial that showcases the precision of its Japanese Miyota 82S0 mechanical movement. Crafted with a premium 316L stainless steel tonneau-shaped case and a scratch-resistant sapphire crystal glass, it combines durability with a luxury aesthetic inspired by avant-garde supercar designs.  Key Features:  Interchangeable Design: Part of the Tsar Bomba DIY system, allowing you to easily swap bezels and straps to match your style.  Military-Grade Durability: 5ATM water resistance and high-grade fluoro-rubber strap for ultimate comfort and resilience.  Luminous Display: Features A-Level Super Luminous hands and indexes for clear reading in low-light conditions.  Precision Engineering: 21-jewel automatic movement with 40+ hours of power reserve.  Perfect as a luxury gift for men or a statement piece for watch collectors, the TB8218C is the ultimate fusion of modern technology and timeless horology.","""Barrel-shaped Interchangeable automatic watch"", ""Japanese movement"", ""316L stainless steel case"", “Ceramic bezel”, ""Sapphire crystal"", ""100m water resistance"", ""A-grade lume"", ""Fluoro rubber strap"".",https://tsarbomba.com/products/tb8218c?variant=46173759308032,https://cdn.shopify.com/s/files/1/0540/8145/4255/files/Klein_Blue-1.png?v=1734330641,USD,1099.99,new,Klein Blue,TSAR BOMBA WATCH Barrel Type,male,Products source-US3-Men's Watch,Atomic Series,1000~2000,45mm*50.4mm*13.55mm,Ceramic,"https://cdn.shopify.com/s/files/1/0540/8145/4255/files/Klein_Blue-2.png?v=1734330641,https://cdn.shopify.com/s/files/1/0540/8145/4255/files/Klein_Blue-3.png?v=1734330641","General:Movement: Japanese Movement, General: Case Material: 316L Stainless Steel, General: Bezel Material: Ceramic, General:Crystal: Sapphire Crystal, General: Water Resistance:100m, General: Lume: A-Grade Luminous, General: Strap Material: Fluoro Rubber.",Apparel & Accessories > Jewelry > Watches,in_stock,Automatic,717298580304,Men's Watches
113495,109230,Tsarbomba,43890233130,https://www.awin1.com/pclick.php?p=43890233130&a=3002879&m=109230,https://images2.productserve.com/?w=200&h=200&bg=white&trim=5&t=letterbox&url=ssl%3Acdn.shopify.com%2Fs%2Ffiles%2F1%2F0540%2F8145%2F4255%2Ffiles%2F8218C-LW.png%3Fv%3D1734330641&feedId=113495&k=7c985a643c2209a836a808c9954621796cdcb4c3,https://images2.productserve.com/?w=70&h=70&bg=white&trim=5&t=letterbox&url=ssl%3Acdn.shopify.com%2Fs%2Ffiles%2F1%2F0540%2F8145%2F4255%2Ffiles%2F8218C-LW.png%3Fv%3D1734330641&feedId=113495&k=7c985a643c2209a836a808c9954621796cdcb4c3,544,Men's Watches,,TSAR BOMBA WATCH,TB8218C-06LB,Watches,TB8218C-06LB,TSAR BOMBA Men's Automatic Watch | Light Blue | Skeleton Mechanical Wristwatch | Stainless Steel Case | 5ATM Waterproof Luxury Sports Watch | Atomic TB8218,"Elevate your wrist game with the TSAR BOMBA TB8218C, a masterpiece from Atomic Series. This high-performance men's automatic watch features a sophisticated skeleton dial that showcases the precision of its Japanese Miyota 82S0 mechanical movement. Crafted with a premium 316L stainless steel tonneau-shaped case and a scratch-resistant sapphire crystal glass, it combines durability with a luxury aesthetic inspired by avant-garde supercar designs.  Key Features:  Interchangeable Design: Part of the Tsar Bomba DIY system, allowing you to easily swap bezels and straps to match your style.  Military-Grade Durability: 5ATM water resistance and high-grade fluoro-rubber strap for ultimate comfort and resilience.  Luminous Display: Features A-Level Super Luminous hands and indexes for clear reading in low-light conditions.  Precision Engineering: 21-jewel automatic movement with 40+ hours of power reserve.  Perfect as a luxury gift for men or a statement piece for watch collectors, the TB8218C is the ultimate fusion of modern technology and timeless horology.","""Barrel-shaped Interchangeable automatic watch"", ""Japanese movement"", ""316L stainless steel case"", “Ceramic bezel”, ""Sapphire crystal"", ""100m water resistance"", ""A-grade lume"", ""Fluoro rubber strap"".",https://tsarbomba.com/products/tb8218c?variant=45857511178496,https://cdn.shopify.com/s/files/1/0540/8145/4255/files/8218C-LW.png?v=1734330641,USD,1099.99,new,Light Blue,TSAR BOMBA WATCH Barrel Type,male,Products source-US3-Men's Watch,Atomic Series,1000~2000,45mm*50.4mm*13.55mm,Ceramic,"https://cdn.shopify.com/s/files/1/0540/8145/4255/files/8218C-LW2.jpg?v=1734330641,https://cdn.shopify.com/s/files/1/0540/8145/4255/files/8218C-LW1.jpg?v=1734330641","General:Movement: Japanese Movement, General: Case Material: 316L Stainless Steel, General: Bezel Material: Ceramic, General:Crystal: Sapphire Crystal, General: Water Resistance:100m, General: Lume: A-Grade Luminous, General: Strap Material: Fluoro Rubber.",Apparel & Accessories > Jewelry > Watches,in_stock,Automatic,717701173970,Men's Watches
113495,109230,Tsarbomba,43890233131,https://www.awin1.com/pclick.php?p=43890233131&a=3002879&m=109230,https://images2.productserve.com/?w=200&h=200&bg=white&trim=5&t=letterbox&url=ssl%3Acdn.shopify.com%2Fs%2Ffiles%2F1%2F0540%2F8145%2F4255%2Ffiles%2F8218C-BW.png%3Fv%3D1734330641&feedId=113495&k=b2eab7bcc46881faf38385ad682372776706b0a7,https://images2.productserve.com/?w=70&h=70&bg=white&trim=5&t=letterbox&url=ssl%3Acdn.shopify.com%2Fs%2Ffiles%2F1%2F0540%2F8145%2F4255%2Ffiles%2F8218C-BW.png%3Fv%3D1734330641&feedId=113495&k=b2eab7bcc46881faf38385ad682372776706b0a7,544,Men's Watches,,TSAR BOMBA WATCH,TB8218C-01BL,Watches,TB8218C-01BL,TSAR BOMBA Men's Automatic Watch | Blue | Skeleton Mechanical Wristwatch | Stainless Steel Case | 5ATM Waterproof Luxury Sports Watch | Atomic TB8218,"Elevate your wrist game with the TSAR BOMBA TB8218C, a masterpiece from Atomic Series. This high-performance men's automatic watch features a sophisticated skeleton dial that showcases the precision of its Japanese Miyota 82S0 mechanical movement. Crafted with a premium 316L stainless steel tonneau-shaped case and a scratch-resistant sapphire crystal glass, it combines durability with a luxury aesthetic inspired by avant-garde supercar designs.  Key Features:  Interchangeable Design: Part of the Tsar Bomba DIY system, allowing you to easily swap bezels and straps to match your style.  Military-Grade Durability: 5ATM water resistance and high-grade fluoro-rubber strap for ultimate comfort and resilience.  Luminous Display: Features A-Level Super Luminous hands and indexes for clear reading in low-light conditions.  Precision Engineering: 21-jewel automatic movement with 40+ hours of power reserve.  Perfect as a luxury gift for men or a statement piece for watch collectors, the TB8218C is the ultimate fusion of modern technology and timeless horology.","""Barrel-shaped Interchangeable automatic watch"", ""Japanese movement"", ""316L stainless steel case"", “Ceramic bezel”, ""Sapphire crystal"", ""100m water resistance"", ""A-grade lume"", ""Fluoro rubber strap"".",https://tsarbomba.com/products/tb8218c?variant=45857511080192,https://cdn.shopify.com/s/files/1/0540/8145/4255/files/8218C-BW.png?v=1734330641,USD,1099.99,new,Blue,TSAR BOMBA WATCH Barrel Type,male,Products source-US3-Men's Watch,Atomic Series,1000~2000,45mm*50.4mm*13.55mm,Ceramic,"https://cdn.shopify.com/s/files/1/0540/8145/4255/files/8218C-BW.jpg?v=1734330641,https://cdn.shopify.com/s/files/1/0540/8145/4255/files/2_67cd5c76-5240-420f-90d7-adeca53aea2b.jpg?v=1734330641","General:Movement: Japanese Movement, General: Case Material: 316L Stainless Steel, General: Bezel Material: Ceramic, General:Crystal: Sapphire Crystal, General: Water Resistance:100m, General: Lume: A-Grade Luminous, General: Strap Material: Fluoro Rubber.",Apparel & Accessories > Jewelry > Watches,in_stock,Automatic,717298580335,Men's Watches
113495,109230,Tsarbomba,43890233132,https://www.awin1.com/pclick.php?p=43890233132&a=3002879&m=109230,https://images2.productserve.com/?w=200&h=200&bg=white&trim=5&t=letterbox&url=ssl%3Acdn.shopify.com%2Fs%2Ffiles%2F1%2F0540%2F8145%2F4255%2Ffiles%2F8218C-WB.png%3Fv%3D1734330641&feedId=113495&k=0a5f98fb888d43fed6202f2ee1df7ff8d8f0d3ee,https://images2.productserve.com/?w=70&h=70&bg=white&trim=5&t=letterbox&url=ssl%3Acdn.shopify.com%2Fs%2Ffiles%2F1%2F0540%2F8145%2F4255%2Ffiles%2F8218C-WB.png%3Fv%3D1734330641&feedId=113495&k=0a5f98fb888d43fed6202f2ee1df7ff8d8f0d3ee,544,Men's Watches,,TSAR BOMBA WATCH,TB8218C-01WB,Watches,TB8218C-01WB,TSAR BOMBA Men's Automatic Watch | White Blue | Skeleton Mechanical Wristwatch | Stainless Steel Case | 5ATM Waterproof Luxury Sports Watch | Atomic TB8218,"Elevate your wrist game with the TSAR BOMBA TB8218C, a masterpiece from Atomic Series. This high-performance men's automatic watch features a sophisticated skeleton dial that showcases the precision of its Japanese Miyota 82S0 mechanical movement. Crafted with a premium 316L stainless steel tonneau-shaped case and a scratch-resistant sapphire crystal glass, it combines durability with a luxury aesthetic inspired by avant-garde supercar designs.  Key Features:  Interchangeable Design: Part of the Tsar Bomba DIY system, allowing you to easily swap bezels and straps to match your style.  Military-Grade Durability: 5ATM water resistance and high-grade fluoro-rubber strap for ultimate comfort and resilience.  Luminous Display: Features A-Level Super Luminous hands and indexes for clear reading in low-light conditions.  Precision Engineering: 21-jewel automatic movement with 40+ hours of power reserve.  Perfect as a luxury gift for men or a statement piece for watch collectors, the TB8218C is the ultimate fusion of modern technology and timeless horology.","""Barrel-shaped Interchangeable automatic watch"", ""Japanese movement"", ""316L stainless steel case"", “Ceramic bezel”, ""Sapphire crystal"", ""100m water resistance"", ""A-grade lume"", ""Fluoro rubber strap"".",https://tsarbomba.com/products/tb8218c?variant=45857510981888,https://cdn.shopify.com/s/files/1/0540/8145/4255/files/8218C-WB.png?v=1734330641,USD,1099.99,new,White Blue,TSAR BOMBA WATCH Barrel Type,male,Products source-US3-Men's Watch,Atomic Series,1000~2000,45mm*50.4mm*13.55mm,Ceramic,"https://cdn.shopify.com/s/files/1/0540/8145/4255/files/8218C-WB.jpg?v=1736736370,https://cdn.shopify.com/s/files/1/0540/8145/4255/files/8_d3da4f0c-8c16-4065-8a9b-6ee539663428.jpg?v=1736736370","General:Movement: Japanese Movement, General: Case Material: 316L Stainless Steel, General: Bezel Material: Ceramic, General:Crystal: Sapphire Crystal, General: Water Resistance:100m, General: Lume: A-Grade Luminous, General: Strap Material: Fluoro Rubber.",Apparel & Accessories > Jewelry > Watches,in_stock,Automatic,717701174045,Men's Watches
113495,109230,Tsarbomba,43890233133,https://www.awin1.com/pclick.php?p=43890233133&a=3002879&m=109230,https://images2.productserve.com/?w=200&h=200&bg=white&trim=5&t=letterbox&url=ssl%3Acdn.shopify.com%2Fs%2Ffiles%2F1%2F0540%2F8145%2F4255%2Ffiles%2F8218C-G.png%3Fv%3D1736736370&feedId=113495&k=ea9f8ef4f7dc3afecfd7e3becea37bbc3897ce5e,https://images2.productserve.com/?w=70&h=70&bg=white&trim=5&t=letterbox&url=ssl%3Acdn.shopify.com%2Fs%2Ffiles%2F1%2F0540%2F8145%2F4255%2Ffiles%2F8218C-G.png%3Fv%3D1736736370&feedId=113495&k=ea9f8ef4f7dc3afecfd7e3becea37bbc3897ce5e,544,Men's Watches,,TSAR BOMBA WATCH,TB8218C-01G,Watches,TB8218C-01G,TSAR BOMBA Men's Automatic Watch | Grey Red | Skeleton Mechanical Wristwatch | Stainless Steel Case | 5ATM Waterproof Luxury Sports Watch | Atomic TB8218,"Elevate your wrist game with the TSAR BOMBA TB8218C, a masterpiece from Atomic Series. This high-performance men's automatic watch features a sophisticated skeleton dial that showcases the precision of its Japanese Miyota 82S0 mechanical movement. Crafted with a premium 316L stainless steel tonneau-shaped case and a scratch-resistant sapphire crystal glass, it combines durability with a luxury aesthetic inspired by avant-garde supercar designs.  Key Features:  Interchangeable Design: Part of the Tsar Bomba DIY system, allowing you to easily swap bezels and straps to match your style.  Military-Grade Durability: 5ATM water resistance and high-grade fluoro-rubber strap for ultimate comfort and resilience.  Luminous Display: Features A-Level Super Luminous hands and indexes for clear reading in low-light conditions.  Precision Engineering: 21-jewel automatic movement with 40+ hours of power reserve.  Perfect as a luxury gift for men or a statement piece for watch collectors, the TB8218C is the ultimate fusion of modern technology and timeless horology.","""Barrel-shaped Interchangeable automatic watch"", ""Japanese movement"", ""316L stainless steel case"", “Ceramic bezel”, ""Sapphire crystal"", ""100m water resistance"", ""A-grade lume"", ""Fluoro rubber strap"".",https://tsarbomba.com/products/tb8218c?variant=45857510949120,https://cdn.shopify.com/s/files/1/0540/8145/4255/files/8218C-G.png?v=1736736370,USD,1099.99,new,Grey Red,TSAR BOMBA WATCH Barrel Type,male,Products source-US3-Men's Watch,Atomic Series,1000~2000,45mm*50.4mm*13.55mm,Ceramic,"https://cdn.shopify.com/s/files/1/0540/8145/4255/files/8218C-G.jpg?v=1736736370,https://cdn.shopify.com/s/files/1/0540/8145/4255/files/7_b56b206d-f68a-464f-9f78-4c734704b6e3.jpg?v=1736736370","General:Movement: Japanese Movement, General: Case Material: 316L Stainless Steel, General: Bezel Material: Ceramic, General:Crystal: Sapphire Crystal, General: Water Resistance:100m, General: Lume: A-Grade Luminous, General: Strap Material: Fluoro Rubber.",Apparel & Accessories > Jewelry > Watches,in_stock,Automatic,717298580366,Men's Watches
113495,109230,Tsarbomba,43890233134,https://www.awin1.com/pclick.php?p=43890233134&a=3002879&m=109230,https://images2.productserve.com/?w=200&h=200&bg=white&trim=5&t=letterbox&url=ssl%3Acdn.shopify.com%2Fs%2Ffiles%2F1%2F0540%2F8145%2F4255%2Ffiles%2FTB8218c-green.png%3Fv%3D1773633413&feedId=113495&k=0cd440a521b8f5187dc8a09aa8fb5ac8a113e14b,https://images2.productserve.com/?w=70&h=70&bg=white&trim=5&t=letterbox&url=ssl%3Acdn.shopify.com%2Fs%2Ffiles%2F1%2F0540%2F8145%2F4255%2Ffiles%2FTB8218c-green.png%3Fv%3D1773633413&feedId=113495&k=0cd440a521b8f5187dc8a09aa8fb5ac8a113e14b,544,Men's Watches,,TSAR BOMBA WATCH,TB8218C-03G,Watches,TB8218C-03G,TSAR BOMBA Men's Automatic Watch | Green | Skeleton Mechanical Wristwatch | Stainless Steel Case | 5ATM Waterproof Luxury Sports Watch | Atomic TB8218,"Elevate your wrist game with the TSAR BOMBA TB8218C, a masterpiece from Atomic Series. This high-performance men's automatic watch features a sophisticated skeleton dial that showcases the precision of its Japanese Miyota 82S0 mechanical movement. Crafted with a premium 316L stainless steel tonneau-shaped case and a scratch-resistant sapphire crystal glass, it combines durability with a luxury aesthetic inspired by avant-garde supercar designs.  Key Features:  Interchangeable Design: Part of the Tsar Bomba DIY system, allowing you to easily swap bezels and straps to match your style.  Military-Grade Durability: 5ATM water resistance and high-grade fluoro-rubber strap for ultimate comfort and resilience.  Luminous Display: Features A-Level Super Luminous hands and indexes for clear reading in low-light conditions.  Precision Engineering: 21-jewel automatic movement with 40+ hours of power reserve.  Perfect as a luxury gift for men or a statement piece for watch collectors, the TB8218C is the ultimate fusion of modern technology and timeless horology.","""Barrel-shaped Interchangeable automatic watch"", ""Japanese movement"", ""316L stainless steel case"", “Ceramic bezel”, ""Sapphire crystal"", ""100m water resistance"", ""A-grade lume"", ""Fluoro rubber strap"".",https://tsarbomba.com/products/tb8218c?variant=45857511112960,https://cdn.shopify.com/s/files/1/0540/8145/4255/files/TB8218c-green.png?v=1773633413,USD,1099.99,new,Green,TSAR BOMBA WATCH Barrel Type,male,Products source-US3-Men's Watch,Atomic Series,1000~2000,45mm*50.4mm*13.55mm,Ceramic,"https://cdn.shopify.com/s/files/1/0540/8145/4255/files/8218C-GB.jpg?v=1736736370,https://cdn.shopify.com/s/files/1/0540/8145/4255/files/3_99377b9c-33a2-47b9-89e3-a8b18017d2cc.jpg?v=1736736370,https://cdn.shopify.com/s/files/1/0540/8145/4255/files/8218C-Green_cd65b45f-9792-4e5b-a45e-5f9fe6b2e7f9.png?v=1764408822","General:Movement: Japanese Movement, General: Case Material: 316L Stainless Steel, General: Bezel Material: Ceramic, General:Crystal: Sapphire Crystal, General: Water Resistance:100m, General: Lume: A-Grade Luminous, General: Strap Material: Fluoro Rubber.",Apparel & Accessories > Jewelry > Watches,in_stock,Automatic,717298580397,Men's Watches
113495,109230,Tsarbomba,43890233135,https://www.awin1.com/pclick.php?p=43890233135&a=3002879&m=109230,https://images2.productserve.com/?w=200&h=200&bg=white&trim=5&t=letterbox&url=ssl%3Acdn.shopify.com%2Fs%2Ffiles%2F1%2F0540%2F8145%2F4255%2Ffiles%2FTB8218c-Dark_Green.png%3Fv%3D1764408822&feedId=113495&k=2d1b0bf6320be6bc6b19697e47ee2be2bed95375,https://images2.productserve.com/?w=70&h=70&bg=white&trim=5&t=letterbox&url=ssl%3Acdn.shopify.com%2Fs%2Ffiles%2F1%2F0540%2F8145%2F4255%2Ffiles%2FTB8218c-Dark_Green.png%3Fv%3D1764408822&feedId=113495&k=2d1b0bf6320be6bc6b19697e47ee2be2bed95375,544,Men's Watches,,TSAR BOMBA WATCH,TB8218C-01DG,Watches,TB8218C-01DG,TSAR BOMBA Men's Automatic Watch | Dark Green & Yellow | Skeleton Mechanical Wristwatch | Stainless Steel Case | 5ATM Waterproof Luxury Sports Watch | Atomic TB8218,"Elevate your wrist game with the TSAR BOMBA TB8218C, a masterpiece from Atomic Series. This high-performance men's automatic watch features a sophisticated skeleton dial that showcases the precision of its Japanese Miyota 82S0 mechanical movement. Crafted with a premium 316L stainless steel tonneau-shaped case and a scratch-resistant sapphire crystal glass, it combines durability with a luxury aesthetic inspired by avant-garde supercar designs.  Key Features:  Interchangeable Design: Part of the Tsar Bomba DIY system, allowing you to easily swap bezels and straps to match your style.  Military-Grade Durability: 5ATM water resistance and high-grade fluoro-rubber strap for ultimate comfort and resilience.  Luminous Display: Features A-Level Super Luminous hands and indexes for clear reading in low-light conditions.  Precision Engineering: 21-jewel automatic movement with 40+ hours of power reserve.  Perfect as a luxury gift for men or a statement piece for watch collectors, the TB8218C is the ultimate fusion of modern technology and timeless horology.","""Barrel-shaped Interchangeable automatic watch"", ""Japanese movement"", ""316L stainless steel case"", “Ceramic bezel”, ""Sapphire crystal"", ""100m water resistance"", ""A-grade lume"", ""Fluoro rubber strap"".",https://tsarbomba.com/products/tb8218c?variant=45857511047424,https://cdn.shopify.com/s/files/1/0540/8145/4255/files/TB8218c-Dark_Green.png?v=1764408822,USD,1099.99,new,Dark Green,TSAR BOMBA WATCH Barrel Type,male,Products source-US3-Men's Watch,Atomic Series,1000~2000,45mm*50.4mm*13.55mm,Ceramic,"https://cdn.shopify.com/s/files/1/0540/8145/4255/files/8218C-DGY.jpg?v=1736736370,https://cdn.shopify.com/s/files/1/0540/8145/4255/files/4_816dbb09-80d5-4465-9092-b2bf10ea3d8b.jpg?v=1736736370","General:Movement: Japanese Movement, General: Case Material: 316L Stainless Steel, General: Bezel Material: Ceramic, General:Crystal: Sapphire Crystal, General: Water Resistance:100m, General: Lume: A-Grade Luminous, General: Strap Material: Fluoro Rubber.",Apparel & Accessories > Jewelry > Watches,in_stock,Automatic,717701174007,Men's Watches
113495,109230,Tsarbomba,43890233136,https://www.awin1.com/pclick.php?p=43890233136&a=3002879&m=109230,https://images2.productserve.com/?w=200&h=200&bg=white&trim=5&t=letterbox&url=ssl%3Acdn.shopify.com%2Fs%2Ffiles%2F1%2F0540%2F8145%2F4255%2Ffiles%2FTB8605-5-3.png%3Fv%3D1737342263&feedId=113495&k=86c7e2ff34dc2e1fbb12dcb0d2d8810624a3de4d,https://images2.productserve.com/?w=70&h=70&bg=white&trim=5&t=letterbox&url=ssl%3Acdn.shopify.com%2Fs%2Ffiles%2F1%2F0540%2F8145%2F4255%2Ffiles%2FTB8605-5-3.png%3Fv%3D1737342263&feedId=113495&k=86c7e2ff34dc2e1fbb12dcb0d2d8810624a3de4d,544,Men's Watches,,TSAR BOMBA WATCH,TB8605-05,Watches,TB8605-05,Tsar Bomba Men's Automatic Watch | Green | 42.8mm Carbon Fiber Case | Men's Luxury Timepiece | Dark Matter 5 | TB8605,"Experience precision and bold design with the Tsar Bomba Dark Matter 5 Automatic Watch (TB8605). This men's mechanical timepiece features a 42.8mm carbon fiber and stainless steel case with a sapphire crystal, reliable Citizen Miyota automatic movement, and 5ATM water resistance, ideal for daily wear. Engineered with luminous hands, skeleton dial, quick-release strap system, and versatile styling for casual and formal looks, this luxury automatic watch blends durability and refined craftsmanship. Compatible with multiple strap colors. Free worldwide shipping and 2-year warranty.","""Barrel-shaped automatic watch"", ""Japanese movement"", ""316L stainless steel case"", “Carbon Fiber bezel”, ""Sapphire crystal"", ""50m water resistance"", ""A-grade lume"", ""Fluoro rubber strap"".",https://tsarbomba.com/products/tb8605?variant=46304946815232,https://cdn.shopify.com/s/files/1/0540/8145/4255/files/TB8605-5-3.png?v=1737342263,USD,749.99,new,Green,TSAR BOMBA WATCH Barrel Type,male,Products source-US3-Men's Watch,Dark Matter Series,500~1000,42.8mm*53.5mm*14.5mm,Carbon Fiber,"https://cdn.shopify.com/s/files/1/0540/8145/4255/files/8605G-1.jpg?v=1744096244,https://cdn.shopify.com/s/files/1/0540/8145/4255/files/8605-G.jpg?v=1744096244","General:Movement: Japanese Movement, General: Case Material: 316L Stainless Steel, General: Bezel Material: Carbon Fiber, General:Crystal: Sapphire Crystal, General: Water Resistance:50m, General: Lume: A-Grade Luminous, General: Strap Material: Fluoro Rubber.",Apparel & Accessories > Jewelry > Watches,in_stock,Automatic,717701173048,Men's Watches
113495,109230,Tsarbomba,43890233137,https://www.awin1.com/pclick.php?p=43890233137&a=3002879&m=109230,https://images2.productserve.com/?w=200&h=200&bg=white&trim=5&t=letterbox&url=ssl%3Acdn.shopify.com%2Fs%2Ffiles%2F1%2F0540%2F8145%2F4255%2Ffiles%2FTB8605-3-4.png%3Fv%3D1760174094&feedId=113495&k=c914fa6891faeba5670e2e0a3e044f0e7db4f5b4,https://images2.productserve.com/?w=70&h=70&bg=white&trim=5&t=letterbox&url=ssl%3Acdn.shopify.com%2Fs%2Ffiles%2F1%2F0540%2F8145%2F4255%2Ffiles%2FTB8605-3-4.png%3Fv%3D1760174094&feedId=113495&k=c914fa6891faeba5670e2e0a3e044f0e7db4f5b4,544,Men's Watches,,TSAR BOMBA WATCH,TB8605-03,Watches,TB8605-03,Tsar Bomba Men's Automatic Watch | Orange | 42.8mm Carbon Fiber Case | Men's Luxury Timepiece | Dark Matter 5 | TB8605,"Experience precision and bold design with the Tsar Bomba Dark Matter 5 Automatic Watch (TB8605). This men's mechanical timepiece features a 42.8mm carbon fiber and stainless steel case with a sapphire crystal, reliable Citizen Miyota automatic movement, and 5ATM water resistance, ideal for daily wear. Engineered with luminous hands, skeleton dial, quick-release strap system, and versatile styling for casual and formal looks, this luxury automatic watch blends durability and refined craftsmanship. Compatible with multiple strap colors. Free worldwide shipping and 2-year warranty.","""Barrel-shaped automatic watch"", ""Japanese movement"", ""316L stainless steel case"", “Carbon Fiber bezel”, ""Sapphire crystal"", ""50m water resistance"", ""A-grade lume"", ""Fluoro rubber strap"".",https://tsarbomba.com/products/tb8605?variant=46304962216192,https://cdn.shopify.com/s/files/1/0540/8145/4255/files/TB8605-3-4.png?v=1760174094,USD,749.99,new,Orange,TSAR BOMBA WATCH Barrel Type,male,Products source-US3-Men's Watch,Dark Matter Series,500~1000,42.8mm*53.5mm*14.5mm,Carbon Fiber,"https://cdn.shopify.com/s/files/1/0540/8145/4255/files/8605O-1.jpg?v=1759132628,https://cdn.shopify.com/s/files/1/0540/8145/4255/files/8605-O.jpg?v=1759132628,https://cdn.shopify.com/s/files/1/0540/8145/4255/files/TB8605-3-3.png?v=1759132628","General:Movement: Japanese Movement, General: Case Material: 316L Stainless Steel, General: Bezel Material: Carbon Fiber, General:Crystal: Sapphire Crystal, General: Water Resistance:50m, General: Lume: A-Grade Luminous, General: Strap Material: Fluoro Rubber.",Apparel & Accessories > Jewelry > Watches,in_stock,Automatic,717701173062,Men's Watches
113495,109230,Tsarbomba,43890233138,https://www.awin1.com/pclick.php?p=43890233138&a=3002879&m=109230,https://images2.productserve.com/?w=200&h=200&bg=white&trim=5&t=letterbox&url=ssl%3Acdn.shopify.com%2Fs%2Ffiles%2F1%2F0540%2F8145%2F4255%2Ffiles%2FTB8605-2-3.png%3Fv%3D1759132628&feedId=113495&k=8b99f2ef6b429f0b5648fe3bf5175e132c004a6b,https://images2.productserve.com/?w=70&h=70&bg=white&trim=5&t=letterbox&url=ssl%3Acdn.shopify.com%2Fs%2Ffiles%2F1%2F0540%2F8145%2F4255%2Ffiles%2FTB8605-2-3.png%3Fv%3D1759132628&feedId=113495&k=8b99f2ef6b429f0b5648fe3bf5175e132c004a6b,544,Men's Watches,,TSAR BOMBA WATCH,TB8605-02,Watches,TB8605-02,Tsar Bomba Men's Automatic Watch | Blue | 42.8mm Carbon Fiber Case | Men's Luxury Timepiece | Dark Matter 5 | TB8605,"Experience precision and bold design with the Tsar Bomba Dark Matter 5 Automatic Watch (TB8605). This men's mechanical timepiece features a 42.8mm carbon fiber and stainless steel case with a sapphire crystal, reliable Citizen Miyota automatic movement, and 5ATM water resistance, ideal for daily wear. Engineered with luminous hands, skeleton dial, quick-release strap system, and versatile styling for casual and formal looks, this luxury automatic watch blends durability and refined craftsmanship. Compatible with multiple strap colors. Free worldwide shipping and 2-year warranty.","""Barrel-shaped automatic watch"", ""Japanese movement"", ""316L stainless steel case"", “Carbon Fiber bezel”, ""Sapphire crystal"", ""50m water resistance"", ""A-grade lume"", ""Fluoro rubber strap"".",https://tsarbomba.com/products/tb8605?variant=46304962183424,https://cdn.shopify.com/s/files/1/0540/8145/4255/files/TB8605-2-3.png?v=1759132628,USD,749.99,new,Blue,TSAR BOMBA WATCH Barrel Type,male,Products source-US3-Men's Watch,Dark Matter Series,500~1000,42.8mm*53.5mm*14.5mm,Carbon Fiber,"https://cdn.shopify.com/s/files/1/0540/8145/4255/files/8605BBL-1.jpg?v=1759132628,https://cdn.shopify.com/s/files/1/0540/8145/4255/files/8605-BL.jpg?v=1759132628","General:Movement: Japanese Movement, General: Case Material: 316L Stainless Steel, General: Bezel Material: Carbon Fiber, General:Crystal: Sapphire Crystal, General: Water Resistance:50m, General: Lume: A-Grade Luminous, General: Strap Material: Fluoro Rubber.",Apparel & Accessories > Jewelry > Watches,in_stock,Automatic,717701173079,Men's Watches
113495,109230,Tsarbomba,43890233139,https://www.awin1.com/pclick.php?p=43890233139&a=3002879&m=109230,https://images2.productserve.com/?w=200&h=200&bg=white&trim=5&t=letterbox&url=ssl%3Acdn.shopify.com%2Fs%2Ffiles%2F1%2F0540%2F8145%2F4255%2Ffiles%2FTB8605-4-3.png%3Fv%3D1759132628&feedId=113495&k=6bf96676f5fa51568ec980cf2990e114bb74ccc0,https://images2.productserve.com/?w=70&h=70&bg=white&trim=5&t=letterbox&url=ssl%3Acdn.shopify.com%2Fs%2Ffiles%2F1%2F0540%2F8145%2F4255%2Ffiles%2FTB8605-4-3.png%3Fv%3D1759132628&feedId=113495&k=6bf96676f5fa51568ec980cf2990e114bb74ccc0,544,Men's Watches,,TSAR BOMBA WATCH,TB8605-04,Watches,TB8605-04,Tsar Bomba Men's Automatic Watch | Black | 42.8mm Carbon Fiber Case | Men's Luxury Timepiece | Dark Matter 5 | TB8605,"Experience precision and bold design with the Tsar Bomba Dark Matter 5 Automatic Watch (TB8605). This men's mechanical timepiece features a 42.8mm carbon fiber and stainless steel case with a sapphire crystal, reliable Citizen Miyota automatic movement, and 5ATM water resistance, ideal for daily wear. Engineered with luminous hands, skeleton dial, quick-release strap system, and versatile styling for casual and formal looks, this luxury automatic watch blends durability and refined craftsmanship. Compatible with multiple strap colors. Free worldwide shipping and 2-year warranty.","""Barrel-shaped automatic watch"", ""Japanese movement"", ""316L stainless steel case"", “Carbon Fiber bezel”, ""Sapphire crystal"", ""50m water resistance"", ""A-grade lume"", ""Fluoro rubber strap"".",https://tsarbomba.com/products/tb8605?variant=46304946848000,https://cdn.shopify.com/s/files/1/0540/8145/4255/files/TB8605-4-3.png?v=1759132628,USD,749.99,new,Black,TSAR BOMBA WATCH Barrel Type,male,Products source-US3-Men's Watch,Dark Matter Series,500~1000,42.8mm*53.5mm*14.5mm,Carbon Fiber,"https://cdn.shopify.com/s/files/1/0540/8145/4255/files/8605BBK-1.jpg?v=1759132628,https://cdn.shopify.com/s/files/1/0540/8145/4255/files/8605-BK.jpg?v=1759132628","General:Movement: Japanese Movement, General: Case Material: 316L Stainless Steel, General: Bezel Material: Carbon Fiber, General:Crystal: Sapphire Crystal, General: Water Resistance:50m, General: Lume: A-Grade Luminous, General: Strap Material: Fluoro Rubber.",Apparel & Accessories > Jewelry > Watches,in_stock,Automatic,717701173055,Men's Watches
113495,109230,Tsarbomba,43890233140,https://www.awin1.com/pclick.php?p=43890233140&a=3002879&m=109230,https://images2.productserve.com/?w=200&h=200&bg=white&trim=5&t=letterbox&url=ssl%3Acdn.shopify.com%2Fs%2Ffiles%2F1%2F0540%2F8145%2F4255%2Ffiles%2FTB8605-1-3.png%3Fv%3D1759132628&feedId=113495&k=d86d09bd5615951e474f3b48e4cfcdfaa174b637,https://images2.productserve.com/?w=70&h=70&bg=white&trim=5&t=letterbox&url=ssl%3Acdn.shopify.com%2Fs%2Ffiles%2F1%2F0540%2F8145%2F4255%2Ffiles%2FTB8605-1-3.png%3Fv%3D1759132628&feedId=113495&k=d86d09bd5615951e474f3b48e4cfcdfaa174b637,544,Men's Watches,,TSAR BOMBA WATCH,TB8605-01,Watches,TB8605-01,Tsar Bomba Men's Automatic Watch | Red | 42.8mm Carbon Fiber Case | Men's Luxury Timepiece | Dark Matter 5 | TB8605,"Experience precision and bold design with the Tsar Bomba Dark Matter 5 Automatic Watch (TB8605). This men's mechanical timepiece features a 42.8mm carbon fiber and stainless steel case with a sapphire crystal, reliable Citizen Miyota automatic movement, and 5ATM water resistance, ideal for daily wear. Engineered with luminous hands, skeleton dial, quick-release strap system, and versatile styling for casual and formal looks, this luxury automatic watch blends durability and refined craftsmanship. Compatible with multiple strap colors. Free worldwide shipping and 2-year warranty.","""Barrel-shaped automatic watch"", ""Japanese movement"", ""316L stainless steel case"", “Carbon Fiber bezel”, ""Sapphire crystal"", ""50m water resistance"", ""A-grade lume"", ""Fluoro rubber strap"".",https://tsarbomba.com/products/tb8605?variant=46304962150656,https://cdn.shopify.com/s/files/1/0540/8145/4255/files/TB8605-1-3.png?v=1759132628,USD,749.99,new,Red,TSAR BOMBA WATCH Barrel Type,male,Products source-US3-Men's Watch,Dark Matter Series,500~1000,42.8mm*53.5mm*14.5mm,Carbon Fiber,"https://cdn.shopify.com/s/files/1/0540/8145/4255/files/8605R-1.jpg?v=1759132628,https://cdn.shopify.com/s/files/1/0540/8145/4255/files/8605-R.jpg?v=1759132628","General:Movement: Japanese Movement, General: Case Material: 316L Stainless Steel, General: Bezel Material: Carbon Fiber, General:Crystal: Sapphire Crystal, General: Water Resistance:50m, General: Lume: A-Grade Luminous, General: Strap Material: Fluoro Rubber.",Apparel & Accessories > Jewelry > Watches,in_stock,Automatic,717701173086,Men's Watches
113495,109230,Tsarbomba,43890233141,https://www.awin1.com/pclick.php?p=43890233141&a=3002879&m=109230,https://images2.productserve.com/?w=200&h=200&bg=white&trim=5&t=letterbox&url=ssl%3Acdn.shopify.com%2Fs%2Ffiles%2F1%2F0540%2F8145%2F4255%2Ffiles%2FTB8222C-04-03.png%3Fv%3D1758356467&feedId=113495&k=7cd0c3a4864e3b2663ba7b372409818ff1feb7e2,https://images2.productserve.com/?w=70&h=70&bg=white&trim=5&t=letterbox&url=ssl%3Acdn.shopify.com%2Fs%2Ffiles%2F1%2F0540%2F8145%2F4255%2Ffiles%2FTB8222C-04-03.png%3Fv%3D1758356467&feedId=113495&k=7cd0c3a4864e3b2663ba7b372409818ff1feb7e2,544,Men's Watches,,TSAR BOMBA WATCH,TB8222-04,Watches,TB8222-04,Tsar Bomba Men's Ceramic Automatic Watch | Gray | 45mm | Miyota 9100 Movement | Men's Luxury Timepiece | Atomic-Full TB8222,"The Tsar Bomba Atomic Full Ceramic Edition TB8222C men's automatic watch blends premium craftsmanship and cutting-edge design. Featuring a 45mm full ceramic case and bezel with sapphire crystal glass, this luxury mechanical timepiece showcases a skeleton dial with multi-function subdials for day, month, and power reserve. Powered by the reliable Miyota 9100 automatic movement, it offers precise timekeeping and durability. With 5 ATM water resistance, luminous hands, and a modern aesthetic for both formal and casual wear, this ceramic automatic watch combines elegance with everyday performance.","""Barrel-shaped automatic watch"", ""Japanese movement"", ""Ceramic case"", “Ceramic bezel”, ""Sapphire crystal"", ""50m water resistance"", ""A-grade lume"", ""Fluoro rubber strap"".",https://tsarbomba.com/products/tb8222c?variant=46712862146816,https://cdn.shopify.com/s/files/1/0540/8145/4255/files/TB8222C-04-03.png?v=1758356467,USD,2000,new,Gray,TSAR BOMBA WATCH Barrel Type,male,Products source-US3-Men's Watch,Atomic Series,2000,45mm*50.5mm*15.5mm,Ceramic,"https://cdn.shopify.com/s/files/1/0540/8145/4255/files/TB8222C-04-04.png?v=1758356467,https://cdn.shopify.com/s/files/1/0540/8145/4255/files/TB8222C-04-02.png?v=1758356467","General:Movement: Japanese Movement, General: Case Material: Ceramic, General: Bezel Material: Ceramic, General:Crystal: Sapphire Crystal, General: Water Resistance:50m, General: Lume: A-Grade Luminous, General: Strap Material: Fluoro Rubber.",Apparel & Accessories > Jewelry > Watches,in_stock,Automatic,717710039458,Men's Watches
113495,109230,Tsarbomba,43890233142,https://www.awin1.com/pclick.php?p=43890233142&a=3002879&m=109230,https://images2.productserve.com/?w=200&h=200&bg=white&trim=5&t=letterbox&url=ssl%3Acdn.shopify.com%2Fs%2Ffiles%2F1%2F0540%2F8145%2F4255%2Ffiles%2FTB8222C-02-03.png%3Fv%3D1758356467&feedId=113495&k=a64c4d5cd641e379d5502399d5d6691208062f61,https://images2.productserve.com/?w=70&h=70&bg=white&trim=5&t=letterbox&url=ssl%3Acdn.shopify.com%2Fs%2Ffiles%2F1%2F0540%2F8145%2F4255%2Ffiles%2FTB8222C-02-03.png%3Fv%3D1758356467&feedId=113495&k=a64c4d5cd641e379d5502399d5d6691208062f61,544,Men's Watches,,TSAR BOMBA WATCH,TB8222-02,Watches,TB8222-02,Tsar Bomba Men's Ceramic Automatic Watch | Blue | 45mm | Miyota 9100 Movement | Men's Luxury Timepiece | Atomic-Full TB8222,"The Tsar Bomba Atomic Full Ceramic Edition TB8222C men's automatic watch blends premium craftsmanship and cutting-edge design. Featuring a 45mm full ceramic case and bezel with sapphire crystal glass, this luxury mechanical timepiece showcases a skeleton dial with multi-function subdials for day, month, and power reserve. Powered by the reliable Miyota 9100 automatic movement, it offers precise timekeeping and durability. With 5 ATM water resistance, luminous hands, and a modern aesthetic for both formal and casual wear, this ceramic automatic watch combines elegance with everyday performance.","""Barrel-shaped automatic watch"", ""Japanese movement"", ""Ceramic case"", “Ceramic bezel”, ""Sapphire crystal"", ""50m water resistance"", ""A-grade lume"", ""Fluoro rubber strap"".",https://tsarbomba.com/products/tb8222c?variant=46712862114048,https://cdn.shopify.com/s/files/1/0540/8145/4255/files/TB8222C-02-03.png?v=1758356467,USD,2000,new,Blue,TSAR BOMBA WATCH Barrel Type,male,Products source-US3-Men's Watch,Atomic Series,2000,45mm*50.5mm*15.5mm,Ceramic,"https://cdn.shopify.com/s/files/1/0540/8145/4255/files/TB8222C-02-04.png?v=1758356467,https://cdn.shopify.com/s/files/1/0540/8145/4255/files/TB8222C-02-02.png?v=1758356467","General:Movement: Japanese Movement, General: Case Material: Ceramic, General: Bezel Material: Ceramic, General:Crystal: Sapphire Crystal, General: Water Resistance:50m, General: Lume: A-Grade Luminous, General: Strap Material: Fluoro Rubber.",Apparel & Accessories > Jewelry > Watches,in_stock,Automatic,717710039434,Men's Watches
113495,109230,Tsarbomba,43890233143,https://www.awin1.com/pclick.php?p=43890233143&a=3002879&m=109230,https://images2.productserve.com/?w=200&h=200&bg=white&trim=5&t=letterbox&url=ssl%3Acdn.shopify.com%2Fs%2Ffiles%2F1%2F0540%2F8145%2F4255%2Ffiles%2FTB8222C-01-03.png%3Fv%3D1758356467&feedId=113495&k=f4378adefcef6bc1467275abd29681e993c2ea05,https://images2.productserve.com/?w=70&h=70&bg=white&trim=5&t=letterbox&url=ssl%3Acdn.shopify.com%2Fs%2Ffiles%2F1%2F0540%2F8145%2F4255%2Ffiles%2FTB8222C-01-03.png%3Fv%3D1758356467&feedId=113495&k=f4378adefcef6bc1467275abd29681e993c2ea05,544,Men's Watches,,TSAR BOMBA WATCH,TB8222-01,Watches,TB8222-01,Tsar Bomba Men's Ceramic Automatic Watch | White | 45mm | Miyota 9100 Movement | Men's Luxury Timepiece | Atomic-Full TB8222,"The Tsar Bomba Atomic Full Ceramic Edition TB8222C men's automatic watch blends premium craftsmanship and cutting-edge design. Featuring a 45mm full ceramic case and bezel with sapphire crystal glass, this luxury mechanical timepiece showcases a skeleton dial with multi-function subdials for day, month, and power reserve. Powered by the reliable Miyota 9100 automatic movement, it offers precise timekeeping and durability. With 5 ATM water resistance, luminous hands, and a modern aesthetic for both formal and casual wear, this ceramic automatic watch combines elegance with everyday performance.","""Barrel-shaped automatic watch"", ""Japanese movement"", ""Ceramic case"", “Ceramic bezel”, ""Sapphire crystal"", ""50m water resistance"", ""A-grade lume"", ""Fluoro rubber strap"".",https://tsarbomba.com/products/tb8222c?variant=46712862179584,https://cdn.shopify.com/s/files/1/0540/8145/4255/files/TB8222C-01-03.png?v=1758356467,USD,2000,new,White,TSAR BOMBA WATCH Barrel Type,male,Products source-US3-Men's Watch,Atomic Series,2000,45mm*50.5mm*15.5mm,Ceramic,"https://cdn.shopify.com/s/files/1/0540/8145/4255/files/TB8222C-01-04.png?v=1758356467,https://cdn.shopify.com/s/files/1/0540/8145/4255/files/TB8222C-01-02.png?v=1758356467","General:Movement: Japanese Movement, General: Case Material: Ceramic, General: Bezel Material: Ceramic, General:Crystal: Sapphire Crystal, General: Water Resistance:50m, General: Lume: A-Grade Luminous, General: Strap Material: Fluoro Rubber.",Apparel & Accessories > Jewelry > Watches,in_stock,Automatic,717710039427,Men's Watches
113495,109230,Tsarbomba,43890233144,https://www.awin1.com/pclick.php?p=43890233144&a=3002879&m=109230,https://images2.productserve.com/?w=200&h=200&bg=white&trim=5&t=letterbox&url=ssl%3Acdn.shopify.com%2Fs%2Ffiles%2F1%2F0540%2F8145%2F4255%2Ffiles%2FTB8222C-03-03.png%3Fv%3D1758356467&feedId=113495&k=9e854fbc35cfa6afc8783db06c8f1674e97ac14e,https://images2.productserve.com/?w=70&h=70&bg=white&trim=5&t=letterbox&url=ssl%3Acdn.shopify.com%2Fs%2Ffiles%2F1%2F0540%2F8145%2F4255%2Ffiles%2FTB8222C-03-03.png%3Fv%3D1758356467&feedId=113495&k=9e854fbc35cfa6afc8783db06c8f1674e97ac14e,544,Men's Watches,,TSAR BOMBA WATCH,TB8222-03,Watches,TB8222-03,Tsar Bomba Men's Ceramic Automatic Watch | Yellow | 45mm | Miyota 9100 Movement | Men's Luxury Timepiece | Atomic-Full TB8222,"The Tsar Bomba Atomic Full Ceramic Edition TB8222C men's automatic watch blends premium craftsmanship and cutting-edge design. Featuring a 45mm full ceramic case and bezel with sapphire crystal glass, this luxury mechanical timepiece showcases a skeleton dial with multi-function subdials for day, month, and power reserve. Powered by the reliable Miyota 9100 automatic movement, it offers precise timekeeping and durability. With 5 ATM water resistance, luminous hands, and a modern aesthetic for both formal and casual wear, this ceramic automatic watch combines elegance with everyday performance.","""Barrel-shaped automatic watch"", ""Japanese movement"", ""Ceramic case"", “Ceramic bezel”, ""Sapphire crystal"", ""50m water resistance"", ""A-grade lume"", ""Fluoro rubber strap"".",https://tsarbomba.com/products/tb8222c?variant=46712862212352,https://cdn.shopify.com/s/files/1/0540/8145/4255/files/TB8222C-03-03.png?v=1758356467,USD,2000,new,Yellow,TSAR BOMBA WATCH Barrel Type,male,Products source-US3-Men's Watch,Atomic Series,2000,45mm*50.5mm*15.5mm,Ceramic,"https://cdn.shopify.com/s/files/1/0540/8145/4255/files/TB8222C-03-04.png?v=1758356467,https://cdn.shopify.com/s/files/1/0540/8145/4255/files/TB8222C-03-02.png?v=1758356467","General:Movement: Japanese Movement, General: Case Material: Ceramic, General: Bezel Material: Ceramic, General:Crystal: Sapphire Crystal, General: Water Resistance:50m, General: Lume: A-Grade Luminous, General: Strap Material: Fluoro Rubber.",Apparel & Accessories > Jewelry > Watches,in_stock,Automatic,717710039441,Men's Watches
113495,109230,Tsarbomba,43890233145,https://www.awin1.com/pclick.php?p=43890233145&a=3002879&m=109230,https://images2.productserve.com/?w=200&h=200&bg=white&trim=5&t=letterbox&url=ssl%3Acdn.shopify.com%2Fs%2Ffiles%2F1%2F0540%2F8145%2F4255%2Ffiles%2FTB8222C-05-04.png%3Fv%3D1764040542&feedId=113495&k=228fcbcc2f31f295e3d0402f5fe4e3111776ce4e,https://images2.productserve.com/?w=70&h=70&bg=white&trim=5&t=letterbox&url=ssl%3Acdn.shopify.com%2Fs%2Ffiles%2F1%2F0540%2F8145%2F4255%2Ffiles%2FTB8222C-05-04.png%3Fv%3D1764040542&feedId=113495&k=228fcbcc2f31f295e3d0402f5fe4e3111776ce4e,544,Men's Watches,,TSAR BOMBA WATCH,TB8222-05,Watches,TB8222-05,Tsar Bomba Men's Ceramic Automatic Watch | Brown | 45mm | Miyota 9100 Movement | Men's Luxury Timepiece | Atomic-Full TB8222,"The Tsar Bomba Atomic Full Ceramic Edition TB8222C men's automatic watch blends premium craftsmanship and cutting-edge design. Featuring a 45mm full ceramic case and bezel with sapphire crystal glass, this luxury mechanical timepiece showcases a skeleton dial with multi-function subdials for day, month, and power reserve. Powered by the reliable Miyota 9100 automatic movement, it offers precise timekeeping and durability. With 5 ATM water resistance, luminous hands, and a modern aesthetic for both formal and casual wear, this ceramic automatic watch combines elegance with everyday performance.","""Barrel-shaped automatic watch"", ""Japanese movement"", ""Ceramic case"", “Ceramic bezel”, ""Sapphire crystal"", ""50m water resistance"", ""A-grade lume"", ""Fluoro rubber strap"".",https://tsarbomba.com/products/tb8222c?variant=46712862245120,https://cdn.shopify.com/s/files/1/0540/8145/4255/files/TB8222C-05-04.png?v=1764040542,USD,2000,new,Brown,TSAR BOMBA WATCH Barrel Type,male,Products source-US3-Men's Watch,Atomic Series,2000,45mm*50.5mm*15.5mm,Ceramic,"https://cdn.shopify.com/s/files/1/0540/8145/4255/files/TB8222C-05-04_c057e80e-377f-4685-ae1e-f003360faa2c.png?v=1758356467,https://cdn.shopify.com/s/files/1/0540/8145/4255/files/TB8222C-05-02_8aff3985-4ca8-47fb-93c9-fac0e808268c.png?v=1758356467,https://cdn.shopify.com/s/files/1/0540/8145/4255/files/TB8222C-05-03_d533df42-3b81-4e9e-8915-36c43c6f41d0.png?v=1758356467","General:Movement: Japanese Movement, General: Case Material: Ceramic, General: Bezel Material: Ceramic, General:Crystal: Sapphire Crystal, General: Water Resistance:50m, General: Lume: A-Grade Luminous, General: Strap Material: Fluoro Rubber.",Apparel & Accessories > Jewelry > Watches,in_stock,Automatic,717710039465,Men's Watches
113495,109230,Tsarbomba,43890233146,https://www.awin1.com/pclick.php?p=43890233146&a=3002879&m=109230,https://images2.productserve.com/?w=200&h=200&bg=white&trim=5&t=letterbox&url=ssl%3Acdn.shopify.com%2Fs%2Ffiles%2F1%2F0540%2F8145%2F4255%2Ffiles%2FBU4_a53969d4-4557-4243-b818-178dedcfe9a4.png%3Fv%3D1758092521&feedId=113495&k=bdae120b2305c384e9d08c4339f3d936cf79b978,https://images2.productserve.com/?w=70&h=70&bg=white&trim=5&t=letterbox&url=ssl%3Acdn.shopify.com%2Fs%2Ffiles%2F1%2F0540%2F8145%2F4255%2Ffiles%2FBU4_a53969d4-4557-4243-b818-178dedcfe9a4.png%3Fv%3D1758092521&feedId=113495&k=bdae120b2305c384e9d08c4339f3d936cf79b978,544,Men's Watches,,TSAR BOMBA WATCH,TB8220L-02,Watches,TB8220L-02,Tsar Bomba Women's Quartz Watch | Blue | 35mm | Sapphire Crystal | Swiss Movement | 5ATM Water-Resistant | High End Watch for Women | TB8220L,"Discover the Tsar Bomba Nucleus Femme TB8220L, a premium women's automatic watch crafted for elegance and performance. With a 35mm full ceramic case and bezel, scratch-resistant sapphire crystal glass, and reliable Swiss 763 automatic movement, this women's timepiece offers precise timekeeping and refined style. Engineered with luminous hands and 5 ATM water resistance for everyday wear, it combines luxury watch design with durable materials. Available in multiple dial colors and backed by a 2-year international warranty.","""Barrel-shaped automatic watch"", ""Swiss movement"", ""Ceramic case"", “Ceramic bezel”, ""Sapphire crystal"", ""50m water resistance"", ""A-grade lume"", ""Fluoro rubber strap"".",https://tsarbomba.com/products/tb8220l?variant=46912542638336,https://cdn.shopify.com/s/files/1/0540/8145/4255/files/BU4_a53969d4-4557-4243-b818-178dedcfe9a4.png?v=1758092521,USD,1200,new,Blue,TSAR BOMBA WATCH Barrel Type,female,Products source-US3-Women's Watch,Nucleus Femme Series,1000~2000,35mm*39.5mm*10.3mm,Ceramic,"https://cdn.shopify.com/s/files/1/0540/8145/4255/files/BU1.png?v=1758092521,https://cdn.shopify.com/s/files/1/0540/8145/4255/files/BU2.png?v=1758092521","General:Movement: Swiss Movement, General: Case Material: Ceramic, General: Bezel Material: Ceramic, General:Crystal: Sapphire Crystal, General: Water Resistance:50m, General: Lume: A-Grade Luminous, General: Strap Material: Fluoro Rubber.",Apparel & Accessories > Jewelry > Watches,in_stock,Quartz,769887714157,Women's Watches
113495,109230,Tsarbomba,43890233147,https://www.awin1.com/pclick.php?p=43890233147&a=3002879&m=109230,https://images2.productserve.com/?w=200&h=200&bg=white&trim=5&t=letterbox&url=ssl%3Acdn.shopify.com%2Fs%2Ffiles%2F1%2F0540%2F8145%2F4255%2Ffiles%2FW4_127214a2-9208-4425-b353-304eef73b79f.png%3Fv%3D1758092521&feedId=113495&k=9db87a10221d71e8fabb7997c295d911f0847132,https://images2.productserve.com/?w=70&h=70&bg=white&trim=5&t=letterbox&url=ssl%3Acdn.shopify.com%2Fs%2Ffiles%2F1%2F0540%2F8145%2F4255%2Ffiles%2FW4_127214a2-9208-4425-b353-304eef73b79f.png%3Fv%3D1758092521&feedId=113495&k=9db87a10221d71e8fabb7997c295d911f0847132,544,Men's Watches,,TSAR BOMBA WATCH,TB8220L-01,Watches,TB8220L-01,Tsar Bomba Women's Quartz Watch | White | 35mm | Sapphire Crystal | Swiss Movement | 5ATM Water-Resistant | High End Watch for Women | TB8220L,"Discover the Tsar Bomba Nucleus Femme TB8220L, a premium women's automatic watch crafted for elegance and performance. With a 35mm full ceramic case and bezel, scratch-resistant sapphire crystal glass, and reliable Swiss 763 automatic movement, this women's timepiece offers precise timekeeping and refined style. Engineered with luminous hands and 5 ATM water resistance for everyday wear, it combines luxury watch design with durable materials. Available in multiple dial colors and backed by a 2-year international warranty.","""Barrel-shaped automatic watch"", ""Swiss movement"", ""Ceramic case"", “Ceramic bezel”, ""Sapphire crystal"", ""50m water resistance"", ""A-grade lume"", ""Fluoro rubber strap"".",https://tsarbomba.com/products/tb8220l?variant=46912542671104,https://cdn.shopify.com/s/files/1/0540/8145/4255/files/W4_127214a2-9208-4425-b353-304eef73b79f.png?v=1758092521,USD,1200,new,White,TSAR BOMBA WATCH Barrel Type,female,Products source-US3-Women's Watch,Nucleus Femme Series,1000~2000,35mm*39.5mm*10.3mm,Ceramic,"https://cdn.shopify.com/s/files/1/0540/8145/4255/files/W1.png?v=1758092521,https://cdn.shopify.com/s/files/1/0540/8145/4255/files/W2.png?v=1758092521","General:Movement: Swiss Movement, General: Case Material: Ceramic, General: Bezel Material: Ceramic, General:Crystal: Sapphire Crystal, General: Water Resistance:50m, General: Lume: A-Grade Luminous, General: Strap Material: Fluoro Rubber.",Apparel & Accessories > Jewelry > Watches,in_stock,Quartz,769887714140,Women's Watches
113495,109230,Tsarbomba,43890233148,https://www.awin1.com/pclick.php?p=43890233148&a=3002879&m=109230,https://images2.productserve.com/?w=200&h=200&bg=white&trim=5&t=letterbox&url=ssl%3Acdn.shopify.com%2Fs%2Ffiles%2F1%2F0540%2F8145%2F4255%2Ffiles%2FG4_dec7272c-1d8e-47e1-a513-3594663570ab.png%3Fv%3D1758092521&feedId=113495&k=b67f325320bd648c9166430a2a6b585dc8e71db0,https://images2.productserve.com/?w=70&h=70&bg=white&trim=5&t=letterbox&url=ssl%3Acdn.shopify.com%2Fs%2Ffiles%2F1%2F0540%2F8145%2F4255%2Ffiles%2FG4_dec7272c-1d8e-47e1-a513-3594663570ab.png%3Fv%3D1758092521&feedId=113495&k=b67f325320bd648c9166430a2a6b585dc8e71db0,544,Men's Watches,,TSAR BOMBA WATCH,TB8220L-03,Watches,TB8220L-03,Tsar Bomba Women's Quartz Watch | Green | 35mm | Sapphire Crystal | Swiss Movement | 5ATM Water-Resistant | High End Watch for Women | TB8220L,"Discover the Tsar Bomba Nucleus Femme TB8220L, a premium women's automatic watch crafted for elegance and performance. With a 35mm full ceramic case and bezel, scratch-resistant sapphire crystal glass, and reliable Swiss 763 automatic movement, this women's timepiece offers precise timekeeping and refined style. Engineered with luminous hands and 5 ATM water resistance for everyday wear, it combines luxury watch design with durable materials. Available in multiple dial colors and backed by a 2-year international warranty.","""Barrel-shaped automatic watch"", ""Swiss movement"", ""Ceramic case"", “Ceramic bezel”, ""Sapphire crystal"", ""50m water resistance"", ""A-grade lume"", ""Fluoro rubber strap"".",https://tsarbomba.com/products/tb8220l?variant=46912542703872,https://cdn.shopify.com/s/files/1/0540/8145/4255/files/G4_dec7272c-1d8e-47e1-a513-3594663570ab.png?v=1758092521,USD,1200,new,Green,TSAR BOMBA WATCH Barrel Type,female,Products source-US3-Women's Watch,Nucleus Femme Series,1000~2000,35mm*39.5mm*10.3mm,Ceramic,"https://cdn.shopify.com/s/files/1/0540/8145/4255/files/G1.png?v=1758092521,https://cdn.shopify.com/s/files/1/0540/8145/4255/files/G2.png?v=1758092521","General:Movement: Swiss Movement, General: Case Material: Ceramic, General: Bezel Material: Ceramic, General:Crystal: Sapphire Crystal, General: Water Resistance:50m, General: Lume: A-Grade Luminous, General: Strap Material: Fluoro Rubber.",Apparel & Accessories > Jewelry > Watches,in_stock,Quartz,769887714164,Women's Watches
113495,109230,Tsarbomba,43890233149,https://www.awin1.com/pclick.php?p=43890233149&a=3002879&m=109230,https://images2.productserve.com/?w=200&h=200&bg=white&trim=5&t=letterbox&url=ssl%3Acdn.shopify.com%2Fs%2Ffiles%2F1%2F0540%2F8145%2F4255%2Ffiles%2FK4_297a1bfb-aca3-4f21-ac5b-f494a9062370.png%3Fv%3D1758092521&feedId=113495&k=67f8ddca13556d71be74bbda4a618ab7b4382cd7,https://images2.productserve.com/?w=70&h=70&bg=white&trim=5&t=letterbox&url=ssl%3Acdn.shopify.com%2Fs%2Ffiles%2F1%2F0540%2F8145%2F4255%2Ffiles%2FK4_297a1bfb-aca3-4f21-ac5b-f494a9062370.png%3Fv%3D1758092521&feedId=113495&k=67f8ddca13556d71be74bbda4a618ab7b4382cd7,544,Men's Watches,,TSAR BOMBA WATCH,TB8220L-04,Watches,TB8220L-04,Tsar Bomba Women's Quartz Watch | Gray | 35mm | Sapphire Crystal | Swiss Movement | 5ATM Water-Resistant | High End Watch for Women | TB8220L,"Discover the Tsar Bomba Nucleus Femme TB8220L, a premium women's automatic watch crafted for elegance and performance. With a 35mm full ceramic case and bezel, scratch-resistant sapphire crystal glass, and reliable Swiss 763 automatic movement, this women's timepiece offers precise timekeeping and refined style. Engineered with luminous hands and 5 ATM water resistance for everyday wear, it combines luxury watch design with durable materials. Available in multiple dial colors and backed by a 2-year international warranty.","""Barrel-shaped automatic watch"", ""Swiss movement"", ""Ceramic case"", “Ceramic bezel”, ""Sapphire crystal"", ""50m water resistance"", ""A-grade lume"", ""Fluoro rubber strap"".",https://tsarbomba.com/products/tb8220l?variant=46912542736640,https://cdn.shopify.com/s/files/1/0540/8145/4255/files/K4_297a1bfb-aca3-4f21-ac5b-f494a9062370.png?v=1758092521,USD,1200,new,Gray,TSAR BOMBA WATCH Barrel Type,female,Products source-US3-Women's Watch,Nucleus Femme Series,1000~2000,35mm*39.5mm*10.3mm,Ceramic,"https://cdn.shopify.com/s/files/1/0540/8145/4255/files/K1.png?v=1758092521,https://cdn.shopify.com/s/files/1/0540/8145/4255/files/K2.png?v=1758092521","General:Movement: Swiss Movement, General: Case Material: Ceramic, General: Bezel Material: Ceramic, General:Crystal: Sapphire Crystal, General: Water Resistance:50m, General: Lume: A-Grade Luminous, General: Strap Material: Fluoro Rubber.",Apparel & Accessories > Jewelry > Watches,in_stock,Quartz,769887714171,Women's Watches
113495,109230,Tsarbomba,43890233150,https://www.awin1.com/pclick.php?p=43890233150&a=3002879&m=109230,https://images2.productserve.com/?w=200&h=200&bg=white&trim=5&t=letterbox&url=ssl%3Acdn.shopify.com%2Fs%2Ffiles%2F1%2F0540%2F8145%2F4255%2Ffiles%2FTB8226C-01-03_a5cbbb18-bb2f-4f3b-9b72-75c17cd65338.png%3Fv%3D1758092394&feedId=113495&k=a3025c455326b00402d0d55db498daeb6da7e6ba,https://images2.productserve.com/?w=70&h=70&bg=white&trim=5&t=letterbox&url=ssl%3Acdn.shopify.com%2Fs%2Ffiles%2F1%2F0540%2F8145%2F4255%2Ffiles%2FTB8226C-01-03_a5cbbb18-bb2f-4f3b-9b72-75c17cd65338.png%3Fv%3D1758092394&feedId=113495&k=a3025c455326b00402d0d55db498daeb6da7e6ba,544,Men's Watches,,TSAR BOMBA WATCH,TB8226C-01,Watches,TB8226C-01,Tsar Bomba Men's Ceramic Automatic Watch | White | 45mm | Sapphire Crystal | Miyota Movement | 5 ATM Water-Resistant | Luxury Timepiece | Atomic TB8226,"Discover the Tsar Bomba TB8226C Atomic Full Ceramic Automatic Watch, a premium men's mechanical timepiece designed for style and performance. Featuring a 45mm full ceramic case and bezel, scratch-resistant sapphire crystal glass, and a reliable Miyota 9132 automatic movement with power reserve and calendar functions, this luxury watch delivers precision and sophistication. With 5 ATM water resistance, Grade A luminous hands, and a comfortable fluoroelastomer strap, it’s ideal for both everyday wear and refined occasions. Backed by a 2-year international warranty.","""Barrel-shaped automatic watch"", ""Japanese movement"", ""Ceramic case"", “Ceramic bezel”, ""Sapphire crystal"", ""50m water resistance"", ""A-grade lume"", ""Fluoro rubber strap"".",https://tsarbomba.com/products/tb8226?variant=46912545063168,https://cdn.shopify.com/s/files/1/0540/8145/4255/files/TB8226C-01-03_a5cbbb18-bb2f-4f3b-9b72-75c17cd65338.png?v=1758092394,USD,2000,new,White,TSAR BOMBA WATCH Barrel Type,male,Products source-US3-Women's Watch,Atomic Series,2000,45mm*50.5mm*14.5mm,Ceramic,"https://cdn.shopify.com/s/files/1/0540/8145/4255/files/W-2.png?v=1758092394,https://cdn.shopify.com/s/files/1/0540/8145/4255/files/W-3.png?v=1758092394","General:Movement: Japanese Movement, General: Case Material: Ceramic, General: Bezel Material: Ceramic, General:Crystal: Sapphire Crystal, General: Water Resistance:50m, General: Lume: A-Grade Luminous, General: Strap Material: Fluoro Rubber.",Apparel & Accessories > Jewelry > Watches,preorder,Automatic,769887714539,Men's Watches
113495,109230,Tsarbomba,43890233151,https://www.awin1.com/pclick.php?p=43890233151&a=3002879&m=109230,https://images2.productserve.com/?w=200&h=200&bg=white&trim=5&t=letterbox&url=ssl%3Acdn.shopify.com%2Fs%2Ffiles%2F1%2F0540%2F8145%2F4255%2Ffiles%2FTB8226C-02-03_bf2d09b7-d22a-49ed-84e0-1266694f5642.png%3Fv%3D1758092394&feedId=113495&k=cb852554d04e1d16effa34a38bd9b8c272857fc4,https://images2.productserve.com/?w=70&h=70&bg=white&trim=5&t=letterbox&url=ssl%3Acdn.shopify.com%2Fs%2Ffiles%2F1%2F0540%2F8145%2F4255%2Ffiles%2FTB8226C-02-03_bf2d09b7-d22a-49ed-84e0-1266694f5642.png%3Fv%3D1758092394&feedId=113495&k=cb852554d04e1d16effa34a38bd9b8c272857fc4,544,Men's Watches,,TSAR BOMBA WATCH,TB8226C-02,Watches,TB8226C-02,Tsar Bomba Men's Ceramic Automatic Watch | Blue | 45mm | Sapphire Crystal | Miyota Movement | 5 ATM Water-Resistant | Luxury Timepiece | Atomic TB8226,"Discover the Tsar Bomba TB8226C Atomic Full Ceramic Automatic Watch, a premium men's mechanical timepiece designed for style and performance. Featuring a 45mm full ceramic case and bezel, scratch-resistant sapphire crystal glass, and a reliable Miyota 9132 automatic movement with power reserve and calendar functions, this luxury watch delivers precision and sophistication. With 5 ATM water resistance, Grade A luminous hands, and a comfortable fluoroelastomer strap, it’s ideal for both everyday wear and refined occasions. Backed by a 2-year international warranty.","""Barrel-shaped automatic watch"", ""Japanese movement"", ""Ceramic case"", “Ceramic bezel”, ""Sapphire crystal"", ""50m water resistance"", ""A-grade lume"", ""Fluoro rubber strap"".",https://tsarbomba.com/products/tb8226?variant=46912545095936,https://cdn.shopify.com/s/files/1/0540/8145/4255/files/TB8226C-02-03_bf2d09b7-d22a-49ed-84e0-1266694f5642.png?v=1758092394,USD,2000,new,Blue,TSAR BOMBA WATCH Barrel Type,male,Products source-US3-Women's Watch,Atomic Series,2000,45mm*50.5mm*14.5mm,Ceramic,"https://cdn.shopify.com/s/files/1/0540/8145/4255/files/BL-2.png?v=1758092394,https://cdn.shopify.com/s/files/1/0540/8145/4255/files/BL-3.png?v=1758092394","General:Movement: Japanese Movement, General: Case Material: Ceramic, General: Bezel Material: Ceramic, General:Crystal: Sapphire Crystal, General: Water Resistance:50m, General: Lume: A-Grade Luminous, General: Strap Material: Fluoro Rubber.",Apparel & Accessories > Jewelry > Watches,preorder,Automatic,769887714546,Men's Watches
113495,109230,Tsarbomba,43890233152,https://www.awin1.com/pclick.php?p=43890233152&a=3002879&m=109230,https://images2.productserve.com/?w=200&h=200&bg=white&trim=5&t=letterbox&url=ssl%3Acdn.shopify.com%2Fs%2Ffiles%2F1%2F0540%2F8145%2F4255%2Ffiles%2FTB8226C-04-03_6196b837-c11f-4b76-9434-d941163ccda6.png%3Fv%3D1758092394&feedId=113495&k=e1b113fcef391a10cd1277ccb8591bdace7ccff9,https://images2.productserve.com/?w=70&h=70&bg=white&trim=5&t=letterbox&url=ssl%3Acdn.shopify.com%2Fs%2Ffiles%2F1%2F0540%2F8145%2F4255%2Ffiles%2FTB8226C-04-03_6196b837-c11f-4b76-9434-d941163ccda6.png%3Fv%3D1758092394&feedId=113495&k=e1b113fcef391a10cd1277ccb8591bdace7ccff9,544,Men's Watches,,TSAR BOMBA WATCH,TB8226C-04,Watches,TB8226C-04,Tsar Bomba Men's Ceramic Automatic Watch | Gray | 45mm | Sapphire Crystal | Miyota Movement | 5 ATM Water-Resistant | Luxury Timepiece | Atomic TB8226,"Discover the Tsar Bomba TB8226C Atomic Full Ceramic Automatic Watch, a premium men's mechanical timepiece designed for style and performance. Featuring a 45mm full ceramic case and bezel, scratch-resistant sapphire crystal glass, and a reliable Miyota 9132 automatic movement with power reserve and calendar functions, this luxury watch delivers precision and sophistication. With 5 ATM water resistance, Grade A luminous hands, and a comfortable fluoroelastomer strap, it’s ideal for both everyday wear and refined occasions. Backed by a 2-year international warranty.","""Barrel-shaped automatic watch"", ""Japanese movement"", ""Ceramic case"", “Ceramic bezel”, ""Sapphire crystal"", ""50m water resistance"", ""A-grade lume"", ""Fluoro rubber strap"".",https://tsarbomba.com/products/tb8226?variant=46912545128704,https://cdn.shopify.com/s/files/1/0540/8145/4255/files/TB8226C-04-03_6196b837-c11f-4b76-9434-d941163ccda6.png?v=1758092394,USD,2000,new,Gray,TSAR BOMBA WATCH Barrel Type,male,Products source-US3-Women's Watch,Atomic Series,2000,45mm*50.5mm*14.5mm,Ceramic,"https://cdn.shopify.com/s/files/1/0540/8145/4255/files/G-2.png?v=1758092394,https://cdn.shopify.com/s/files/1/0540/8145/4255/files/G-3.png?v=1758092394","General:Movement: Japanese Movement, General: Case Material: Ceramic, General: Bezel Material: Ceramic, General:Crystal: Sapphire Crystal, General: Water Resistance:50m, General: Lume: A-Grade Luminous, General: Strap Material: Fluoro Rubber.",Apparel & Accessories > Jewelry > Watches,preorder,Automatic,769887714560,Men's Watches
113495,109230,Tsarbomba,43890233153,https://www.awin1.com/pclick.php?p=43890233153&a=3002879&m=109230,https://images2.productserve.com/?w=200&h=200&bg=white&trim=5&t=letterbox&url=ssl%3Acdn.shopify.com%2Fs%2Ffiles%2F1%2F0540%2F8145%2F4255%2Ffiles%2FTB8226C-03-03_086b7066-affe-47b3-b53a-59bdfe55e3c2.png%3Fv%3D1758092394&feedId=113495&k=e02a060b8239bd9aa3a59de164e96fc9faea04b0,https://images2.productserve.com/?w=70&h=70&bg=white&trim=5&t=letterbox&url=ssl%3Acdn.shopify.com%2Fs%2Ffiles%2F1%2F0540%2F8145%2F4255%2Ffiles%2FTB8226C-03-03_086b7066-affe-47b3-b53a-59bdfe55e3c2.png%3Fv%3D1758092394&feedId=113495&k=e02a060b8239bd9aa3a59de164e96fc9faea04b0,544,Men's Watches,,TSAR BOMBA WATCH,TB8226C-03,Watches,TB8226C-03,Tsar Bomba Men's Ceramic Automatic Watch | Yellow | 45mm | Sapphire Crystal | Miyota Movement | 5 ATM Water-Resistant | Luxury Timepiece | Atomic TB8226,"Discover the Tsar Bomba TB8226C Atomic Full Ceramic Automatic Watch, a premium men's mechanical timepiece designed for style and performance. Featuring a 45mm full ceramic case and bezel, scratch-resistant sapphire crystal glass, and a reliable Miyota 9132 automatic movement with power reserve and calendar functions, this luxury watch delivers precision and sophistication. With 5 ATM water resistance, Grade A luminous hands, and a comfortable fluoroelastomer strap, it’s ideal for both everyday wear and refined occasions. Backed by a 2-year international warranty.","""Barrel-shaped automatic watch"", ""Japanese movement"", ""Ceramic case"", “Ceramic bezel”, ""Sapphire crystal"", ""50m water resistance"", ""A-grade lume"", ""Fluoro rubber strap"".",https://tsarbomba.com/products/tb8226?variant=46912545161472,https://cdn.shopify.com/s/files/1/0540/8145/4255/files/TB8226C-03-03_086b7066-affe-47b3-b53a-59bdfe55e3c2.png?v=1758092394,USD,2000,new,Yellow,TSAR BOMBA WATCH Barrel Type,male,Products source-US3-Women's Watch,Atomic Series,2000,45mm*50.5mm*14.5mm,Ceramic,"https://cdn.shopify.com/s/files/1/0540/8145/4255/files/Y-2.png?v=1758092394,https://cdn.shopify.com/s/files/1/0540/8145/4255/files/TB8222C_Yellow-2.png?v=1758191630","General:Movement: Japanese Movement, General: Case Material: Ceramic, General: Bezel Material: Ceramic, General:Crystal: Sapphire Crystal, General: Water Resistance:50m, General: Lume: A-Grade Luminous, General: Strap Material: Fluoro Rubber.",Apparel & Accessories > Jewelry > Watches,preorder,Automatic,769887714553,Men's Watches
113495,109230,Tsarbomba,43890233154,https://www.awin1.com/pclick.php?p=43890233154&a=3002879&m=109230,https://images2.productserve.com/?w=200&h=200&bg=white&trim=5&t=letterbox&url=ssl%3Acdn.shopify.com%2Fs%2Ffiles%2F1%2F0540%2F8145%2F4255%2Ffiles%2FFT-W.png%3Fv%3D1755161899&feedId=113495&k=27cdae2ee0a576790b96517e0fa14d8bd1c91f1b,https://images2.productserve.com/?w=70&h=70&bg=white&trim=5&t=letterbox&url=ssl%3Acdn.shopify.com%2Fs%2Ffiles%2F1%2F0540%2F8145%2F4255%2Ffiles%2FFT-W.png%3Fv%3D1755161899&feedId=113495&k=27cdae2ee0a576790b96517e0fa14d8bd1c91f1b,544,Men's Watches,,TSAR BOMBA WATCH,TB8223-01,Watches,TB8223-01,"TSAR BOMBA Light Matter Series White Automatic Mechanical Watch | Sapphire Case & Bezel, Skeleton Dial, Fluoroelastomer Strap, Sapphire Crystal, 30M Water-Resistant, A+ Lume","Step into brilliance with the TSAR BOMBA Light Matter Series Automatic Watch, crafted with a full sapphire case and bezel that radiate unmatched clarity and strength. The skeleton mechanical dial reveals the artistry of precision engineering, while the fluoroelastomer strap ensures lasting comfort. Protected by a sapphire crystal, equipped with 30M water resistance, and enhanced with A+ luminous hands, this timepiece embodies the perfect balance of transparency, innovation, and luxury craftsmanship.","""Barrel-shaped automatic watch"", ""Japanese movement"", ""Sapphire case"", “Sapphire bezel”, ""Sapphire crystal"", ""30m water resistance"", ""A-grade lume"", ""Fluoro rubber strap"".",https://tsarbomba.com/products/tb8223,https://cdn.shopify.com/s/files/1/0540/8145/4255/files/FT-W.png?v=1755161899,USD,2200,new,White,TSAR BOMBA WATCH Barrel Type,male,Products source-US3-Men's Watch,Light Matter Series,2000,45mm*51mm*14.3mm,Chronite®,"https://cdn.shopify.com/s/files/1/0540/8145/4255/files/F-W.png?v=1755161899,https://cdn.shopify.com/s/files/1/0540/8145/4255/files/FR-W.png?v=1755161899","General:Movement: Japanese Movement, General: Case Material: Sapphire, General: Bezel Material: Sapphire, General:Crystal: Sapphire, General: Water Resistance:30m, General: Lume: A-Grade Luminous, General: Strap Material: Fluoro Rubber.",Apparel & Accessories > Jewelry > Watches,in_stock,Automatic,769887714584,Men's Watches
113495,109230,Tsarbomba,43890233155,https://www.awin1.com/pclick.php?p=43890233155&a=3002879&m=109230,https://images2.productserve.com/?w=200&h=200&bg=white&trim=5&t=letterbox&url=ssl%3Acdn.shopify.com%2Fs%2Ffiles%2F1%2F0540%2F8145%2F4255%2Ffiles%2FGreen-2_d9491fae-e7e8-4bf1-8abd-d5e08a4186af.png%3Fv%3D1758092297&feedId=113495&k=1200a250a4b29f15b388d631e9466fcd86e7bd43,https://images2.productserve.com/?w=70&h=70&bg=white&trim=5&t=letterbox&url=ssl%3Acdn.shopify.com%2Fs%2Ffiles%2F1%2F0540%2F8145%2F4255%2Ffiles%2FGreen-2_d9491fae-e7e8-4bf1-8abd-d5e08a4186af.png%3Fv%3D1758092297&feedId=113495&k=1200a250a4b29f15b388d631e9466fcd86e7bd43,544,Men's Watches,,TSAR BOMBA WATCH,TB8401CF-01,Watches,TB8401CF-01,TSAR BOMBA Men's Carbon Fiber Automatic Watch | Skeleton Mechanical | Green | Electron Series | Seiko NH72 Movement | 10ATM Waterproof,"The TSAR BOMBA Electron Series TB8401CF is a masterpiece of modern engineering, blending aerospace-grade materials with haute horlogerie. Crafted from ultra-lightweight carbon fiber and powered by a precision Japanese NH72 skeleton movement, this timepiece is designed for those who demand bold aesthetics and unmatched durability.  Key Features:  Full Carbon Fiber Construction: The case and strap are meticulously crafted from high-performance carbon fiber. Known for its distinct marbled texture, it offers an incredible strength-to-weight ratio, ensuring the watch is both virtually indestructible and exceptionally light on the wrist.  Seiko NH72 Skeleton Movement: Experience the heartbeat of your watch. The open-worked dial reveals the intricate Japanese Seiko NH72 automatic movement, featuring a 41-hour power reserve and 21,600 vibrations per hour for reliable, battery-free precision.  Ultra-Durable Sapphire Crystal: Protected by a synthetic sapphire glass with a Mohs hardness of 9, providing superior scratch resistance and crystal-clear visibility under any conditions.  10ATM Professional Waterproofing: Engineered for adventure, this watch is water-resistant up to 100 meters (10ATM), making it suitable for swimming, snorkeling, and high-intensity water sports.  Ergonomic Sport Design: The integrated carbon fiber bracelet and double-click butterfly clasp provide a secure, seamless fit that conforms to the wrist for all-day comfort.","""Round automatic watch"", ""Japanese movement"", ""Carbon Fiber case"", “Carbon Fiber bezel”, ""Sapphire crystal"", ""100m water resistance"", ""A-grade lume"", ""Carbon Fiber strap"".",https://tsarbomba.com/products/tb8401cf?variant=46912553419008,https://cdn.shopify.com/s/files/1/0540/8145/4255/files/Green-2_d9491fae-e7e8-4bf1-8abd-d5e08a4186af.png?v=1758092297,USD,2000,new,Green,TSAR BOMBA WATCH Barrel Type,male,Products source-US3-Men's Watch,Electron Series,2000,42.7mm*42.7mm*14mm,Carbon Fiber,"https://cdn.shopify.com/s/files/1/0540/8145/4255/files/Green-2_d9491fae-e7e8-4bf1-8abd-d5e08a4186af.png?v=1758092297,https://cdn.shopify.com/s/files/1/0540/8145/4255/files/Green-3.png?v=1758092297,https://cdn.shopify.com/s/files/1/0540/8145/4255/files/TB8401CF-01-01_b8cabfb1-63c8-4654-87ee-a5179f353883.png?v=1758092297,https://cdn.shopify.com/s/files/1/0540/8145/4255/files/Green-3.png?v=1758092297","General:Movement: Japanese Movement, General: Case Material: Carbon Fiber, General: Bezel Material: Carbon Fiber, General:Crystal: Sapphire, General: Water Resistance:100m, General: Lume: A-Grade Luminous, General: Strap Material: Carbon Fiber.",Apparel & Accessories > Jewelry > Watches,in_stock,Automatic,769887714461,Men's Watches
113495,109230,Tsarbomba,43890233156,https://www.awin1.com/pclick.php?p=43890233156&a=3002879&m=109230,https://images2.productserve.com/?w=200&h=200&bg=white&trim=5&t=letterbox&url=ssl%3Acdn.shopify.com%2Fs%2Ffiles%2F1%2F0540%2F8145%2F4255%2Ffiles%2FTB8401CF-02-01_ebd3de6f-3047-41e7-8386-b457f00c0866.png%3Fv%3D1758092297&feedId=113495&k=799907ad5d25cf7998d206efb377e691d61ee61d,https://images2.productserve.com/?w=70&h=70&bg=white&trim=5&t=letterbox&url=ssl%3Acdn.shopify.com%2Fs%2Ffiles%2F1%2F0540%2F8145%2F4255%2Ffiles%2FTB8401CF-02-01_ebd3de6f-3047-41e7-8386-b457f00c0866.png%3Fv%3D1758092297&feedId=113495&k=799907ad5d25cf7998d206efb377e691d61ee61d,544,Men's Watches,,TSAR BOMBA WATCH,TB8401CF-02,Watches,TB8401CF-02,TSAR BOMBA Men's Carbon Fiber Automatic Watch | Skeleton Mechanical | Black | Electron Series | Seiko NH72 Movement | 10ATM Waterproof,"The TSAR BOMBA Electron Series TB8401CF is a masterpiece of modern engineering, blending aerospace-grade materials with haute horlogerie. Crafted from ultra-lightweight carbon fiber and powered by a precision Japanese NH72 skeleton movement, this timepiece is designed for those who demand bold aesthetics and unmatched durability.  Key Features:  Full Carbon Fiber Construction: The case and strap are meticulously crafted from high-performance carbon fiber. Known for its distinct marbled texture, it offers an incredible strength-to-weight ratio, ensuring the watch is both virtually indestructible and exceptionally light on the wrist.  Seiko NH72 Skeleton Movement: Experience the heartbeat of your watch. The open-worked dial reveals the intricate Japanese Seiko NH72 automatic movement, featuring a 41-hour power reserve and 21,600 vibrations per hour for reliable, battery-free precision.  Ultra-Durable Sapphire Crystal: Protected by a synthetic sapphire glass with a Mohs hardness of 9, providing superior scratch resistance and crystal-clear visibility under any conditions.  10ATM Professional Waterproofing: Engineered for adventure, this watch is water-resistant up to 100 meters (10ATM), making it suitable for swimming, snorkeling, and high-intensity water sports.  Ergonomic Sport Design: The integrated carbon fiber bracelet and double-click butterfly clasp provide a secure, seamless fit that conforms to the wrist for all-day comfort.","""Round automatic watch"", ""Japanese movement"", ""Carbon Fiber case"", “Carbon Fiber bezel”, ""Sapphire crystal"", ""100m water resistance"", ""A-grade lume"", ""Carbon Fiber strap"".",https://tsarbomba.com/products/tb8401cf?variant=46912553451776,https://cdn.shopify.com/s/files/1/0540/8145/4255/files/TB8401CF-02-01_ebd3de6f-3047-41e7-8386-b457f00c0866.png?v=1758092297,USD,2000,new,Black,TSAR BOMBA WATCH Barrel Type,male,Products source-US3-Men's Watch,Electron Series,2000,42.7mm*42.7mm*14mm,Carbon Fiber,"https://cdn.shopify.com/s/files/1/0540/8145/4255/files/TB8401CF-02-04.png?v=1758092297,https://cdn.shopify.com/s/files/1/0540/8145/4255/files/TB8401CF-02-02.png?v=1758092297","General:Movement: Japanese Movement, General: Case Material: Carbon Fiber, General: Bezel Material: Carbon Fiber, General:Crystal: Sapphire, General: Water Resistance:100m, General: Lume: A-Grade Luminous, General: Strap Material: Carbon Fiber.",Apparel & Accessories > Jewelry > Watches,in_stock,Automatic,769887714478,Men's Watches
113495,109230,Tsarbomba,43890233157,https://www.awin1.com/pclick.php?p=43890233157&a=3002879&m=109230,https://images2.productserve.com/?w=200&h=200&bg=white&trim=5&t=letterbox&url=ssl%3Acdn.shopify.com%2Fs%2Ffiles%2F1%2F0540%2F8145%2F4255%2Ffiles%2FTB8401CF-03-01_c57783c8-98f5-42a4-9605-5762d2f14f27.png%3Fv%3D1758092297&feedId=113495&k=6b9694955e160657d7f06870bf29f712a9f4ab81,https://images2.productserve.com/?w=70&h=70&bg=white&trim=5&t=letterbox&url=ssl%3Acdn.shopify.com%2Fs%2Ffiles%2F1%2F0540%2F8145%2F4255%2Ffiles%2FTB8401CF-03-01_c57783c8-98f5-42a4-9605-5762d2f14f27.png%3Fv%3D1758092297&feedId=113495&k=6b9694955e160657d7f06870bf29f712a9f4ab81,544,Men's Watches,,TSAR BOMBA WATCH,TB8401CF-03,Watches,TB8401CF-03,TSAR BOMBA Men's Carbon Fiber Automatic Watch | Skeleton Mechanical | Blue | Electron Series | Seiko NH72 Movement | 10ATM Waterproof,"The TSAR BOMBA Electron Series TB8401CF is a masterpiece of modern engineering, blending aerospace-grade materials with haute horlogerie. Crafted from ultra-lightweight carbon fiber and powered by a precision Japanese NH72 skeleton movement, this timepiece is designed for those who demand bold aesthetics and unmatched durability.  Key Features:  Full Carbon Fiber Construction: The case and strap are meticulously crafted from high-performance carbon fiber. Known for its distinct marbled texture, it offers an incredible strength-to-weight ratio, ensuring the watch is both virtually indestructible and exceptionally light on the wrist.  Seiko NH72 Skeleton Movement: Experience the heartbeat of your watch. The open-worked dial reveals the intricate Japanese Seiko NH72 automatic movement, featuring a 41-hour power reserve and 21,600 vibrations per hour for reliable, battery-free precision.  Ultra-Durable Sapphire Crystal: Protected by a synthetic sapphire glass with a Mohs hardness of 9, providing superior scratch resistance and crystal-clear visibility under any conditions.  10ATM Professional Waterproofing: Engineered for adventure, this watch is water-resistant up to 100 meters (10ATM), making it suitable for swimming, snorkeling, and high-intensity water sports.  Ergonomic Sport Design: The integrated carbon fiber bracelet and double-click butterfly clasp provide a secure, seamless fit that conforms to the wrist for all-day comfort.","""Round automatic watch"", ""Japanese movement"", ""Carbon Fiber case"", “Carbon Fiber bezel”, ""Sapphire crystal"", ""100m water resistance"", ""A-grade lume"", ""Carbon Fiber strap"".",https://tsarbomba.com/products/tb8401cf?variant=46912553484544,https://cdn.shopify.com/s/files/1/0540/8145/4255/files/TB8401CF-03-01_c57783c8-98f5-42a4-9605-5762d2f14f27.png?v=1758092297,USD,2000,new,Blue,TSAR BOMBA WATCH Barrel Type,male,Products source-US3-Men's Watch,Electron Series,2000,42.7mm*42.7mm*14mm,Carbon Fiber,"https://cdn.shopify.com/s/files/1/0540/8145/4255/files/TB8401CF-03-04.png?v=1758092297,https://cdn.shopify.com/s/files/1/0540/8145/4255/files/TB8401CF-03-02.png?v=1758092297","General:Movement: Japanese Movement, General: Case Material: Carbon Fiber, General: Bezel Material: Carbon Fiber, General:Crystal: Sapphire, General: Water Resistance:100m, General: Lume: A-Grade Luminous, General: Strap Material: Carbon Fiber.",Apparel & Accessories > Jewelry > Watches,in_stock,Automatic,769887714485,Men's Watches
113495,109230,Tsarbomba,43890233158,https://www.awin1.com/pclick.php?p=43890233158&a=3002879&m=109230,https://images2.productserve.com/?w=200&h=200&bg=white&trim=5&t=letterbox&url=ssl%3Acdn.shopify.com%2Fs%2Ffiles%2F1%2F0540%2F8145%2F4255%2Ffiles%2FGold_Blue-1_fc95186f-a3b1-4059-9c40-6f5d07f5e825.png%3Fv%3D1758594118&feedId=113495&k=9a072378052cbbb78d426d23ae3555ecc60f5de6,https://images2.productserve.com/?w=70&h=70&bg=white&trim=5&t=letterbox&url=ssl%3Acdn.shopify.com%2Fs%2Ffiles%2F1%2F0540%2F8145%2F4255%2Ffiles%2FGold_Blue-1_fc95186f-a3b1-4059-9c40-6f5d07f5e825.png%3Fv%3D1758594118&feedId=113495&k=9a072378052cbbb78d426d23ae3555ecc60f5de6,544,Men's Watches,,TSAR BOMBA WATCH,TB8211QII-10,Watches,TB8211QII-10,"TSAR BOMBA Men's Quartz Chronograph Watch | Golden Blue | Stainless Steel Bezel & Case, Tonneau Luxury Design, 316L Stainless Steel, Sapphire Crystal, 5ATM Waterproof","Experience the pinnacle of bold design and engineering. The TSAR BOMBA TB8211Q-II is part of the upgraded Elemental Series, featuring a striking tonneau-shaped case that merges ergonomic comfort with a high-octane mechanical aesthetic. Inspired by luxury racing and industrial design, this timepiece is built for the man who demands a presence on his wrist.  Key Features:  Precision Timing: Equipped with a premium Japanese Seiko TMI YM92 quartz movement, ensuring split-second accuracy for all your timing needs.  Iconic Tonneau Design: Crafted from 316L surgical-grade stainless steel, the ergonomic case provides a comfortable fit while maintaining a rugged, high-end look.  Unmatched Durability: Features a colorless anti-reflective coated Sapphire Crystal—the hardest material next to diamonds—offering superior scratch resistance and clarity.  Premium FKM Strap: The high-performance Fluorine Rubber (FKM) strap is sweat-resistant, skin-friendly, and more durable than standard silicone, perfect for both sports and formal wear.  Luminous & Waterproof: A-Level Super-LumiNova allows for effortless reading in low-light conditions, while 5ATM (50m) water resistance protects against rain and daily splashes.","""Barrel-shaped quartz watch"", ""Japanese movement"", ""316L Stainless Steel case"", “316L Stainless Steel bezel”, ""Sapphire crystal"", ""50m water resistance"", ""A-grade lume"", ""Silicone strap"".",https://tsarbomba.com/products/tb8211q-ii?variant=46985985032448,https://cdn.shopify.com/s/files/1/0540/8145/4255/files/Gold_Blue-1_fc95186f-a3b1-4059-9c40-6f5d07f5e825.png?v=1758594118,USD,300,new,Gold Blue,TSAR BOMBA WATCH Barrel Type,male,Products source-US3-Men's Watch,Elemental Series,0~500,46.5mm*51.5mm*15.5mm,316L Stainless Steel,"https://cdn.shopify.com/s/files/1/0540/8145/4255/files/Gold_Blue-3_885f86a8-1ac0-4d46-9b24-870e02526faf.png?v=1758594118,https://cdn.shopify.com/s/files/1/0540/8145/4255/files/Gold_Blue-4_c951a855-9da4-43aa-a1cb-ce3e3fed07f1.png?v=1758594118","General:Movement: Japanese Movement, General: Case Material: 316L Stainless Steel, General: Bezel Material: 316L Stainless Steel, General:Crystal: Sapphire Crystal, General: Water Resistance:50m, General: Lume: A-Grade Luminous, General: Strap Material: Silicone.",Apparel & Accessories > Jewelry > Watches,in_stock,Quartz,717710039519,Men's Watches
113495,109230,Tsarbomba,43890233159,https://www.awin1.com/pclick.php?p=43890233159&a=3002879&m=109230,https://images2.productserve.com/?w=200&h=200&bg=white&trim=5&t=letterbox&url=ssl%3Acdn.shopify.com%2Fs%2Ffiles%2F1%2F0540%2F8145%2F4255%2Ffiles%2FGreen-1_86a72fce-4504-4040-83fd-c57d1a25f9ac.png%3Fv%3D1758594118&feedId=113495&k=6653d320eff06aaeab9374e2d3f952b9a70775d0,https://images2.productserve.com/?w=70&h=70&bg=white&trim=5&t=letterbox&url=ssl%3Acdn.shopify.com%2Fs%2Ffiles%2F1%2F0540%2F8145%2F4255%2Ffiles%2FGreen-1_86a72fce-4504-4040-83fd-c57d1a25f9ac.png%3Fv%3D1758594118&feedId=113495&k=6653d320eff06aaeab9374e2d3f952b9a70775d0,544,Men's Watches,,TSAR BOMBA WATCH,TB8211QII-11,Watches,TB8211QII-11,"TSAR BOMBA Men's Quartz Chronograph Watch | Green | Stainless Steel Bezel & Case, Tonneau Luxury Design, 316L Stainless Steel, Sapphire Crystal, 5ATM Waterproof","Experience the pinnacle of bold design and engineering. The TSAR BOMBA TB8211Q-II is part of the upgraded Elemental Series, featuring a striking tonneau-shaped case that merges ergonomic comfort with a high-octane mechanical aesthetic. Inspired by luxury racing and industrial design, this timepiece is built for the man who demands a presence on his wrist.  Key Features:  Precision Timing: Equipped with a premium Japanese Seiko TMI YM92 quartz movement, ensuring split-second accuracy for all your timing needs.  Iconic Tonneau Design: Crafted from 316L surgical-grade stainless steel, the ergonomic case provides a comfortable fit while maintaining a rugged, high-end look.  Unmatched Durability: Features a colorless anti-reflective coated Sapphire Crystal—the hardest material next to diamonds—offering superior scratch resistance and clarity.  Premium FKM Strap: The high-performance Fluorine Rubber (FKM) strap is sweat-resistant, skin-friendly, and more durable than standard silicone, perfect for both sports and formal wear.  Luminous & Waterproof: A-Level Super-LumiNova allows for effortless reading in low-light conditions, while 5ATM (50m) water resistance protects against rain and daily splashes.","""Barrel-shaped quartz watch"", ""Japanese movement"", ""316L Stainless Steel case"", “316L Stainless Steel bezel”, ""Sapphire crystal"", ""50m water resistance"", ""A-grade lume"", ""Silicone strap"".",https://tsarbomba.com/products/tb8211q-ii?variant=46985985065216,https://cdn.shopify.com/s/files/1/0540/8145/4255/files/Green-1_86a72fce-4504-4040-83fd-c57d1a25f9ac.png?v=1758594118,USD,300,new,Green,TSAR BOMBA WATCH Barrel Type,male,Products source-US3-Men's Watch,Elemental Series,0~500,46.5mm*51.5mm*15.5mm,316L Stainless Steel,"https://cdn.shopify.com/s/files/1/0540/8145/4255/files/Green-3_5eba9304-7682-436f-9c89-7aaa7ed759b3.png?v=1758594118,https://cdn.shopify.com/s/files/1/0540/8145/4255/files/Green-4_07b74776-4c4f-4e2a-8e48-780a8f275dc4.png?v=1758594118","General:Movement: Japanese Movement, General: Case Material: 316L Stainless Steel, General: Bezel Material: 316L Stainless Steel, General:Crystal: Sapphire Crystal, General: Water Resistance:50m, General: Lume: A-Grade Luminous, General: Strap Material: Silicone.",Apparel & Accessories > Jewelry > Watches,in_stock,Quartz,717710039526,Men's Watches
113495,109230,Tsarbomba,43890233160,https://www.awin1.com/pclick.php?p=43890233160&a=3002879&m=109230,https://images2.productserve.com/?w=200&h=200&bg=white&trim=5&t=letterbox&url=ssl%3Acdn.shopify.com%2Fs%2Ffiles%2F1%2F0540%2F8145%2F4255%2Ffiles%2FSilver_Black-1_4a71c13f-2390-440f-ab2a-8d92deea6b0e.png%3Fv%3D1758594118&feedId=113495&k=62f56ce3c1a71ab6a70bb00b25ef808c498b3a5d,https://images2.productserve.com/?w=70&h=70&bg=white&trim=5&t=letterbox&url=ssl%3Acdn.shopify.com%2Fs%2Ffiles%2F1%2F0540%2F8145%2F4255%2Ffiles%2FSilver_Black-1_4a71c13f-2390-440f-ab2a-8d92deea6b0e.png%3Fv%3D1758594118&feedId=113495&k=62f56ce3c1a71ab6a70bb00b25ef808c498b3a5d,544,Men's Watches,,TSAR BOMBA WATCH,TB8211QII-08,Watches,TB8211QII-08,"TSAR BOMBA Men's Quartz Chronograph Watch | Silver Black | Stainless Steel Bezel & Case, Tonneau Luxury Design, 316L Stainless Steel, Sapphire Crystal, 5ATM Waterproof","Experience the pinnacle of bold design and engineering. The TSAR BOMBA TB8211Q-II is part of the upgraded Elemental Series, featuring a striking tonneau-shaped case that merges ergonomic comfort with a high-octane mechanical aesthetic. Inspired by luxury racing and industrial design, this timepiece is built for the man who demands a presence on his wrist.  Key Features:  Precision Timing: Equipped with a premium Japanese Seiko TMI YM92 quartz movement, ensuring split-second accuracy for all your timing needs.  Iconic Tonneau Design: Crafted from 316L surgical-grade stainless steel, the ergonomic case provides a comfortable fit while maintaining a rugged, high-end look.  Unmatched Durability: Features a colorless anti-reflective coated Sapphire Crystal—the hardest material next to diamonds—offering superior scratch resistance and clarity.  Premium FKM Strap: The high-performance Fluorine Rubber (FKM) strap is sweat-resistant, skin-friendly, and more durable than standard silicone, perfect for both sports and formal wear.  Luminous & Waterproof: A-Level Super-LumiNova allows for effortless reading in low-light conditions, while 5ATM (50m) water resistance protects against rain and daily splashes.","""Barrel-shaped quartz watch"", ""Japanese movement"", ""316L Stainless Steel case"", “316L Stainless Steel bezel”, ""Sapphire crystal"", ""50m water resistance"", ""A-grade lume"", ""Silicone strap"".",https://tsarbomba.com/products/tb8211q-ii?variant=46985984966912,https://cdn.shopify.com/s/files/1/0540/8145/4255/files/Silver_Black-1_4a71c13f-2390-440f-ab2a-8d92deea6b0e.png?v=1758594118,USD,300,new,Silver Black,TSAR BOMBA WATCH Barrel Type,male,Products source-US3-Men's Watch,Elemental Series,0~500,46.5mm*51.5mm*15.5mm,316L Stainless Steel,"https://cdn.shopify.com/s/files/1/0540/8145/4255/files/Silver_Black-3_4bbb82d1-8f95-4c73-a843-a90fcfd977b0.png?v=1758594118,https://cdn.shopify.com/s/files/1/0540/8145/4255/files/Silver_Black-4_6bc4bf58-6ae9-46ef-8d33-8e0fe6e568e7.png?v=1758594118","General:Movement: Japanese Movement, General: Case Material: 316L Stainless Steel, General: Bezel Material: 316L Stainless Steel, General:Crystal: Sapphire Crystal, General: Water Resistance:50m, General: Lume: A-Grade Luminous, General: Strap Material: Silicone.",Apparel & Accessories > Jewelry > Watches,in_stock,Quartz,717710039496,Men's Watches
113495,109230,Tsarbomba,43890233161,https://www.awin1.com/pclick.php?p=43890233161&a=3002879&m=109230,https://images2.productserve.com/?w=200&h=200&bg=white&trim=5&t=letterbox&url=ssl%3Acdn.shopify.com%2Fs%2Ffiles%2F1%2F0540%2F8145%2F4255%2Ffiles%2FSilver_Blue-1_026206c6-ef49-41eb-8348-55671f13c48e.png%3Fv%3D1758594118&feedId=113495&k=9101ba3d528ace2dcf4e5670f5773f816efcdb58,https://images2.productserve.com/?w=70&h=70&bg=white&trim=5&t=letterbox&url=ssl%3Acdn.shopify.com%2Fs%2Ffiles%2F1%2F0540%2F8145%2F4255%2Ffiles%2FSilver_Blue-1_026206c6-ef49-41eb-8348-55671f13c48e.png%3Fv%3D1758594118&feedId=113495&k=9101ba3d528ace2dcf4e5670f5773f816efcdb58,544,Men's Watches,,TSAR BOMBA WATCH,TB8211QII-09,Watches,TB8211QII-09,"TSAR BOMBA Men's Quartz Chronograph Watch | Silver Blue | Stainless Steel Bezel & Case, Tonneau Luxury Design, 316L Stainless Steel, Sapphire Crystal, 5ATM Waterproof","Experience the pinnacle of bold design and engineering. The TSAR BOMBA TB8211Q-II is part of the upgraded Elemental Series, featuring a striking tonneau-shaped case that merges ergonomic comfort with a high-octane mechanical aesthetic. Inspired by luxury racing and industrial design, this timepiece is built for the man who demands a presence on his wrist.  Key Features:  Precision Timing: Equipped with a premium Japanese Seiko TMI YM92 quartz movement, ensuring split-second accuracy for all your timing needs.  Iconic Tonneau Design: Crafted from 316L surgical-grade stainless steel, the ergonomic case provides a comfortable fit while maintaining a rugged, high-end look.  Unmatched Durability: Features a colorless anti-reflective coated Sapphire Crystal—the hardest material next to diamonds—offering superior scratch resistance and clarity.  Premium FKM Strap: The high-performance Fluorine Rubber (FKM) strap is sweat-resistant, skin-friendly, and more durable than standard silicone, perfect for both sports and formal wear.  Luminous & Waterproof: A-Level Super-LumiNova allows for effortless reading in low-light conditions, while 5ATM (50m) water resistance protects against rain and daily splashes.","""Barrel-shaped quartz watch"", ""Japanese movement"", ""316L Stainless Steel case"", “316L Stainless Steel bezel”, ""Sapphire crystal"", ""50m water resistance"", ""A-grade lume"", ""Silicone strap"".",https://tsarbomba.com/products/tb8211q-ii?variant=46985984999680,https://cdn.shopify.com/s/files/1/0540/8145/4255/files/Silver_Blue-1_026206c6-ef49-41eb-8348-55671f13c48e.png?v=1758594118,USD,300,new,Sliver Blue,TSAR BOMBA WATCH Barrel Type,male,Products source-US3-Men's Watch,Elemental Series,0~500,46.5mm*51.5mm*15.5mm,316L Stainless Steel,"https://cdn.shopify.com/s/files/1/0540/8145/4255/files/Silver_Blue-3_7d3264d9-a989-44aa-9307-1f089182f638.png?v=1758594118,https://cdn.shopify.com/s/files/1/0540/8145/4255/files/Silver_Blue-4_7c055723-4b60-4778-af98-ea2844e96d6b.png?v=1758594118","General:Movement: Japanese Movement, General: Case Material: 316L Stainless Steel, General: Bezel Material: 316L Stainless Steel, General:Crystal: Sapphire Crystal, General: Water Resistance:50m, General: Lume: A-Grade Luminous, General: Strap Material: Silicone.",Apparel & Accessories > Jewelry > Watches,in_stock,Quartz,717710039502,Men's Watches
113495,109230,Tsarbomba,43890233162,https://www.awin1.com/pclick.php?p=43890233162&a=3002879&m=109230,https://images2.productserve.com/?w=200&h=200&bg=white&trim=5&t=letterbox&url=ssl%3Acdn.shopify.com%2Fs%2Ffiles%2F1%2F0540%2F8145%2F4255%2Ffiles%2FTR_Blk.png%3Fv%3D1758594118&feedId=113495&k=4556b6de122ff6fbb42ea227dec319c97aea69b6,https://images2.productserve.com/?w=70&h=70&bg=white&trim=5&t=letterbox&url=ssl%3Acdn.shopify.com%2Fs%2Ffiles%2F1%2F0540%2F8145%2F4255%2Ffiles%2FTR_Blk.png%3Fv%3D1758594118&feedId=113495&k=4556b6de122ff6fbb42ea227dec319c97aea69b6,544,Men's Watches,,TSAR BOMBA WATCH,TB8211QII-07,Watches,TB8211QII-07,"TSAR BOMBA Men's Quartz Chronograph Watch | Black | Stainless Steel Bezel & Case, Tonneau Luxury Design, 316L Stainless Steel, Sapphire Crystal, 5ATM Waterproof","Experience the pinnacle of bold design and engineering. The TSAR BOMBA TB8211Q-II is part of the upgraded Elemental Series, featuring a striking tonneau-shaped case that merges ergonomic comfort with a high-octane mechanical aesthetic. Inspired by luxury racing and industrial design, this timepiece is built for the man who demands a presence on his wrist.  Key Features:  Precision Timing: Equipped with a premium Japanese Seiko TMI YM92 quartz movement, ensuring split-second accuracy for all your timing needs.  Iconic Tonneau Design: Crafted from 316L surgical-grade stainless steel, the ergonomic case provides a comfortable fit while maintaining a rugged, high-end look.  Unmatched Durability: Features a colorless anti-reflective coated Sapphire Crystal—the hardest material next to diamonds—offering superior scratch resistance and clarity.  Premium FKM Strap: The high-performance Fluorine Rubber (FKM) strap is sweat-resistant, skin-friendly, and more durable than standard silicone, perfect for both sports and formal wear.  Luminous & Waterproof: A-Level Super-LumiNova allows for effortless reading in low-light conditions, while 5ATM (50m) water resistance protects against rain and daily splashes.","""Barrel-shaped quartz watch"", ""Japanese movement"", ""316L Stainless Steel case"", “316L Stainless Steel bezel”, ""Sapphire crystal"", ""50m water resistance"", ""A-grade lume"", ""Silicone strap"".",https://tsarbomba.com/products/tb8211q-ii?variant=46985984934144,https://cdn.shopify.com/s/files/1/0540/8145/4255/files/TR_Blk.png?v=1758594118,USD,300,new,Black,TSAR BOMBA WATCH Barrel Type,male,Products source-US3-Men's Watch,Elemental Series,0~500,46.5mm*51.5mm*15.5mm,316L Stainless Steel,"https://cdn.shopify.com/s/files/1/0540/8145/4255/files/F_Blk.png?v=1758594118,https://cdn.shopify.com/s/files/1/0540/8145/4255/files/FR_Blk.png?v=1758594118","General:Movement: Japanese Movement, General: Case Material: 316L Stainless Steel, General: Bezel Material: 316L Stainless Steel, General:Crystal: Sapphire Crystal, General: Water Resistance:50m, General: Lume: A-Grade Luminous, General: Strap Material: Silicone.",Apparel & Accessories > Jewelry > Watches,in_stock,Quartz,717710038888,Men's Watches
113495,109230,Tsarbomba,43890233163,https://www.awin1.com/pclick.php?p=43890233163&a=3002879&m=109230,https://images2.productserve.com/?w=200&h=200&bg=white&trim=5&t=letterbox&url=ssl%3Acdn.shopify.com%2Fs%2Ffiles%2F1%2F0540%2F8145%2F4255%2Ffiles%2FTB8228A-03-04.png%3Fv%3D1765426478&feedId=113495&k=880ce5eb0efb5caa439f10e0ed5ae5502b9e3e4c,https://images2.productserve.com/?w=70&h=70&bg=white&trim=5&t=letterbox&url=ssl%3Acdn.shopify.com%2Fs%2Ffiles%2F1%2F0540%2F8145%2F4255%2Ffiles%2FTB8228A-03-04.png%3Fv%3D1765426478&feedId=113495&k=880ce5eb0efb5caa439f10e0ed5ae5502b9e3e4c,544,Men's Watches,,TSAR BOMBA WATCH,TB8228A-03,Watches,TB8228A-03,TSAR BOMBA Men's Automatic Watch | Black | Stainless Steel Case | Japanese Mechanical Skeleton Movement | Luxury Sport Wristwatch | Elemental TB8228A,"Discover the perfect balance of industrial aesthetics and precision engineering with the TSAR BOMBA TB8228A. Crafted from premium 316L surgical-grade stainless steel, this luxury men's watch features the iconic tonneau-shaped case and a sophisticated skeleton dial that reveals a high-performance Japanese automatic movement. The ergonomic curved design ensures a comfortable fit, while the scratch-resistant sapphire crystal protects your timepiece from daily wear. Equipped with A-level Super-Luminova for clear night reading and 5ATM (50M) water resistance, the TB8228A is built for both the boardroom and the weekend. Featuring a durable, sweat-resistant fluororubber strap, it is the ultimate statement of style and durability for the modern man.","""Barrel-shaped automatic watch"", ""Japanese movement"", ""316L stainless steel case"", “316L stainless steel bezel”, ""double bridge design hollow dial"", ""Sapphire crystal"", ""50m water resistance"", ""A-grade lume"", ""Silicone strap"".",https://tsarbomba.com/products/tb8228a?variant=47440136667392,https://cdn.shopify.com/s/files/1/0540/8145/4255/files/TB8228A-03-04.png?v=1765426478,USD,400,new,Black,TSAR BOMBA WATCH Barrel Type,male,Products source-US3-Men's Watch,Elemental Series,0~500,44.8mm*51.5mm*14.5mm,316L Stainless Steel,"https://cdn.shopify.com/s/files/1/0540/8145/4255/files/TB8228A-03-05.png?v=1765442193,https://cdn.shopify.com/s/files/1/0540/8145/4255/files/TB8228A-03-01.png?v=1765442193","General:Movement: Japanese Movement, General: Case Material: 316L Stainless Steel, General: Bezel Material: 316L Stainless Steel, General:Dial: Double Bridge Design Hollow Dial, General:Crystal: Sapphire Crystal, General: Water Resistance:50m, General: Lume: A-Grade Luminous, General: Strap Material: Silicone.",Apparel & Accessories > Jewelry > Watches,in_stock,Automatic,769887714201,Men's Watches
113495,109230,Tsarbomba,43890233164,https://www.awin1.com/pclick.php?p=43890233164&a=3002879&m=109230,https://images2.productserve.com/?w=200&h=200&bg=white&trim=5&t=letterbox&url=ssl%3Acdn.shopify.com%2Fs%2Ffiles%2F1%2F0540%2F8145%2F4255%2Ffiles%2FTB8228A-04-01.png%3Fv%3D1765426478&feedId=113495&k=18fa33e4f5c0beadb6fc9fc6f8407b18f7936357,https://images2.productserve.com/?w=70&h=70&bg=white&trim=5&t=letterbox&url=ssl%3Acdn.shopify.com%2Fs%2Ffiles%2F1%2F0540%2F8145%2F4255%2Ffiles%2FTB8228A-04-01.png%3Fv%3D1765426478&feedId=113495&k=18fa33e4f5c0beadb6fc9fc6f8407b18f7936357,544,Men's Watches,,TSAR BOMBA WATCH,TB8228A-04,Watches,TB8228A-04,TSAR BOMBA Men's Automatic Watch | Rose Gold Black | Stainless Steel Case | Japanese Mechanical Skeleton Movement | Luxury Sport Wristwatch | Elemental TB8228A,"Discover the perfect balance of industrial aesthetics and precision engineering with the TSAR BOMBA TB8228A. Crafted from premium 316L surgical-grade stainless steel, this luxury men's watch features the iconic tonneau-shaped case and a sophisticated skeleton dial that reveals a high-performance Japanese automatic movement. The ergonomic curved design ensures a comfortable fit, while the scratch-resistant sapphire crystal protects your timepiece from daily wear. Equipped with A-level Super-Luminova for clear night reading and 5ATM (50M) water resistance, the TB8228A is built for both the boardroom and the weekend. Featuring a durable, sweat-resistant fluororubber strap, it is the ultimate statement of style and durability for the modern man.","""Barrel-shaped automatic watch"", ""Japanese movement"", ""316L stainless steel case"", “316L stainless steel bezel”, ""double bridge design hollow dial"", ""Sapphire crystal"", ""50m water resistance"", ""A-grade lume"", ""Silicone strap"".",https://tsarbomba.com/products/tb8228a?variant=47440136634624,https://cdn.shopify.com/s/files/1/0540/8145/4255/files/TB8228A-04-01.png?v=1765426478,USD,400,new,Rose Gold Black,TSAR BOMBA WATCH Barrel Type,male,Products source-US3-Men's Watch,Elemental Series,0~500,44.8mm*51.5mm*14.5mm,316L Stainless Steel,"https://cdn.shopify.com/s/files/1/0540/8145/4255/files/TB8228A-04-05.png?v=1765426478,https://cdn.shopify.com/s/files/1/0540/8145/4255/files/TB8228A-04-01.png?v=1765426478","General:Movement: Japanese Movement, General: Case Material: 316L Stainless Steel, General: Bezel Material: 316L Stainless Steel, General:Dial: Double Bridge Design Hollow Dial, General:Crystal: Sapphire Crystal, General: Water Resistance:50m, General: Lume: A-Grade Luminous, General: Strap Material: Silicone.",Apparel & Accessories > Jewelry > Watches,in_stock,Automatic,769887714218,Men's Watches
113495,109230,Tsarbomba,43890233165,https://www.awin1.com/pclick.php?p=43890233165&a=3002879&m=109230,https://images2.productserve.com/?w=200&h=200&bg=white&trim=5&t=letterbox&url=ssl%3Acdn.shopify.com%2Fs%2Ffiles%2F1%2F0540%2F8145%2F4255%2Ffiles%2FTB8228A-01-01.png%3Fv%3D1765426478&feedId=113495&k=ef914ef278900ac7151c6218b5046f305b8e544c,https://images2.productserve.com/?w=70&h=70&bg=white&trim=5&t=letterbox&url=ssl%3Acdn.shopify.com%2Fs%2Ffiles%2F1%2F0540%2F8145%2F4255%2Ffiles%2FTB8228A-01-01.png%3Fv%3D1765426478&feedId=113495&k=ef914ef278900ac7151c6218b5046f305b8e544c,544,Men's Watches,,TSAR BOMBA WATCH,TB8228A-01,Watches,TB8228A-01,TSAR BOMBA Men's Automatic Watch | Silver Blue | Stainless Steel Case | Japanese Mechanical Skeleton Movement | Luxury Sport Wristwatch | Elemental TB8228A,"Discover the perfect balance of industrial aesthetics and precision engineering with the TSAR BOMBA TB8228A. Crafted from premium 316L surgical-grade stainless steel, this luxury men's watch features the iconic tonneau-shaped case and a sophisticated skeleton dial that reveals a high-performance Japanese automatic movement. The ergonomic curved design ensures a comfortable fit, while the scratch-resistant sapphire crystal protects your timepiece from daily wear. Equipped with A-level Super-Luminova for clear night reading and 5ATM (50M) water resistance, the TB8228A is built for both the boardroom and the weekend. Featuring a durable, sweat-resistant fluororubber strap, it is the ultimate statement of style and durability for the modern man.","""Barrel-shaped automatic watch"", ""Japanese movement"", ""316L stainless steel case"", “316L stainless steel bezel”, ""double bridge design hollow dial"", ""Sapphire crystal"", ""50m water resistance"", ""A-grade lume"", ""Silicone strap"".",https://tsarbomba.com/products/tb8228a?variant=47440136700160,https://cdn.shopify.com/s/files/1/0540/8145/4255/files/TB8228A-01-01.png?v=1765426478,USD,400,new,Silver Blue,TSAR BOMBA WATCH Barrel Type,male,Products source-US3-Men's Watch,Elemental Series,0~500,44.8mm*51.5mm*14.5mm,316L Stainless Steel,"https://cdn.shopify.com/s/files/1/0540/8145/4255/files/TB8228A-01-05.png?v=1765426478,https://cdn.shopify.com/s/files/1/0540/8145/4255/files/TB8228A-01-01.png?v=1765426478,https://cdn.shopify.com/s/files/1/0540/8145/4255/files/TB8228A-01-04.png?v=1765426478","General:Movement: Japanese Movement, General: Case Material: 316L Stainless Steel, General: Bezel Material: 316L Stainless Steel, General:Dial: Double Bridge Design Hollow Dial, General:Crystal: Sapphire Crystal, General: Water Resistance:50m, General: Lume: A-Grade Luminous, General: Strap Material: Silicone.",Apparel & Accessories > Jewelry > Watches,in_stock,Automatic,769887714188,Men's Watches
113495,109230,Tsarbomba,43890233166,https://www.awin1.com/pclick.php?p=43890233166&a=3002879&m=109230,https://images2.productserve.com/?w=200&h=200&bg=white&trim=5&t=letterbox&url=ssl%3Acdn.shopify.com%2Fs%2Ffiles%2F1%2F0540%2F8145%2F4255%2Ffiles%2FTB8228A-02-04.png%3Fv%3D1765426478&feedId=113495&k=354509bfa7f97695333d03082d267e9b37d67dc7,https://images2.productserve.com/?w=70&h=70&bg=white&trim=5&t=letterbox&url=ssl%3Acdn.shopify.com%2Fs%2Ffiles%2F1%2F0540%2F8145%2F4255%2Ffiles%2FTB8228A-02-04.png%3Fv%3D1765426478&feedId=113495&k=354509bfa7f97695333d03082d267e9b37d67dc7,544,Men's Watches,,TSAR BOMBA WATCH,TB8228A-02,Watches,TB8228A-02,TSAR BOMBA Men's Automatic Watch | Black Orange | Stainless Steel Case | Japanese Mechanical Skeleton Movement | Luxury Sport Wristwatch | Elemental TB8228A,"Discover the perfect balance of industrial aesthetics and precision engineering with the TSAR BOMBA TB8228A. Crafted from premium 316L surgical-grade stainless steel, this luxury men's watch features the iconic tonneau-shaped case and a sophisticated skeleton dial that reveals a high-performance Japanese automatic movement. The ergonomic curved design ensures a comfortable fit, while the scratch-resistant sapphire crystal protects your timepiece from daily wear. Equipped with A-level Super-Luminova for clear night reading and 5ATM (50M) water resistance, the TB8228A is built for both the boardroom and the weekend. Featuring a durable, sweat-resistant silicone strap, it is the ultimate statement of style and durability for the modern man.","""Barrel-shaped automatic watch"", ""Japanese movement"", ""316L stainless steel case"", “316L stainless steel bezel”, ""double bridge design hollow dial"", ""Sapphire crystal"", ""50m water resistance"", ""A-grade lume"", ""Silicone strap"".",https://tsarbomba.com/products/tb8228a?variant=47440136732928,https://cdn.shopify.com/s/files/1/0540/8145/4255/files/TB8228A-02-04.png?v=1765426478,USD,400,new,Black Orange,TSAR BOMBA WATCH Barrel Type,male,Products source-US3-Men's Watch,Elemental Series,0~500,44.8mm*51.5mm*14.5mm,316L Stainless Steel,"https://cdn.shopify.com/s/files/1/0540/8145/4255/files/TB8228A-02-05.png?v=1765426478,https://cdn.shopify.com/s/files/1/0540/8145/4255/files/TB8228A-02-01.png?v=1765426478","General:Movement: Japanese Movement, General: Case Material: 316L Stainless Steel, General: Bezel Material: 316L Stainless Steel, General:Dial: Double Bridge Design Hollow Dial, General:Crystal: Sapphire Crystal, General: Water Resistance:50m, General: Lume: A-Grade Luminous, General: Strap Material: Silicone.",Apparel & Accessories > Jewelry > Watches,in_stock,Automatic,769887714195,Men's Watches
113495,109230,Tsarbomba,43890233167,https://www.awin1.com/pclick.php?p=43890233167&a=3002879&m=109230,https://images2.productserve.com/?w=200&h=200&bg=white&trim=5&t=letterbox&url=ssl%3Acdn.shopify.com%2Fs%2Ffiles%2F1%2F0540%2F8145%2F4255%2Ffiles%2FTB8228A-05-04.png%3Fv%3D1765426478&feedId=113495&k=25952074c4fa35c0895fdf6cf76a2f5d092f2d04,https://images2.productserve.com/?w=70&h=70&bg=white&trim=5&t=letterbox&url=ssl%3Acdn.shopify.com%2Fs%2Ffiles%2F1%2F0540%2F8145%2F4255%2Ffiles%2FTB8228A-05-04.png%3Fv%3D1765426478&feedId=113495&k=25952074c4fa35c0895fdf6cf76a2f5d092f2d04,544,Men's Watches,,TSAR BOMBA WATCH,TB8228A-05,Watches,TB8228A-05,TSAR BOMBA Men's Automatic Watch | Black Yellow | Stainless Steel Case | Japanese Mechanical Skeleton Movement | Luxury Sport Wristwatch | Elemental TB8228A,"Discover the perfect balance of industrial aesthetics and precision engineering with the TSAR BOMBA TB8228A. Crafted from premium 316L surgical-grade stainless steel, this luxury men's watch features the iconic tonneau-shaped case and a sophisticated skeleton dial that reveals a high-performance Japanese automatic movement. The ergonomic curved design ensures a comfortable fit, while the scratch-resistant sapphire crystal protects your timepiece from daily wear. Equipped with A-level Super-Luminova for clear night reading and 5ATM (50M) water resistance, the TB8228A is built for both the boardroom and the weekend. Featuring a durable, sweat-resistant silicone strap, it is the ultimate statement of style and durability for the modern man.","""Barrel-shaped automatic watch"", ""Japanese movement"", ""316L stainless steel case"", “316L stainless steel bezel”, ""double bridge design hollow dial"", ""Sapphire crystal"", ""50m water resistance"", ""A-grade lume"", ""Silicone strap"".",https://tsarbomba.com/products/tb8228a?variant=47440136798464,https://cdn.shopify.com/s/files/1/0540/8145/4255/files/TB8228A-05-04.png?v=1765426478,USD,400,new,Black Yellow,TSAR BOMBA WATCH Barrel Type,male,Products source-US3-Men's Watch,Elemental Series,0~500,44.8mm*51.5mm*14.5mm,316L Stainless Steel,"https://cdn.shopify.com/s/files/1/0540/8145/4255/files/TB8228A-05-05.png?v=1765426478,https://cdn.shopify.com/s/files/1/0540/8145/4255/files/TB8228A-05-01.png?v=1765426478","General:Movement: Japanese Movement, General: Case Material: 316L Stainless Steel, General: Bezel Material: 316L Stainless Steel, General:Dial: Double Bridge Design Hollow Dial, General:Crystal: Sapphire Crystal, General: Water Resistance:50m, General: Lume: A-Grade Luminous, General: Strap Material: Silicone.",Apparel & Accessories > Jewelry > Watches,in_stock,Automatic,769887714225,Men's Watches
113495,109230,Tsarbomba,43890233168,https://www.awin1.com/pclick.php?p=43890233168&a=3002879&m=109230,https://images2.productserve.com/?w=200&h=200&bg=white&trim=5&t=letterbox&url=ssl%3Acdn.shopify.com%2Fs%2Ffiles%2F1%2F0540%2F8145%2F4255%2Ffiles%2FTB8228CF-04-04.png%3Fv%3D1765427146&feedId=113495&k=792ae293d587b9f51831c535338660c992b96084,https://images2.productserve.com/?w=70&h=70&bg=white&trim=5&t=letterbox&url=ssl%3Acdn.shopify.com%2Fs%2Ffiles%2F1%2F0540%2F8145%2F4255%2Ffiles%2FTB8228CF-04-04.png%3Fv%3D1765427146&feedId=113495&k=792ae293d587b9f51831c535338660c992b96084,544,Men's Watches,,TSAR BOMBA WATCH,TB8228CF-04,Watches,TB8228CF-04,TSAR BOMBA Men's Automatic Watch | Elegant White | Stainless Steel Case | Carbon Fiber Bezel | Japanese Mechanical Skeleton Movement | Luxury Sport Wristwatch | Elemental TB8228CF,"Discover the perfect balance of industrial aesthetics and precision engineering with the TSAR BOMBA TB8228CF. Crafted from premium 316L surgical-grade stainless steel, this luxury men's watch features the iconic tonneau-shaped case and a sophisticated skeleton dial that reveals a high-performance Japanese automatic movement. The ergonomic curved design ensures a comfortable fit, while the scratch-resistant sapphire crystal protects your timepiece from daily wear. Equipped with A-level Super-Luminova for clear night reading and 5ATM (50M) water resistance, the TB8228CF is built for both the boardroom and the weekend. Featuring a durable, sweat-resistant fluororubber strap, it is the ultimate statement of style and durability for the modern man.","""Barrel-shaped automatic watch"", ""Japanese movement"", ""316L stainless steel case"", “Carbon fiber bezel”, ""Double bridge design hollow dial"", ""Sapphire crystal"", ""50m water resistance"", ""A-grade lume"", ""Fluororubber strap"".",https://tsarbomba.com/products/tb8228cf?variant=47440142303488,https://cdn.shopify.com/s/files/1/0540/8145/4255/files/TB8228CF-04-04.png?v=1765427146,USD,500,new,Elegant White,TSAR BOMBA WATCH Barrel Type,male,Products source-US3-Men's Watch,Elemental Series,0~500,44.8mm*51.5mm*14.5mm,Carbon Fiber,"https://cdn.shopify.com/s/files/1/0540/8145/4255/files/TB8228CF-04-05.png?v=1765427146,https://cdn.shopify.com/s/files/1/0540/8145/4255/files/TB8228CF-04-01.png?v=1765427146","General:Movement: Japanese Movement, General: Case Material: 316L Stainless Steel, General: Bezel Material: Carbon Fiber, General:Dial: Double Bridge Design Hollow Dial, General:Crystal: Sapphire Crystal, General: Water Resistance:50m, General: Lume: A-Grade Luminous, General: Strap Material: Fluororubber.",Apparel & Accessories > Jewelry > Watches,in_stock,Automatic,769887714447,Men's Watches
113495,109230,Tsarbomba,43890233169,https://www.awin1.com/pclick.php?p=43890233169&a=3002879&m=109230,https://images2.productserve.com/?w=200&h=200&bg=white&trim=5&t=letterbox&url=ssl%3Acdn.shopify.com%2Fs%2Ffiles%2F1%2F0540%2F8145%2F4255%2Ffiles%2FTB8228CF-01-04.png%3Fv%3D1765427146&feedId=113495&k=52d8b596dd019be80185c7bcb2a39193b749c3f3,https://images2.productserve.com/?w=70&h=70&bg=white&trim=5&t=letterbox&url=ssl%3Acdn.shopify.com%2Fs%2Ffiles%2F1%2F0540%2F8145%2F4255%2Ffiles%2FTB8228CF-01-04.png%3Fv%3D1765427146&feedId=113495&k=52d8b596dd019be80185c7bcb2a39193b749c3f3,544,Men's Watches,,TSAR BOMBA WATCH,TB8228CF-01,Watches,TB8228CF-01,TSAR BOMBA Men's Automatic Watch | Cool Black | Stainless Steel Case | Carbon Fiber Bezel | Japanese Mechanical Skeleton Movement | Luxury Sport Wristwatch | Elemental TB8228CF,"Discover the perfect balance of industrial aesthetics and precision engineering with the TSAR BOMBA TB8228CF. Crafted from premium 316L surgical-grade stainless steel, this luxury men's watch features the iconic tonneau-shaped case and a sophisticated skeleton dial that reveals a high-performance Japanese automatic movement. The ergonomic curved design ensures a comfortable fit, while the scratch-resistant sapphire crystal protects your timepiece from daily wear. Equipped with A-level Super-Luminova for clear night reading and 5ATM (50M) water resistance, the TB8228CF is built for both the boardroom and the weekend. Featuring a durable, sweat-resistant fluororubber strap, it is the ultimate statement of style and durability for the modern man.","""Barrel-shaped automatic watch"", ""Japanese movement"", ""316L stainless steel case"", “Carbon fiber bezel”, ""Double bridge design hollow dial"", ""Sapphire crystal"", ""50m water resistance"", ""A-grade lume"", ""Fluororubber strap"".",https://tsarbomba.com/products/tb8228cf?variant=47440142205184,https://cdn.shopify.com/s/files/1/0540/8145/4255/files/TB8228CF-01-04.png?v=1765427146,USD,500,new,Cool Black,TSAR BOMBA WATCH Barrel Type,male,Products source-US3-Men's Watch,Elemental Series,0~500,44.8mm*51.5mm*14.5mm,Carbon Fiber,"https://cdn.shopify.com/s/files/1/0540/8145/4255/files/TB8228CF-01-05.png?v=1765427146,https://cdn.shopify.com/s/files/1/0540/8145/4255/files/TB8228CF-01-01.png?v=1765427146","General:Movement: Japanese Movement, General: Case Material: 316L Stainless Steel, General: Bezel Material: Carbon Fiber, General:Dial: Double Bridge Design Hollow Dial, General:Crystal: Sapphire Crystal, General: Water Resistance:50m, General: Lume: A-Grade Luminous, General: Strap Material: Fluororubber.",Apparel & Accessories > Jewelry > Watches,in_stock,Automatic,769887714416,Men's Watches
113495,109230,Tsarbomba,43890233170,https://www.awin1.com/pclick.php?p=43890233170&a=3002879&m=109230,https://images2.productserve.com/?w=200&h=200&bg=white&trim=5&t=letterbox&url=ssl%3Acdn.shopify.com%2Fs%2Ffiles%2F1%2F0540%2F8145%2F4255%2Ffiles%2FTB8228CF-02-04.png%3Fv%3D1765427146&feedId=113495&k=1c9eab8f2e93055b41eb99f1fccb8563657fccbe,https://images2.productserve.com/?w=70&h=70&bg=white&trim=5&t=letterbox&url=ssl%3Acdn.shopify.com%2Fs%2Ffiles%2F1%2F0540%2F8145%2F4255%2Ffiles%2FTB8228CF-02-04.png%3Fv%3D1765427146&feedId=113495&k=1c9eab8f2e93055b41eb99f1fccb8563657fccbe,544,Men's Watches,,TSAR BOMBA WATCH,TB8228CF-02,Watches,TB8228CF-02,TSAR BOMBA Men's Automatic Watch | Passion Red | Stainless Steel Case | Carbon Fiber Bezel | Japanese Mechanical Skeleton Movement | Luxury Sport Wristwatch | Elemental TB8228CF,"Discover the perfect balance of industrial aesthetics and precision engineering with the TSAR BOMBA TB8228CF. Crafted from premium 316L surgical-grade stainless steel, this luxury men's watch features the iconic tonneau-shaped case and a sophisticated skeleton dial that reveals a high-performance Japanese automatic movement. The ergonomic curved design ensures a comfortable fit, while the scratch-resistant sapphire crystal protects your timepiece from daily wear. Equipped with A-level Super-Luminova for clear night reading and 5ATM (50M) water resistance, the TB8228CF is built for both the boardroom and the weekend. Featuring a durable, sweat-resistant fluororubber strap, it is the ultimate statement of style and durability for the modern man.","""Barrel-shaped automatic watch"", ""Japanese movement"", ""316L stainless steel case"", “Carbon fiber bezel”, ""Double bridge design hollow dial"", ""Sapphire crystal"", ""50m water resistance"", ""A-grade lume"", ""Fluororubber strap"".",https://tsarbomba.com/products/tb8228cf?variant=47440142336256,https://cdn.shopify.com/s/files/1/0540/8145/4255/files/TB8228CF-02-04.png?v=1765427146,USD,500,new,Passion Red,TSAR BOMBA WATCH Barrel Type,male,Products source-US3-Men's Watch,Elemental Series,0~500,44.8mm*51.5mm*14.5mm,Carbon Fiber,"https://cdn.shopify.com/s/files/1/0540/8145/4255/files/TB8228CF-02-05.png?v=1765427146,https://cdn.shopify.com/s/files/1/0540/8145/4255/files/TB8228CF-02-01.png?v=1765427146","General:Movement: Japanese Movement, General: Case Material: 316L Stainless Steel, General: Bezel Material: Carbon Fiber, General:Dial: Double Bridge Design Hollow Dial, General:Crystal: Sapphire Crystal, General: Water Resistance:50m, General: Lume: A-Grade Luminous, General: Strap Material: Fluororubber.",Apparel & Accessories > Jewelry > Watches,in_stock,Automatic,769887714423,Men's Watches
113495,109230,Tsarbomba,43890233171,https://www.awin1.com/pclick.php?p=43890233171&a=3002879&m=109230,https://images2.productserve.com/?w=200&h=200&bg=white&trim=5&t=letterbox&url=ssl%3Acdn.shopify.com%2Fs%2Ffiles%2F1%2F0540%2F8145%2F4255%2Ffiles%2FTB8228CF-03-04.png%3Fv%3D1765427146&feedId=113495&k=b6eb2cabd6a64806ed532886f78efd34a000fecd,https://images2.productserve.com/?w=70&h=70&bg=white&trim=5&t=letterbox&url=ssl%3Acdn.shopify.com%2Fs%2Ffiles%2F1%2F0540%2F8145%2F4255%2Ffiles%2FTB8228CF-03-04.png%3Fv%3D1765427146&feedId=113495&k=b6eb2cabd6a64806ed532886f78efd34a000fecd,544,Men's Watches,,TSAR BOMBA WATCH,TB8228CF-03,Watches,TB8228CF-03,TSAR BOMBA Men's Automatic Watch | Elite White | Stainless Steel Case | Carbon Fiber Bezel | Japanese Mechanical Skeleton Movement | Luxury Sport Wristwatch | Elemental TB8228CF,"Discover the perfect balance of industrial aesthetics and precision engineering with the TSAR BOMBA TB8228CF. Crafted from premium 316L surgical-grade stainless steel, this luxury men's watch features the iconic tonneau-shaped case and a sophisticated skeleton dial that reveals a high-performance Japanese automatic movement. The ergonomic curved design ensures a comfortable fit, while the scratch-resistant sapphire crystal protects your timepiece from daily wear. Equipped with A-level Super-Luminova for clear night reading and 5ATM (50M) water resistance, the TB8228CF is built for both the boardroom and the weekend. Featuring a durable, sweat-resistant fluororubber strap, it is the ultimate statement of style and durability for the modern man.","""Barrel-shaped automatic watch"", ""Japanese movement"", ""316L stainless steel case"", “Carbon fiber bezel”, ""Double bridge design hollow dial"", ""Sapphire crystal"", ""50m water resistance"", ""A-grade lume"", ""Fluororubber strap"".",https://tsarbomba.com/products/tb8228cf?variant=47440142270720,https://cdn.shopify.com/s/files/1/0540/8145/4255/files/TB8228CF-03-04.png?v=1765427146,USD,500,new,Elite White,TSAR BOMBA WATCH Barrel Type,male,Products source-US3-Men's Watch,Elemental Series,0~500,44.8mm*51.5mm*14.5mm,Carbon Fiber,"https://cdn.shopify.com/s/files/1/0540/8145/4255/files/TB8228CF-03-05.png?v=1765427146,https://cdn.shopify.com/s/files/1/0540/8145/4255/files/TB8228CF-03-01.png?v=1765427146","General:Movement: Japanese Movement, General: Case Material: 316L Stainless Steel, General: Bezel Material: Carbon Fiber, General:Dial: Double Bridge Design Hollow Dial, General:Crystal: Sapphire Crystal, General: Water Resistance:50m, General: Lume: A-Grade Luminous, General: Strap Material: Fluororubber.",Apparel & Accessories > Jewelry > Watches,in_stock,Automatic,769887714430,Men's Watches
113495,109230,Tsarbomba,43890233172,https://www.awin1.com/pclick.php?p=43890233172&a=3002879&m=109230,https://images2.productserve.com/?w=200&h=200&bg=white&trim=5&t=letterbox&url=ssl%3Acdn.shopify.com%2Fs%2Ffiles%2F1%2F0540%2F8145%2F4255%2Ffiles%2FTB8228T-01-04.png%3Fv%3D1765263588&feedId=113495&k=333d070fd61194cf9d9f1128ade0b7a99dc4ccbe,https://images2.productserve.com/?w=70&h=70&bg=white&trim=5&t=letterbox&url=ssl%3Acdn.shopify.com%2Fs%2Ffiles%2F1%2F0540%2F8145%2F4255%2Ffiles%2FTB8228T-01-04.png%3Fv%3D1765263588&feedId=113495&k=333d070fd61194cf9d9f1128ade0b7a99dc4ccbe,544,Men's Watches,,TSAR BOMBA WATCH,TB8228T-01,Watches,TB8228T-01,TSAR BOMBA Men's Automatic Watch | Black | Stainless Steel Case | Titanium Bezel | Japanese Mechanical Skeleton Movement | Luxury Sport Wristwatch | Elemental TB8228T,"Discover the perfect balance of industrial aesthetics and precision engineering with the TSAR BOMBA TB8228T. Crafted from premium 316L surgical-grade stainless steel, this luxury men's watch features the iconic tonneau-shaped case and a sophisticated skeleton dial that reveals a high-performance Japanese automatic movement. The ergonomic curved design ensures a comfortable fit, while the scratch-resistant sapphire crystal protects your timepiece from daily wear. Equipped with A-level Super-Luminova for clear night reading and 5ATM (50M) water resistance, the TB8228T is built for both the boardroom and the weekend. Featuring a durable, sweat-resistant fluororubber strap, it is the ultimate statement of style and durability for the modern man.","""Barrel-shaped automatic watch"", ""Japanese movement"", ""316L stainless steel case"", “Titanium bezel”, ""Double bridge design hollow dial"", ""Sapphire crystal"", ""50m water resistance"", ""A-grade lume"", ""Fluororubber strap"".",https://tsarbomba.com/products/tb8228t,https://cdn.shopify.com/s/files/1/0540/8145/4255/files/TB8228T-01-04.png?v=1765263588,USD,500,new,Black,TSAR BOMBA WATCH Barrel Type,male,Products source-US3-Men's Watch,Elemental Series,0~500,44.8mm*51.5mm*14.5mm,Titanium,"https://cdn.shopify.com/s/files/1/0540/8145/4255/files/TB8228T-01-05.png?v=1765263588,https://cdn.shopify.com/s/files/1/0540/8145/4255/files/TB8228T-01-01.png?v=1765263588","General:Movement: Japanese Movement, General: Case Material: 316L Stainless Steel, General: Bezel Material: Titanium, General:Dial: Double Bridge Design Hollow Dial, General:Crystal: Sapphire Crystal, General: Water Resistance:50m, General: Lume: A-Grade Luminous, General: Strap Material: Fluororubber.",Apparel & Accessories > Jewelry > Watches,in_stock,Automatic,769887714454,Men's Watches
113495,109230,Tsarbomba,43890233180,https://www.awin1.com/pclick.php?p=43890233180&a=3002879&m=109230,https://images2.productserve.com/?w=200&h=200&bg=white&trim=5&t=letterbox&url=ssl%3Acdn.shopify.com%2Fs%2Ffiles%2F1%2F0540%2F8145%2F4255%2Ffiles%2F4_3e50f82c-340b-4535-a4be-f694448a7183.png%3Fv%3D1749116892&feedId=113495&k=22431c3aaa8da9edb2d43f4162af699bad08fcad,https://images2.productserve.com/?w=70&h=70&bg=white&trim=5&t=letterbox&url=ssl%3Acdn.shopify.com%2Fs%2Ffiles%2F1%2F0540%2F8145%2F4255%2Ffiles%2F4_3e50f82c-340b-4535-a4be-f694448a7183.png%3Fv%3D1749116892&feedId=113495&k=22431c3aaa8da9edb2d43f4162af699bad08fcad,544,Men's Watches,,TSAR BOMBA WATCH,TB8804A-01,Watches,TB8804A-01,"TSAR BOMBA Elemental Series Silver Black Men's Automatic Mechanical Watch – Stainless Steel Bezel & Case, Skeleton Dial, Sapphire Crystal, Fluororubber Strap, 100M Water Resistance, A+ Luminous","TSAR BOMBA Elemental Series-Luxury Automatic Watch for Business Elites & Watch Enthusiasts, Skeleton Dial, Stainless Steel Case, Stylish round automatic watch with Japanese 82S0 movement, 316L stainless steel bezel, 316L stainless steel case, sapphire crystal, 100m water resistance, A-grade lume, and fluororubber strap. Free shipping and free returns within 30 days.","""Round automatic watch"", ""Japanese movement"", ""316L stainless steel case"", “316L stainless steel bezel”, ""Mechanical dial"", ""Sapphire crystal"", ""100m water resistance"", ""A-grade lume"", ""Fluororubber strap"".",https://tsarbomba.com/products/tb8804a-us?variant=47305923723520,https://cdn.shopify.com/s/files/1/0540/8145/4255/files/4_3e50f82c-340b-4535-a4be-f694448a7183.png?v=1749116892,USD,399.99,new,Silver Black,TSAR BOMBA WATCH Round Type,male,Products source-CLE-Men's Watch,Elemental Series,0~500,45.5mm*51.7mm*14.7mm,316L Stainless Steel,,"General:Movement: Japanese Movement, General: Case Material: 316L Stainless Steel, General: Bezel Material: 316L Stainless Steel, General:Dial: Mechanical Dial, General:Crystal: Sapphire Crystal, General: Water Resistance:100m, General: Lume: A-Grade Luminous, General: Strap Material: Fluororubber.",Apparel & Accessories > Jewelry > Watches,in_stock,Automatic,,Men's Watches
113495,109230,Tsarbomba,43890233181,https://www.awin1.com/pclick.php?p=43890233181&a=3002879&m=109230,https://images2.productserve.com/?w=200&h=200&bg=white&trim=5&t=letterbox&url=ssl%3Acdn.shopify.com%2Fs%2Ffiles%2F1%2F0540%2F8145%2F4255%2Ffiles%2F6_a2ab745b-be28-4f1b-9c18-d414a3cedd41.png%3Fv%3D1749116892&feedId=113495&k=ff49caa82f51978f3aa8b4a84a309347bf99e526,https://images2.productserve.com/?w=70&h=70&bg=white&trim=5&t=letterbox&url=ssl%3Acdn.shopify.com%2Fs%2Ffiles%2F1%2F0540%2F8145%2F4255%2Ffiles%2F6_a2ab745b-be28-4f1b-9c18-d414a3cedd41.png%3Fv%3D1749116892&feedId=113495&k=ff49caa82f51978f3aa8b4a84a309347bf99e526,544,Men's Watches,,TSAR BOMBA WATCH,TB8804A-04,Watches,TB8804A-04,"TSAR BOMBA Elemental Series Orange Men's Automatic Mechanical Watch – Stainless Steel Bezel & Case, Skeleton Dial, Sapphire Crystal, Fluororubber Strap, 100M Water Resistance, A+ Luminous","TSAR BOMBA Elemental Series-Luxury Automatic Watch for Business Elites & Watch Enthusiasts, Skeleton Dial, Stainless Steel Case, Stylish round automatic watch with Japanese 82S0 movement, 316L stainless steel bezel, 316L stainless steel case, sapphire crystal, 100m water resistance, A-grade lume, and fluororubber strap. Free shipping and free returns within 30 days.","""Round automatic watch"", ""Japanese movement"", ""316L stainless steel case"", “316L stainless steel bezel”, ""Mechanical dial"", ""Sapphire crystal"", ""100m water resistance"", ""A-grade lume"", ""Fluororubber strap"".",https://tsarbomba.com/products/tb8804a-us?variant=47305923756288,https://cdn.shopify.com/s/files/1/0540/8145/4255/files/6_a2ab745b-be28-4f1b-9c18-d414a3cedd41.png?v=1749116892,USD,399.99,new,Orange,TSAR BOMBA WATCH Round Type,male,Products source-CLE-Men's Watch,Elemental Series,0~500,45.5mm*51.7mm*14.7mm,316L Stainless Steel,,"General:Movement: Japanese Movement, General: Case Material: 316L Stainless Steel, General: Bezel Material: 316L Stainless Steel, General:Dial: Mechanical Dial, General:Crystal: Sapphire Crystal, General: Water Resistance:100m, General: Lume: A-Grade Luminous, General: Strap Material: Fluororubber.",Apparel & Accessories > Jewelry > Watches,in_stock,Automatic,,Men's Watches
113495,109230,Tsarbomba,43890233182,https://www.awin1.com/pclick.php?p=43890233182&a=3002879&m=109230,https://images2.productserve.com/?w=200&h=200&bg=white&trim=5&t=letterbox&url=ssl%3Acdn.shopify.com%2Fs%2Ffiles%2F1%2F0540%2F8145%2F4255%2Ffiles%2F8_6377b395-4b53-44fd-85e6-39e4c844adcb.png%3Fv%3D1749116892&feedId=113495&k=25bf998fe48d1cb7dc94d7aeb8a89291f166eee9,https://images2.productserve.com/?w=70&h=70&bg=white&trim=5&t=letterbox&url=ssl%3Acdn.shopify.com%2Fs%2Ffiles%2F1%2F0540%2F8145%2F4255%2Ffiles%2F8_6377b395-4b53-44fd-85e6-39e4c844adcb.png%3Fv%3D1749116892&feedId=113495&k=25bf998fe48d1cb7dc94d7aeb8a89291f166eee9,544,Men's Watches,,TSAR BOMBA WATCH,TB8804A-02,Watches,TB8804A-02,"TSAR BOMBA Elemental Series Black Men's Automatic Mechanical Watch – Stainless Steel Bezel & Case, Skeleton Dial, Sapphire Crystal, Fluororubber Strap, 100M Water Resistance, A+ Luminous","TSAR BOMBA Elemental Series-Luxury Automatic Watch for Business Elites & Watch Enthusiasts, Skeleton Dial, Stainless Steel Case, Stylish round automatic watch with Japanese 82S0 movement, 316L stainless steel bezel, 316L stainless steel case, sapphire crystal, 100m water resistance, A-grade lume, and fluororubber strap. Free shipping and free returns within 30 days.","""Round automatic watch"", ""Japanese movement"", ""316L stainless steel case"", “316L stainless steel bezel”, ""Mechanical dial"", ""Sapphire crystal"", ""100m water resistance"", ""A-grade lume"", ""Fluororubber strap"".",https://tsarbomba.com/products/tb8804a-us?variant=47305923789056,https://cdn.shopify.com/s/files/1/0540/8145/4255/files/8_6377b395-4b53-44fd-85e6-39e4c844adcb.png?v=1749116892,USD,399.99,new,Black,TSAR BOMBA WATCH Round Type,male,Products source-CLE-Men's Watch,Elemental Series,0~500,45.5mm*51.7mm*14.7mm,316L Stainless Steel,,"General:Movement: Japanese Movement, General: Case Material: 316L Stainless Steel, General: Bezel Material: 316L Stainless Steel, General:Dial: Mechanical Dial, General:Crystal: Sapphire Crystal, General: Water Resistance:100m, General: Lume: A-Grade Luminous, General: Strap Material: Fluororubber.",Apparel & Accessories > Jewelry > Watches,in_stock,Automatic,,Men's Watches
113495,109230,Tsarbomba,43890233183,https://www.awin1.com/pclick.php?p=43890233183&a=3002879&m=109230,https://images2.productserve.com/?w=200&h=200&bg=white&trim=5&t=letterbox&url=ssl%3Acdn.shopify.com%2Fs%2Ffiles%2F1%2F0540%2F8145%2F4255%2Ffiles%2F10_222e2c7c-4dcc-45c0-b634-02c68a3a24dd.png%3Fv%3D1749116892&feedId=113495&k=321c691aaafc7537b10d02367346ae8955dc05ad,https://images2.productserve.com/?w=70&h=70&bg=white&trim=5&t=letterbox&url=ssl%3Acdn.shopify.com%2Fs%2Ffiles%2F1%2F0540%2F8145%2F4255%2Ffiles%2F10_222e2c7c-4dcc-45c0-b634-02c68a3a24dd.png%3Fv%3D1749116892&feedId=113495&k=321c691aaafc7537b10d02367346ae8955dc05ad,544,Men's Watches,,TSAR BOMBA WATCH,TB8804A-03,Watches,TB8804A-03,"TSAR BOMBA Elemental Series Blue Men's Automatic Mechanical Watch – Stainless Steel Bezel & Case, Skeleton Dial, Sapphire Crystal, Fluororubber Strap, 100M Water Resistance, A+ Luminous","TSAR BOMBA Elemental Series-Luxury Automatic Watch for Business Elites & Watch Enthusiasts, Skeleton Dial, Stainless Steel Case, Stylish round automatic watch with Japanese 82S0 movement, 316L stainless steel bezel, 316L stainless steel case, sapphire crystal, 100m water resistance, A-grade lume, and fluororubber strap. Free shipping and free returns within 30 days.","""Round automatic watch"", ""Japanese movement"", ""316L stainless steel case"", “316L stainless steel bezel”, ""Mechanical dial"", ""Sapphire crystal"", ""100m water resistance"", ""A-grade lume"", ""Fluororubber strap"".",https://tsarbomba.com/products/tb8804a-us?variant=47305923821824,https://cdn.shopify.com/s/files/1/0540/8145/4255/files/10_222e2c7c-4dcc-45c0-b634-02c68a3a24dd.png?v=1749116892,USD,399.99,new,Blue,TSAR BOMBA WATCH Round Type,male,Products source-CLE-Men's Watch,Elemental Series,0~500,45.5mm*51.7mm*14.7mm,316L Stainless Steel,,"General:Movement: Japanese Movement, General: Case Material: 316L Stainless Steel, General: Bezel Material: 316L Stainless Steel, General:Dial: Mechanical Dial, General:Crystal: Sapphire Crystal, General: Water Resistance:100m, General: Lume: A-Grade Luminous, General: Strap Material: Fluororubber.",Apparel & Accessories > Jewelry > Watches,in_stock,Automatic,,Men's Watches
113495,109230,Tsarbomba,43890233184,https://www.awin1.com/pclick.php?p=43890233184&a=3002879&m=109230,https://images2.productserve.com/?w=200&h=200&bg=white&trim=5&t=letterbox&url=ssl%3Acdn.shopify.com%2Fs%2Ffiles%2F1%2F0540%2F8145%2F4255%2Ffiles%2F12_494c6651-42b6-4357-9233-e5197b6be0ee.png%3Fv%3D1749116892&feedId=113495&k=dab6eee39a70a754acb8a8d16ff104bef400b076,https://images2.productserve.com/?w=70&h=70&bg=white&trim=5&t=letterbox&url=ssl%3Acdn.shopify.com%2Fs%2Ffiles%2F1%2F0540%2F8145%2F4255%2Ffiles%2F12_494c6651-42b6-4357-9233-e5197b6be0ee.png%3Fv%3D1749116892&feedId=113495&k=dab6eee39a70a754acb8a8d16ff104bef400b076,544,Men's Watches,,TSAR BOMBA WATCH,TB8804A-05,Watches,TB8804A-05,"TSAR BOMBA Elemental Series Red Men's Automatic Mechanical Watch – Stainless Steel Bezel & Case, Skeleton Dial, Sapphire Crystal, Fluororubber Strap, 100M Water Resistance, A+ Luminous","TSAR BOMBA Elemental Series-Luxury Automatic Watch for Business Elites & Watch Enthusiasts, Skeleton Dial, Stainless Steel Case, Stylish round automatic watch with Japanese 82S0 movement, 316L stainless steel bezel, 316L stainless steel case, sapphire crystal, 100m water resistance, A-grade lume, and fluororubber strap. Free shipping and free returns within 30 days.","""Round automatic watch"", ""Japanese movement"", ""316L stainless steel case"", “316L stainless steel bezel”, ""Mechanical dial"", ""Sapphire crystal"", ""100m water resistance"", ""A-grade lume"", ""Fluororubber strap"".",https://tsarbomba.com/products/tb8804a-us?variant=47305923854592,https://cdn.shopify.com/s/files/1/0540/8145/4255/files/12_494c6651-42b6-4357-9233-e5197b6be0ee.png?v=1749116892,USD,399.99,new,Red,TSAR BOMBA WATCH Round Type,male,Products source-CLE-Men's Watch,Elemental Series,0~500,45.5mm*51.7mm*14.7mm,316L Stainless Steel,,"General:Movement: Japanese Movement, General: Case Material: 316L Stainless Steel, General: Bezel Material: 316L Stainless Steel, General:Dial: Mechanical Dial, General:Crystal: Sapphire Crystal, General: Water Resistance:100m, General: Lume: A-Grade Luminous, General: Strap Material: Fluororubber.",Apparel & Accessories > Jewelry > Watches,in_stock,Automatic,,Men's Watches
113495,109230,Tsarbomba,43890233185,https://www.awin1.com/pclick.php?p=43890233185&a=3002879&m=109230,https://images2.productserve.com/?w=200&h=200&bg=white&trim=5&t=letterbox&url=ssl%3Acdn.shopify.com%2Fs%2Ffiles%2F1%2F0540%2F8145%2F4255%2Ffiles%2F12_d15f6781-597b-4156-be4d-6861bf49a630.png%3Fv%3D1766647990&feedId=113495&k=1ae36d71cbd4827f36e73e6a1866c0c87cd912b5,https://images2.productserve.com/?w=70&h=70&bg=white&trim=5&t=letterbox&url=ssl%3Acdn.shopify.com%2Fs%2Ffiles%2F1%2F0540%2F8145%2F4255%2Ffiles%2F12_d15f6781-597b-4156-be4d-6861bf49a630.png%3Fv%3D1766647990&feedId=113495&k=1ae36d71cbd4827f36e73e6a1866c0c87cd912b5,544,Men's Watches,,TSAR BOMBA WATCH,TB8803A-02,Watches,TB8803A-02,"TSAR BOMBA Elemental Series Red Men's Automatic Mechanical Watch – Stainless Steel Bezel & Case, Skeleton Dial, Sapphire Crystal, Fluororubber Strap, 100M Water Resistance, A+ Luminous","TSAR BOMBA Elemental Series-Luxury Automatic Watch for Business Elites & Watch Enthusiasts, Skeleton Dial, Stainless Steel Case, Stylish round automatic watch with Japanese 82S0 movement, 316L stainless steel bezel, 316L stainless steel case, sapphire crystal, 100m water resistance, A-grade lume, and fluororubber strap. Free shipping and free returns within 30 days.","""Round automatic watch"", ""Japanese movement"", ""316L stainless steel case"", “316L stainless steel bezel”, ""Mechanical dial"", ""Sapphire crystal"", ""100m water resistance"", ""A-grade lume"", ""Fluororubber strap"".",https://tsarbomba.com/products/tb8803a-us?variant=47305918415104,https://cdn.shopify.com/s/files/1/0540/8145/4255/files/12_d15f6781-597b-4156-be4d-6861bf49a630.png?v=1766647990,USD,399.99,new,Red,TSAR BOMBA WATCH Round Type,male,Products source-CLE-Men's Watch,Elemental Series,0~500,45.5mm*51.7mm*14.7mm,316L Stainless Steel,,"General:Movement: Japanese Movement, General: Case Material: 316L Stainless Steel, General: Bezel Material: 316L Stainless Steel, General:Dial: Mechanical Dial, General:Crystal: Sapphire Crystal, General: Water Resistance:100m, General: Lume: A-Grade Luminous, General: Strap Material: Fluororubber.",Apparel & Accessories > Jewelry > Watches,in_stock,Automatic,,Men's Watches
113495,109230,Tsarbomba,43890233186,https://www.awin1.com/pclick.php?p=43890233186&a=3002879&m=109230,https://images2.productserve.com/?w=200&h=200&bg=white&trim=5&t=letterbox&url=ssl%3Acdn.shopify.com%2Fs%2Ffiles%2F1%2F0540%2F8145%2F4255%2Ffiles%2F4_bb9688dd-c184-4daa-a852-ac8b668051a6.png%3Fv%3D1763605471&feedId=113495&k=70508fe6a080e19e650251efc343b1305732804c,https://images2.productserve.com/?w=70&h=70&bg=white&trim=5&t=letterbox&url=ssl%3Acdn.shopify.com%2Fs%2Ffiles%2F1%2F0540%2F8145%2F4255%2Ffiles%2F4_bb9688dd-c184-4daa-a852-ac8b668051a6.png%3Fv%3D1763605471&feedId=113495&k=70508fe6a080e19e650251efc343b1305732804c,544,Men's Watches,,TSAR BOMBA WATCH,TB8803A-01,Watches,TB8803A-01,"TSAR BOMBA Elemental Series Black Men's Automatic Mechanical Watch – Stainless Steel Bezel & Case, Skeleton Dial, Sapphire Crystal, Fluororubber Strap, 100M Water Resistance, A+ Luminous","TSAR BOMBA Elemental Series-Luxury Automatic Watch for Business Elites & Watch Enthusiasts, Skeleton Dial, Stainless Steel Case, Stylish round automatic watch with Japanese 82S0 movement, 316L stainless steel bezel, 316L stainless steel case, sapphire crystal, 100m water resistance, A-grade lume, and fluororubber strap. Free shipping and free returns within 30 days.","""Round automatic watch"", ""Japanese movement"", ""316L stainless steel case"", “316L stainless steel bezel”, ""Mechanical dial"", ""Sapphire crystal"", ""100m water resistance"", ""A-grade lume"", ""Fluororubber strap"".",https://tsarbomba.com/products/tb8803a-us?variant=47305918447872,https://cdn.shopify.com/s/files/1/0540/8145/4255/files/4_bb9688dd-c184-4daa-a852-ac8b668051a6.png?v=1763605471,USD,399.99,new,Black,TSAR BOMBA WATCH Round Type,male,Products source-CLE-Men's Watch,Elemental Series,0~500,45.5mm*51.7mm*14.7mm,316L Stainless Steel,,"General:Movement: Japanese Movement, General: Case Material: 316L Stainless Steel, General: Bezel Material: 316L Stainless Steel, General:Dial: Mechanical Dial, General:Crystal: Sapphire Crystal, General: Water Resistance:100m, General: Lume: A-Grade Luminous, General: Strap Material: Fluororubber.",Apparel & Accessories > Jewelry > Watches,in_stock,Automatic,,Men's Watches
113495,109230,Tsarbomba,43890233187,https://www.awin1.com/pclick.php?p=43890233187&a=3002879&m=109230,https://images2.productserve.com/?w=200&h=200&bg=white&trim=5&t=letterbox&url=ssl%3Acdn.shopify.com%2Fs%2Ffiles%2F1%2F0540%2F8145%2F4255%2Ffiles%2F6_23740862-ed44-4c0a-9497-4b68ae387880.png%3Fv%3D1766647990&feedId=113495&k=71497b110dfe9087ae18381b4bf6fba0465a22fa,https://images2.productserve.com/?w=70&h=70&bg=white&trim=5&t=letterbox&url=ssl%3Acdn.shopify.com%2Fs%2Ffiles%2F1%2F0540%2F8145%2F4255%2Ffiles%2F6_23740862-ed44-4c0a-9497-4b68ae387880.png%3Fv%3D1766647990&feedId=113495&k=71497b110dfe9087ae18381b4bf6fba0465a22fa,544,Men's Watches,,TSAR BOMBA WATCH,TB8803A-03,Watches,TB8803A-03,"TSAR BOMBA Elemental Series Blue Men's Automatic Mechanical Watch – Stainless Steel Bezel & Case, Skeleton Dial, Sapphire Crystal, Fluororubber Strap, 100M Water Resistance, A+ Luminous","TSAR BOMBA Elemental Series-Luxury Automatic Watch for Business Elites & Watch Enthusiasts, Skeleton Dial, Stainless Steel Case, Stylish round automatic watch with Japanese 82S0 movement, 316L stainless steel bezel, 316L stainless steel case, sapphire crystal, 100m water resistance, A-grade lume, and fluororubber strap. Free shipping and free returns within 30 days.","""Round automatic watch"", ""Japanese movement"", ""316L stainless steel case"", “316L stainless steel bezel”, ""Mechanical dial"", ""Sapphire crystal"", ""100m water resistance"", ""A-grade lume"", ""Fluororubber strap"".",https://tsarbomba.com/products/tb8803a-us?variant=47305918480640,https://cdn.shopify.com/s/files/1/0540/8145/4255/files/6_23740862-ed44-4c0a-9497-4b68ae387880.png?v=1766647990,USD,399.99,new,Blue,TSAR BOMBA WATCH Round Type,male,Products source-CLE-Men's Watch,Elemental Series,0~500,45.5mm*51.7mm*14.7mm,316L Stainless Steel,,"General:Movement: Japanese Movement, General: Case Material: 316L Stainless Steel, General: Bezel Material: 316L Stainless Steel, General:Dial: Mechanical Dial, General:Crystal: Sapphire Crystal, General: Water Resistance:100m, General: Lume: A-Grade Luminous, General: Strap Material: Fluororubber.",Apparel & Accessories > Jewelry > Watches,in_stock,Automatic,,Men's Watches
113495,109230,Tsarbomba,43890233188,https://www.awin1.com/pclick.php?p=43890233188&a=3002879&m=109230,https://images2.productserve.com/?w=200&h=200&bg=white&trim=5&t=letterbox&url=ssl%3Acdn.shopify.com%2Fs%2Ffiles%2F1%2F0540%2F8145%2F4255%2Ffiles%2F8_be71e343-8e1b-40ec-a29c-637c9219501d.png%3Fv%3D1766647990&feedId=113495&k=074e998f5d227a668ad3f2b1a1bfe561bf7fd6dc,https://images2.productserve.com/?w=70&h=70&bg=white&trim=5&t=letterbox&url=ssl%3Acdn.shopify.com%2Fs%2Ffiles%2F1%2F0540%2F8145%2F4255%2Ffiles%2F8_be71e343-8e1b-40ec-a29c-637c9219501d.png%3Fv%3D1766647990&feedId=113495&k=074e998f5d227a668ad3f2b1a1bfe561bf7fd6dc,544,Men's Watches,,TSAR BOMBA WATCH,TB8803A-05,Watches,TB8803A-05,"TSAR BOMBA Elemental Series Orange Silver Men's Automatic Mechanical Watch – Stainless Steel Bezel & Case, Skeleton Dial, Sapphire Crystal, Fluororubber Strap, 100M Water Resistance, A+ Luminous","TSAR BOMBA Elemental Series-Luxury Automatic Watch for Business Elites & Watch Enthusiasts, Skeleton Dial, Stainless Steel Case, Stylish round automatic watch with Japanese 82S0 movement, 316L stainless steel bezel, 316L stainless steel case, sapphire crystal, 100m water resistance, A-grade lume, and fluororubber strap. Free shipping and free returns within 30 days.","""Round automatic watch"", ""Japanese movement"", ""316L stainless steel case"", “316L stainless steel bezel”, ""Mechanical dial"", ""Sapphire crystal"", ""100m water resistance"", ""A-grade lume"", ""Fluororubber strap"".",https://tsarbomba.com/products/tb8803a-us?variant=47305918513408,https://cdn.shopify.com/s/files/1/0540/8145/4255/files/8_be71e343-8e1b-40ec-a29c-637c9219501d.png?v=1766647990,USD,399.99,new,Orange Silver,TSAR BOMBA WATCH Round Type,male,Products source-CLE-Men's Watch,Elemental Series,0~500,45.5mm*51.7mm*14.7mm,316L Stainless Steel,,"General:Movement: Japanese Movement, General: Case Material: 316L Stainless Steel, General: Bezel Material: 316L Stainless Steel, General:Dial: Mechanical Dial, General:Crystal: Sapphire Crystal, General: Water Resistance:100m, General: Lume: A-Grade Luminous, General: Strap Material: Fluororubber.",Apparel & Accessories > Jewelry > Watches,in_stock,Automatic,,Men's Watches
113495,109230,Tsarbomba,43890233189,https://www.awin1.com/pclick.php?p=43890233189&a=3002879&m=109230,https://images2.productserve.com/?w=200&h=200&bg=white&trim=5&t=letterbox&url=ssl%3Acdn.shopify.com%2Fs%2Ffiles%2F1%2F0540%2F8145%2F4255%2Ffiles%2F10_75f5b009-3273-4bc4-98aa-8945b373daf4.png%3Fv%3D1763605471&feedId=113495&k=8fc0754a4eb838946f34a052e172f7f8ee9c167d,https://images2.productserve.com/?w=70&h=70&bg=white&trim=5&t=letterbox&url=ssl%3Acdn.shopify.com%2Fs%2Ffiles%2F1%2F0540%2F8145%2F4255%2Ffiles%2F10_75f5b009-3273-4bc4-98aa-8945b373daf4.png%3Fv%3D1763605471&feedId=113495&k=8fc0754a4eb838946f34a052e172f7f8ee9c167d,544,Men's Watches,,TSAR BOMBA WATCH,TB8803A-04,Watches,TB8803A-04,"TSAR BOMBA Elemental Series Orange Black Men's Automatic Mechanical Watch – Stainless Steel Bezel & Case, Skeleton Dial, Sapphire Crystal, Fluororubber Strap, 100M Water Resistance, A+ Luminous","TSAR BOMBA Elemental Series-Luxury Automatic Watch for Business Elites & Watch Enthusiasts, Skeleton Dial, Stainless Steel Case, Stylish round automatic watch with Japanese 82S0 movement, 316L stainless steel bezel, 316L stainless steel case, sapphire crystal, 100m water resistance, A-grade lume, and fluororubber strap. Free shipping and free returns within 30 days.","""Round automatic watch"", ""Japanese movement"", ""316L stainless steel case"", “316L stainless steel bezel”, ""Mechanical dial"", ""Sapphire crystal"", ""100m water resistance"", ""A-grade lume"", ""Fluororubber strap"".",https://tsarbomba.com/products/tb8803a-us?variant=47305918546176,https://cdn.shopify.com/s/files/1/0540/8145/4255/files/10_75f5b009-3273-4bc4-98aa-8945b373daf4.png?v=1763605471,USD,399.99,new,Orange Black,TSAR BOMBA WATCH Round Type,male,Products source-CLE-Men's Watch,Elemental Series,0~500,45.5mm*51.7mm*14.7mm,316L Stainless Steel,,"General:Movement: Japanese Movement, General: Case Material: 316L Stainless Steel, General: Bezel Material: 316L Stainless Steel, General:Dial: Mechanical Dial, General:Crystal: Sapphire Crystal, General: Water Resistance:100m, General: Lume: A-Grade Luminous, General: Strap Material: Fluororubber.",Apparel & Accessories > Jewelry > Watches,in_stock,Automatic,,Men's Watches
113495,109230,Tsarbomba,44936662828,https://www.awin1.com/pclick.php?p=44936662828&a=3002879&m=109230,https://images2.productserve.com/?w=200&h=200&bg=white&trim=5&t=letterbox&url=ssl%3Acdn.shopify.com%2Fs%2Ffiles%2F1%2F0540%2F8145%2F4255%2Ffiles%2FTB8224Q-04-01.png%3Fv%3D1769155978&feedId=113495&k=8c4a5c58f553b24c4ac8afacfb532b8d581eb876,https://images2.productserve.com/?w=70&h=70&bg=white&trim=5&t=letterbox&url=ssl%3Acdn.shopify.com%2Fs%2Ffiles%2F1%2F0540%2F8145%2F4255%2Ffiles%2FTB8224Q-04-01.png%3Fv%3D1769155978&feedId=113495&k=8c4a5c58f553b24c4ac8afacfb532b8d581eb876,544,Men's Watches,,TSAR BOMBA WATCH,TB8224Q-04,Watches,TB8224Q-04,TSAR BOMBA Men's Affordable Luxury Quartz Watch | Gold Black | Tonneau Case | Epson Quartz Movement | 5ATM Waterproof | Fluororubber Strap | Elemental TB8224Q,"Discover the TSAR BOMBA TB8224Q Elemental-Calendar series, where modern sports style meets precision engineering. This luxury men's watch features a distinctive tonneau-shaped 316L stainless steel case and a clear date calendar display. Powered by a reliable Japanese Epson movement, it is protected by scratch-resistant sapphire crystal for ultimate durability. With its ergonomic fluororubber strap and 50M (5ATM) water resistance, this timepiece is designed for both urban elegance and active lifestyles. A perfect fusion of bold aesthetics and everyday functionality.","""Barrel-shaped quartz chronograph"", ""Epson movement"", ""316L steel"", ""Sapphire crystal"", ""50m water resistance"", ""A-grade lume"".",https://tsarbomba.com/products/tb8224q?variant=47622823149824,https://cdn.shopify.com/s/files/1/0540/8145/4255/files/TB8224Q-04-01.png?v=1769155978,USD,280,new,Golden Black,TSAR BOMBA WATCH Barrel Type,male,Products source-US3-Men's Watch,Elemental Series,0~500,44.8mm*51.5mm*14.5mm,316L Stainless Steel,"https://cdn.shopify.com/s/files/1/0540/8145/4255/files/TB8224Q-04-01.png?v=1769155978,https://cdn.shopify.com/s/files/1/0540/8145/4255/files/TB8224Q-04-05.png?v=1769155978,https://cdn.shopify.com/s/files/1/0540/8145/4255/files/TB8224Q-04-04.png?v=1769155978","General:Movement: Japanese Epson Quartz Movement, General: Case Material:316L Stainless Steel, General:Crystal: Sapphire Crystal, General: Water Resistance:50m, General: Lume: A-Grade Luminous, General: Strap Material: Fluororubber Strap",Apparel & Accessories > Jewelry > Watches,in_stock,Quartz,769887714980,Men's Watches
113495,109230,Tsarbomba,44936662829,https://www.awin1.com/pclick.php?p=44936662829&a=3002879&m=109230,https://images2.productserve.com/?w=200&h=200&bg=white&trim=5&t=letterbox&url=ssl%3Acdn.shopify.com%2Fs%2Ffiles%2F1%2F0540%2F8145%2F4255%2Ffiles%2FTB8224Q-01-04.png%3Fv%3D1769155978&feedId=113495&k=cae45f584310bb7b649655f5273af47c4bba1dbb,https://images2.productserve.com/?w=70&h=70&bg=white&trim=5&t=letterbox&url=ssl%3Acdn.shopify.com%2Fs%2Ffiles%2F1%2F0540%2F8145%2F4255%2Ffiles%2FTB8224Q-01-04.png%3Fv%3D1769155978&feedId=113495&k=cae45f584310bb7b649655f5273af47c4bba1dbb,544,Men's Watches,,TSAR BOMBA WATCH,TB8224Q-01,Watches,TB8224Q-01,TSAR BOMBA Men's Affordable Luxury Quartz Watch | Silver Black | Tonneau Case | Epson Quartz Movement | 5ATM Waterproof | Fluororubber Strap | Elemental TB8224Q,"Discover the TSAR BOMBA TB8224Q Elemental-Calendar series, where modern sports style meets precision engineering. This luxury men's watch features a distinctive tonneau-shaped 316L stainless steel case and a clear date calendar display. Powered by a reliable Japanese Epson movement, it is protected by scratch-resistant sapphire crystal for ultimate durability. With its ergonomic fluororubber strap and 50M (5ATM) water resistance, this timepiece is designed for both urban elegance and active lifestyles. A perfect fusion of bold aesthetics and everyday functionality.","""Barrel-shaped quartz chronograph"", ""Epson movement"", ""316L steel"", ""Sapphire crystal"", ""50m water resistance"", ""A-grade lume"".",https://tsarbomba.com/products/tb8224q?variant=47622823018752,https://cdn.shopify.com/s/files/1/0540/8145/4255/files/TB8224Q-01-04.png?v=1769155978,USD,280,new,Silver Black,TSAR BOMBA WATCH Barrel Type,male,Products source-US3-Men's Watch,Elemental Series,0~500,44.8mm*51.5mm*14.5mm,316L Stainless Steel,"https://cdn.shopify.com/s/files/1/0540/8145/4255/files/TB8224Q-01-01.png?v=1769155978,https://cdn.shopify.com/s/files/1/0540/8145/4255/files/TB8224Q-01-05.png?v=1769155978","General:Movement: Japanese Epson Quartz Movement, General: Case Material:316L Stainless Steel, General:Crystal: Sapphire Crystal, General: Water Resistance:50m, General: Lume: A-Grade Luminous, General: Strap Material: Fluororubber Strap",Apparel & Accessories > Jewelry > Watches,in_stock,Quartz,769887714959,Men's Watches
113495,109230,Tsarbomba,44936662830,https://www.awin1.com/pclick.php?p=44936662830&a=3002879&m=109230,https://images2.productserve.com/?w=200&h=200&bg=white&trim=5&t=letterbox&url=ssl%3Acdn.shopify.com%2Fs%2Ffiles%2F1%2F0540%2F8145%2F4255%2Ffiles%2FTB8224Q-02-04.png%3Fv%3D1769155978&feedId=113495&k=0bfc5922d841ca4e9e26b166290e760a7218a76b,https://images2.productserve.com/?w=70&h=70&bg=white&trim=5&t=letterbox&url=ssl%3Acdn.shopify.com%2Fs%2Ffiles%2F1%2F0540%2F8145%2F4255%2Ffiles%2FTB8224Q-02-04.png%3Fv%3D1769155978&feedId=113495&k=0bfc5922d841ca4e9e26b166290e760a7218a76b,544,Men's Watches,,TSAR BOMBA WATCH,TB8224Q-02,Watches,TB8224Q-02,TSAR BOMBA Men's Affordable Luxury Quartz Watch | Silver Blue | Tonneau Case | Epson Quartz Movement | 5ATM Waterproof | Fluororubber Strap | Elemental TB8224Q,"Discover the TSAR BOMBA TB8224Q Elemental-Calendar series, where modern sports style meets precision engineering. This luxury men's watch features a distinctive tonneau-shaped 316L stainless steel case and a clear date calendar display. Powered by a reliable Japanese Epson movement, it is protected by scratch-resistant sapphire crystal for ultimate durability. With its ergonomic fluororubber strap and 50M (5ATM) water resistance, this timepiece is designed for both urban elegance and active lifestyles. A perfect fusion of bold aesthetics and everyday functionality.","""Barrel-shaped quartz chronograph"", ""Epson movement"", ""316L steel"", ""Sapphire crystal"", ""50m water resistance"", ""A-grade lume"".",https://tsarbomba.com/products/tb8224q?variant=47622823084288,https://cdn.shopify.com/s/files/1/0540/8145/4255/files/TB8224Q-02-04.png?v=1769155978,USD,280,new,Silver Blue,TSAR BOMBA WATCH Barrel Type,male,Products source-US3-Men's Watch,Elemental Series,0~500,44.8mm*51.5mm*14.5mm,316L Stainless Steel,"https://cdn.shopify.com/s/files/1/0540/8145/4255/files/TB8224Q-02-01.png?v=1769155978,https://cdn.shopify.com/s/files/1/0540/8145/4255/files/TB8224Q-02-05.png?v=1769155978","General:Movement: Japanese Epson Quartz Movement, General: Case Material:316L Stainless Steel, General:Crystal: Sapphire Crystal, General: Water Resistance:50m, General: Lume: A-Grade Luminous, General: Strap Material: Fluororubber Strap",Apparel & Accessories > Jewelry > Watches,in_stock,Quartz,769887714966,Men's Watches
113495,109230,Tsarbomba,44936662831,https://www.awin1.com/pclick.php?p=44936662831&a=3002879&m=109230,https://images2.productserve.com/?w=200&h=200&bg=white&trim=5&t=letterbox&url=ssl%3Acdn.shopify.com%2Fs%2Ffiles%2F1%2F0540%2F8145%2F4255%2Ffiles%2FTB8224Q-03-04.png%3Fv%3D1769155978&feedId=113495&k=7449ceb4db88063705e9065b4aede5d4143150b4,https://images2.productserve.com/?w=70&h=70&bg=white&trim=5&t=letterbox&url=ssl%3Acdn.shopify.com%2Fs%2Ffiles%2F1%2F0540%2F8145%2F4255%2Ffiles%2FTB8224Q-03-04.png%3Fv%3D1769155978&feedId=113495&k=7449ceb4db88063705e9065b4aede5d4143150b4,544,Men's Watches,,TSAR BOMBA WATCH,TB8224Q-03,Watches,TB8224Q-03,TSAR BOMBA Men's Affordable Luxury Quartz Watch | Silver Red | Tonneau Case | Epson Quartz Movement | 5ATM Waterproof | Fluororubber Strap | Elemental TB8224Q,"Discover the TSAR BOMBA TB8224Q Elemental-Calendar series, where modern sports style meets precision engineering. This luxury men's watch features a distinctive tonneau-shaped 316L stainless steel case and a clear date calendar display. Powered by a reliable Japanese Epson movement, it is protected by scratch-resistant sapphire crystal for ultimate durability. With its ergonomic fluororubber strap and 50M (5ATM) water resistance, this timepiece is designed for both urban elegance and active lifestyles. A perfect fusion of bold aesthetics and everyday functionality.","""Barrel-shaped quartz chronograph"", ""Epson movement"", ""316L steel"", ""Sapphire crystal"", ""50m water resistance"", ""A-grade lume"".",https://tsarbomba.com/products/tb8224q?variant=47622823117056,https://cdn.shopify.com/s/files/1/0540/8145/4255/files/TB8224Q-03-04.png?v=1769155978,USD,280,new,Silver Red,TSAR BOMBA WATCH Barrel Type,male,Products source-US3-Men's Watch,Elemental Series,0~500,44.8mm*51.5mm*14.5mm,316L Stainless Steel,"https://cdn.shopify.com/s/files/1/0540/8145/4255/files/TB8224Q-03-01.png?v=1769155978,https://cdn.shopify.com/s/files/1/0540/8145/4255/files/TB8224Q-03-05.png?v=1769155978","General:Movement: Japanese Epson Quartz Movement, General: Case Material:316L Stainless Steel, General:Crystal: Sapphire Crystal, General: Water Resistance:50m, General: Lume: A-Grade Luminous, General: Strap Material: Fluororubber Strap",Apparel & Accessories > Jewelry > Watches,in_stock,Quartz,769887714973,Men's Watches
113495,109230,Tsarbomba,44936662832,https://www.awin1.com/pclick.php?p=44936662832&a=3002879&m=109230,https://images2.productserve.com/?w=200&h=200&bg=white&trim=5&t=letterbox&url=ssl%3Acdn.shopify.com%2Fs%2Ffiles%2F1%2F0540%2F8145%2F4255%2Ffiles%2FTB8224Q-05-04.png%3Fv%3D1769155978&feedId=113495&k=6f261e1cb224b477b002b4101ae7d7d4ebcedb7e,https://images2.productserve.com/?w=70&h=70&bg=white&trim=5&t=letterbox&url=ssl%3Acdn.shopify.com%2Fs%2Ffiles%2F1%2F0540%2F8145%2F4255%2Ffiles%2FTB8224Q-05-04.png%3Fv%3D1769155978&feedId=113495&k=6f261e1cb224b477b002b4101ae7d7d4ebcedb7e,544,Men's Watches,,TSAR BOMBA WATCH,TB8224Q-05,Watches,TB8224Q-05,TSAR BOMBA Men's Affordable Luxury Quartz Watch | Elite Blue | Tonneau Case | Epson Quartz Movement | 5ATM Waterproof | Fluororubber Strap | Elemental TB8224Q,"Discover the TSAR BOMBA TB8224Q Elemental-Calendar series, where modern sports style meets precision engineering. This luxury men's watch features a distinctive tonneau-shaped 316L stainless steel case and a clear date calendar display. Powered by a reliable Japanese Epson movement, it is protected by scratch-resistant sapphire crystal for ultimate durability. With its ergonomic fluororubber strap and 50M (5ATM) water resistance, this timepiece is designed for both urban elegance and active lifestyles. A perfect fusion of bold aesthetics and everyday functionality.","""Barrel-shaped quartz chronograph"", ""Epson movement"", ""316L steel"", ""Sapphire crystal"", ""50m water resistance"", ""A-grade lume"".",https://tsarbomba.com/products/tb8224q?variant=47622823051520,https://cdn.shopify.com/s/files/1/0540/8145/4255/files/TB8224Q-05-04.png?v=1769155978,USD,280,new,Elite Blue,TSAR BOMBA WATCH Barrel Type,male,Products source-US3-Men's Watch,Elemental Series,0~500,44.8mm*51.5mm*14.5mm,316L Stainless Steel,"https://cdn.shopify.com/s/files/1/0540/8145/4255/files/TB8224Q-05-01.png?v=1769155978,https://cdn.shopify.com/s/files/1/0540/8145/4255/files/TB8224Q-05-05.png?v=1769155978","General:Movement: Japanese Epson Quartz Movement, General: Case Material:316L Stainless Steel, General:Crystal: Sapphire Crystal, General: Water Resistance:50m, General: Lume: A-Grade Luminous, General: Strap Material: Fluororubber Strap",Apparel & Accessories > Jewelry > Watches,in_stock,Quartz,769887714997,Men's Watches
113495,109230,Tsarbomba,44936662833,https://www.awin1.com/pclick.php?p=44936662833&a=3002879&m=109230,https://images2.productserve.com/?w=200&h=200&bg=white&trim=5&t=letterbox&url=ssl%3Acdn.shopify.com%2Fs%2Ffiles%2F1%2F0540%2F8145%2F4255%2Ffiles%2FTB8224Q-06-04.png%3Fv%3D1769155978&feedId=113495&k=0321181a098f6d77c7d4a0ac15adc44aa31d38cc,https://images2.productserve.com/?w=70&h=70&bg=white&trim=5&t=letterbox&url=ssl%3Acdn.shopify.com%2Fs%2Ffiles%2F1%2F0540%2F8145%2F4255%2Ffiles%2FTB8224Q-06-04.png%3Fv%3D1769155978&feedId=113495&k=0321181a098f6d77c7d4a0ac15adc44aa31d38cc,544,Men's Watches,,TSAR BOMBA WATCH,TB8224Q-06,Watches,TB8224Q-06,TSAR BOMBA Men's Affordable Luxury Quartz Watch | Olive Green | Tonneau Case | Epson Quartz Movement | 5ATM Waterproof | Fluororubber Strap | Elemental TB8224Q,"Discover the TSAR BOMBA TB8224Q Elemental-Calendar series, where modern sports style meets precision engineering. This luxury men's watch features a distinctive tonneau-shaped 316L stainless steel case and a clear date calendar display. Powered by a reliable Japanese Epson movement, it is protected by scratch-resistant sapphire crystal for ultimate durability. With its ergonomic fluororubber strap and 50M (5ATM) water resistance, this timepiece is designed for both urban elegance and active lifestyles. A perfect fusion of bold aesthetics and everyday functionality.","""Barrel-shaped quartz chronograph"", ""Epson movement"", ""316L steel"", ""Sapphire crystal"", ""50m water resistance"", ""A-grade lume"".",https://tsarbomba.com/products/tb8224q?variant=47622823280896,https://cdn.shopify.com/s/files/1/0540/8145/4255/files/TB8224Q-06-04.png?v=1769155978,USD,280,new,Olive Green,TSAR BOMBA WATCH Barrel Type,male,Products source-US3-Men's Watch,Elemental Series,0~500,44.8mm*51.5mm*14.5mm,316L Stainless Steel,"https://cdn.shopify.com/s/files/1/0540/8145/4255/files/TB8224Q-06-01.png?v=1769155978,https://cdn.shopify.com/s/files/1/0540/8145/4255/files/TB8224Q-06-05.png?v=1769155978","General:Movement: Japanese Epson Quartz Movement, General: Case Material:316L Stainless Steel, General:Crystal: Sapphire Crystal, General: Water Resistance:50m, General: Lume: A-Grade Luminous, General: Strap Material: Fluororubber Strap",Apparel & Accessories > Jewelry > Watches,in_stock,Quartz,769887715000,Men's Watches
113495,109230,Tsarbomba,44936662834,https://www.awin1.com/pclick.php?p=44936662834&a=3002879&m=109230,https://images2.productserve.com/?w=200&h=200&bg=white&trim=5&t=letterbox&url=ssl%3Acdn.shopify.com%2Fs%2Ffiles%2F1%2F0540%2F8145%2F4255%2Ffiles%2FTB8224B-01-01.png%3Fv%3D1768990352&feedId=113495&k=9db1fa4f3f9769ce3114c60b63a7b5fa954ed7be,https://images2.productserve.com/?w=70&h=70&bg=white&trim=5&t=letterbox&url=ssl%3Acdn.shopify.com%2Fs%2Ffiles%2F1%2F0540%2F8145%2F4255%2Ffiles%2FTB8224B-01-01.png%3Fv%3D1768990352&feedId=113495&k=9db1fa4f3f9769ce3114c60b63a7b5fa954ed7be,544,Men's Watches,,TSAR BOMBA WATCH,TB8224B-01White,Watches,TB8224B-01White,TSAR BOMBA Men's Luxury Quartz Watch | White | Bioceramic Tonneau Case | Japanese Quartz Movement | 50M Waterproof Sport Wristwatch for Men | Elemental TB8224B,"Discover the TSAR BOMBA TB8224B Elemental-Calendar series, where modern sports style meets precision engineering. This luxury men's watch features a distinctive tonneau-shaped 316L stainless steel case and a clear date calendar display. Powered by a reliable Japanese Epson movement, it is protected by scratch-resistant sapphire crystal for ultimate durability. With its ergonomic fluororubber strap and 50M (5ATM) water resistance, this timepiece is designed for both urban elegance and active lifestyles. A perfect fusion of bold aesthetics and everyday functionality.","""Barrel-shaped quartz watch"", ""Japanese movement"", ""316L stainless steel case"", “Bio-ceramic bezel”, ""Sapphire crystal"", ""50m water resistance"", ""A-grade lume"", ""Fluororubber strap"".",https://tsarbomba.com/products/tb8224b?variant=47618125627648,https://cdn.shopify.com/s/files/1/0540/8145/4255/files/TB8224B-01-01.png?v=1768990352,USD,280,new,White,TSAR BOMBA WATCH Barrel Type,male,Products source-US3-Men's Watch,Elemental Series,0~500,44.8mm*51.5mm*14.5mm,Bio-ceramic,"https://cdn.shopify.com/s/files/1/0540/8145/4255/files/TB8224B-01-01.png?v=1768990352,https://cdn.shopify.com/s/files/1/0540/8145/4255/files/TB8224B-01-05.png?v=1768990352,https://cdn.shopify.com/s/files/1/0540/8145/4255/files/TB8224B-01-04.png?v=1768990192","General:Movement: Japanese Movement, General: Case Material: 316L Stainless Steel, General: Bezel Material: Bio-ceramic, General:Crystal: Sapphire Crystal, General: Water Resistance:50m, General: Lume: A-Grade Luminous, General: Strap Material: Fluororubber.",Apparel & Accessories > Jewelry > Watches,in_stock,Quartz,769887715017,Men's Watches
113495,109230,Tsarbomba,44936662835,https://www.awin1.com/pclick.php?p=44936662835&a=3002879&m=109230,https://images2.productserve.com/?w=200&h=200&bg=white&trim=5&t=letterbox&url=ssl%3Acdn.shopify.com%2Fs%2Ffiles%2F1%2F0540%2F8145%2F4255%2Ffiles%2FBlack-4_2e74a502-2fa6-4098-981f-d7ca833c89fc.png%3Fv%3D1769161294&feedId=113495&k=4c44f347e3f0ea1d39611c9c2c7923609b505d48,https://images2.productserve.com/?w=70&h=70&bg=white&trim=5&t=letterbox&url=ssl%3Acdn.shopify.com%2Fs%2Ffiles%2F1%2F0540%2F8145%2F4255%2Ffiles%2FBlack-4_2e74a502-2fa6-4098-981f-d7ca833c89fc.png%3Fv%3D1769161294&feedId=113495&k=4c44f347e3f0ea1d39611c9c2c7923609b505d48,544,Men's Watches,,TSAR BOMBA WATCH,TB8224B-01Black,Watches,TB8224B-01Black,TSAR BOMBA Men's Luxury Quartz Watch | Black | Bioceramic Tonneau Case | Japanese Quartz Movement | 50M Waterproof Sport Wristwatch for Men | Elemental TB8224B,"Discover the TSAR BOMBA TB8224B Elemental-Calendar series, where modern sports style meets precision engineering. This luxury men's watch features a distinctive tonneau-shaped 316L stainless steel case and a clear date calendar display. Powered by a reliable Japanese Epson movement, it is protected by scratch-resistant sapphire crystal for ultimate durability. With its ergonomic fluororubber strap and 50M (5ATM) water resistance, this timepiece is designed for both urban elegance and active lifestyles. A perfect fusion of bold aesthetics and everyday functionality.","""Barrel-shaped quartz watch"", ""Japanese movement"", ""316L stainless steel case"", “Bio-ceramic bezel”, ""Sapphire crystal"", ""50m water resistance"", ""A-grade lume"", ""Fluororubber strap"".",https://tsarbomba.com/products/tb8224b?variant=47622949634304,https://cdn.shopify.com/s/files/1/0540/8145/4255/files/Black-4_2e74a502-2fa6-4098-981f-d7ca833c89fc.png?v=1769161294,USD,280,new,Black,TSAR BOMBA WATCH Barrel Type,male,Products source-US3-Men's Watch,Elemental Series,0~500,44.8mm*51.5mm*14.5mm,Bio-ceramic,"https://cdn.shopify.com/s/files/1/0540/8145/4255/files/Black-2_f8738f69-47ba-415f-b9e0-be27b46cf1ed.png?v=1769161294,https://cdn.shopify.com/s/files/1/0540/8145/4255/files/Black-5.png?v=1769161294","General:Movement: Japanese Movement, General: Case Material: 316L Stainless Steel, General: Bezel Material: Bio-ceramic, General:Crystal: Sapphire Crystal, General: Water Resistance:50m, General: Lume: A-Grade Luminous, General: Strap Material: Fluororubber.",Apparel & Accessories > Jewelry > Watches,in_stock,Quartz,,Men's Watches
113495,109230,Tsarbomba,44936662836,https://www.awin1.com/pclick.php?p=44936662836&a=3002879&m=109230,https://images2.productserve.com/?w=200&h=200&bg=white&trim=5&t=letterbox&url=ssl%3Acdn.shopify.com%2Fs%2Ffiles%2F1%2F0540%2F8145%2F4255%2Ffiles%2FLight_Blue-4.png%3Fv%3D1769161294&feedId=113495&k=6bd38301427514b2abb099ca4e2ac49b20a33d2c,https://images2.productserve.com/?w=70&h=70&bg=white&trim=5&t=letterbox&url=ssl%3Acdn.shopify.com%2Fs%2Ffiles%2F1%2F0540%2F8145%2F4255%2Ffiles%2FLight_Blue-4.png%3Fv%3D1769161294&feedId=113495&k=6bd38301427514b2abb099ca4e2ac49b20a33d2c,544,Men's Watches,,TSAR BOMBA WATCH,TB8224B-01Blue,Watches,TB8224B-01Blue,TSAR BOMBA Men's Luxury Quartz Watch | Blue | Bioceramic Tonneau Case | Japanese Quartz Movement | 50M Waterproof Sport Wristwatch for Men | Elemental TB8224B,"Discover the TSAR BOMBA TB8224B Elemental-Calendar series, where modern sports style meets precision engineering. This luxury men's watch features a distinctive tonneau-shaped 316L stainless steel case and a clear date calendar display. Powered by a reliable Japanese Epson movement, it is protected by scratch-resistant sapphire crystal for ultimate durability. With its ergonomic fluororubber strap and 50M (5ATM) water resistance, this timepiece is designed for both urban elegance and active lifestyles. A perfect fusion of bold aesthetics and everyday functionality.","""Barrel-shaped quartz watch"", ""Japanese movement"", ""316L stainless steel case"", “Bio-ceramic bezel”, ""Sapphire crystal"", ""50m water resistance"", ""A-grade lume"", ""Fluororubber strap"".",https://tsarbomba.com/products/tb8224b?variant=47622949667072,https://cdn.shopify.com/s/files/1/0540/8145/4255/files/Light_Blue-4.png?v=1769161294,USD,280,new,Light Blue,TSAR BOMBA WATCH Barrel Type,male,Products source-US3-Men's Watch,Elemental Series,0~500,44.8mm*51.5mm*14.5mm,Bio-ceramic,"https://cdn.shopify.com/s/files/1/0540/8145/4255/files/Light_Blue-2_7713c97d-e4ec-455f-9879-6aabed1c9977.png?v=1769161294,https://cdn.shopify.com/s/files/1/0540/8145/4255/files/Light_Blue-5.png?v=1769161294","General:Movement: Japanese Movement, General: Case Material: 316L Stainless Steel, General: Bezel Material: Bio-ceramic, General:Crystal: Sapphire Crystal, General: Water Resistance:50m, General: Lume: A-Grade Luminous, General: Strap Material: Fluororubber.",Apparel & Accessories > Jewelry > Watches,in_stock,Quartz,,Men's Watches
113495,109230,Tsarbomba,44936662837,https://www.awin1.com/pclick.php?p=44936662837&a=3002879&m=109230,https://images2.productserve.com/?w=200&h=200&bg=white&trim=5&t=letterbox&url=ssl%3Acdn.shopify.com%2Fs%2Ffiles%2F1%2F0540%2F8145%2F4255%2Ffiles%2FTB8224B-02-04.png%3Fv%3D1769161294&feedId=113495&k=54761853c0e9a64d21b0c33a4af6a5737a048028,https://images2.productserve.com/?w=70&h=70&bg=white&trim=5&t=letterbox&url=ssl%3Acdn.shopify.com%2Fs%2Ffiles%2F1%2F0540%2F8145%2F4255%2Ffiles%2FTB8224B-02-04.png%3Fv%3D1769161294&feedId=113495&k=54761853c0e9a64d21b0c33a4af6a5737a048028,544,Men's Watches,,TSAR BOMBA WATCH,TB8224B-02,Watches,TB8224B-02,TSAR BOMBA Men's Luxury Quartz Watch | Olive | Bioceramic Tonneau Case | Japanese Quartz Movement | 50M Waterproof Sport Wristwatch for Men | Elemental TB8224B,"Discover the TSAR BOMBA TB8224B Elemental-Calendar series, where modern sports style meets precision engineering. This luxury men's watch features a distinctive tonneau-shaped 316L stainless steel case and a clear date calendar display. Powered by a reliable Japanese Epson movement, it is protected by scratch-resistant sapphire crystal for ultimate durability. With its ergonomic fluororubber strap and 50M (5ATM) water resistance, this timepiece is designed for both urban elegance and active lifestyles. A perfect fusion of bold aesthetics and everyday functionality.","""Barrel-shaped quartz watch"", ""Japanese movement"", ""316L stainless steel case"", “Bio-ceramic bezel”, ""Sapphire crystal"", ""50m water resistance"", ""A-grade lume"", ""Fluororubber strap"".",https://tsarbomba.com/products/tb8224b?variant=47622949699840,https://cdn.shopify.com/s/files/1/0540/8145/4255/files/TB8224B-02-04.png?v=1769161294,USD,280,new,Olive,TSAR BOMBA WATCH Barrel Type,male,Products source-US3-Men's Watch,Elemental Series,0~500,44.8mm*51.5mm*14.5mm,Bio-ceramic,"https://cdn.shopify.com/s/files/1/0540/8145/4255/files/TB8224B-02-01.png?v=1769161294,https://cdn.shopify.com/s/files/1/0540/8145/4255/files/TB8224B-02-05.png?v=1769161294","General:Movement: Japanese Movement, General: Case Material: 316L Stainless Steel, General: Bezel Material: Bio-ceramic, General:Crystal: Sapphire Crystal, General: Water Resistance:50m, General: Lume: A-Grade Luminous, General: Strap Material: Fluororubber.",Apparel & Accessories > Jewelry > Watches,in_stock,Quartz,769887715024,Men's Watches
113495,109230,Tsarbomba,45221769242,https://www.awin1.com/pclick.php?p=45221769242&a=3002879&m=109230,https://images2.productserve.com/?w=200&h=200&bg=white&trim=5&t=letterbox&url=ssl%3Acdn.shopify.com%2Fs%2Ffiles%2F1%2F0540%2F8145%2F4255%2Ffiles%2FGold-1_21cd2a01-ec4f-4f1b-a31d-cf9947a35fcd.png%3Fv%3D1778296332&feedId=113495&k=ab685570383a888ac229e60d1172dca8704f9808,https://images2.productserve.com/?w=70&h=70&bg=white&trim=5&t=letterbox&url=ssl%3Acdn.shopify.com%2Fs%2Ffiles%2F1%2F0540%2F8145%2F4255%2Ffiles%2FGold-1_21cd2a01-ec4f-4f1b-a31d-cf9947a35fcd.png%3Fv%3D1778296332&feedId=113495&k=ab685570383a888ac229e60d1172dca8704f9808,544,Men's Watches,,TSAR BOMBA WATCH,TB8227-01,Watches,TB8227-01,TSAR BOMBA Men's Automatic Watch | Gold | Stainless Steel Case | Carbon Fiber Bezel | Japanese Mechanical Skeleton Movement | Luxury Sport Wristwatch | Reactor TB8227,"Discover the perfect balance of industrial aesthetics and precision engineering with the TSAR BOMBA TB8227. Crafted from premium 316L surgical-grade stainless steel, this luxury men's watch features the iconic tonneau-shaped case and a sophisticated skeleton dial that reveals a high-performance Japanese automatic movement. The ergonomic curved design ensures a comfortable fit, while the scratch-resistant sapphire crystal protects your timepiece from daily wear. Equipped with A-level Super-Luminova for clear night reading and 5ATM (50M) water resistance, the TB8227 is built for both the boardroom and the weekend. Featuring a durable, sweat-resistant fluororubber strap, it is the ultimate statement of style and durability for the modern man.","""Barrel-shaped automatic watch"", ""Japanese movement"", ""316L stainless steel case"", “Carbon fiber bezel”, ""Skull skeleton dial"", ""Sapphire crystal"", ""50m water resistance"", ""A-grade lume"", ""Fluororubber strap"".",https://tsarbomba.com/products/tb8227?variant=48696746705152,https://cdn.shopify.com/s/files/1/0540/8145/4255/files/Gold-1_21cd2a01-ec4f-4f1b-a31d-cf9947a35fcd.png?v=1778296332,USD,1500,new,Gold,TSAR BOMBA WATCH Barrel Type,male,Products source-US3-Men's Watch,Reactor Series,1000~2000,42.3mm*53.0mm*14.5mm,Carbon Fiber,"https://cdn.shopify.com/s/files/1/0540/8145/4255/files/Gold-2_e9a08e9f-37c0-417e-8562-017db9c5e331.png?v=1778296333,https://cdn.shopify.com/s/files/1/0540/8145/4255/files/Gold-3_d83e18f3-6efc-42ae-9b8a-d3992a0f5cc4.png?v=1778296332","General:Movement: Japanese Movement, General: Case Material: 316L Stainless Steel, General: Bezel Material: Carbon Fiber, General:Dial: Skull Skeleton Dial, General:Crystal: Sapphire Crystal, General: Water Resistance:50m, General: Lume: A-Grade Luminous, General: Strap Material: Fluororubber.",Apparel & Accessories > Jewelry > Watches,in_stock,Automatic,,Men's Watches
113495,109230,Tsarbomba,45221769243,https://www.awin1.com/pclick.php?p=45221769243&a=3002879&m=109230,https://images2.productserve.com/?w=200&h=200&bg=white&trim=5&t=letterbox&url=ssl%3Acdn.shopify.com%2Fs%2Ffiles%2F1%2F0540%2F8145%2F4255%2Ffiles%2FBlack-1_4a98d2ad-13c6-4950-8f62-f92677f022ce.png%3Fv%3D1778296332&feedId=113495&k=53cf07ece62d67869abbb673f5b6f77ee78d0e8e,https://images2.productserve.com/?w=70&h=70&bg=white&trim=5&t=letterbox&url=ssl%3Acdn.shopify.com%2Fs%2Ffiles%2F1%2F0540%2F8145%2F4255%2Ffiles%2FBlack-1_4a98d2ad-13c6-4950-8f62-f92677f022ce.png%3Fv%3D1778296332&feedId=113495&k=53cf07ece62d67869abbb673f5b6f77ee78d0e8e,544,Men's Watches,,TSAR BOMBA WATCH,TB8227-02,Watches,TB8227-02,TSAR BOMBA Men's Automatic Watch | Gold | Stainless Steel Case | Carbon Fiber Bezel | Japanese Mechanical Skeleton Movement | Luxury Sport Wristwatch | Reactor TB8227,"Discover the perfect balance of industrial aesthetics and precision engineering with the TSAR BOMBA TB8227. Crafted from premium 316L surgical-grade stainless steel, this luxury men's watch features the iconic tonneau-shaped case and a sophisticated skeleton dial that reveals a high-performance Japanese automatic movement. The ergonomic curved design ensures a comfortable fit, while the scratch-resistant sapphire crystal protects your timepiece from daily wear. Equipped with A-level Super-Luminova for clear night reading and 5ATM (50M) water resistance, the TB8227 is built for both the boardroom and the weekend. Featuring a durable, sweat-resistant fluororubber strap, it is the ultimate statement of style and durability for the modern man.","""Barrel-shaped automatic watch"", ""Japanese movement"", ""316L stainless steel case"", “Carbon fiber bezel”, ""Skull skeleton dial"", ""Sapphire crystal"", ""50m water resistance"", ""A-grade lume"", ""Fluororubber strap"".",https://tsarbomba.com/products/tb8227?variant=48696746737920,https://cdn.shopify.com/s/files/1/0540/8145/4255/files/Black-1_4a98d2ad-13c6-4950-8f62-f92677f022ce.png?v=1778296332,USD,1500,new,Black,TSAR BOMBA WATCH Barrel Type,male,Products source-US3-Men's Watch,Reactor Series,1000~2000,42.3mm*53.0mm*14.5mm,Carbon Fiber,"https://cdn.shopify.com/s/files/1/0540/8145/4255/files/Black-2_24211cfe-54b2-4225-bfd6-973316fed1a4.png?v=1778296332,https://cdn.shopify.com/s/files/1/0540/8145/4255/files/Black-3_92a36782-52c8-44ef-9221-9b0e101476f4.png?v=1778296333","General:Movement: Japanese Movement, General: Case Material: 316L Stainless Steel, General: Bezel Material: Carbon Fiber, General:Dial: Skull Skeleton Dial, General:Crystal: Sapphire Crystal, General: Water Resistance:50m, General: Lume: A-Grade Luminous, General: Strap Material: Fluororubber.",Apparel & Accessories > Jewelry > Watches,in_stock,Automatic,,Men's Watches
113495,109230,Tsarbomba,45221769244,https://www.awin1.com/pclick.php?p=45221769244&a=3002879&m=109230,https://images2.productserve.com/?w=200&h=200&bg=white&trim=5&t=letterbox&url=ssl%3Acdn.shopify.com%2Fs%2Ffiles%2F1%2F0540%2F8145%2F4255%2Ffiles%2FGreen-1_d51e7936-cc54-4045-8827-256dfc607b81.png%3Fv%3D1778296333&feedId=113495&k=23e484dd78e869467c678fc5d367c6989ba53395,https://images2.productserve.com/?w=70&h=70&bg=white&trim=5&t=letterbox&url=ssl%3Acdn.shopify.com%2Fs%2Ffiles%2F1%2F0540%2F8145%2F4255%2Ffiles%2FGreen-1_d51e7936-cc54-4045-8827-256dfc607b81.png%3Fv%3D1778296333&feedId=113495&k=23e484dd78e869467c678fc5d367c6989ba53395,544,Men's Watches,,TSAR BOMBA WATCH,TB8227-03,Watches,TB8227-03,TSAR BOMBA Men's Automatic Watch | Gold | Stainless Steel Case | Carbon Fiber Bezel | Japanese Mechanical Skeleton Movement | Luxury Sport Wristwatch | Reactor TB8227,"Discover the perfect balance of industrial aesthetics and precision engineering with the TSAR BOMBA TB8227. Crafted from premium 316L surgical-grade stainless steel, this luxury men's watch features the iconic tonneau-shaped case and a sophisticated skeleton dial that reveals a high-performance Japanese automatic movement. The ergonomic curved design ensures a comfortable fit, while the scratch-resistant sapphire crystal protects your timepiece from daily wear. Equipped with A-level Super-Luminova for clear night reading and 5ATM (50M) water resistance, the TB8227 is built for both the boardroom and the weekend. Featuring a durable, sweat-resistant fluororubber strap, it is the ultimate statement of style and durability for the modern man.","""Barrel-shaped automatic watch"", ""Japanese movement"", ""316L stainless steel case"", “Carbon fiber bezel”, ""Skull skeleton dial"", ""Sapphire crystal"", ""50m water resistance"", ""A-grade lume"", ""Fluororubber strap"".",https://tsarbomba.com/products/tb8227?variant=48696746770688,https://cdn.shopify.com/s/files/1/0540/8145/4255/files/Green-1_d51e7936-cc54-4045-8827-256dfc607b81.png?v=1778296333,USD,1500,new,Green,TSAR BOMBA WATCH Barrel Type,male,Products source-US3-Men's Watch,Reactor Series,1000~2000,42.3mm*53.0mm*14.5mm,Carbon Fiber,"https://cdn.shopify.com/s/files/1/0540/8145/4255/files/Green-2_3aad5d28-951c-46ab-8c3f-3c7f16ca83e7.png?v=1778296333,https://cdn.shopify.com/s/files/1/0540/8145/4255/files/Green-3_65235719-ad26-490d-85b0-8e451b785c39.png?v=1778296333","General:Movement: Japanese Movement, General: Case Material: 316L Stainless Steel, General: Bezel Material: Carbon Fiber, General:Dial: Skull Skeleton Dial, General:Crystal: Sapphire Crystal, General: Water Resistance:50m, General: Lume: A-Grade Luminous, General: Strap Material: Fluororubber.",Apparel & Accessories > Jewelry > Watches,in_stock,Automatic,,Men's Watches
113495,109230,Tsarbomba,45221769245,https://www.awin1.com/pclick.php?p=45221769245&a=3002879&m=109230,https://images2.productserve.com/?w=200&h=200&bg=white&trim=5&t=letterbox&url=ssl%3Acdn.shopify.com%2Fs%2Ffiles%2F1%2F0540%2F8145%2F4255%2Ffiles%2FRed-1_570ba98f-0cb3-4e8a-9aad-9f741f83d4e5.png%3Fv%3D1778296332&feedId=113495&k=0a28955f492818d6e83dcffda32d62761e226cf5,https://images2.productserve.com/?w=70&h=70&bg=white&trim=5&t=letterbox&url=ssl%3Acdn.shopify.com%2Fs%2Ffiles%2F1%2F0540%2F8145%2F4255%2Ffiles%2FRed-1_570ba98f-0cb3-4e8a-9aad-9f741f83d4e5.png%3Fv%3D1778296332&feedId=113495&k=0a28955f492818d6e83dcffda32d62761e226cf5,544,Men's Watches,,TSAR BOMBA WATCH,TB8227-04,Watches,TB8227-04,TSAR BOMBA Men's Automatic Watch | Gold | Stainless Steel Case | Carbon Fiber Bezel | Japanese Mechanical Skeleton Movement | Luxury Sport Wristwatch | Reactor TB8227,"Discover the perfect balance of industrial aesthetics and precision engineering with the TSAR BOMBA TB8227. Crafted from premium 316L surgical-grade stainless steel, this luxury men's watch features the iconic tonneau-shaped case and a sophisticated skeleton dial that reveals a high-performance Japanese automatic movement. The ergonomic curved design ensures a comfortable fit, while the scratch-resistant sapphire crystal protects your timepiece from daily wear. Equipped with A-level Super-Luminova for clear night reading and 5ATM (50M) water resistance, the TB8227 is built for both the boardroom and the weekend. Featuring a durable, sweat-resistant fluororubber strap, it is the ultimate statement of style and durability for the modern man.","""Barrel-shaped automatic watch"", ""Japanese movement"", ""316L stainless steel case"", “Carbon fiber bezel”, ""Skull skeleton dial"", ""Sapphire crystal"", ""50m water resistance"", ""A-grade lume"", ""Fluororubber strap"".",https://tsarbomba.com/products/tb8227?variant=48696746803456,https://cdn.shopify.com/s/files/1/0540/8145/4255/files/Red-1_570ba98f-0cb3-4e8a-9aad-9f741f83d4e5.png?v=1778296332,USD,1500,new,Red,TSAR BOMBA WATCH Barrel Type,male,Products source-US3-Men's Watch,Reactor Series,1000~2000,42.3mm*53.0mm*14.5mm,Carbon Fiber,"https://cdn.shopify.com/s/files/1/0540/8145/4255/files/Red-2_941ebc13-13c9-4020-a9cc-0ddcd5e72c5e.png?v=1778296333,https://cdn.shopify.com/s/files/1/0540/8145/4255/files/Red-3_0f89704c-e879-4a1c-ad58-020fca12de8c.png?v=1778296332","General:Movement: Japanese Movement, General: Case Material: 316L Stainless Steel, General: Bezel Material: Carbon Fiber, General:Dial: Skull Skeleton Dial, General:Crystal: Sapphire Crystal, General: Water Resistance:50m, General: Lume: A-Grade Luminous, General: Strap Material: Fluororubber.",Apparel & Accessories > Jewelry > Watches,in_stock,Automatic,,Men's Watches
113495,109230,Tsarbomba,45221769246,https://www.awin1.com/pclick.php?p=45221769246&a=3002879&m=109230,https://images2.productserve.com/?w=200&h=200&bg=white&trim=5&t=letterbox&url=ssl%3Acdn.shopify.com%2Fs%2Ffiles%2F1%2F0540%2F8145%2F4255%2Ffiles%2FTB8229-02-04.png%3Fv%3D1779525081&feedId=113495&k=c2b52ec3e4ce22be6453d53f60a492dd811d0c08,https://images2.productserve.com/?w=70&h=70&bg=white&trim=5&t=letterbox&url=ssl%3Acdn.shopify.com%2Fs%2Ffiles%2F1%2F0540%2F8145%2F4255%2Ffiles%2FTB8229-02-04.png%3Fv%3D1779525081&feedId=113495&k=c2b52ec3e4ce22be6453d53f60a492dd811d0c08,544,Men's Watches,,TSAR BOMBA WATCH,TB8229C-02,Watches,TB8229C-02,TSAR BOMBA Men's Automatic Watch | Lake Blue | Stainless Steel Case | Ceramic Bezel | Japanese Mechanical Skeleton Movement | Unconventional time display | Luxury Sport Wristwatch | Reactor Parallax,"Discover the perfect balance of industrial aesthetics and precision engineering with the TSAR BOMBA TB8227. Crafted from premium 316L surgical-grade stainless steel, this luxury men's watch features the iconic tonneau-shaped case and a sophisticated skeleton dial that reveals a high-performance Japanese automatic movement. The ergonomic curved design ensures a comfortable fit, while the scratch-resistant sapphire crystal protects your timepiece from daily wear. Equipped with A-level Super-Luminova for clear night reading and 5ATM (50M) water resistance, the TB8227 is built for both the boardroom and the weekend. Featuring a durable, sweat-resistant fluororubber strap, it is the ultimate statement of style and durability for the modern man.","""Barrel-shaped automatic watch"", ""Japanese movement"", ""316L stainless steel case"", “Ceramic bezel”, ""Unconventional time display"", ""Sapphire crystal"", ""50m water resistance"", ""A-grade lume"", ""Fluororubber strap"".",https://tsarbomba.com/products/tb8229?variant=48756423655680,https://cdn.shopify.com/s/files/1/0540/8145/4255/files/TB8229-02-04.png?v=1779525081,USD,2500,new,Lake Blue,TSAR BOMBA WATCH Barrel Type,male,Products source-US3-Men's Watch,Reactor Series,2000~,43.2mm*51.3mm*14.1mm,Ceramic,"https://cdn.shopify.com/s/files/1/0540/8145/4255/files/TB8229-02-05.png?v=1779525081,https://cdn.shopify.com/s/files/1/0540/8145/4255/files/TB8229-02-01.png?v=1779525081","General:Movement: Japanese Movement, General: Case Material: 316L Stainless Steel, General: Bezel Material: Ceramic, General:Dial: Unconventional time display, General:Crystal: Sapphire Crystal, General: Water Resistance:50m, General: Lume: A-Grade Luminous, General: Strap Material: Fluororubber.",Apparel & Accessories > Jewelry > Watches,in_stock,Automatic,,Men's Watches
113495,109230,Tsarbomba,45221769247,https://www.awin1.com/pclick.php?p=45221769247&a=3002879&m=109230,https://images2.productserve.com/?w=200&h=200&bg=white&trim=5&t=letterbox&url=ssl%3Acdn.shopify.com%2Fs%2Ffiles%2F1%2F0540%2F8145%2F4255%2Ffiles%2FTB8229-01-04.png%3Fv%3D1779525081&feedId=113495&k=883ec74b30a8cb1f284cc234f8bc4b88fd00ec0d,https://images2.productserve.com/?w=70&h=70&bg=white&trim=5&t=letterbox&url=ssl%3Acdn.shopify.com%2Fs%2Ffiles%2F1%2F0540%2F8145%2F4255%2Ffiles%2FTB8229-01-04.png%3Fv%3D1779525081&feedId=113495&k=883ec74b30a8cb1f284cc234f8bc4b88fd00ec0d,544,Men's Watches,,TSAR BOMBA WATCH,TB8229C-01,Watches,TB8229C-01,TSAR BOMBA Men's Automatic Watch | Grey | Stainless Steel Case | Ceramic Bezel | Japanese Mechanical Skeleton Movement | Unconventional time display | Luxury Sport Wristwatch | Reactor Parallax,"Discover the perfect balance of industrial aesthetics and precision engineering with the TSAR BOMBA TB8227. Crafted from premium 316L surgical-grade stainless steel, this luxury men's watch features the iconic tonneau-shaped case and a sophisticated skeleton dial that reveals a high-performance Japanese automatic movement. The ergonomic curved design ensures a comfortable fit, while the scratch-resistant sapphire crystal protects your timepiece from daily wear. Equipped with A-level Super-Luminova for clear night reading and 5ATM (50M) water resistance, the TB8227 is built for both the boardroom and the weekend. Featuring a durable, sweat-resistant fluororubber strap, it is the ultimate statement of style and durability for the modern man.","""Barrel-shaped automatic watch"", ""Japanese movement"", ""316L stainless steel case"", “Ceramic bezel”, ""Unconventional time display"", ""Sapphire crystal"", ""50m water resistance"", ""A-grade lume"", ""Fluororubber strap"".",https://tsarbomba.com/products/tb8229?variant=48756423688448,https://cdn.shopify.com/s/files/1/0540/8145/4255/files/TB8229-01-04.png?v=1779525081,USD,2500,new,Grey,TSAR BOMBA WATCH Barrel Type,male,Products source-US3-Men's Watch,Reactor Series,2000~,43.2mm*51.3mm*14.1mm,Ceramic,"https://cdn.shopify.com/s/files/1/0540/8145/4255/files/TB8229-01-05.png?v=1779525081,https://cdn.shopify.com/s/files/1/0540/8145/4255/files/TB8229-01-01.png?v=1779525081","General:Movement: Japanese Movement, General: Case Material: 316L Stainless Steel, General: Bezel Material: Ceramic, General:Dial: Unconventional time display, General:Crystal: Sapphire Crystal, General: Water Resistance:50m, General: Lume: A-Grade Luminous, General: Strap Material: Fluororubber.",Apparel & Accessories > Jewelry > Watches,in_stock,Automatic,,Men's Watches
113495,109230,Tsarbomba,45221769248,https://www.awin1.com/pclick.php?p=45221769248&a=3002879&m=109230,https://images2.productserve.com/?w=200&h=200&bg=white&trim=5&t=letterbox&url=ssl%3Acdn.shopify.com%2Fs%2Ffiles%2F1%2F0540%2F8145%2F4255%2Ffiles%2FTB8229-03-04.png%3Fv%3D1779525081&feedId=113495&k=52865af29cb7f2d405c83f986005074e7632c696,https://images2.productserve.com/?w=70&h=70&bg=white&trim=5&t=letterbox&url=ssl%3Acdn.shopify.com%2Fs%2Ffiles%2F1%2F0540%2F8145%2F4255%2Ffiles%2FTB8229-03-04.png%3Fv%3D1779525081&feedId=113495&k=52865af29cb7f2d405c83f986005074e7632c696,544,Men's Watches,,TSAR BOMBA WATCH,TB8229CF-01,Watches,TB8229CF-01,TSAR BOMBA Men's Automatic Watch | Black | Stainless Steel Case | Carbon Fiber Bezel | Japanese Mechanical Skeleton Movement | Unconventional time display | Luxury Sport Wristwatch | Reactor Parallax,"Discover the perfect balance of industrial aesthetics and precision engineering with the TSAR BOMBA TB8227. Crafted from premium 316L surgical-grade stainless steel, this luxury men's watch features the iconic tonneau-shaped case and a sophisticated skeleton dial that reveals a high-performance Japanese automatic movement. The ergonomic curved design ensures a comfortable fit, while the scratch-resistant sapphire crystal protects your timepiece from daily wear. Equipped with A-level Super-Luminova for clear night reading and 5ATM (50M) water resistance, the TB8227 is built for both the boardroom and the weekend. Featuring a durable, sweat-resistant fluororubber strap, it is the ultimate statement of style and durability for the modern man.","""Barrel-shaped automatic watch"", ""Japanese movement"", ""316L stainless steel case"", “Carbon fiber bezel”, ""Unconventional time display"", ""Sapphire crystal"", ""50m water resistance"", ""A-grade lume"", ""Fluororubber strap"".",https://tsarbomba.com/products/tb8229?variant=48756423721216,https://cdn.shopify.com/s/files/1/0540/8145/4255/files/TB8229-03-04.png?v=1779525081,USD,2500,new,Black,TSAR BOMBA WATCH Barrel Type,male,Products source-US3-Men's Watch,Reactor Series,2000~,43.2mm*51.3mm*14.1mm,Carbon Fiber,"https://cdn.shopify.com/s/files/1/0540/8145/4255/files/TB8229-03-05.png?v=1779525081,https://cdn.shopify.com/s/files/1/0540/8145/4255/files/TB8229-03-01.png?v=1779525081","General:Movement: Japanese Movement, General: Case Material: 316L Stainless Steel, General: Bezel Material: Carbon fiber, General:Dial: Unconventional time display, General:Crystal: Sapphire Crystal, General: Water Resistance:50m, General: Lume: A-Grade Luminous, General: Strap Material: Fluororubber.",Apparel & Accessories > Jewelry > Watches,in_stock,Automatic,,Men's Watches
113495,109230,Tsarbomba,45221769249,https://www.awin1.com/pclick.php?p=45221769249&a=3002879&m=109230,https://images2.productserve.com/?w=200&h=200&bg=white&trim=5&t=letterbox&url=ssl%3Acdn.shopify.com%2Fs%2Ffiles%2F1%2F0540%2F8145%2F4255%2Ffiles%2FTB8230-01-1.png%3Fv%3D1777275741&feedId=113495&k=a2f4f7ac44d7c4dbdf9f83cf65b1587cbb175382,https://images2.productserve.com/?w=70&h=70&bg=white&trim=5&t=letterbox&url=ssl%3Acdn.shopify.com%2Fs%2Ffiles%2F1%2F0540%2F8145%2F4255%2Ffiles%2FTB8230-01-1.png%3Fv%3D1777275741&feedId=113495&k=a2f4f7ac44d7c4dbdf9f83cf65b1587cbb175382,544,Men's Watches,,TSAR BOMBA WATCH,TB8230-01,Watches,TB8230-01,TSAR BOMBA Men's Carbon Fiber Automatic Watch | Carbon Fiber Dial | Silver Black | Electron Series | Miyota Movement | 10ATM Waterproof,"The TSAR BOMBA Electron Series TB8230 is a masterpiece of modern engineering, blending aerospace-grade materials with haute horlogerie. Crafted from ultra-lightweight carbon fiber and powered by a precision Japanese Miyota movement, this timepiece is designed for those who demand bold aesthetics and unmatched durability.  Key Features:  Full Carbon Fiber Construction: The case and dial are meticulously crafted from high-performance carbon fiber. Known for its distinct marbled texture, it offers an incredible strength-to-weight ratio, ensuring the watch is both virtually indestructible and exceptionally light on the wrist.  Ultra-Durable Sapphire Crystal: Protected by a synthetic sapphire glass with a Mohs hardness of 9, providing superior scratch resistance and crystal-clear visibility under any conditions.  10ATM Professional Waterproofing: Engineered for adventure, this watch is water-resistant up to 100 meters (10ATM), making it suitable for swimming, snorkeling, and high-intensity water sports.  Ergonomic Sport Design: The integrated carbon fiber bracelet and double-click butterfly clasp provide a secure, seamless fit that conforms to the wrist for all-day comfort.","""Round automatic watch"", ""Japanese movement"", ""Carbon Fiber case"", “Carbon Fiber bezel”, ""Sapphire crystal"", ""100m water resistance"", ""A-grade lume"", ""Carbon Fiber dial"".",https://tsarbomba.com/products/tb8230?variant=48649779839232,https://cdn.shopify.com/s/files/1/0540/8145/4255/files/TB8230-01-1.png?v=1777275741,USD,750,new,Silver Black,TSAR BOMBA WATCH Round Type,male,Products source-US3-Men's Watch,Electron Series,500~1000,45.0mm*50.7mm*14.0mm,Carbon Fiber,",https://cdn.shopify.com/s/files/1/0540/8145/4255/files/TB8230-01-3.png?v=1777275741","General:Movement: Japanese Movement, General: Case Material: Carbon Fiber, General: Bezel Material: Carbon Fiber, General:Crystal: Sapphire, General: Water Resistance:100m, General: Lume: A-Grade Luminous.",Apparel & Accessories > Jewelry > Watches,in_stock,Automatic,,Men's Watches
113495,109230,Tsarbomba,45221769250,https://www.awin1.com/pclick.php?p=45221769250&a=3002879&m=109230,https://images2.productserve.com/?w=200&h=200&bg=white&trim=5&t=letterbox&url=ssl%3Acdn.shopify.com%2Fs%2Ffiles%2F1%2F0540%2F8145%2F4255%2Ffiles%2FTB8230-02-1.png%3Fv%3D1777275741&feedId=113495&k=78ac7fdfbb3c1452580ad5e5fa81533a0cf4af21,https://images2.productserve.com/?w=70&h=70&bg=white&trim=5&t=letterbox&url=ssl%3Acdn.shopify.com%2Fs%2Ffiles%2F1%2F0540%2F8145%2F4255%2Ffiles%2FTB8230-02-1.png%3Fv%3D1777275741&feedId=113495&k=78ac7fdfbb3c1452580ad5e5fa81533a0cf4af21,544,Men's Watches,,TSAR BOMBA WATCH,TB8230-02,Watches,TB8230-02,TSAR BOMBA Men's Carbon Fiber Automatic Watch | Carbon Fiber Dial | Black | Electron Series | Miyota Movement | 10ATM Waterproof,"The TSAR BOMBA Electron Series TB8230 is a masterpiece of modern engineering, blending aerospace-grade materials with haute horlogerie. Crafted from ultra-lightweight carbon fiber and powered by a precision Japanese Miyota movement, this timepiece is designed for those who demand bold aesthetics and unmatched durability.  Key Features:  Full Carbon Fiber Construction: The case and dial are meticulously crafted from high-performance carbon fiber. Known for its distinct marbled texture, it offers an incredible strength-to-weight ratio, ensuring the watch is both virtually indestructible and exceptionally light on the wrist.  Ultra-Durable Sapphire Crystal: Protected by a synthetic sapphire glass with a Mohs hardness of 9, providing superior scratch resistance and crystal-clear visibility under any conditions.  10ATM Professional Waterproofing: Engineered for adventure, this watch is water-resistant up to 100 meters (10ATM), making it suitable for swimming, snorkeling, and high-intensity water sports.  Ergonomic Sport Design: The integrated carbon fiber bracelet and double-click butterfly clasp provide a secure, seamless fit that conforms to the wrist for all-day comfort.","""Round automatic watch"", ""Japanese movement"", ""Carbon Fiber case"", “Carbon Fiber bezel”, ""Sapphire crystal"", ""100m water resistance"", ""A-grade lume"", ""Carbon Fiber dial"".",https://tsarbomba.com/products/tb8230?variant=48649779872000,https://cdn.shopify.com/s/files/1/0540/8145/4255/files/TB8230-02-1.png?v=1777275741,USD,750,new,Black,TSAR BOMBA WATCH Round Type,male,Products source-US3-Men's Watch,Electron Series,500~1000,45.0mm*50.7mm*14.0mm,Carbon Fiber,"https://cdn.shopify.com/s/files/1/0540/8145/4255/files/TB8230-02-2.png?v=1777275741,https://cdn.shopify.com/s/files/1/0540/8145/4255/files/TB8230-02-3.png?v=1777275741","General:Movement: Japanese Movement, General: Case Material: Carbon Fiber, General: Bezel Material: Carbon Fiber, General:Crystal: Sapphire, General: Water Resistance:100m, General: Lume: A-Grade Luminous.",Apparel & Accessories > Jewelry > Watches,in_stock,Automatic,,Men's Watches
113495,109230,Tsarbomba,45221769251,https://www.awin1.com/pclick.php?p=45221769251&a=3002879&m=109230,https://images2.productserve.com/?w=200&h=200&bg=white&trim=5&t=letterbox&url=ssl%3Acdn.shopify.com%2Fs%2Ffiles%2F1%2F0540%2F8145%2F4255%2Ffiles%2FTB8230-03-1.png%3Fv%3D1777275741&feedId=113495&k=fc9673a10a83ca766d45162b1c2795e3ab8523db,https://images2.productserve.com/?w=70&h=70&bg=white&trim=5&t=letterbox&url=ssl%3Acdn.shopify.com%2Fs%2Ffiles%2F1%2F0540%2F8145%2F4255%2Ffiles%2FTB8230-03-1.png%3Fv%3D1777275741&feedId=113495&k=fc9673a10a83ca766d45162b1c2795e3ab8523db,544,Men's Watches,,TSAR BOMBA WATCH,TB8230-03,Watches,TB8230-03,TSAR BOMBA Men's Carbon Fiber Automatic Watch | Carbon Fiber Dial | Rose Gold Black | Electron Series | Miyota Movement | 10ATM Waterproof,"The TSAR BOMBA Electron Series TB8230 is a masterpiece of modern engineering, blending aerospace-grade materials with haute horlogerie. Crafted from ultra-lightweight carbon fiber and powered by a precision Japanese Miyota movement, this timepiece is designed for those who demand bold aesthetics and unmatched durability.  Key Features:  Full Carbon Fiber Construction: The case and dial are meticulously crafted from high-performance carbon fiber. Known for its distinct marbled texture, it offers an incredible strength-to-weight ratio, ensuring the watch is both virtually indestructible and exceptionally light on the wrist.  Ultra-Durable Sapphire Crystal: Protected by a synthetic sapphire glass with a Mohs hardness of 9, providing superior scratch resistance and crystal-clear visibility under any conditions.  10ATM Professional Waterproofing: Engineered for adventure, this watch is water-resistant up to 100 meters (10ATM), making it suitable for swimming, snorkeling, and high-intensity water sports.  Ergonomic Sport Design: The integrated carbon fiber bracelet and double-click butterfly clasp provide a secure, seamless fit that conforms to the wrist for all-day comfort.","""Round automatic watch"", ""Japanese movement"", ""Carbon Fiber case"", “Carbon Fiber bezel”, ""Sapphire crystal"", ""100m water resistance"", ""A-grade lume"", ""Carbon Fiber dial"".",https://tsarbomba.com/products/tb8230?variant=48649779904768,https://cdn.shopify.com/s/files/1/0540/8145/4255/files/TB8230-03-1.png?v=1777275741,USD,750,new,Rose Gold Black,TSAR BOMBA WATCH Round Type,male,Products source-US3-Men's Watch,Electron Series,500~1000,45.0mm*50.7mm*14.0mm,Carbon Fiber,"https://cdn.shopify.com/s/files/1/0540/8145/4255/files/TB8230-03-2.png?v=1777275741,https://cdn.shopify.com/s/files/1/0540/8145/4255/files/TB8230-03-3.png?v=1777275741","General:Movement: Japanese Movement, General: Case Material: Carbon Fiber, General: Bezel Material: Carbon Fiber, General:Crystal: Sapphire, General: Water Resistance:100m, General: Lume: A-Grade Luminous.",Apparel & Accessories > Jewelry > Watches,in_stock,Automatic,,Men's Watches
113495,109230,Tsarbomba,45221769252,https://www.awin1.com/pclick.php?p=45221769252&a=3002879&m=109230,https://images2.productserve.com/?w=200&h=200&bg=white&trim=5&t=letterbox&url=ssl%3Acdn.shopify.com%2Fs%2Ffiles%2F1%2F0540%2F8145%2F4255%2Ffiles%2FTB8230-04-1.png%3Fv%3D1777275741&feedId=113495&k=60e30652b7f9e6ca25fc188393f2717267737bf5,https://images2.productserve.com/?w=70&h=70&bg=white&trim=5&t=letterbox&url=ssl%3Acdn.shopify.com%2Fs%2Ffiles%2F1%2F0540%2F8145%2F4255%2Ffiles%2FTB8230-04-1.png%3Fv%3D1777275741&feedId=113495&k=60e30652b7f9e6ca25fc188393f2717267737bf5,544,Men's Watches,,TSAR BOMBA WATCH,TB8230-04,Watches,TB8230-04,TSAR BOMBA Men's Carbon Fiber Automatic Watch | Carbon Fiber Dial | Gold Black | Electron Series | Miyota Movement | 10ATM Waterproof,"The TSAR BOMBA Electron Series TB8230 is a masterpiece of modern engineering, blending aerospace-grade materials with haute horlogerie. Crafted from ultra-lightweight carbon fiber and powered by a precision Japanese Miyota movement, this timepiece is designed for those who demand bold aesthetics and unmatched durability.  Key Features:  Full Carbon Fiber Construction: The case and dial are meticulously crafted from high-performance carbon fiber. Known for its distinct marbled texture, it offers an incredible strength-to-weight ratio, ensuring the watch is both virtually indestructible and exceptionally light on the wrist.  Ultra-Durable Sapphire Crystal: Protected by a synthetic sapphire glass with a Mohs hardness of 9, providing superior scratch resistance and crystal-clear visibility under any conditions.  10ATM Professional Waterproofing: Engineered for adventure, this watch is water-resistant up to 100 meters (10ATM), making it suitable for swimming, snorkeling, and high-intensity water sports.  Ergonomic Sport Design: The integrated carbon fiber bracelet and double-click butterfly clasp provide a secure, seamless fit that conforms to the wrist for all-day comfort.","""Round automatic watch"", ""Japanese movement"", ""Carbon Fiber case"", “Carbon Fiber bezel”, ""Sapphire crystal"", ""100m water resistance"", ""A-grade lume"", ""Carbon Fiber dial"".",https://tsarbomba.com/products/tb8230?variant=48649779937536,https://cdn.shopify.com/s/files/1/0540/8145/4255/files/TB8230-04-1.png?v=1777275741,USD,750,new,Gold Black,TSAR BOMBA WATCH Round Type,male,Products source-US3-Men's Watch,Electron Series,500~1000,45.0mm*50.7mm*14.0mm,Carbon Fiber,"https://cdn.shopify.com/s/files/1/0540/8145/4255/files/TB8230-04-2.png?v=1777275741,https://cdn.shopify.com/s/files/1/0540/8145/4255/files/TB8230-04-3.png?v=1777275741","General:Movement: Japanese Movement, General: Case Material: Carbon Fiber, General: Bezel Material: Carbon Fiber, General:Crystal: Sapphire, General: Water Resistance:100m, General: Lume: A-Grade Luminous.",Apparel & Accessories > Jewelry > Watches,in_stock,Automatic,,Men's Watches
113495,109230,Tsarbomba,45221769253,https://www.awin1.com/pclick.php?p=45221769253&a=3002879&m=109230,https://images2.productserve.com/?w=200&h=200&bg=white&trim=5&t=letterbox&url=ssl%3Acdn.shopify.com%2Fs%2Ffiles%2F1%2F0540%2F8145%2F4255%2Ffiles%2FTB8230-05-1.png%3Fv%3D1777275742&feedId=113495&k=760331c3215f42e942723410c5426066d8a42c15,https://images2.productserve.com/?w=70&h=70&bg=white&trim=5&t=letterbox&url=ssl%3Acdn.shopify.com%2Fs%2Ffiles%2F1%2F0540%2F8145%2F4255%2Ffiles%2FTB8230-05-1.png%3Fv%3D1777275742&feedId=113495&k=760331c3215f42e942723410c5426066d8a42c15,544,Men's Watches,,TSAR BOMBA WATCH,TB8230-05,Watches,TB8230-05,TSAR BOMBA Men's Carbon Fiber Automatic Watch | Carbon Fiber Dial | Green | Electron Series | Miyota Movement | 10ATM Waterproof,"The TSAR BOMBA Electron Series TB8230 is a masterpiece of modern engineering, blending aerospace-grade materials with haute horlogerie. Crafted from ultra-lightweight carbon fiber and powered by a precision Japanese Miyota movement, this timepiece is designed for those who demand bold aesthetics and unmatched durability.  Key Features:  Full Carbon Fiber Construction: The case and dial are meticulously crafted from high-performance carbon fiber. Known for its distinct marbled texture, it offers an incredible strength-to-weight ratio, ensuring the watch is both virtually indestructible and exceptionally light on the wrist.  Ultra-Durable Sapphire Crystal: Protected by a synthetic sapphire glass with a Mohs hardness of 9, providing superior scratch resistance and crystal-clear visibility under any conditions.  10ATM Professional Waterproofing: Engineered for adventure, this watch is water-resistant up to 100 meters (10ATM), making it suitable for swimming, snorkeling, and high-intensity water sports.  Ergonomic Sport Design: The integrated carbon fiber bracelet and double-click butterfly clasp provide a secure, seamless fit that conforms to the wrist for all-day comfort.","""Round automatic watch"", ""Japanese movement"", ""Carbon Fiber case"", “Carbon Fiber bezel”, ""Sapphire crystal"", ""100m water resistance"", ""A-grade lume"", ""Carbon Fiber dial"".",https://tsarbomba.com/products/tb8230?variant=48649779970304,https://cdn.shopify.com/s/files/1/0540/8145/4255/files/TB8230-05-1.png?v=1777275742,USD,750,new,Green,TSAR BOMBA WATCH Round Type,male,Products source-US3-Men's Watch,Electron Series,500~1000,45.0mm*50.7mm*14.0mm,Carbon Fiber,"https://cdn.shopify.com/s/files/1/0540/8145/4255/files/TB8230-05-2.png?v=1777275741,https://cdn.shopify.com/s/files/1/0540/8145/4255/files/TB8230-05-3.png?v=1777275741","General:Movement: Japanese Movement, General: Case Material: Carbon Fiber, General: Bezel Material: Carbon Fiber, General:Crystal: Sapphire, General: Water Resistance:100m, General: Lume: A-Grade Luminous.",Apparel & Accessories > Jewelry > Watches,in_stock,Automatic,,Men's Watches
113495,109230,Tsarbomba,45221769254,https://www.awin1.com/pclick.php?p=45221769254&a=3002879&m=109230,https://images2.productserve.com/?w=200&h=200&bg=white&trim=5&t=letterbox&url=ssl%3Acdn.shopify.com%2Fs%2Ffiles%2F1%2F0540%2F8145%2F4255%2Ffiles%2FWhiteSilver-1.png%3Fv%3D1780383952&feedId=113495&k=39a8022d2bc11731b212c91a524c5f3387a41a2a,https://images2.productserve.com/?w=70&h=70&bg=white&trim=5&t=letterbox&url=ssl%3Acdn.shopify.com%2Fs%2Ffiles%2F1%2F0540%2F8145%2F4255%2Ffiles%2FWhiteSilver-1.png%3Fv%3D1780383952&feedId=113495&k=39a8022d2bc11731b212c91a524c5f3387a41a2a,544,Men's Watches,,TSAR BOMBA WATCH,TB8231L-01,Watches,TB8231L-01,Tsar Bomba Women's Quartz Watch | White Silver | 35mm | Sapphire Crystal | Swiss Movement | 5ATM Water-Resistant | TB8231L,"Elevate your everyday style with the TSAR BOMBA TB8231L Nucleus Femme 04. Specifically designed for women who value both elegance and modern engineering, this luxury timepiece combines high-end materials with Swiss precision.  **Key Features:**  **Swiss Precision Movement:** Powered by the reliable Swiss 763 quartz movement, ensuring accurate timekeeping with minimal maintenance.  **Premium 316L Stainless Steel Construction:** Housed in a high-grade 316L stainless steel case with a matching 316L stainless steel bezel. This medical-grade material offers exceptional corrosion resistance, superior durability, and a brilliant, polished finish that maintains its luster over time.  **Scratch-Resistant Sapphire Crystal:** The watch is protected by a premium Sapphire Crystal, ensuring high transparency and ultimate scratch resistance for daily wear.  **Supreme Comfort:** Equipped with a high-quality FKM Fluoro-rubber strap, which is skin-friendly, anti-oxidant, and perfect for all-day wear.  **Visibility & Enhanced Durability:** Features AlphaLuminex (A-level Lume) for exceptional nighttime visibility and 5 ATM (50 meters) water resistance, making it suitable for swimming and everyday splash protection.  Whether you are looking for a sophisticated accessory for business meetings or a stylish companion for daily life, the TSAR BOMBA TB8231L is the perfect blend of luxury, durability, and feminine aesthetics. Ideal as a premium gift for her.","""Barrel-shaped women's quartz watch"", ""Swiss movement"", ""316L stainless steel bezel"", ""316L stainless steel case"", ""Sapphire crystal"", ""50m water resistance"", ""A-grade lume"", ""Fluoro rubber strap"".",https://tsarbomba.com/products/tb8231?variant=48787335708928,https://cdn.shopify.com/s/files/1/0540/8145/4255/files/WhiteSilver-1.png?v=1780383952,USD,500,new,White Silver,TSAR BOMBA WATCH Barrel Type,female,Products source-US3-Women's Watch,Nucleus Femme Series,500~1000,35.0mm*42.5mm*10.8mm,316L Stainless Steel,"https://cdn.shopify.com/s/files/1/0540/8145/4255/files/WhiteSilver-2.png?v=1780383952,https://cdn.shopify.com/s/files/1/0540/8145/4255/files/WhiteSilver-3.png?v=1780383952","General: Movement: Swiss Movement, General: Case Material: 316L Stainless Steel, General: Bezel Material: 316L Stainless Steel, General: Crystal: Sapphire Crystal, General: Water Resistance: 50m, General: Lume: A-Grade Luminous, General: Strap Material: Fluoro Rubber Strap.",Apparel & Accessories > Jewelry > Watches,preorder,Quartz,,Women's Watches
113495,109230,Tsarbomba,45221769255,https://www.awin1.com/pclick.php?p=45221769255&a=3002879&m=109230,https://images2.productserve.com/?w=200&h=200&bg=white&trim=5&t=letterbox&url=ssl%3Acdn.shopify.com%2Fs%2Ffiles%2F1%2F0540%2F8145%2F4255%2Ffiles%2FGreen-1_00251e33-2e56-438b-869d-39d3116c5c34.png%3Fv%3D1780383952&feedId=113495&k=526c9f502c8ee701ce0e929f88f196585c6df928,https://images2.productserve.com/?w=70&h=70&bg=white&trim=5&t=letterbox&url=ssl%3Acdn.shopify.com%2Fs%2Ffiles%2F1%2F0540%2F8145%2F4255%2Ffiles%2FGreen-1_00251e33-2e56-438b-869d-39d3116c5c34.png%3Fv%3D1780383952&feedId=113495&k=526c9f502c8ee701ce0e929f88f196585c6df928,544,Men's Watches,,TSAR BOMBA WATCH,TB8231L-02,Watches,TB8231L-02,Tsar Bomba Women's Quartz Watch | Green | 35mm | Sapphire Crystal | Swiss Movement | 5ATM Water-Resistant | TB8231L,"Elevate your everyday style with the TSAR BOMBA TB8231L Nucleus Femme 04. Specifically designed for women who value both elegance and modern engineering, this luxury timepiece combines high-end materials with Swiss precision.  **Key Features:**  **Swiss Precision Movement:** Powered by the reliable Swiss 763 quartz movement, ensuring accurate timekeeping with minimal maintenance.  **Premium 316L Stainless Steel Construction:** Housed in a high-grade 316L stainless steel case with a matching 316L stainless steel bezel. This medical-grade material offers exceptional corrosion resistance, superior durability, and a brilliant, polished finish that maintains its luster over time.  **Scratch-Resistant Sapphire Crystal:** The watch is protected by a premium Sapphire Crystal, ensuring high transparency and ultimate scratch resistance for daily wear.  **Supreme Comfort:** Equipped with a high-quality FKM Fluoro-rubber strap, which is skin-friendly, anti-oxidant, and perfect for all-day wear.  **Visibility & Enhanced Durability:** Features AlphaLuminex (A-level Lume) for exceptional nighttime visibility and 5 ATM (50 meters) water resistance, making it suitable for swimming and everyday splash protection.  Whether you are looking for a sophisticated accessory for business meetings or a stylish companion for daily life, the TSAR BOMBA TB8231L is the perfect blend of luxury, durability, and feminine aesthetics. Ideal as a premium gift for her.","""Barrel-shaped women's quartz watch"", ""Swiss movement"", ""316L stainless steel bezel"", ""316L stainless steel case"", ""Sapphire crystal"", ""50m water resistance"", ""A-grade lume"", ""Fluoro rubber strap"".",https://tsarbomba.com/products/tb8231?variant=48787335643392,https://cdn.shopify.com/s/files/1/0540/8145/4255/files/Green-1_00251e33-2e56-438b-869d-39d3116c5c34.png?v=1780383952,USD,500,new,Green,TSAR BOMBA WATCH Barrel Type,female,Products source-US3-Women's Watch,Nucleus Femme Series,500~1000,35.0mm*42.5mm*10.8mm,316L Stainless Steel,"https://cdn.shopify.com/s/files/1/0540/8145/4255/files/Green-2_4fde35c9-d5f5-485e-95f8-d3c67ae2c2c1.png?v=1780383952,https://cdn.shopify.com/s/files/1/0540/8145/4255/files/Green-3_8de6731c-758d-4469-a984-fc9a701f37af.png?v=1780383952","General: Movement: Swiss Movement, General: Case Material: 316L Stainless Steel, General: Bezel Material: 316L Stainless Steel, General: Crystal: Sapphire Crystal, General: Water Resistance: 50m, General: Lume: A-Grade Luminous, General: Strap Material: Fluoro Rubber Strap.",Apparel & Accessories > Jewelry > Watches,preorder,Quartz,,Women's Watches
113495,109230,Tsarbomba,45221769256,https://www.awin1.com/pclick.php?p=45221769256&a=3002879&m=109230,https://images2.productserve.com/?w=200&h=200&bg=white&trim=5&t=letterbox&url=ssl%3Acdn.shopify.com%2Fs%2Ffiles%2F1%2F0540%2F8145%2F4255%2Ffiles%2FWhiteGold-1.png%3Fv%3D1780383952&feedId=113495&k=b76b45816382bf3e2f8f994703dd149020277e5c,https://images2.productserve.com/?w=70&h=70&bg=white&trim=5&t=letterbox&url=ssl%3Acdn.shopify.com%2Fs%2Ffiles%2F1%2F0540%2F8145%2F4255%2Ffiles%2FWhiteGold-1.png%3Fv%3D1780383952&feedId=113495&k=b76b45816382bf3e2f8f994703dd149020277e5c,544,Men's Watches,,TSAR BOMBA WATCH,TB8231L-03,Watches,TB8231L-03,Tsar Bomba Women's Quartz Watch | White Gold | 35mm | Sapphire Crystal | Swiss Movement | 5ATM Water-Resistant | TB8231L,"Elevate your everyday style with the TSAR BOMBA TB8231L Nucleus Femme 04. Specifically designed for women who value both elegance and modern engineering, this luxury timepiece combines high-end materials with Swiss precision.  **Key Features:**  **Swiss Precision Movement:** Powered by the reliable Swiss 763 quartz movement, ensuring accurate timekeeping with minimal maintenance.  **Premium 316L Stainless Steel Construction:** Housed in a high-grade 316L stainless steel case with a matching 316L stainless steel bezel. This medical-grade material offers exceptional corrosion resistance, superior durability, and a brilliant, polished finish that maintains its luster over time.  **Scratch-Resistant Sapphire Crystal:** The watch is protected by a premium Sapphire Crystal, ensuring high transparency and ultimate scratch resistance for daily wear.  **Supreme Comfort:** Equipped with a high-quality FKM Fluoro-rubber strap, which is skin-friendly, anti-oxidant, and perfect for all-day wear.  **Visibility & Enhanced Durability:** Features AlphaLuminex (A-level Lume) for exceptional nighttime visibility and 5 ATM (50 meters) water resistance, making it suitable for swimming and everyday splash protection.  Whether you are looking for a sophisticated accessory for business meetings or a stylish companion for daily life, the TSAR BOMBA TB8231L is the perfect blend of luxury, durability, and feminine aesthetics. Ideal as a premium gift for her.","""Barrel-shaped women's quartz watch"", ""Swiss movement"", ""316L stainless steel bezel"", ""316L stainless steel case"", ""Sapphire crystal"", ""50m water resistance"", ""A-grade lume"", ""Fluoro rubber strap"".",https://tsarbomba.com/products/tb8231?variant=48787335676160,https://cdn.shopify.com/s/files/1/0540/8145/4255/files/WhiteGold-1.png?v=1780383952,USD,500,new,White Gold,TSAR BOMBA WATCH Barrel Type,female,Products source-US3-Women's Watch,Nucleus Femme Series,500~1000,35.0mm*42.5mm*10.8mm,316L Stainless Steel,"https://cdn.shopify.com/s/files/1/0540/8145/4255/files/WhiteGold-2.png?v=1780383952,https://cdn.shopify.com/s/files/1/0540/8145/4255/files/WhiteGold-3.png?v=1780383952","General: Movement: Swiss Movement, General: Case Material: 316L Stainless Steel, General: Bezel Material: 316L Stainless Steel, General: Crystal: Sapphire Crystal, General: Water Resistance: 50m, General: Lume: A-Grade Luminous, General: Strap Material: Fluoro Rubber Strap.",Apparel & Accessories > Jewelry > Watches,preorder,Quartz,,Women's Watches
113495,109230,Tsarbomba,45221769257,https://www.awin1.com/pclick.php?p=45221769257&a=3002879&m=109230,https://images2.productserve.com/?w=200&h=200&bg=white&trim=5&t=letterbox&url=ssl%3Acdn.shopify.com%2Fs%2Ffiles%2F1%2F0540%2F8145%2F4255%2Ffiles%2FWhiteSilver-1_15d8fcf1-618b-46fd-826c-81d3fd2f3107.png%3Fv%3D1780384715&feedId=113495&k=bb70286cf86914508a0915e263f0990dad059f32,https://images2.productserve.com/?w=70&h=70&bg=white&trim=5&t=letterbox&url=ssl%3Acdn.shopify.com%2Fs%2Ffiles%2F1%2F0540%2F8145%2F4255%2Ffiles%2FWhiteSilver-1_15d8fcf1-618b-46fd-826c-81d3fd2f3107.png%3Fv%3D1780384715&feedId=113495&k=bb70286cf86914508a0915e263f0990dad059f32,544,Men's Watches,,TSAR BOMBA WATCH,TB8233L-01,Watches,TB8233L-01,Tsar Bomba Women's Automatic Watch | White Silver | 35mm | Sapphire Crystal | Japanese Movement | 5ATM Water-Resistant | TB8233L,"Elevate your everyday style with the TSAR BOMBA TB8233 Lumina. Specifically designed for women who value both elegance and modern engineering, this luxury timepiece combines high-end materials with Japanese precision.  **Key Features:**  **Japanese Precision Movement:** Powered by a reliable Japanese automatic movement, ensuring accurate timekeeping with the captivating charm of mechanical craftsmanship.  **Premium 316L Stainless Steel Construction:** Housed in a high-grade 316L stainless steel case with a matching 316L stainless steel bezel. This medical-grade material offers exceptional corrosion resistance, superior durability, and a brilliant, polished finish that maintains its luster over time.  **Scratch-Resistant Sapphire Crystal:** The watch is protected by a premium Sapphire Crystal, ensuring high transparency and ultimate scratch resistance for daily wear.  **Supreme Comfort:** Equipped with a high-quality FKM Fluoro-rubber strap, which is skin-friendly, anti-oxidant, and perfect for all-day wear.  **Visibility & Enhanced Durability:** Features AlphaLuminex (A-level Lume) for exceptional nighttime visibility and 5 ATM (50 meters) water resistance, making it suitable for swimming and everyday splash protection.  Whether you are looking for a sophisticated accessory for business meetings or a stylish companion for daily life, the TSAR BOMBA TB8233 is the perfect blend of luxury, durability, and feminine aesthetics. Ideal as a premium gift for her.","""Barrel-shaped women's automatic watch"", ""Japanese movement"", ""316L stainless steel bezel"", ""316L stainless steel case"", ""Sapphire crystal"", ""50m water resistance"", ""A-grade lume"", ""Fluoro rubber strap"".",https://tsarbomba.com/products/tb8233?variant=48787343343872,https://cdn.shopify.com/s/files/1/0540/8145/4255/files/WhiteSilver-1_15d8fcf1-618b-46fd-826c-81d3fd2f3107.png?v=1780384715,USD,1400,new,White Silver,TSAR BOMBA WATCH Barrel Type,female,Products source-US3-Women's Watch,Nucleus Femme Series,1000~2000,35.0mm*42.5mm*11.3mm,316L Stainless Steel,"https://cdn.shopify.com/s/files/1/0540/8145/4255/files/WhiteSilver-2_76a572a7-7cdd-404f-baf2-f69694e1cc37.png?v=1780384715,WhiteSilver-3_8086e021-fbdd-493a-9bf7-5d1b41aa00c6","General: Movement: Japanese Movement, General: Case Material: 316L Stainless Steel, General: Bezel Material: 316L Stainless Steel, General: Crystal: Sapphire Crystal, General: Water Resistance: 50m, General: Lume: A-Grade Luminous, General: Strap Material: Fluoro Rubber Strap.",Apparel & Accessories > Jewelry > Watches,preorder,Automatic,,Women's Watches
113495,109230,Tsarbomba,45221769258,https://www.awin1.com/pclick.php?p=45221769258&a=3002879&m=109230,https://images2.productserve.com/?w=200&h=200&bg=white&trim=5&t=letterbox&url=ssl%3Acdn.shopify.com%2Fs%2Ffiles%2F1%2F0540%2F8145%2F4255%2Ffiles%2FBlue-1_e595098d-87c6-4674-8400-af09ff7c4a07.png%3Fv%3D1780384715&feedId=113495&k=22dc377744468dcb478e3738a87a64c928b52f38,https://images2.productserve.com/?w=70&h=70&bg=white&trim=5&t=letterbox&url=ssl%3Acdn.shopify.com%2Fs%2Ffiles%2F1%2F0540%2F8145%2F4255%2Ffiles%2FBlue-1_e595098d-87c6-4674-8400-af09ff7c4a07.png%3Fv%3D1780384715&feedId=113495&k=22dc377744468dcb478e3738a87a64c928b52f38,544,Men's Watches,,TSAR BOMBA WATCH,TB8233L-02,Watches,TB8233L-02,Tsar Bomba Women's Automatic Watch | Blue | 35mm | Sapphire Crystal | Japanese Movement | 5ATM Water-Resistant | TB8233L,"Elevate your everyday style with the TSAR BOMBA TB8233 Lumina. Specifically designed for women who value both elegance and modern engineering, this luxury timepiece combines high-end materials with Japanese precision.  **Key Features:**  **Japanese Precision Movement:** Powered by a reliable Japanese automatic movement, ensuring accurate timekeeping with the captivating charm of mechanical craftsmanship.  **Premium 316L Stainless Steel Construction:** Housed in a high-grade 316L stainless steel case with a matching 316L stainless steel bezel. This medical-grade material offers exceptional corrosion resistance, superior durability, and a brilliant, polished finish that maintains its luster over time.  **Scratch-Resistant Sapphire Crystal:** The watch is protected by a premium Sapphire Crystal, ensuring high transparency and ultimate scratch resistance for daily wear.  **Supreme Comfort:** Equipped with a high-quality FKM Fluoro-rubber strap, which is skin-friendly, anti-oxidant, and perfect for all-day wear.  **Visibility & Enhanced Durability:** Features AlphaLuminex (A-level Lume) for exceptional nighttime visibility and 5 ATM (50 meters) water resistance, making it suitable for swimming and everyday splash protection.  Whether you are looking for a sophisticated accessory for business meetings or a stylish companion for daily life, the TSAR BOMBA TB8233 is the perfect blend of luxury, durability, and feminine aesthetics. Ideal as a premium gift for her.","""Barrel-shaped women's automatic watch"", ""Japanese movement"", ""316L stainless steel bezel"", ""316L stainless steel case"", ""Sapphire crystal"", ""50m water resistance"", ""A-grade lume"", ""Fluoro rubber strap"".",https://tsarbomba.com/products/tb8233?variant=48787367592192,https://cdn.shopify.com/s/files/1/0540/8145/4255/files/Blue-1_e595098d-87c6-4674-8400-af09ff7c4a07.png?v=1780384715,USD,1400,new,Blue,TSAR BOMBA WATCH Barrel Type,female,Products source-US3-Women's Watch,Nucleus Femme Series,1000~2000,35.0mm*42.5mm*11.3mm,316L Stainless Steel,"https://cdn.shopify.com/s/files/1/0540/8145/4255/files/Blue-2_f80a8543-2da9-42e9-953e-fda61e9fbe4a.png?v=1780384715,https://cdn.shopify.com/s/files/1/0540/8145/4255/files/Blue-3_3a1a1a09-16ee-48ac-bd41-c14daecf8555.png?v=1780384715","General: Movement: Japanese Movement, General: Case Material: 316L Stainless Steel, General: Bezel Material: 316L Stainless Steel, General: Crystal: Sapphire Crystal, General: Water Resistance: 50m, General: Lume: A-Grade Luminous, General: Strap Material: Fluoro Rubber Strap.",Apparel & Accessories > Jewelry > Watches,preorder,Automatic,,Women's Watches
113495,109230,Tsarbomba,45221769259,https://www.awin1.com/pclick.php?p=45221769259&a=3002879&m=109230,https://images2.productserve.com/?w=200&h=200&bg=white&trim=5&t=letterbox&url=ssl%3Acdn.shopify.com%2Fs%2Ffiles%2F1%2F0540%2F8145%2F4255%2Ffiles%2FWhiteGold-1_3fa4214c-9327-4d21-8180-425aa29796f2.png%3Fv%3D1780384715&feedId=113495&k=f9a14f6567a5061f3ddfae5b7bfeec5705d78e08,https://images2.productserve.com/?w=70&h=70&bg=white&trim=5&t=letterbox&url=ssl%3Acdn.shopify.com%2Fs%2Ffiles%2F1%2F0540%2F8145%2F4255%2Ffiles%2FWhiteGold-1_3fa4214c-9327-4d21-8180-425aa29796f2.png%3Fv%3D1780384715&feedId=113495&k=f9a14f6567a5061f3ddfae5b7bfeec5705d78e08,544,Men's Watches,,TSAR BOMBA WATCH,TB8233L-03,Watches,TB8233L-03,Tsar Bomba Women's Automatic Watch | White Gold | 35mm | Sapphire Crystal | Japanese Movement | 5ATM Water-Resistant | TB8233L,"Elevate your everyday style with the TSAR BOMBA TB8233 Lumina. Specifically designed for women who value both elegance and modern engineering, this luxury timepiece combines high-end materials with Japanese precision.  **Key Features:**  **Japanese Precision Movement:** Powered by a reliable Japanese automatic movement, ensuring accurate timekeeping with the captivating charm of mechanical craftsmanship.  **Premium 316L Stainless Steel Construction:** Housed in a high-grade 316L stainless steel case with a matching 316L stainless steel bezel. This medical-grade material offers exceptional corrosion resistance, superior durability, and a brilliant, polished finish that maintains its luster over time.  **Scratch-Resistant Sapphire Crystal:** The watch is protected by a premium Sapphire Crystal, ensuring high transparency and ultimate scratch resistance for daily wear.  **Supreme Comfort:** Equipped with a high-quality FKM Fluoro-rubber strap, which is skin-friendly, anti-oxidant, and perfect for all-day wear.  **Visibility & Enhanced Durability:** Features AlphaLuminex (A-level Lume) for exceptional nighttime visibility and 5 ATM (50 meters) water resistance, making it suitable for swimming and everyday splash protection.  Whether you are looking for a sophisticated accessory for business meetings or a stylish companion for daily life, the TSAR BOMBA TB8233 is the perfect blend of luxury, durability, and feminine aesthetics. Ideal as a premium gift for her.","""Barrel-shaped women's automatic watch"", ""Japanese movement"", ""316L stainless steel bezel"", ""316L stainless steel case"", ""Sapphire crystal"", ""50m water resistance"", ""A-grade lume"", ""Fluoro rubber strap"".",https://tsarbomba.com/products/tb8233?variant=48787343311104,https://cdn.shopify.com/s/files/1/0540/8145/4255/files/WhiteGold-1_3fa4214c-9327-4d21-8180-425aa29796f2.png?v=1780384715,USD,1400,new,White Gold,TSAR BOMBA WATCH Barrel Type,female,Products source-US3-Women's Watch,Nucleus Femme Series,1000~2000,35.0mm*42.5mm*11.3mm,316L Stainless Steel,"https://cdn.shopify.com/s/files/1/0540/8145/4255/files/WhiteGold-2_939d922c-69f7-4e78-a523-61722382e86c.png?v=1780384715,https://cdn.shopify.com/s/files/1/0540/8145/4255/files/WhiteGold-3_c0eb2c8b-c24f-487c-be1d-6d9ffe0a9da1.png?v=1780384715","General: Movement: Japanese Movement, General: Case Material: 316L Stainless Steel, General: Bezel Material: 316L Stainless Steel, General: Crystal: Sapphire Crystal, General: Water Resistance: 50m, General: Lume: A-Grade Luminous, General: Strap Material: Fluoro Rubber Strap.",Apparel & Accessories > Jewelry > Watches,preorder,Automatic,,Women's Watches
113495,109230,Tsarbomba,45221769260,https://www.awin1.com/pclick.php?p=45221769260&a=3002879&m=109230,https://images2.productserve.com/?w=200&h=200&bg=white&trim=5&t=letterbox&url=ssl%3Acdn.shopify.com%2Fs%2Ffiles%2F1%2F0540%2F8145%2F4255%2Ffiles%2FGreen-1_11345fd4-8778-4552-afa7-6e8d4e7469a5.png%3Fv%3D1780384715&feedId=113495&k=59f2434467c7f20be918b386a3539621916c34fe,https://images2.productserve.com/?w=70&h=70&bg=white&trim=5&t=letterbox&url=ssl%3Acdn.shopify.com%2Fs%2Ffiles%2F1%2F0540%2F8145%2F4255%2Ffiles%2FGreen-1_11345fd4-8778-4552-afa7-6e8d4e7469a5.png%3Fv%3D1780384715&feedId=113495&k=59f2434467c7f20be918b386a3539621916c34fe,544,Men's Watches,,TSAR BOMBA WATCH,TB8233L-04,Watches,TB8233L-04,Tsar Bomba Women's Automatic Watch | Green | 35mm | Sapphire Crystal | Japanese Movement | 5ATM Water-Resistant | TB8233L,"Elevate your everyday style with the TSAR BOMBA TB8233 Lumina. Specifically designed for women who value both elegance and modern engineering, this luxury timepiece combines high-end materials with Japanese precision.  **Key Features:**  **Japanese Precision Movement:** Powered by a reliable Japanese automatic movement, ensuring accurate timekeeping with the captivating charm of mechanical craftsmanship.  **Premium 316L Stainless Steel Construction:** Housed in a high-grade 316L stainless steel case with a matching 316L stainless steel bezel. This medical-grade material offers exceptional corrosion resistance, superior durability, and a brilliant, polished finish that maintains its luster over time.  **Scratch-Resistant Sapphire Crystal:** The watch is protected by a premium Sapphire Crystal, ensuring high transparency and ultimate scratch resistance for daily wear.  **Supreme Comfort:** Equipped with a high-quality FKM Fluoro-rubber strap, which is skin-friendly, anti-oxidant, and perfect for all-day wear.  **Visibility & Enhanced Durability:** Features AlphaLuminex (A-level Lume) for exceptional nighttime visibility and 5 ATM (50 meters) water resistance, making it suitable for swimming and everyday splash protection.  Whether you are looking for a sophisticated accessory for business meetings or a stylish companion for daily life, the TSAR BOMBA TB8233 is the perfect blend of luxury, durability, and feminine aesthetics. Ideal as a premium gift for her.","""Barrel-shaped women's automatic watch"", ""Japanese movement"", ""316L stainless steel bezel"", ""316L stainless steel case"", ""Sapphire crystal"", ""50m water resistance"", ""A-grade lume"", ""Fluoro rubber strap"".",https://tsarbomba.com/products/tb8233?variant=48787343278336,https://cdn.shopify.com/s/files/1/0540/8145/4255/files/Green-1_11345fd4-8778-4552-afa7-6e8d4e7469a5.png?v=1780384715,USD,1400,new,Green,TSAR BOMBA WATCH Barrel Type,female,Products source-US3-Women's Watch,Nucleus Femme Series,1000~2000,35.0mm*42.5mm*11.3mm,316L Stainless Steel,"https://cdn.shopify.com/s/files/1/0540/8145/4255/files/Green-2_b4579169-126b-46c1-9dcc-6098b98b0b2b.png?v=1780384715,https://cdn.shopify.com/s/files/1/0540/8145/4255/files/Green-3_61c03664-9db6-4d28-900f-266266827373.png?v=1780384715","General: Movement: Japanese Movement, General: Case Material: 316L Stainless Steel, General: Bezel Material: 316L Stainless Steel, General: Crystal: Sapphire Crystal, General: Water Resistance: 50m, General: Lume: A-Grade Luminous, General: Strap Material: Fluoro Rubber Strap.",Apparel & Accessories > Jewelry > Watches,preorder,Automatic,,Women's Watches
113495,109230,Tsarbomba,45221769261,https://www.awin1.com/pclick.php?p=45221769261&a=3002879&m=109230,https://images2.productserve.com/?w=200&h=200&bg=white&trim=5&t=letterbox&url=ssl%3Acdn.shopify.com%2Fs%2Ffiles%2F1%2F0540%2F8145%2F4255%2Ffiles%2FSKT1-11.png%3Fv%3D1780110869&feedId=113495&k=0b8e2e0e5ba741b24a063a15c48ba6142c14687e,https://images2.productserve.com/?w=70&h=70&bg=white&trim=5&t=letterbox&url=ssl%3Acdn.shopify.com%2Fs%2Ffiles%2F1%2F0540%2F8145%2F4255%2Ffiles%2FSKT1-11.png%3Fv%3D1780110869&feedId=113495&k=0b8e2e0e5ba741b24a063a15c48ba6142c14687e,544,Men's Watches,,TSAR BOMBA WATCH,SWT1-01,Watches,SWT1-01,"TSAR BOMBA Skunk Works Collection — A men's automatic mechanical watch that fuses trendy aesthetics with luxurious elegance. Featuring a round dial with a bold skeleton design, it is elevated by a domed sapphire crystal and equipped with a fluoroelastomer strap, all completed by perfect water resistance.","Luxury automatic mechanical watch for men. Domed sapphire crystal, Japanese movement, 316L stainless steel case. 50m (5 ATM) water resistance, Grade-A luminescent coating, and fluoroelastomer strap.","""Round automatic watch"", ""Japanese movement"", ""316L stainless steel case"", ""Domed sapphire crystal"", ""50m water resistance"", ""Grade-A Luminova"", ""Fluororubber strap""",https://tsarbomba.com/products/t1?variant=48777355395328,https://cdn.shopify.com/s/files/1/0540/8145/4255/files/SKT1-11.png?v=1780110869,USD,3000,new,White,TSAR BOMBA WATCH Round Type,male,Products source-US3-Men's Watch,Skunk Works Collection,2000~,44.0mm*51.5mm*14.5mm,316L Stainless Steel,"https://cdn.shopify.com/s/files/1/0540/8145/4255/files/SKT1-12.png?v=1780110868,https://cdn.shopify.com/s/files/1/0540/8145/4255/files/SKT1-13.png?v=1780110868","General: Movement: Japanese movement, General: Case material: 316L stainless steel, General: Bezel material: 316L stainless steel, General: Crystal: Domed sapphire, General: Water resistance: 50m, General: Luminescence: Premium luminescence, General: Strap material: Fluororubber.",Apparel & Accessories > Jewelry > Watches,preorder,Automatic,,Men's Watches
113495,109230,Tsarbomba,45221769262,https://www.awin1.com/pclick.php?p=45221769262&a=3002879&m=109230,https://images2.productserve.com/?w=200&h=200&bg=white&trim=5&t=letterbox&url=ssl%3Acdn.shopify.com%2Fs%2Ffiles%2F1%2F0540%2F8145%2F4255%2Ffiles%2FSKT1-21.png%3Fv%3D1780110868&feedId=113495&k=4f817b3df663eaca83c5007e9d84870408a28b1b,https://images2.productserve.com/?w=70&h=70&bg=white&trim=5&t=letterbox&url=ssl%3Acdn.shopify.com%2Fs%2Ffiles%2F1%2F0540%2F8145%2F4255%2Ffiles%2FSKT1-21.png%3Fv%3D1780110868&feedId=113495&k=4f817b3df663eaca83c5007e9d84870408a28b1b,544,Men's Watches,,TSAR BOMBA WATCH,SWT1-02,Watches,SWT1-02,"TSAR BOMBA Skunk Works Collection — A men's automatic mechanical watch that fuses trendy aesthetics with luxurious elegance. Featuring a round dial with a bold skeleton design, it is elevated by a domed sapphire crystal and equipped with a fluoroelastomer strap, all completed by perfect water resistance.","Luxury automatic mechanical watch for men. Domed sapphire crystal, Japanese movement, 316L stainless steel case. 50m (5 ATM) water resistance, Grade-A luminescent coating, and fluoroelastomer strap.","""Round automatic watch"", ""Japanese movement"", ""316L stainless steel case"", ""Domed sapphire crystal"", ""50m water resistance"", ""Grade-A Luminova"", ""Fluororubber strap""",https://tsarbomba.com/products/t1?variant=48777355428096,https://cdn.shopify.com/s/files/1/0540/8145/4255/files/SKT1-21.png?v=1780110868,USD,3000,new,Black Silver,TSAR BOMBA WATCH Round Type,male,Products source-US3-Men's Watch,Skunk Works Collection,2000~,44.0mm*51.5mm*14.5mm,316L Stainless Steel,"https://cdn.shopify.com/s/files/1/0540/8145/4255/files/SKT1-22.png?v=1780110869,https://cdn.shopify.com/s/files/1/0540/8145/4255/files/SKT1-23.png?v=1780110868","General: Movement: Japanese movement, General: Case material: 316L stainless steel, General: Bezel material: 316L stainless steel, General: Crystal: Domed sapphire, General: Water resistance: 50m, General: Luminescence: Premium luminescence, General: Strap material: Fluororubber.",Apparel & Accessories > Jewelry > Watches,preorder,Automatic,,Men's Watches
113495,109230,Tsarbomba,45221769263,https://www.awin1.com/pclick.php?p=45221769263&a=3002879&m=109230,https://images2.productserve.com/?w=200&h=200&bg=white&trim=5&t=letterbox&url=ssl%3Acdn.shopify.com%2Fs%2Ffiles%2F1%2F0540%2F8145%2F4255%2Ffiles%2FSKT1-31.png%3Fv%3D1780110869&feedId=113495&k=63668683db144a535134cfdc7dc8ef1ea61613e7,https://images2.productserve.com/?w=70&h=70&bg=white&trim=5&t=letterbox&url=ssl%3Acdn.shopify.com%2Fs%2Ffiles%2F1%2F0540%2F8145%2F4255%2Ffiles%2FSKT1-31.png%3Fv%3D1780110869&feedId=113495&k=63668683db144a535134cfdc7dc8ef1ea61613e7,544,Men's Watches,,TSAR BOMBA WATCH,SWT1-03,Watches,SWT1-03,"TSAR BOMBA Skunk Works Collection — A men's automatic mechanical watch that fuses trendy aesthetics with luxurious elegance. Featuring a round dial with a bold skeleton design, it is elevated by a domed sapphire crystal and equipped with a fluoroelastomer strap, all completed by perfect water resistance.","Luxury automatic mechanical watch for men. Domed sapphire crystal, Japanese movement, 316L stainless steel case. 50m (5 ATM) water resistance, Grade-A luminescent coating, and fluoroelastomer strap.","""Round automatic watch"", ""Japanese movement"", ""316L stainless steel case"", ""Domed sapphire crystal"", ""50m water resistance"", ""Grade-A Luminova"", ""Fluororubber strap""",https://tsarbomba.com/products/t1?variant=48777355460864,https://cdn.shopify.com/s/files/1/0540/8145/4255/files/SKT1-31.png?v=1780110869,USD,3000,new,Lonized Blue,TSAR BOMBA WATCH Round Type,male,Products source-US3-Men's Watch,Skunk Works Collection,2000~,44.0mm*51.5mm*14.5mm,316L Stainless Steel,"https://cdn.shopify.com/s/files/1/0540/8145/4255/files/SKT1-32.png?v=1780110869,https://cdn.shopify.com/s/files/1/0540/8145/4255/files/SKT1-33.png?v=1780110868","General: Movement: Japanese movement, General: Case material: 316L stainless steel, General: Bezel material: 316L stainless steel, General: Crystal: Domed sapphire, General: Water resistance: 50m, General: Luminescence: Premium luminescence, General: Strap material: Fluororubber.",Apparel & Accessories > Jewelry > Watches,preorder,Automatic,,Men's Watches
113495,109230,Tsarbomba,45221769264,https://www.awin1.com/pclick.php?p=45221769264&a=3002879&m=109230,https://images2.productserve.com/?w=200&h=200&bg=white&trim=5&t=letterbox&url=ssl%3Acdn.shopify.com%2Fs%2Ffiles%2F1%2F0540%2F8145%2F4255%2Ffiles%2FSKT1-41.png%3Fv%3D1780110868&feedId=113495&k=5374c81019bff626f7cf6cd4ceb5d2de34d34f50,https://images2.productserve.com/?w=70&h=70&bg=white&trim=5&t=letterbox&url=ssl%3Acdn.shopify.com%2Fs%2Ffiles%2F1%2F0540%2F8145%2F4255%2Ffiles%2FSKT1-41.png%3Fv%3D1780110868&feedId=113495&k=5374c81019bff626f7cf6cd4ceb5d2de34d34f50,544,Men's Watches,,TSAR BOMBA WATCH,SWT1-04,Watches,SWT1-04,"TSAR BOMBA Skunk Works Collection — A men's automatic mechanical watch that fuses trendy aesthetics with luxurious elegance. Featuring a round dial with a bold skeleton design, it is elevated by a domed sapphire crystal and equipped with a fluoroelastomer strap, all completed by perfect water resistance.","Luxury automatic mechanical watch for men. Domed sapphire crystal, Japanese movement, 316L stainless steel case. 50m (5 ATM) water resistance, Grade-A luminescent coating, and fluoroelastomer strap.","""Round automatic watch"", ""Japanese movement"", ""316L stainless steel case"", ""Domed sapphire crystal"", ""50m water resistance"", ""Grade-A Luminova"", ""Fluororubber strap""",https://tsarbomba.com/products/t1?variant=48777355493632,https://cdn.shopify.com/s/files/1/0540/8145/4255/files/SKT1-41.png?v=1780110868,USD,3000,new,Black,TSAR BOMBA WATCH Round Type,male,Products source-US3-Men's Watch,Skunk Works Collection,2000~,44.0mm*51.5mm*14.5mm,316L Stainless Steel,"https://cdn.shopify.com/s/files/1/0540/8145/4255/files/SKT1-42.png?v=1780110869,https://cdn.shopify.com/s/files/1/0540/8145/4255/files/SKT1-43.png?v=1780110869","General: Movement: Japanese movement, General: Case material: 316L stainless steel, General: Bezel material: 316L stainless steel, General: Crystal: Domed sapphire, General: Water resistance: 50m, General: Luminescence: Premium luminescence, General: Strap material: Fluororubber.",Apparel & Accessories > Jewelry > Watches,preorder,Automatic,,Men's Watches
105368,109230,Tsarbomba,41882883943,https://www.awin1.com/pclick.php?p=41882883943&a=3002879&m=109230,https://images2.productserve.com/?w=200&h=200&bg=white&trim=5&t=letterbox&url=ssl%3Acdn.shopify.com%2Fs%2Ffiles%2F1%2F0540%2F8145%2F4255%2Ffiles%2F8218C-BG.png%3Fv%3D1736736370&feedId=105368&k=72358255b177b5e514334c9bfae42f13f6ceb204,https://images2.productserve.com/?w=70&h=70&bg=white&trim=5&t=letterbox&url=ssl%3Acdn.shopify.com%2Fs%2Ffiles%2F1%2F0540%2F8145%2F4255%2Ffiles%2F8218C-BG.jpg%3Fv%3D1734330641%2Chttps%3A%2F%2Fcdn.shopify.com%2Fs%2Ffiles%2F1%2F0540%2F8145%2F4255%2Ffiles%2F5_fac9d766-3474-4ac9-a6cf-77385d7ade88.jpg%3Fv%3D1734330641&feedId=105368&k=d85bb93ab34c7c2ecdf3fefd1eb1309549e6ddb1,544,Men's Watches,,45mm*50.4mm*13.55mm,TB8218C-01BK,TB8218C-01BK,,Atomic-Interchangeable Ceramic Edition Black,"Stylish barrel-shaped interchangeable automatic lake blue watch with Japanese 82S0 movement, ceramic bezel, 316L stainless steel case, sapphire crystal, 100m water resistance, A-grade lume, and fluoro rubber strap.",,https://tsarbomba.com/products/tb8218c?variant=45857511145728,https://cdn.shopify.com/s/files/1/0540/8145/4255/files/8218C-BG.png?v=1736736370,,1099.9,,,USD,TSAR BOMBA WATCH,new,male,Black,,,,,,instock,,,Men's Watches
105368,109230,Tsarbomba,41882883952,https://www.awin1.com/pclick.php?p=41882883952&a=3002879&m=109230,https://images2.productserve.com/?w=200&h=200&bg=white&trim=5&t=letterbox&url=ssl%3Acdn.shopify.com%2Fs%2Ffiles%2F1%2F0540%2F8145%2F4255%2Ffiles%2F8207A.png%3Fv%3D1724724278&feedId=105368&k=2d0482fee8d3e6bcbb70a6f97568708386a2621f,https://images2.productserve.com/?w=70&h=70&bg=white&trim=5&t=letterbox&url=ssl%3Acdn.shopify.com%2Fs%2Ffiles%2F1%2F0540%2F8145%2F4255%2Ffiles%2F2_9bfe8921-c1eb-4405-8ef3-06cb048ddf69.png%3Fv%3D1728896919%2Chttps%3A%2F%2Fcdn.shopify.com%2Fs%2Ffiles%2F1%2F0540%2F8145%2F4255%2Ffiles%2FElemental_Series-Automatic_Watch_TB8207A_Black-3.jpg%3Fv%3D1724724349&feedId=105368&k=bd93a45f515905cc273203dbb53e0ca616610049,544,Men's Watches,,43mm*50.5mm*15.5mm,TB8207A-02,TB8207A-02,,Elemental Series-Automatic Watch TB8207A Black,"Stylish barrel-shaped automatic watch with Japanese 82S0 movement, 316L stainless steel bezel, butterfly design dial, 316L stainless steel case, sapphire crystal, 50m water resistance, A-grade lume, and silicone strap.",,https://tsarbomba.com/products/tsarbombatb8207?variant=39761492541615,https://cdn.shopify.com/s/files/1/0540/8145/4255/files/8207A.png?v=1724724278,,389.99,,,USD,TSAR BOMBA WATCH,new,male,Black,,,,,,instock,,,Men's Watches
105368,109230,Tsarbomba,41882883953,https://www.awin1.com/pclick.php?p=41882883953&a=3002879&m=109230,https://images2.productserve.com/?w=200&h=200&bg=white&trim=5&t=letterbox&url=ssl%3Acdn.shopify.com%2Fs%2Ffiles%2F1%2F0540%2F8145%2F4255%2Ffiles%2F16_3cb7646b-6e92-4162-b64c-4eb148c230c3.png%3Fv%3D1729648120&feedId=105368&k=0ef83c639716f4cd35156eb7efd73f61c483387b,https://images2.productserve.com/?w=70&h=70&bg=white&trim=5&t=letterbox&url=ssl%3Acdn.shopify.com%2Fs%2Ffiles%2F1%2F0540%2F8145%2F4255%2Ffiles%2F9_ad522e38-0d4f-4a47-8c4d-575d1fe29466.png%3Fv%3D1728896919%2Chttps%3A%2F%2Fcdn.shopify.com%2Fs%2Ffiles%2F1%2F0540%2F8145%2F4255%2Ffiles%2FElemental_Series-Automatic_Watch_TB8207A_Silver_Blue-5.jpg%3Fv%3D1724724349&feedId=105368&k=793013db8b46b6d6b6307fb0fe1858370b4a5b68,544,Men's Watches,,43mm*50.5mm*15.5mm,TB8207A-03,TB8207A-03,,Elemental Series-Automatic Watch TB8207A Silver Blue,"Stylish barrel-shaped automatic watch with Japanese 82S0 movement, 316L stainless steel bezel, butterfly design dial, 316L stainless steel case, sapphire crystal, 50m water resistance, A-grade lume, and silicone strap.",,https://tsarbomba.com/products/tsarbombatb8207?variant=42217309143296,https://cdn.shopify.com/s/files/1/0540/8145/4255/files/16_3cb7646b-6e92-4162-b64c-4eb148c230c3.png?v=1729648120,,389.99,,,USD,TSAR BOMBA WATCH,new,male,Silver Blue,,,,,,instock,,,Men's Watches
105368,109230,Tsarbomba,41882883962,https://www.awin1.com/pclick.php?p=41882883962&a=3002879&m=109230,https://images2.productserve.com/?w=200&h=200&bg=white&trim=5&t=letterbox&url=ssl%3Acdn.shopify.com%2Fs%2Ffiles%2F1%2F0540%2F8145%2F4255%2Ffiles%2F8209A.png%3Fv%3D1724724279&feedId=105368&k=7ed85b149ecfb9f800c62f80768fc33b2fc47657,https://images2.productserve.com/?w=70&h=70&bg=white&trim=5&t=letterbox&url=ssl%3Acdn.shopify.com%2Fs%2Ffiles%2F1%2F0540%2F8145%2F4255%2Ffiles%2FElemental_Series-Automatic_Watch_TB8209A_Silver_Blue-5.jpg%3Fv%3D1724724410%2Chttps%3A%2F%2Fcdn.shopify.com%2Fs%2Ffiles%2F1%2F0540%2F8145%2F4255%2Ffiles%2FElemental_Series-Automatic_Watch_TB8209A_Silver_Blue-7.jpg%3Fv%3D1724724410&feedId=105368&k=469337b5e7c3711eb81a7a2a0ab825c720e37bb9,544,Men's Watches,,43mm*50.5mm*15.5mm,TB8209A-03,TB8209A-03,,Elemental Series-Automatic Watch TB8209A Silver Blue,"Stylish barrel-shaped automatic watch with Japanese 82S0 movement, 316L stainless steel bezel, hollow dial, 316L stainless steel case, sapphire crystal, 50m water resistance, A-grade lume, and silicone strap.",,https://tsarbomba.com/products/tsarbomba8209a?variant=42307570303232,https://cdn.shopify.com/s/files/1/0540/8145/4255/files/8209A.png?v=1724724279,,459.99,,,USD,TSAR BOMBA WATCH,new,male,Silver Blue,,,,,,instock,,,Men's Watches
105368,109230,Tsarbomba,41882883963,https://www.awin1.com/pclick.php?p=41882883963&a=3002879&m=109230,https://images2.productserve.com/?w=200&h=200&bg=white&trim=5&t=letterbox&url=ssl%3Acdn.shopify.com%2Fs%2Ffiles%2F1%2F0540%2F8145%2F4255%2Ffiles%2F8209A_6330bde5-307e-47c8-bf33-29dc9a76a6a9.png%3Fv%3D1727248294&feedId=105368&k=082fdfc2c0725accf5492fd6cff6dc28e8e71825,https://images2.productserve.com/?w=70&h=70&bg=white&trim=5&t=letterbox&url=ssl%3Acdn.shopify.com%2Fs%2Ffiles%2F1%2F0540%2F8145%2F4255%2Ffiles%2FElemental_Series-Automatic_Watch_TB8209A_Gold_Black-4.jpg%3Fv%3D1724724410%2Chttps%3A%2F%2Fcdn.shopify.com%2Fs%2Ffiles%2F1%2F0540%2F8145%2F4255%2Ffiles%2FElemental_Series-Automatic_Watch_TB8209A_Gold_Black-1.jpg%3Fv%3D1724724410&feedId=105368&k=acb24d2b73b464981fccc4b22ee97cb04b451c89,544,Men's Watches,,43mm*50.5mm*15.5mm,TB8209A-05,TB8209A-05,,Elemental Series-Automatic Watch TB8209A Gold Black,"Stylish barrel-shaped automatic watch with Japanese 82S0 movement, 316L stainless steel bezel, hollow dial, 316L stainless steel case, sapphire crystal, 50m water resistance, A-grade lume, and silicone strap.",,https://tsarbomba.com/products/tsarbomba8209a?variant=42307575644416,https://cdn.shopify.com/s/files/1/0540/8145/4255/files/8209A_6330bde5-307e-47c8-bf33-29dc9a76a6a9.png?v=1727248294,,459.99,,,USD,TSAR BOMBA WATCH,new,male,Gold Black,,,,,,instock,,,Men's Watches
105368,109230,Tsarbomba,41882883964,https://www.awin1.com/pclick.php?p=41882883964&a=3002879&m=109230,https://images2.productserve.com/?w=200&h=200&bg=white&trim=5&t=letterbox&url=ssl%3Acdn.shopify.com%2Fs%2Ffiles%2F1%2F0540%2F8145%2F4255%2Ffiles%2F8209A_9f751d12-8fbc-4cb7-8347-50aaaeea2fea.png%3Fv%3D1727248294&feedId=105368&k=e90e799e0515a8514eee38a5204ff1b3b9182134,https://images2.productserve.com/?w=70&h=70&bg=white&trim=5&t=letterbox&url=ssl%3Acdn.shopify.com%2Fs%2Ffiles%2F1%2F0540%2F8145%2F4255%2Ffiles%2FElemental_Series-Automatic_Watch_TB8209A_Silver_Black-4.jpg%3Fv%3D1724724410%2Chttps%3A%2F%2Fcdn.shopify.com%2Fs%2Ffiles%2F1%2F0540%2F8145%2F4255%2Ffiles%2FElemental_Series-Automatic_Watch_TB8209A_Silver_Black-3.jpg%3Fv%3D1724724410&feedId=105368&k=10fe6ab68ad191144b5205b4de2bc4bb319d199c,544,Men's Watches,,43mm*50.5mm*15.5mm,TB8209A-01,TB8209A-01,,Elemental Series-Automatic Watch TB8209A Silver Black,"Stylish barrel-shaped automatic watch with Japanese 82S0 movement, 316L stainless steel bezel, hollow dial, 316L stainless steel case, sapphire crystal, 50m water resistance, A-grade lume, and silicone strap.",,https://tsarbomba.com/products/tsarbomba8209a?variant=42307570663680,https://cdn.shopify.com/s/files/1/0540/8145/4255/files/8209A_9f751d12-8fbc-4cb7-8347-50aaaeea2fea.png?v=1727248294,,459.99,,,USD,TSAR BOMBA WATCH,new,male,Silver Black,,,,,,instock,,,Men's Watches
105368,109230,Tsarbomba,41882883965,https://www.awin1.com/pclick.php?p=41882883965&a=3002879&m=109230,https://images2.productserve.com/?w=200&h=200&bg=white&trim=5&t=letterbox&url=ssl%3Acdn.shopify.com%2Fs%2Ffiles%2F1%2F0540%2F8145%2F4255%2Ffiles%2Fc92259f41a03715e5f5069a8203a89b9.png%3Fv%3D1734572219&feedId=105368&k=511185fd1db0e8e3234b6ffcd0c40b8adbc1daf1,https://images2.productserve.com/?w=70&h=70&bg=white&trim=5&t=letterbox&url=ssl%3Acdn.shopify.com%2Fs%2Ffiles%2F1%2F0540%2F8145%2F4255%2Ffiles%2FElemental_Series-Automatic_Watch_TB8210A_Black-5.jpg%3Fv%3D1724724449%2Chttps%3A%2F%2Fcdn.shopify.com%2Fs%2Ffiles%2F1%2F0540%2F8145%2F4255%2Ffiles%2FElemental_Series-Automatic_Watch_TB8210A_Black-6.jpg%3Fv%3D1724724449&feedId=105368&k=1242927828317a2e31e3f34a540263289cddc30a,544,Men's Watches,,45.5mm*51.5mm*15mm,TB8210A-04,TB8210A-04,,Elemental Series-Automatic Watch TB8210A Black,"Stylish barrel-shaped automatic watch with Japanese YN88A movement, 316L stainless steel bezel, power reserve indicator dial, 316L stainless steel case, sapphire crystal, 50m water resistance, A-grade lume, and fluoro rubber strap.",,https://tsarbomba.com/products/tb8210a?variant=43043622289664,https://cdn.shopify.com/s/files/1/0540/8145/4255/files/c92259f41a03715e5f5069a8203a89b9.png?v=1734572219,,499.99,,,USD,TSAR BOMBA WATCH,new,male,Black,,,,,,instock,,,Men's Watches
105368,109230,Tsarbomba,41882883966,https://www.awin1.com/pclick.php?p=41882883966&a=3002879&m=109230,https://images2.productserve.com/?w=200&h=200&bg=white&trim=5&t=letterbox&url=ssl%3Acdn.shopify.com%2Fs%2Ffiles%2F1%2F0540%2F8145%2F4255%2Ffiles%2Ff25caefdc82bf23cdc3a9b4c021da29d.png%3Fv%3D1730514156&feedId=105368&k=47abdc4be71849466c0e0d89da566296dd341ecf,https://images2.productserve.com/?w=70&h=70&bg=white&trim=5&t=letterbox&url=ssl%3Acdn.shopify.com%2Fs%2Ffiles%2F1%2F0540%2F8145%2F4255%2Ffiles%2FElemental_Series-Automatic_Watch_TB8210A_Silver_Black-8.jpg%3Fv%3D1724724449%2Chttps%3A%2F%2Fcdn.shopify.com%2Fs%2Ffiles%2F1%2F0540%2F8145%2F4255%2Ffiles%2FElemental_Series-Automatic_Watch_TB8210A_Silver_Black-6.jpg%3Fv%3D1724724449&feedId=105368&k=7fa5d46bc345c9bac40b90e0633e740a389ca113,544,Men's Watches,,45.5mm*51.5mm*15mm,TB8210A-02,TB8210A-02,,Elemental Series-Automatic Watch TB8210A Silver Black,"Stylish barrel-shaped automatic watch with Japanese YN88A movement, 316L stainless steel bezel, power reserve indicator dial, 316L stainless steel case, sapphire crystal, 50m water resistance, A-grade lume, and fluoro rubber strap.",,https://tsarbomba.com/products/tb8210a?variant=43043622256896,https://cdn.shopify.com/s/files/1/0540/8145/4255/files/f25caefdc82bf23cdc3a9b4c021da29d.png?v=1730514156,,499.99,,,USD,TSAR BOMBA WATCH,new,male,Silver Black,,,,,,instock,,,Men's Watches
105368,109230,Tsarbomba,41882883967,https://www.awin1.com/pclick.php?p=41882883967&a=3002879&m=109230,https://images2.productserve.com/?w=200&h=200&bg=white&trim=5&t=letterbox&url=ssl%3Acdn.shopify.com%2Fs%2Ffiles%2F1%2F0540%2F8145%2F4255%2Ffiles%2F20ef82a3a500ae465ad712af50a918e3.png%3Fv%3D1730514156&feedId=105368&k=9186f03c836bb47dfa02c0e45272978891414080,https://images2.productserve.com/?w=70&h=70&bg=white&trim=5&t=letterbox&url=ssl%3Acdn.shopify.com%2Fs%2Ffiles%2F1%2F0540%2F8145%2F4255%2Ffiles%2FElemental_Series-Automatic_Watch_TB8210A_Black_Orange-4.jpg%3Fv%3D1724724449%2Chttps%3A%2F%2Fcdn.shopify.com%2Fs%2Ffiles%2F1%2F0540%2F8145%2F4255%2Ffiles%2FElemental_Series-Automatic_Watch_TB8210A_Black_Orange-6.jpg%3Fv%3D1724724449&feedId=105368&k=dc76a0c1e05b45610eb7e012a365f78c4d24b7aa,544,Men's Watches,,45.5mm*51.5mm*15mm,TB8210A-03,TB8210A-03,,Elemental Series-Automatic Watch TB8210A Black Orange,"Stylish barrel-shaped automatic watch with Japanese YN88A movement, 316L stainless steel bezel, power reserve indicator dial, 316L stainless steel case, sapphire crystal, 50m water resistance, A-grade lume, and fluoro rubber strap.",,https://tsarbomba.com/products/tb8210a?variant=43043625435392,https://cdn.shopify.com/s/files/1/0540/8145/4255/files/20ef82a3a500ae465ad712af50a918e3.png?v=1730514156,,499.99,,,USD,TSAR BOMBA WATCH,new,male,Black Orange,,,,,,instock,,,Men's Watches
105368,109230,Tsarbomba,41882883971,https://www.awin1.com/pclick.php?p=41882883971&a=3002879&m=109230,https://images2.productserve.com/?w=200&h=200&bg=white&trim=5&t=letterbox&url=ssl%3Acdn.shopify.com%2Fs%2Ffiles%2F1%2F0540%2F8145%2F4255%2Ffiles%2F8212CF-Y.png%3Fv%3D1730283216&feedId=105368&k=a242c8ced6eef20e03a35d36941cc1c3d2944a16,https://images2.productserve.com/?w=70&h=70&bg=white&trim=5&t=letterbox&url=ssl%3Acdn.shopify.com%2Fs%2Ffiles%2F1%2F0540%2F8145%2F4255%2Ffiles%2F1_f73d9113-4752-4e00-ae14-c530607ff5ee.jpg%3Fv%3D1724724509%2Chttps%3A%2F%2Fcdn.shopify.com%2Fs%2Ffiles%2F1%2F0540%2F8145%2F4255%2Ffiles%2F7_3a5049d9-99ca-4eed-8a8b-5b8f440a8d6a.jpg%3Fv%3D1724724509&feedId=105368&k=593ff44c62bbc46adf5df93175c68d859e9a5fde,544,Men's Watches,,42.5mm*50.5mm*13.5mm,TB8212CF-03,TB8212CF-03,,Elemental Series-Automatic Watch TB8212 Carbon Fiber Yellow,"Stylish barrel-shaped automatic watch with Japanese YN88A movement, carbon fiber bezel, power reserve indicator dial, carbon fiber case, sapphire crystal, 50m water resistance, A-grade lume, and fluoro rubber strap.",,https://tsarbomba.com/products/tb8212?variant=43566096941312,https://cdn.shopify.com/s/files/1/0540/8145/4255/files/8212CF-Y.png?v=1730283216,,999.99,,,USD,TSAR BOMBA WATCH,new,male,Yellow,,,,,,instock,,,Men's Watches
105368,109230,Tsarbomba,41882883982,https://www.awin1.com/pclick.php?p=41882883982&a=3002879&m=109230,https://images2.productserve.com/?w=200&h=200&bg=white&trim=5&t=letterbox&url=ssl%3Acdn.shopify.com%2Fs%2Ffiles%2F1%2F0540%2F8145%2F4255%2Ffiles%2F05_dfe73cc8-9c19-4b0d-b8d3-3345227f802a.png%3Fv%3D1737084389&feedId=105368&k=a2cb29a1a05a3361fd0bb68f709c6bf8f472ced7,https://images2.productserve.com/?w=70&h=70&bg=white&trim=5&t=letterbox&url=ssl%3Acdn.shopify.com%2Fs%2Ffiles%2F1%2F0540%2F8145%2F4255%2Ffiles%2Fdf62e2424ce483280f206a8aebb91ed2.png%3Fv%3D1737084389%2Chttps%3A%2F%2Fcdn.shopify.com%2Fs%2Ffiles%2F1%2F0540%2F8145%2F4255%2Ffiles%2F2_070aad58-9b06-4afd-a8e4-76bd7cb9b308.png%3Fv%3D1737084389&feedId=105368&k=54be5cb8af8d9be70ebf4d8353b65d6bdf2861d2,544,Men's Watches,,43mm*50.5mm*14mm,TB8204QA-05,TB8204QA-05,,Elemental Series-Calendar Version TB8204QA Light Blue,"Stylish barrel-shaped quartz watch with Japanese VK67 movement, 316L stainless steel bezel, 316L stainless steel case, sapphire crystal, 50m water resistance, A-grade lume, and silicone strap.",,https://tsarbomba.com/products/tb8204qa?variant=46013570023680,https://cdn.shopify.com/s/files/1/0540/8145/4255/files/05_dfe73cc8-9c19-4b0d-b8d3-3345227f802a.png?v=1737084389,,219.99,,,USD,TSAR BOMBA WATCH,new,male,Light Blue,,,,,,instock,,,Men's Watches
105368,109230,Tsarbomba,41882883983,https://www.awin1.com/pclick.php?p=41882883983&a=3002879&m=109230,https://images2.productserve.com/?w=200&h=200&bg=white&trim=5&t=letterbox&url=ssl%3Acdn.shopify.com%2Fs%2Ffiles%2F1%2F0540%2F8145%2F4255%2Ffiles%2F04_7911655b-dd76-424f-b660-c67f7c79ffda.png%3Fv%3D1737084389&feedId=105368&k=211cb1314992c501bb7cccc06a8c16a3eed40f08,https://images2.productserve.com/?w=70&h=70&bg=white&trim=5&t=letterbox&url=ssl%3Acdn.shopify.com%2Fs%2Ffiles%2F1%2F0540%2F8145%2F4255%2Ffiles%2F8f129f44766d230930f7e16a25f791e7_bc27507c-ac9a-48d2-a20f-472d1cf6ae24.png%3Fv%3D1737084389%2Chttps%3A%2F%2Fcdn.shopify.com%2Fs%2Ffiles%2F1%2F0540%2F8145%2F4255%2Ffiles%2F2_70ee4253-60fc-4781-bc8a-ad0dd8747902.png%3Fv%3D1737084389&feedId=105368&k=6fc56fef3d5282a503f5560995300f115d23b051,544,Men's Watches,,43mm*50.5mm*14mm,TB8204QA-06,TB8204QA-06,,Elemental Series-Calendar Version TB8204QA Green,"Stylish barrel-shaped quartz watch with Japanese VK67 movement, 316L stainless steel bezel, 316L stainless steel case, sapphire crystal, 50m water resistance, A-grade lume, and silicone strap.",,https://tsarbomba.com/products/tb8204qa?variant=46013570056448,https://cdn.shopify.com/s/files/1/0540/8145/4255/files/04_7911655b-dd76-424f-b660-c67f7c79ffda.png?v=1737084389,,219.99,,,USD,TSAR BOMBA WATCH,new,male,Green,,,,,,instock,,,Men's Watches
105368,109230,Tsarbomba,41882883984,https://www.awin1.com/pclick.php?p=41882883984&a=3002879&m=109230,https://images2.productserve.com/?w=200&h=200&bg=white&trim=5&t=letterbox&url=ssl%3Acdn.shopify.com%2Fs%2Ffiles%2F1%2F0540%2F8145%2F4255%2Ffiles%2F8207CF.png%3Fv%3D1724724278&feedId=105368&k=5ed2e32d41c5b832d8a2126c10f61f31c5a88f71,https://images2.productserve.com/?w=70&h=70&bg=white&trim=5&t=letterbox&url=ssl%3Acdn.shopify.com%2Fs%2Ffiles%2F1%2F0540%2F8145%2F4255%2Ffiles%2F8207CF.jpg%3Fv%3D1724724780%2Chttps%3A%2F%2Fcdn.shopify.com%2Fs%2Ffiles%2F1%2F0540%2F8145%2F4255%2Ffiles%2F3_5c0fe5ef-3bee-44a0-8862-45e8b4d32efa.jpg%3Fv%3D1724724780&feedId=105368&k=4d64fdf98b47a9a4b89008556f82c04d67d2ea69,544,Men's Watches,,43mm*50.5mm*16.8mm,TB8207CF-01,TB8207CF-01,,Elemental Series-Carbon Fiber Automatic Watch TB8207CF,"Stylish barrel-shaped automatic watch with Japanese 82S0 movement, carbon fiber bezel, butterfly design dial, 316L stainless steel case, sapphire crystal, 50m water resistance, A-grade lume, and fluoro rubber strap.",,https://tsarbomba.com/products/tb8207cf,https://cdn.shopify.com/s/files/1/0540/8145/4255/files/8207CF.png?v=1724724278,,489.99,,,USD,TSAR BOMBA WATCH,new,male,Black,,,,,,instock,,,Men's Watches
105368,109230,Tsarbomba,41882883998,https://www.awin1.com/pclick.php?p=41882883998&a=3002879&m=109230,https://images2.productserve.com/?w=200&h=200&bg=white&trim=5&t=letterbox&url=ssl%3Acdn.shopify.com%2Fs%2Ffiles%2F1%2F0540%2F8145%2F4255%2Ffiles%2F8209C.png%3Fv%3D1724724278&feedId=105368&k=cb74454bac693cba27ef12f7e02a83e31101091f,https://images2.productserve.com/?w=70&h=70&bg=white&trim=5&t=letterbox&url=ssl%3Acdn.shopify.com%2Fs%2Ffiles%2F1%2F0540%2F8145%2F4255%2Ffiles%2F8_bc12de8d-050f-4aec-880e-65d47e8e8473.jpg%3Fv%3D1724725275%2Chttps%3A%2F%2Fcdn.shopify.com%2Fs%2Ffiles%2F1%2F0540%2F8145%2F4255%2Ffiles%2F7_a45699fc-2922-4899-9570-223be345dd4b.jpg%3Fv%3D1724725275&feedId=105368&k=2ecab747366f1a8631dab069f8ede437363db59a,544,Men's Watches,,43mm*50.5mm*15.5mm,TB8209C-02,TB8209C-02,,Elemental Series-Ceramic Automatic Watch TB8209C White,"Stylish barrel-shaped automatic watch with Japanese 82S0 movement, ceramic bezel, hollow dial, ceramic case, sapphire crystal, 50m water resistance, A-grade lume, and fluoro rubber strap.",,https://tsarbomba.com/products/tb8209c?variant=43064114118912,https://cdn.shopify.com/s/files/1/0540/8145/4255/files/8209C.png?v=1724724278,,649.99,,,USD,TSAR BOMBA WATCH,new,male,White,,,,,,instock,,,Men's Watches
105368,109230,Tsarbomba,41882884002,https://www.awin1.com/pclick.php?p=41882884002&a=3002879&m=109230,https://images2.productserve.com/?w=200&h=200&bg=white&trim=5&t=letterbox&url=ssl%3Acdn.shopify.com%2Fs%2Ffiles%2F1%2F0540%2F8145%2F4255%2Ffiles%2F8208D.png%3Fv%3D1724724279&feedId=105368&k=ec62d927051e65d10d2b94545b23b96e433c8c07,https://images2.productserve.com/?w=70&h=70&bg=white&trim=5&t=letterbox&url=ssl%3Acdn.shopify.com%2Fs%2Ffiles%2F1%2F0540%2F8145%2F4255%2Ffiles%2F4_f3147c72-cc6d-4ca1-b722-2816af9a76a5.jpg%3Fv%3D1719474749%2Chttps%3A%2F%2Fcdn.shopify.com%2Fs%2Ffiles%2F1%2F0540%2F8145%2F4255%2Ffiles%2F2_8f004d1e-a33d-45f2-baa1-d46ad27c0d8f.jpg%3Fv%3D1719474749&feedId=105368&k=d597243d0b31636e27efc4070979fe420984d45b,544,Men's Watches,,43mm*50.5mm*15.5mm,TB8208D-07,TB8208D-07,,Elemental Series-Cubic Zirconia Automatic Watch TB8208D Red,"Stylish barrel-shaped automatic watch with Japanese 82S0 movement, cubic zirconium bezel, double bridge design hollow dial, 316L stainless steel case, sapphire crystal, 50m water resistance, A-grade lume, and fluoro rubber strap.",,https://tsarbomba.com/products/tb8208dr?variant=42803512410368,https://cdn.shopify.com/s/files/1/0540/8145/4255/files/8208D.png?v=1724724279,,449.99,,,USD,TSAR BOMBA WATCH,new,male,Red,,,,,,instock,,,Men's Watches
105368,109230,Tsarbomba,41882884003,https://www.awin1.com/pclick.php?p=41882884003&a=3002879&m=109230,https://images2.productserve.com/?w=200&h=200&bg=white&trim=5&t=letterbox&url=ssl%3Acdn.shopify.com%2Fs%2Ffiles%2F1%2F0540%2F8145%2F4255%2Ffiles%2F8208D_6a750632-904d-4be6-bb7c-70b9c0bc6e2a.png%3Fv%3D1727248206&feedId=105368&k=41bd0422daaf349edeb015e8c9f7721d1fad06d5,https://images2.productserve.com/?w=70&h=70&bg=white&trim=5&t=letterbox&url=ssl%3Acdn.shopify.com%2Fs%2Ffiles%2F1%2F0540%2F8145%2F4255%2Ffiles%2F19_bfe4a5e1-0b2d-4ea6-8c1d-82dae5f7914a.jpg%3Fv%3D1724725871%2Chttps%3A%2F%2Fcdn.shopify.com%2Fs%2Ffiles%2F1%2F0540%2F8145%2F4255%2Ffiles%2F18_3589e653-9b8b-49d6-ad7a-b4eaf9269ab2.jpg%3Fv%3D1724725871&feedId=105368&k=a28dd2dbe65a0e77af2a9aeb0e054d2808ec9b1c,544,Men's Watches,,43mm*50.5mm*15.5mm,TB8208D-05,TB8208D-05,,Elemental Series-Cubic Zirconia Automatic Watch TB8208D White,"Stylish barrel-shaped automatic watch with Japanese 82S0 movement, cubic zirconium bezel, double bridge design hollow dial, 316L stainless steel case, sapphire crystal, 50m water resistance, A-grade lume, and fluoro rubber strap.",,https://tsarbomba.com/products/tb8208dr?variant=42803512279296,https://cdn.shopify.com/s/files/1/0540/8145/4255/files/8208D_6a750632-904d-4be6-bb7c-70b9c0bc6e2a.png?v=1727248206,,449.99,,,USD,TSAR BOMBA WATCH,new,male,White,,,,,,instock,,,Men's Watches
105368,109230,Tsarbomba,41882884004,https://www.awin1.com/pclick.php?p=41882884004&a=3002879&m=109230,https://images2.productserve.com/?w=200&h=200&bg=white&trim=5&t=letterbox&url=ssl%3Acdn.shopify.com%2Fs%2Ffiles%2F1%2F0540%2F8145%2F4255%2Ffiles%2F8208D_487391b5-0e1e-4131-8f2e-5909bd7edc93.png%3Fv%3D1727248206&feedId=105368&k=86e4a3c2504e18c54ffa3dad76158ab8d8019ecd,https://images2.productserve.com/?w=70&h=70&bg=white&trim=5&t=letterbox&url=ssl%3Acdn.shopify.com%2Fs%2Ffiles%2F1%2F0540%2F8145%2F4255%2Ffiles%2F3_bff066af-6363-43da-ae26-cadc40fe1542.jpg%3Fv%3D1724725871%2Chttps%3A%2F%2Fcdn.shopify.com%2Fs%2Ffiles%2F1%2F0540%2F8145%2F4255%2Ffiles%2F10_f7459c26-8f42-4142-a0c3-f806cd83e508.jpg%3Fv%3D1724725871&feedId=105368&k=c22107be805d4eca5a8e7d551e0fae41c11a6286,544,Men's Watches,,43mm*50.5mm*15.5mm,TB8208D-06,TB8208D-06,,Elemental Series-Cubic Zirconia Automatic Watch TB8208D Black,"Stylish barrel-shaped automatic watch with Japanese 82S0 movement, cubic zirconium bezel, double bridge design hollow dial, 316L stainless steel case, sapphire crystal, 50m water resistance, A-grade lume, and fluoro rubber strap.",,https://tsarbomba.com/products/tb8208dr?variant=42803512246528,https://cdn.shopify.com/s/files/1/0540/8145/4255/files/8208D_487391b5-0e1e-4131-8f2e-5909bd7edc93.png?v=1727248206,,449.99,,,USD,TSAR BOMBA WATCH,new,male,Black,,,,,,instock,,,Men's Watches
105368,109230,Tsarbomba,41882884005,https://www.awin1.com/pclick.php?p=41882884005&a=3002879&m=109230,https://images2.productserve.com/?w=200&h=200&bg=white&trim=5&t=letterbox&url=ssl%3Acdn.shopify.com%2Fs%2Ffiles%2F1%2F0540%2F8145%2F4255%2Ffiles%2F8209D.png%3Fv%3D1724724279&feedId=105368&k=525f282a4bf307ce5133658628e2ef4ba9472667,https://images2.productserve.com/?w=70&h=70&bg=white&trim=5&t=letterbox&url=ssl%3Acdn.shopify.com%2Fs%2Ffiles%2F1%2F0540%2F8145%2F4255%2Ffiles%2F2_d4a0d880-336f-46a4-b673-2136ae84589d.jpg%3Fv%3D1724725916%2Chttps%3A%2F%2Fcdn.shopify.com%2Fs%2Ffiles%2F1%2F0540%2F8145%2F4255%2Ffiles%2F2_f946394f-fadd-4a7d-b074-7daf008019b3.jpg%3Fv%3D1724725916&feedId=105368&k=8844368d8240cb155c4d1a764d84fe6a859f7b3c,544,Men's Watches,,43mm*50.5mm*15.5mm,TB8209D-01,TB8209D-01,,Elemental Series-Cubic Zirconia Automatic Watch TB8209D White,"Stylish barrel-shaped automatic watch with Japanese 82S0 movement, cubic zirconium bezel, hollow dial, 316L stainless steel case, sapphire crystal, 50m water resistance, A-grade lume, and fluoro rubber strap.",,https://tsarbomba.com/products/tb8209d?variant=43323266105600,https://cdn.shopify.com/s/files/1/0540/8145/4255/files/8209D.png?v=1724724279,,549.99,,,USD,TSAR BOMBA WATCH,new,male,White,,,,,,instock,,,Men's Watches
105368,109230,Tsarbomba,41882884006,https://www.awin1.com/pclick.php?p=41882884006&a=3002879&m=109230,https://images2.productserve.com/?w=200&h=200&bg=white&trim=5&t=letterbox&url=ssl%3Acdn.shopify.com%2Fs%2Ffiles%2F1%2F0540%2F8145%2F4255%2Ffiles%2F8209D_45fec6a2-ab45-4d8c-b29c-3819f930d3cb.png%3Fv%3D1727249345&feedId=105368&k=1736b9c0f53bcb8eb44f17839718b74a90d63db0,https://images2.productserve.com/?w=70&h=70&bg=white&trim=5&t=letterbox&url=ssl%3Acdn.shopify.com%2Fs%2Ffiles%2F1%2F0540%2F8145%2F4255%2Ffiles%2F8209D.jpg%3Fv%3D1724725916%2Chttps%3A%2F%2Fcdn.shopify.com%2Fs%2Ffiles%2F1%2F0540%2F8145%2F4255%2Ffiles%2F1_705ce2a2-59f3-49b3-8ac2-969acd1db218.jpg%3Fv%3D1724725916&feedId=105368&k=66221c62fdee28b8845fc0e3b77a5f17cfe2492d,544,Men's Watches,,43mm*50.5mm*15.5mm,TB8209D-04,TB8209D-04,,Elemental Series-Cubic Zirconia Automatic Watch TB8209D Golden Black,"Stylish barrel-shaped automatic watch with Japanese 82S0 movement, cubic zirconium bezel, hollow dial, 316L stainless steel case, sapphire crystal, 50m water resistance, A-grade lume, and fluoro rubber strap.",,https://tsarbomba.com/products/tb8209d?variant=43323266171136,https://cdn.shopify.com/s/files/1/0540/8145/4255/files/8209D_45fec6a2-ab45-4d8c-b29c-3819f930d3cb.png?v=1727249345,,549.99,,,USD,TSAR BOMBA WATCH,new,male,Golden Black,,,,,,instock,,,Men's Watches
105368,109230,Tsarbomba,41882884007,https://www.awin1.com/pclick.php?p=41882884007&a=3002879&m=109230,https://images2.productserve.com/?w=200&h=200&bg=white&trim=5&t=letterbox&url=ssl%3Acdn.shopify.com%2Fs%2Ffiles%2F1%2F0540%2F8145%2F4255%2Ffiles%2F8209D_b4529f5e-1fce-4395-b683-b554ce06d0ed.png%3Fv%3D1727249345&feedId=105368&k=94b59b67d9b42be3c58b7b0ddb4e648b4dff35b2,https://images2.productserve.com/?w=70&h=70&bg=white&trim=5&t=letterbox&url=ssl%3Acdn.shopify.com%2Fs%2Ffiles%2F1%2F0540%2F8145%2F4255%2Ffiles%2F11_dc7e43b8-1af6-44a9-8bf3-bcd972f3d479.jpg%3Fv%3D1724725916%2Chttps%3A%2F%2Fcdn.shopify.com%2Fs%2Ffiles%2F1%2F0540%2F8145%2F4255%2Ffiles%2F13_11b41ca5-46e0-49ee-ae2b-fd13159af40e.jpg%3Fv%3D1724725916&feedId=105368&k=d757d2dac4721dbf1b5e8a0a1b792375f2cd5272,544,Men's Watches,,43mm*50.5mm*15.5mm,TB8209D-02,TB8209D-02,,Elemental Series-Cubic Zirconia Automatic Watch TB8209D Black,"Stylish barrel-shaped automatic watch with Japanese 82S0 movement, cubic zirconium bezel, hollow dial, 316L stainless steel case, sapphire crystal, 50m water resistance, A-grade lume, and fluoro rubber strap.",,https://tsarbomba.com/products/tb8209d?variant=43323266072832,https://cdn.shopify.com/s/files/1/0540/8145/4255/files/8209D_b4529f5e-1fce-4395-b683-b554ce06d0ed.png?v=1727249345,,549.99,,,USD,TSAR BOMBA WATCH,new,male,Black,,,,,,instock,,,Men's Watches
105368,109230,Tsarbomba,41882884008,https://www.awin1.com/pclick.php?p=41882884008&a=3002879&m=109230,https://images2.productserve.com/?w=200&h=200&bg=white&trim=5&t=letterbox&url=ssl%3Acdn.shopify.com%2Fs%2Ffiles%2F1%2F0540%2F8145%2F4255%2Ffiles%2F8209D_3db4121b-c090-4738-a912-3dcdfecc45d8.png%3Fv%3D1727249345&feedId=105368&k=8da4a1ca89eb733aea8895ddc33420d5051655a5,https://images2.productserve.com/?w=70&h=70&bg=white&trim=5&t=letterbox&url=ssl%3Acdn.shopify.com%2Fs%2Ffiles%2F1%2F0540%2F8145%2F4255%2Ffiles%2F8_27538d0b-ff33-414b-97a3-80a3bcd3e236.jpg%3Fv%3D1724725916%2Chttps%3A%2F%2Fcdn.shopify.com%2Fs%2Ffiles%2F1%2F0540%2F8145%2F4255%2Ffiles%2F9_e6d0654c-f822-4492-97d9-692ffb2cfb4e.jpg%3Fv%3D1724725916&feedId=105368&k=2f6b4b2d311c219496785e4a1dbe97f09ef27bd5,544,Men's Watches,,43mm*50.5mm*15.5mm,TB8209D-03,TB8209D-03,,Elemental Series-Cubic Zirconia Automatic Watch TB8209D Red,"Stylish barrel-shaped automatic watch with Japanese 82S0 movement, cubic zirconium bezel, hollow dial, 316L stainless steel case, sapphire crystal, 50m water resistance, A-grade lume, and fluoro rubber strap.",,https://tsarbomba.com/products/tb8209d?variant=43323266138368,https://cdn.shopify.com/s/files/1/0540/8145/4255/files/8209D_3db4121b-c090-4738-a912-3dcdfecc45d8.png?v=1727249345,,549.99,,,USD,TSAR BOMBA WATCH,new,male,Red,,,,,,instock,,,Men's Watches
105368,109230,Tsarbomba,41882884009,https://www.awin1.com/pclick.php?p=41882884009&a=3002879&m=109230,https://images2.productserve.com/?w=200&h=200&bg=white&trim=5&t=letterbox&url=ssl%3Acdn.shopify.com%2Fs%2Ffiles%2F1%2F0540%2F8145%2F4255%2Ffiles%2F8208T.png%3Fv%3D1724724278&feedId=105368&k=c14c787f052bca01d5328e22a8b6d2782d248e89,https://images2.productserve.com/?w=70&h=70&bg=white&trim=5&t=letterbox&url=ssl%3Acdn.shopify.com%2Fs%2Ffiles%2F1%2F0540%2F8145%2F4255%2Ffiles%2F8208T_196d0d9c-2bcf-4a9d-85ca-42bb8af66499.jpg%3Fv%3D1724726425%2Chttps%3A%2F%2Fcdn.shopify.com%2Fs%2Ffiles%2F1%2F0540%2F8145%2F4255%2Ffiles%2F8208T-2.jpg%3Fv%3D1724726425&feedId=105368&k=1edcfdd39b8e7e13a32c2848733ceda157602124,544,Men's Watches,,43mm*50.5mm*15.5mm,TB8208T-01,TB8208T-01,,Elemental Series-Titanium Edition TB8208T Black,"Stylish barrel-shaped automatic watch with Japanese 82S0 movement, titanium alloy bezel, double bridge design hollow dial, titanium alloy case, sapphire crystal, 50m water resistance, A-grade lume, and fluoro rubber strap.",,https://tsarbomba.com/products/tb8208t?variant=44042560274688,https://cdn.shopify.com/s/files/1/0540/8145/4255/files/8208T.png?v=1724724278,,399.99,,,USD,TSAR BOMBA WATCH,new,male,Black,,,,,,instock,,,Men's Watches
105368,109230,Tsarbomba,41882884010,https://www.awin1.com/pclick.php?p=41882884010&a=3002879&m=109230,https://images2.productserve.com/?w=200&h=200&bg=white&trim=5&t=letterbox&url=ssl%3Acdn.shopify.com%2Fs%2Ffiles%2F1%2F0540%2F8145%2F4255%2Ffiles%2F4_daa3d7ab-000d-4236-88b7-e73dc9234687.png%3Fv%3D1729648866&feedId=105368&k=35ddc5e52765b2b1e928ddd683467524d6ec53dd,https://images2.productserve.com/?w=70&h=70&bg=white&trim=5&t=letterbox&url=ssl%3Acdn.shopify.com%2Fs%2Ffiles%2F1%2F0540%2F8145%2F4255%2Ffiles%2F8_50b55b0e-1051-45c0-b135-bc60eab56f29.png%3Fv%3D1728965051%2Chttps%3A%2F%2Fcdn.shopify.com%2Fs%2Ffiles%2F1%2F0540%2F8145%2F4255%2Ffiles%2F7_f8ed4c56-963a-456f-8e2b-f6c17f66f593.png%3Fv%3D1728965051&feedId=105368&k=6221e5c2458b46307fd413c2f6f86e2215f0d2f1,544,Men's Watches,,43mm*50.5mm*15.5mm,TB8208T-02,TB8208T-02,,Elemental Series-Titanium Edition TB8208T White,"Stylish barrel-shaped automatic watch with Japanese 82S0 movement, titanium alloy bezel, double bridge design hollow dial, titanium alloy case, sapphire crystal, 50m water resistance, A-grade lume, and fluoro rubber strap.",,https://tsarbomba.com/products/tb8208t?variant=44042560307456,https://cdn.shopify.com/s/files/1/0540/8145/4255/files/4_daa3d7ab-000d-4236-88b7-e73dc9234687.png?v=1729648866,,399.99,,,USD,TSAR BOMBA WATCH,new,male,White,,,,,,instock,,,Men's Watches
105368,109230,Tsarbomba,41882884011,https://www.awin1.com/pclick.php?p=41882884011&a=3002879&m=109230,https://images2.productserve.com/?w=200&h=200&bg=white&trim=5&t=letterbox&url=ssl%3Acdn.shopify.com%2Fs%2Ffiles%2F1%2F0540%2F8145%2F4255%2Ffiles%2F14_abe2bdef-3597-4f47-8234-beff686aee16.png%3Fv%3D1729648866&feedId=105368&k=f0e556dbb4e2dd1d14d5b6c58bbd39b70d91b2a5,https://images2.productserve.com/?w=70&h=70&bg=white&trim=5&t=letterbox&url=ssl%3Acdn.shopify.com%2Fs%2Ffiles%2F1%2F0540%2F8145%2F4255%2Ffiles%2F11_1f6dc9de-c43d-4e88-8cb0-d389ff9a92ad.png%3Fv%3D1728965051%2Chttps%3A%2F%2Fcdn.shopify.com%2Fs%2Ffiles%2F1%2F0540%2F8145%2F4255%2Ffiles%2F10_a9a23622-cfed-4cd6-9d96-7062c753dd63.png%3Fv%3D1728965051&feedId=105368&k=fc3c65f1b51222e651066ac6e8e68d5884446118,544,Men's Watches,,43mm*50.5mm*15.5mm,TB8208T-03,TB8208T-03,,Elemental Series-Titanium Edition TB8208T Blue,"Stylish barrel-shaped automatic watch with Japanese 82S0 movement, titanium alloy bezel, double bridge design hollow dial, titanium alloy case, sapphire crystal, 50m water resistance, A-grade lume, and fluoro rubber strap.",,https://tsarbomba.com/products/tb8208t?variant=44042560340224,https://cdn.shopify.com/s/files/1/0540/8145/4255/files/14_abe2bdef-3597-4f47-8234-beff686aee16.png?v=1729648866,,399.99,,,USD,TSAR BOMBA WATCH,new,male,Blue,,,,,,instock,,,Men's Watches
105368,109230,Tsarbomba,41882884026,https://www.awin1.com/pclick.php?p=41882884026&a=3002879&m=109230,https://images2.productserve.com/?w=200&h=200&bg=white&trim=5&t=letterbox&url=ssl%3Acdn.shopify.com%2Fs%2Ffiles%2F1%2F0540%2F8145%2F4255%2Ffiles%2F11_46d66005-df9d-4be8-9ed0-111332a5a983.png%3Fv%3D1728893840&feedId=105368&k=a3eb41fe55a89af884f9fc5cead6ae2f67e5467c,https://images2.productserve.com/?w=70&h=70&bg=white&trim=5&t=letterbox&url=ssl%3Acdn.shopify.com%2Fs%2Ffiles%2F1%2F0540%2F8145%2F4255%2Ffiles%2F11_46d66005-df9d-4be8-9ed0-111332a5a983.png%3Fv%3D1728893840&feedId=105368&k=a3eb41fe55a89af884f9fc5cead6ae2f67e5467c,544,Men's Watches,,45mm*50.4mm*13.55mm,8218D-Venus,8218D-Venus,,Atomic-Interchangeable Automatic Watch Zirconia Diamond Venus,"Stylish barrel-shaped interchangeable automatic watch with Japanese 82S0 movement, zirconia diamond bezel, stainless steel case, sapphire crystal, 100m water resistance, A-grade lume, and fluoro rubber strap.",,https://tsarbomba.com/products/tb8218w?variant=44058738032896,https://cdn.shopify.com/s/files/1/0540/8145/4255/files/11_46d66005-df9d-4be8-9ed0-111332a5a983.png?v=1728893840,,980.99,,,USD,TSAR BOMBA WATCH,new,male,White,,,,,,instock,,,Men's Watches
105368,109230,Tsarbomba,41882884057,https://www.awin1.com/pclick.php?p=41882884057&a=3002879&m=109230,https://images2.productserve.com/?w=200&h=200&bg=white&trim=5&t=letterbox&url=ssl%3Acdn.shopify.com%2Fs%2Ffiles%2F1%2F0540%2F8145%2F4255%2Ffiles%2F10_412adde6-0abf-4819-b5eb-0d328b8b478a.png%3Fv%3D1728895417&feedId=105368&k=b8ad6fd9fc8da734be4afa07d81936fec65a44f9,https://images2.productserve.com/?w=70&h=70&bg=white&trim=5&t=letterbox&url=ssl%3Acdn.shopify.com%2Fs%2Ffiles%2F1%2F0540%2F8145%2F4255%2Ffiles%2F10_412adde6-0abf-4819-b5eb-0d328b8b478a.png%3Fv%3D1728895417&feedId=105368&k=b8ad6fd9fc8da734be4afa07d81936fec65a44f9,544,Men's Watches,,45mm*50.4mm*13.55mm,8214D-Venus,8214D-Venus,,Atomic-Interchangeable Calendar Watch Zirconia Diamond Venus,"Stylish barrel-shaped interchangeable Calendar Quartz watch with Japanese Seiko TMI VK67 movement, cubic zirconium bezel, stainless steel case, sapphire crystal, 100m water resistance, A-grade lume, and fluoro rubber strap.",,https://tsarbomba.com/products/tb8214w?variant=44058703790336,https://cdn.shopify.com/s/files/1/0540/8145/4255/files/10_412adde6-0abf-4819-b5eb-0d328b8b478a.png?v=1728895417,,630.99,,,USD,TSAR BOMBA WATCH,new,male,White,,,,,,instock,,,Men's Watches